frame,left_eye_temp,right_eye_temp,forehead_temp,nose_temp,left_cheek_temp,right_cheek_temp
0,37.2952714535,36.7886064095,35.35053988538462,33.64525578341176,33.83648576634325,33.89284884315733
1,37.314418679,36.9182183975,35.376889758242186,33.7065962162353,33.78598834834291,33.901683071895356
2,37.314418679,36.937365623000005,35.373236366357425,33.68372351247059,33.870755904500655,33.8808996911039
3,37.329147314000004,36.931474169,35.378457514645675,33.762045195058825,33.820025606047125,33.926345540283464
4,37.329147314000004,36.8946525815,35.37013564697443,33.71612650947059,33.82348094928785,33.945801112718605
5,37.310000088500004,36.893179718,35.376029713376624,33.65721196947059,33.86589721297485,33.904316218199675
6,37.32325586,36.8769782195,35.3668021775,33.69186758123529,33.86927726663808,33.87712368610114
7,37.32325586,36.860776721,35.37289527352679,33.79115590894118,33.831412932053496,33.9721968248
8,37.3158915425,36.884342537,35.37186514578125,33.753034736000004,33.79602196365309,33.9724837660829
9,37.32325586,36.9064354895,35.37088893750585,33.69204085929412,33.83675298505837,33.933494259601076
10,37.3247287235,36.9064354895,35.364996815714285,33.69966509388235,33.85167066458498,33.969965176320166
11,37.3129458155,36.902016899,35.37675114964286,33.690827912882355,33.86392689482167,33.9338585215534
12,37.3129458155,36.8946525815,35.36162878620408,33.65773180364706,33.83097882759438,33.93574955355712
13,37.299690044,36.8946525815,35.36474150453061,33.632086650941176,33.82755309076087,33.90995466876222
14,37.299690044,36.899071172,35.3622856538189,33.67488633147059,33.8227071331283,33.93269620545742
15,37.3247287235,36.9241098515,35.37713611957051,33.67072765805882,33.860818504025104,33.90844820667023
16,37.32325586,36.934419896,35.36616016007692,33.74506394529412,33.827476285607474,33.889001900475435
17,37.32325586,36.957985712,35.36588704384778,33.675579443705885,33.85924514817446,33.89163379469738
18,37.32325586,36.949148531,35.36297361633908,33.701051318352945,33.863855335983864,33.88379289677178
19,37.32325586,36.952094258,35.366503706401986,33.701744430588235,33.86240360189214,33.88490101025724
20,37.32325586,36.9300013055,35.3596473988933,33.71733945588235,33.84355781533544,33.88937093626583
21,37.32325586,36.946202804,35.357644596913154,33.76377797564706,33.84344477117727,33.872372028224
22,37.32325586,36.9388384865,35.34760780858215,33.763604697588235,33.84861954643338,33.88587151987369
23,37.32325586,36.9388384865,35.35936963803474,33.795314582352944,33.843518677825294,33.87982693527633
24,37.32325586,36.937365623000005,35.353185804183624,33.78699723552941,33.81973770230911,33.880862367174934
25,37.32325586,36.937365623000005,35.36169405785112,33.76499092205882,33.83841174565511,33.879676138544305
26,37.32325586,36.934419896,35.36202481255769,33.78370495241177,33.79923753516216,33.88441540575053
27,37.32325586,36.9358927595,35.35841940351861,33.7802393912353,33.78843692147006,33.90436867251893
28,37.2864342725,36.9241098515,35.34443542345193,33.74471738917647,33.80212324671378,33.87185580620123
29,37.32325586,36.9417842135,35.35223053376453,33.76724353682353,33.79366017652485,33.870473940367646
30,37.32325586,36.9417842135,35.351516497971154,33.76239175117647,33.793273287951806,33.87464347199372
31,37.32325586,36.946202804,35.34891066254808,33.77209532247059,33.78835707641738,33.864796451639606
32,37.32325586,36.943257077,35.33419618969712,33.81350877852941,33.738850722591096,33.855489811359675
33,37.32325586,36.94031135,35.331477486237766,33.81541483717647,33.754836387540834,33.854277529053284
34,37.32325586,36.9535671215,35.33886969887981,33.79618097264706,33.78489338557029,33.87620452771097
35,37.32325586,36.952094258,35.33418086317125,33.815241559117645,33.78028934527027,33.8708576404717
36,37.320310133,36.9329470325,35.31098442742308,33.785957567176474,33.80054042857143,33.860215421381476
37,37.32325586,36.9329470325,35.32705846658173,33.87017070376471,33.747190964631294,33.881043446873434
38,37.32325586,36.9329470325,35.32568611927982,33.84331260464706,33.77627736972123,33.86947403710769
39,37.26434132,36.9329470325,35.32836275482382,33.84452555105882,33.77115621727679,33.87868438435551
40,37.26434132,36.9329470325,35.326389190828785,33.85041700505882,33.77068809459893,33.86794877365625
41,37.26434132,36.9388384865,35.33590980973077,33.88108722147059,33.76069655462268,33.88240188435325
42,37.26434132,36.934419896,35.33013758126454,33.831702974705884,33.80324502491877,33.871904384498706
43,37.2834885455,36.9388384865,35.333672190182696,33.81541483717647,33.8222721280087,33.878933395522694
44,37.290852863,36.9388384865,35.3356465474564,33.84400571688236,33.75521085864865,33.85517828878981
45,37.290852863,36.946202804,35.34580600143764,33.83655476035294,33.80150197540323,33.87525744271186
46,37.290852863,36.946202804,35.33859564782241,33.81125616376471,33.77631500370371,33.870594885509554
47,37.299690044,36.9476756675,35.345363139027484,33.81628122747059,33.772306242621184,33.87420062452891
48,37.290852863,36.9417842135,35.32892187205074,33.83083658441176,33.76517470181818,33.875301534597405
49,37.29379859,36.950621394500004,35.334976435595706,33.833262477235294,33.81634113458168,33.88372298750792
50,37.29379859,36.946202804,35.33651713537791,33.83898065317647,33.7777950123506,33.86842009392283
51,37.2834885455,36.595661291,35.32822465008822,33.733454315352944,33.92154860872728,33.83368248199343
52,37.287907136,36.896125445,35.32894751452606,33.72981547611765,33.876716011088405,33.83564178993549
53,37.270232774,36.931474169,35.31494625939985,33.74107854994118,33.90028291243197,33.84453736127796
54,37.2834885455,36.928528442,35.31925512246154,33.801206036352944,33.85222710494024,33.84279694147567
55,37.249612685,36.922636988,35.30977666165039,33.796527528764706,33.847065136205536,33.84393773572495
56,37.2775970915,36.913799807000004,35.316905657704424,33.78613084523529,33.851405898199474,33.834907981072554
57,37.242248367500004,36.9152726705,35.319481716846155,33.836034926176474,33.87373955812527,33.86402719280369
58,37.246666958,36.890233991,35.32007586840116,33.856135181,33.828857696518256,33.85211800144867
59,37.249612685,36.884342537,35.31047388477801,33.81541483717647,33.820035585411766,33.852741848665296
60,37.2717056375,36.884342537,35.30085546680761,33.82425201817647,33.84262101239474,33.832966610342325
61,37.276124228,36.890233991,35.32456732971272,33.85353601011765,33.84336200732766,33.898699748356854
62,37.2569770025,36.890233991,35.32631428895349,33.81697433970589,33.85873215385201,33.91810513700147
63,37.2687599105,36.88139681,35.32880434484375,33.79774047517647,33.90255246789203,33.91543759252669
64,37.267287047,36.8858154005,35.31364798433239,33.78647740135294,33.84808109091715,33.859871225
65,37.231938323,36.8769782195,35.29852881734375,33.681470897705886,33.837699563707865,33.80952504133971
66,37.228992596,36.882869673500004,35.30180692241412,33.71162127994118,33.8616829244166,33.83318562587866
67,37.242248367500004,36.882869673500004,35.319773995391124,33.827024467117646,33.82409245276978,33.939992586384264
68,37.237829777,36.8799239465,35.31829439533516,33.73258792505882,33.937294610997895,33.939199995017404
69,37.2393026405,36.872559629,35.318039179589604,33.792542133411764,33.91285187287565,33.99213703881459
70,37.2393026405,36.863722448000004,35.314060590823196,33.89027095858824,33.898290816455926,33.99819660630067
71,37.2393026405,36.793025,35.31656701169643,33.88905801217647,33.83733195763266,34.00239647219213
72,37.228992596,36.816590816,35.30822325092774,33.92475329229412,33.785669240000004,33.907194916798474
73,37.2334111865,36.8445752225,35.30468838992634,33.942600932352946,33.75824901137931,33.90967476248555
74,37.223101142000004,36.9211641245,35.3090364226601,33.96200807494118,33.79789542114995,33.91264858218487
75,37.208372507,36.934419896,35.304684743857145,33.90707893029412,33.898858474450115,33.93464737192308
76,37.226046869,36.869613902,35.28721866558442,33.855615346823534,33.87281978918775,33.88649091164306
77,37.228992596,36.8651953115,35.2728538394958,33.941561264,33.80304675056788,33.88282407727187
78,37.220155415,36.863722448000004,35.29744511321429,33.97933588082353,33.80977114378619,33.89282031409742
79,37.2334111865,36.8622495845,35.30656381375893,33.947452718,33.86055842194858,33.91353811647059
80,37.234884050000005,36.8563581305,35.29763535235294,33.92475329229412,33.84285959519283,33.898281736538465
81,37.255504139,36.8710867655,35.297062605762235,33.849377336705885,33.93965602941634,33.91902993389291
82,37.254031275500004,36.8681410385,35.290462446662104,33.85700157129412,33.926642376150845,33.89208449011651
83,37.252558412,36.8710867655,35.30914529754757,33.89529602229412,33.9604965855151,33.93026454395146
84,37.255504139,36.8681410385,35.298235918352276,33.909158267,33.91008919057296,33.93496373929051
85,37.2245740055,36.616281380000004,35.30293343603584,33.916262667411765,33.862139932192306,33.82285341670168
86,37.2363569135,36.888761127500004,35.30271578818044,33.92596623870588,33.83430853961255,33.8075283733124
87,37.2451940945,36.890233991,35.30921492728198,33.976216875764706,33.76517634876384,33.85128241132679
88,37.248139821500004,36.9064354895,35.3096573572093,33.891483905,33.86853240921505,33.84873567052364
89,37.2510855485,36.8769782195,35.308431592769885,33.947452718,33.808902723931546,33.83462434958904
90,37.2451940945,36.875505356000005,35.30749840295983,33.95161139141177,33.8088800913114,33.908103624
91,37.252558412,36.88139681,35.31312291838577,33.90863843282353,33.80659292469046,33.93936652273715
92,37.252558412,36.866668175,35.311107533896106,33.901880588529416,33.81444284326976,33.9280618336
93,37.248139821500004,36.863722448000004,35.311497597058825,33.84400571688236,33.87374781800268,33.92269780119266
94,37.2245740055,36.851939540000004,35.29763535235294,33.88975112441177,33.86449875571555,33.910039315256796
95,37.2127910975,36.8445752225,35.29988660272348,33.915049721,33.85380584770543,33.93224655303711
96,37.17596951,36.828373724,35.28097609961093,33.90240042270588,33.84159575679718,33.900115939735166
97,37.152403694,36.7974435905,35.28800272955535,33.974657373235296,33.83329436654546,33.84039600000989
98,37.190698145,36.838683768500005,35.2870005381579,34.071173252,33.72433699142857,33.91706449360449
99,37.2186825515,36.8416294955,35.29902556940553,34.029759795941175,33.777851694112904,33.89497714369797
100,37.192171008500004,36.831319451,35.26991901894737,34.00480775547059,33.79248345236702,33.884397486273585
101,37.2068996435,36.825427997,35.29049540575543,33.99718352088235,33.783301882425874,33.8898619368
102,37.1627137385,36.8003893175,35.28656503515223,33.980895383352944,33.75601966726021,33.897042961789886
103,37.2010081895,36.840156632,35.276430094826424,33.991465344941176,33.7852193857257,33.87953150080357
104,37.202481053,36.728219006,35.279160812,33.91141088176471,33.950502718522124,33.78970535686894
105,37.122946424,36.8622495845,35.27756797085257,33.94987861082353,33.79501638980308,33.83079491864155
106,37.178915237,36.8475209495,35.27353749328098,34.05124627523529,33.716308788987014,33.848845421060176
107,37.114109243,36.7179089615,35.257681603136106,34.048993660470586,33.75637209144509,33.78903379611641
108,37.167132329,36.2907785465,35.262099926416056,33.980548827235296,33.87397438291329,33.77144051476166
109,37.170078056,36.907908353,35.26290631009302,34.000475804000004,33.78047858880821,33.81007485641821
110,37.152403694,36.866668175,35.264926119435245,34.17479353117647,33.754731783306056,33.926039821396245
111,37.0875977,36.8445752225,35.26787401736783,34.15573294470588,33.758092044004854,33.954830009262864
112,37.137675059,36.7562034125,35.26439871051876,34.13338007511765,33.82212966918648,34.00135194015253
113,37.105272062,36.8298465875,35.281107291357465,34.116398825352945,33.75754460949749,33.893532624906015
114,37.108217789,36.8180636795,35.273186080795455,34.11327982029412,33.79631949329417,33.88666523542804
115,37.1185278335,36.8239551335,35.27470089858909,34.14117758776471,33.78451678509091,33.86517984601483
116,37.190698145,36.8416294955,35.26997504,34.15209410547059,33.77378245615252,33.86180869338425
117,37.199535326,36.8475209495,35.274960826840555,34.063895573529415,33.8526957870442,33.82817406087945
118,37.190698145,36.860776721,35.27475611603436,34.021962283294116,33.85417396753316,33.85070413215091
119,37.202481053,36.838683768500005,35.271958694545454,34.12073077682353,33.817623474646425,33.85032789062857
120,37.125892151,36.795970727000004,35.259295597505286,34.144989705058826,33.74366673576205,33.85808556088721
121,37.152403694,36.8239551335,35.25960415071154,34.17098141388235,33.742153868803825,33.883210711149694
122,37.17596951,36.8298465875,35.248666899661735,34.13857841688235,33.78672144981895,33.861148581759615
123,37.140620786,36.52790957,35.25817001013825,34.12558256247059,33.81163576181818,33.82490240431507
124,37.2010081895,36.828373724,35.25012492645691,34.161277842588234,33.81383557486842,33.85345737291139
125,37.184806691,36.816590816,35.264807728901104,34.20650341594118,33.80821913809358,33.87173365670714
126,37.137675059,36.8416294955,35.26254786832981,34.172367638352945,33.76231823927273,33.88978097174139
127,37.20542678,36.7679863205,35.26702909991211,34.233188237,33.71610901986661,33.86860330607195
128,37.199535326,36.695816009,35.25414598268567,34.19212133705882,33.76898794065313,33.82457759443946
129,37.131783605,36.787133546,35.26968725389764,34.20806291847059,33.72520973031169,33.86960436027554
130,37.102326335,36.7974435905,35.25304332690258,34.18449710247059,33.757653345,33.84943238649327
131,37.1155821065,36.840156632,35.233346628160675,34.12281011352941,33.75378451008396,33.82848894619545
132,37.164186602,36.8033350445,35.22644763505261,34.131647294529415,33.79113195689849,33.82854233045412
133,37.137675059,36.851939540000004,35.256838139738804,34.10738836629412,33.86669699175137,33.84191779893685
134,37.2186825515,36.8416294955,35.243726622941175,34.118651440117645,33.79896676188473,33.83048010488106
135,37.240775504,36.775350638,35.240951784927006,34.124889450235294,33.81666341018541,33.829610913477325
136,37.242248367500004,36.742947641,35.219163615188215,34.1337266312353,33.7869237577498,33.79736909938992
137,37.234884050000005,36.8445752225,35.26010341536394,34.16751585270588,33.8048795312,33.86572272373266
138,37.2510855485,36.8445752225,35.25100095304348,34.106175419882355,33.84609816107232,33.855044458865436
139,37.252558412,36.810699362,35.255262027047216,34.15503983247059,33.803371793853906,33.9149068680184
140,37.2334111865,36.838683768500005,35.25946393794286,34.11102720552941,33.79441642806574,33.89547264138475
141,37.190698145,36.8504666765,35.2661585986226,34.114666044764704,33.83029864873631,33.911358689578314
142,37.1568222845,36.7944978635,35.234593585700004,34.04795399211765,33.79420218,33.96143685695138
143,37.1420936495,36.790079273,35.24785249780881,34.034091747411765,33.82084657387755,33.974715388727276
144,37.173023783000005,36.787133546,35.23768529583509,34.02265539552941,33.785261037789645,33.94035382819788
145,37.131783605,36.8062807715,35.22992423855456,33.97205820235294,33.859392245,33.945707296129896
146,37.1538765575,36.7915521365,35.236293487479344,34.106521976,33.746529488187036,33.944216930354486
147,37.143566513,36.8210094065,35.24011906202658,33.964433967764705,33.860073203344186,33.96770941636692
148,37.178915237,36.798916454,35.23589222073282,34.07342586676471,33.76884084291971,33.9587028881383
149,37.1185278335,36.787133546,35.23174817164905,33.96079512852941,33.84527235508699,33.948249427081855
150,37.1155821065,36.781242092,35.223429818139536,33.92873868764706,33.80819609083756,33.95525015213412
151,37.155349421000004,36.8121722255,35.2326788476527,34.07203964229412,33.7580514655458,33.97024081945751
152,37.152403694,36.740001914000004,35.23266593425197,33.91834200411765,33.85906613628082,34.02502398379806
153,37.022791706,36.7562034125,35.235022805,34.049340216588234,33.80793688307294,34.01995630518248
154,37.1332564685,36.7326375965,35.24066310153846,34.046741045705886,33.75543661621815,33.985426796381134
155,37.072869065,36.7296918695,35.237376192705526,34.12904812364706,33.695815300384254,33.99968272365385
156,37.0566675665,36.6236456975,35.231303452727275,34.08988728235294,33.71365202881138,33.99992131421177
157,37.1391479225,36.653102967500004,35.2252988643539,34.08278288194118,33.752544447652646,33.93453149890669
158,37.1833338275,36.6707773295,35.22249740661699,34.12523600635294,33.7272869,33.94066256762712
159,37.196589599,36.6972888725,35.22866782084103,34.09456578994118,33.78513827933722,33.96548530685688
160,37.181860964,36.654575831,35.21899511818182,34.07151980811765,33.79139732659253,34.011799637662335
161,37.0890705635,36.67519592,35.223913890285715,34.071173252,33.80422405817219,33.99982710094922
162,37.1568222845,36.681087374,35.23009874545455,34.039290089176475,33.866829013942706,33.84159754076808
163,37.143566513,36.589769837,35.256340011269174,34.18068498517647,33.73125246564453,33.85012846576523
164,37.136202195500005,36.7562034125,35.24589049148042,34.16855552105883,33.77102420919771,33.853340516923076
165,37.1597680115,36.819536543,35.255636051428574,34.08642172117647,33.90013405571429,33.86784129164805
166,37.147985103500005,36.8180636795,35.247877287056,34.154693276352944,33.826278375613796,33.87678292940845
167,37.1509308305,36.7915521365,35.260056298692916,34.222444997352945,33.67926204821328,33.87051838872964
168,37.111163516000005,36.795970727000004,35.23975811166992,34.225564002411765,33.712624717427275,33.861334065956115
169,37.111163516000005,36.772404911,35.2325518015973,34.216553543352944,33.640418996049725,33.88878266939759
170,37.124419287500004,36.607444199,35.22213944678572,34.21863288005883,33.77863656919118,33.8608189394385
171,37.105272062,36.807753635,35.23097375253217,34.22781661717647,33.79596475045928,33.87250964923488
172,37.1450393765,36.569149748,35.224081775194804,34.17531336535294,33.76292788183553,33.81795284139867
173,37.120000697,36.804807908,35.206747204651165,34.14360348058824,33.794782615601434,33.822269668487124
174,37.0949620175,36.8092264985,35.18759109883721,34.171154691941176,33.751798582705355,33.83936611854425
175,37.0831791095,36.7915521365,35.203418629830296,34.156252778882354,33.7849346775088,33.815983824727795
176,37.0772876555,36.7827149555,35.1917795958022,34.1418707,33.796877752142855,33.81145762312945
177,37.0890705635,36.7856606825,35.19606330869231,34.168728799117645,33.74891567777581,33.79759866407748
178,37.108217789,36.7385290505,35.2118985689147,34.2266036707647,33.72491913542782,33.86991965523854
179,37.111163516000005,36.8062807715,35.208442350295414,34.221578607058824,33.711656943605114,33.86730829141639
180,37.108217789,36.787133546,35.210614769956,34.182417765764704,33.75243826552398,33.84358466587018
181,37.0949620175,36.535273887500004,35.21063868508721,34.16318390123529,33.71844814518381,33.78515648268342
182,37.0890705635,36.757676276,35.22780897783784,34.19905245941177,33.71546089037037,33.85310018954546
183,37.0920162905,36.726746142500005,35.215934729465744,34.19090839064706,33.68250244483574,33.86287596556962
184,37.0772876555,36.787133546,35.21086607169764,34.14221725611765,33.697933860419646,33.839626082014746
185,37.0831791095,36.8033350445,35.20846520467483,34.11258670805883,33.764780723518356,33.83966732888563
186,37.0802333825,36.7679863205,35.20534283357264,34.12558256247059,33.7144135628394,33.839548319750364
187,37.096434881,36.7827149555,35.21213193706313,34.150707881,33.716719154806135,33.7914221167952
188,37.066977611,36.686978828,35.216528236162794,34.20182490835294,33.6959637802449,33.854904337323944
189,37.0507761125,36.7679863205,35.200401223561464,34.15313377382353,33.71605196228622,33.80757746557267
190,37.052248976,36.795970727000004,35.1988353886113,34.16266406705883,33.75109644499328,33.82093480296403
191,37.0566675665,36.781242092,35.20625128895536,34.159025227823534,33.75821025988511,33.81962558639845
192,37.0566675665,36.6678316025,35.2024347021875,34.17687286788235,33.71857737791406,33.846058879655835
193,37.040466068,36.7414747775,35.18325243116279,34.16041145229412,33.733725599973404,33.814950529028515
194,37.0331017505,36.7620948665,35.149938369453125,34.081569935529416,33.72360690988641,33.77941366913505
195,37.049303249000005,36.716436098,35.20989399600447,34.17080813582353,33.729363291062306,33.865045723017246
196,37.043411795000004,36.745893368000004,35.1946092115216,34.124196338000004,33.73287935072912,33.84023404532678
197,37.049303249000005,36.7355833235,35.19315484109385,34.15400016411765,33.748782574470745,33.84001642764045
198,37.0419389315,36.7473662315,35.18122220581503,34.143430202529416,33.736617982869795,33.84836305828735
199,37.0419389315,36.7296918695,35.2002413175,34.17098141388235,33.71487442557377,33.84196010543624
200,37.037520341000004,36.713490371,35.199724224218755,34.098724463352944,33.748993534012456,33.83189827611511
201,37.0360474775,36.7238004155,35.19942019645669,34.15261393964706,33.72682078090788,33.833671507755106
202,37.0389932045,36.6177542435,35.19029922147059,34.071173252,33.781161154132235,33.779037159432335
203,37.034574614,36.707598917,35.21023591074554,34.210662089352944,33.69002272594447,33.835293816732396
204,37.0360474775,36.689924555000005,35.20507293321429,34.17496680923529,33.629011370252336,33.84279856019093
205,37.049303249000005,36.7326375965,35.22094119708886,34.17964531682353,33.706101181054066,33.83431492907187
206,37.0448846585,36.7061260535,35.203989168276365,34.18778938558824,33.77292380818934,33.82970127062958
207,37.005117344,36.7002345995,35.20438221159908,34.23232184670589,33.68761380909091,33.850247981781415
208,37.049303249000005,36.5441110685,35.19528199144263,34.189002332,33.79978043856704,33.83603448210149
209,37.02868316,36.7591491395,35.205493688000004,34.16942191135294,33.73730470000993,33.81835912916149
210,37.013954525,36.751784822000005,35.20000114933861,34.060430012352946,33.78471384388321,33.82175928825886
211,37.005117344,36.7355833235,35.209639120411474,34.007926760529415,33.82127527381713,33.81739135554971
212,37.002171617,36.7562034125,35.18701264136801,34.030626186235295,33.77372543207095,33.82424705742843
213,37.034574614,36.757676276,35.195196141475414,33.97327114876471,33.860278221538465,33.83892024431193
214,37.031628887000004,36.7179089615,35.20186883017705,34.0100060972353,33.81650495880668,33.814048629163
215,36.990388709,36.734110460000004,35.182386324285716,33.98453422258824,33.88217562181735,33.89714876461539
216,37.0154273885,36.692870282,35.18362705355,34.09543218023529,33.848483138265536,33.81021416057748
217,37.02868316,36.7002345995,35.1915486979912,34.144123314764705,33.80461889544701,33.80770109361498
218,37.02868316,36.676668783500006,35.191138940779226,34.134766299588236,33.84198603327869,33.793513658707866
219,37.0360474775,36.681087374,35.19303496915625,34.207196528176475,33.742275299285716,33.83606858
220,37.037520341000004,36.709071780500004,35.17153269628906,34.06753441276471,33.79870228360385,33.79604435117904
221,37.037520341000004,36.7296918695,35.181817535535714,34.16578307211765,33.760390478835646,33.81355946315357
222,37.0389932045,36.6796145105,35.19335496628572,34.21014225517647,33.73804259805073,33.831240413828894
223,37.143566513,36.541165341500005,35.21534105686422,34.28101298123529,33.679083336340184,33.87682212717204
224,37.034574614,36.714963234500004,35.209835379136216,34.193507561529415,33.81988259252311,33.878811033542405
225,37.034574614,36.728219006,35.213856213125,34.23128217835294,33.73741029222948,33.842220514100404
226,37.0360474775,36.719381825,35.19516283204928,34.180511707117645,33.73835456817185,33.837979491058825
227,37.034574614,36.781242092,35.206062151860465,34.19160150288236,33.76364044320074,33.85214457427687
228,37.037520341000004,36.776823501500004,35.19318455685547,34.187616107529415,33.6569419631793,33.835046658348624
229,37.031628887000004,36.770932047500004,35.20456012604375,34.227470061058824,33.683895084556966,33.860375901798434
230,37.0331017505,36.7886064095,35.2092166071937,34.158678671705886,33.75375848837599,33.86565354511915
231,37.0331017505,36.728219006,35.20858868046875,34.21135520158823,33.69191652236641,33.88931534852766
232,37.0301560235,36.722327552,35.20888046245306,34.22781661717647,33.6732310054128,33.87985137945946
233,37.031628887000004,36.663413012,35.20635283480315,34.18120481935294,33.721717006842105,33.87959452493976
234,37.0301560235,36.651630104,35.207456270535715,34.21430092858824,33.65333539608696,33.868284724549355
235,37.031628887000004,36.657521558,35.20633486811429,34.195413620176474,33.690914345136036,33.888865481
236,37.0301560235,36.740001914000004,35.20350135928572,34.14117758776471,33.707509864181816,33.877363681772806
237,37.0301560235,36.76356773,35.21443400301951,34.14516298311765,33.745246128260256,33.87654388393415
238,37.031628887000004,36.651630104,35.1957716968256,34.11743849370588,33.78410986642487,33.85575576714669
239,37.0301560235,36.760622003,35.21288027058594,34.090060560411764,33.78017198234845,33.85354448951518
240,37.031628887000004,36.616281380000004,35.184153076228576,34.17462025311765,33.75856887231441,33.839885994967624
241,37.012481661500004,36.6972888725,35.202278893767414,34.182417765764704,33.744153763221014,33.8544515198615
242,37.012481661500004,36.6972888725,35.19060839190476,34.228336451352945,33.722774717199435,33.84681221817682
243,37.008063071,36.6000798815,35.19601795837669,34.24549097917647,33.71668822055186,33.85526301216765
244,37.037520341000004,36.7385290505,35.19117509605911,34.21083536741177,33.78525877369335,33.85284156689391
245,37.031628887000004,36.720854688500005,35.19230171168104,34.23526757370588,33.758072356086956,33.875994173071774
246,37.031628887000004,36.714963234500004,35.20071353985992,34.24739703782353,33.74426034880152,33.88993601265718
247,37.040466068,36.737056187,35.19343845197393,34.22036566064706,33.8147531407932,33.873374927540986
248,37.043411795000004,36.7179089615,35.17403376029634,34.19368083958824,33.82270342819657,33.84840584332691
249,37.0478303855,36.7444205045,35.18732762309375,34.18467038052941,33.77261019189291,33.83071355699
250,37.0389932045,36.660467285,35.1760049849375,34.136672358235295,33.78361564819688,33.821684243810935
251,37.046357522,36.67519592,35.1842284728125,34.168728799117645,33.80492679787966,33.82260587661765
252,37.046357522,36.6619401485,35.1807917913125,34.168035686882355,33.73000144914367,33.82541709959005
253,37.0448846585,36.6560486945,35.182003835234376,34.15746572529412,33.74653608479109,33.812654385727
254,37.040466068,36.653102967500004,35.17109346028226,34.13338007511765,33.752398263130196,33.79207470152936
255,37.055194703,36.6560486945,35.19332647339063,34.09924429752941,33.84191944905412,33.797398530348005
256,37.0507761125,36.6560486945,35.1773739165373,34.14308364641177,33.72134560598886,33.80847721475814
257,37.062559020500004,36.6560486945,35.18208005473937,34.05869723176471,33.83683399289547,33.797570031932516
258,37.05814043,36.6619401485,35.179862688465114,34.07273275452941,33.85482014829002,33.78538881050831
259,37.072869065,36.7238004155,35.18152886283882,34.05748428535294,33.84669710993046,33.792012692443535
260,37.061086157,36.710544644,35.17174970612957,34.077064706,33.82759460782732,33.78495097047715
261,37.061086157,36.7002345995,35.163653314916296,34.15451999829412,33.71916585589574,33.796595966317355
262,37.061086157,36.701707463000005,35.16507184752206,34.15798555947059,33.70177522837231,33.79809047105707
263,37.0713962015,36.714963234500004,35.177500800885944,34.1779125362353,33.75033156529272,33.81432585854219
264,37.0713962015,36.714963234500004,35.17729764729974,34.18120481935294,33.777931327491764,33.822961830430906
265,37.0713962015,36.716436098,35.178567612475085,34.19558689823529,33.76774126423077,33.83019187919041
266,37.069923338,36.716436098,35.1635524096044,34.12800845529412,33.766446617456225,33.80716484285573
267,37.0772876555,36.725273279,35.17543594257475,34.15607950082353,33.73871041647059,33.820360673451326
268,37.075814792,36.720854688500005,35.16914893123077,34.18813594170588,33.76335880777143,33.808833377519925
269,37.0655047475,36.734110460000004,35.17199219306977,34.21499404082353,33.61072510672489,33.81916498289711
270,37.069923338,36.725273279,35.168216791023255,34.10167019035294,33.79236788551306,33.8093691639556
271,37.078760519,36.7385290505,35.17934064310769,34.14654920758824,33.747494391647116,33.827483164707644
272,37.078760519,36.716436098,35.17395797537885,34.160584730352944,33.69488199798018,33.816798258361985
273,37.078760519,36.7179089615,35.17646787130233,34.127315343058825,33.71297616948802,33.814531911401595
274,37.081706246,36.445429214,35.17719839888951,34.11761177176471,33.710803760828966,33.809571767676374
275,37.074341928500004,36.775350638,35.186439195255815,34.05557822670588,33.823661301166126,33.83964524368865
276,37.074341928500004,36.734110460000004,35.18948387432558,34.13060762617647,33.7869840647506,33.84769800172648
277,37.064031884,36.666358739,35.201243114703125,34.13736547047059,33.83246694055633,33.88600841821326
278,37.0301560235,36.6619401485,35.197722473218505,34.16786240882353,33.78678825217072,33.8821163220426
279,37.0301560235,36.639847196000005,35.19443172504429,34.133033519,33.78371275772973,33.895750033846156
280,37.0301560235,36.631010015,35.18898459453125,34.19454722988235,33.71163562074074,33.879759967702576
281,37.031628887000004,36.633955742,35.196391583733806,34.10790820047059,33.806763934053066,33.86865416481392
282,37.013954525,36.607444199,35.175835605635,34.194200673764705,33.671425574676526,33.87020298750951
283,37.0213188425,36.6118627895,35.1883696417734,34.1896954442353,33.732863173333335,33.83886552156056
284,37.016900252,36.669304466,35.19239643607143,34.205983581764706,33.69170104039829,33.890848441361456
285,36.972714347,36.6295371515,35.19903256188525,34.22487089017647,33.6734740897841,33.8971816361412
286,36.952094258,36.6000798815,35.18674145274005,34.19991884970588,33.64598463910314,33.893585931868564
287,36.9535671215,36.616281380000004,35.1969319205,34.21100864547059,33.641517071079434,33.90922796309995
288,36.944729940500004,36.6177542435,35.185437809264705,34.131647294529415,33.734997917497395,33.88344668661562
289,36.9476756675,36.591242700500004,35.178929656043955,34.16907535523529,33.653116672600426,33.895329674398404
290,36.937365623000005,36.4969794365,35.15677068380531,34.181724653529415,33.69123613478261,33.87771348130116
291,36.943257077,36.6442657865,35.1840130432967,34.14516298311765,33.75936766846512,33.882825704881014
292,36.943257077,36.6413200595,35.18524831709641,34.17999187294118,33.67233966909091,33.93526628575343
293,36.946202804,36.6324828785,35.18953784818182,34.215513875,33.56769644819978,33.92810173667984
294,36.94031135,36.610389926,35.169789150285716,34.186749717235294,33.62806123970999,33.891212270338116
295,37.3453488125,36.993334436,35.53173380857143,34.415476754882356,34.05846838873813,34.346814600742114
296,37.3158915425,36.987442982000005,35.524850653269795,34.49033287629412,34.03201196276605,34.36999030225012
297,37.102326335,36.7679863205,35.51667543241379,34.569001115,34.10306765283961,34.46517619885847
298,37.164186602,36.8062807715,35.500027360000004,34.50575462352941,34.032606171638825,34.40730790752731
299,37.0360474775,36.713490371,35.508977771639344,34.48842681764706,34.113739397140336,34.40032436482325
300,37.243721231,36.913799807000004,35.5084445794876,34.55895098758823,34.07162539317615,34.34781344449854
301,37.29379859,36.937365623000005,35.5240880582073,34.5726399542353,34.01399780538066,34.3437032924
302,37.299690044,36.928528442,35.52676154,34.34408619464706,34.129574801840214,34.33879370968504
303,37.360077447500004,36.944729940500004,35.520134566947426,34.43141833629412,34.08635708815275,34.33162734309328
304,37.3865889905,36.9741872105,35.50878901404959,34.386019484882354,34.11334111216796,34.25646719772615
305,37.3777518095,36.9270555785,35.51885561724138,34.51701769735294,33.969619881960966,34.324018832752046
306,37.365968901500004,36.949148531,35.51669400622196,34.519963424352945,34.05642564727691,34.277679070771484
307,37.355658857,36.9682957565,35.5260511062792,34.5372912302353,34.03739157832252,34.26934034109091
308,37.337984495,36.950621394500004,35.5215992,34.45862299152941,34.148069343407826,34.261012971367784
309,37.343875949,36.962404302500005,35.52319783756572,34.42344754558824,34.24895489008571,34.256358178599896
310,37.385116127,36.972714347,35.50566611840517,34.36366661529412,34.2153847360683,34.23785843855176
311,37.391007581000004,37.0036444805,35.5168446671596,34.36661234229412,34.26009161066983,34.24253039977143
312,37.391007581000004,36.993334436,35.50834422962335,34.39918861735294,34.144097990124486,34.2184771187116
313,37.3512402665,36.9918615725,35.50256233014254,34.53191961041176,34.025925356450415,34.23922875188434
314,37.388061854,37.0095359345,35.51509371451509,34.50159595011765,34.13282113115988,34.218723227373545
315,37.388061854,37.0095359345,35.51280269428572,34.571946842,34.10711864697993,34.25912723830904
316,37.3865889905,37.0095359345,35.51802313188645,34.57385290064706,34.08370940526027,34.230021690884556
317,37.388061854,36.987442982000005,35.52839914981143,34.48340175394118,34.19383005125,34.23261955221655
318,37.371860355500004,37.011008798,35.513037166400004,34.43609684388235,34.27249153679281,34.21071923424468
319,37.3777518095,37.008063071,35.51238602399194,34.435057175529415,34.24703538551137,34.23259314063637
320,37.3541859935,37.000698753500004,35.508160153721605,34.43592356582353,34.17044618081385,34.23725754634049
321,37.388061854,37.0154273885,35.50720910333334,34.504368399058826,34.114402859040524,34.26488155598471
322,37.3865889905,37.012481661500004,35.508493000557245,34.485134534529415,34.15623810517353,34.25536570398235
323,37.3895347175,37.0095359345,35.510863334092306,34.47161884594118,34.27000359235543,34.280271297361786
324,37.379224673,37.022791706,35.511590460952384,34.456543654823534,34.290820749634555,34.289740221448575
325,37.3748060825,37.0036444805,35.508928495510204,34.506274457705885,34.22648200744681,34.30064229635844
326,37.361550311,36.996280163,35.51018795198425,34.57038733947059,34.109373547342464,34.30846701529248
327,37.373333219,36.990388709,35.523974387312,34.58875481370588,34.1661373192277,34.325062403423765
328,37.364496038,36.984497255,35.506670205005,34.59897821917647,34.14225194163072,34.34005809569668
329,37.355658857,36.9948072995,35.49220531144726,34.462954943,34.29243289067411,34.31535232091478
330,37.3630231745,37.019845979,35.5169969390313,34.53157305429412,34.206410498721226,34.340310393113775
331,37.3541859935,36.9859701185,35.517077458496004,34.55115347494118,34.2432076007597,34.3779525024257
332,37.349767403,36.990388709,35.51079664364055,34.54976725047059,34.20521086545376,34.316423501532256
333,37.367441765,37.0036444805,35.50291484315126,34.59291348711765,34.112860504924114,34.31603281521041
334,37.3630231745,36.978605801,35.49523950145007,34.563109661,34.179091339187195,34.32551738710695
335,37.364496038,37.013954525,35.508079508202876,34.54162318170589,34.219267281778514,34.28497122278885
336,37.355658857,36.957985712,35.50253316111669,34.46139544047059,34.09447966443692,34.29092029387191
337,37.3630231745,36.984497255,35.50246698216783,34.54976725047059,34.20538599555087,34.32422640584977
338,37.35271313,36.9918615725,35.50510944270764,34.52238931717647,34.31911572034043,34.310304866701706
339,37.343875949,36.928528442,35.50590063004451,34.51459180452942,34.26459022171206,34.32712013932684
340,37.3306201775,36.9771329375,35.506156543859376,34.570040783352944,34.15550298828584,34.360297445215124
341,37.332093041,36.9948072995,35.509208391331924,34.580784023,34.00226323116168,34.315065550320135
342,37.3335659045,36.9771329375,35.497009025714284,34.60556278541176,34.06421062454545,34.29401095063645
343,37.337984495,36.972714347,35.50371440621783,34.595166101882356,34.061341563327986,34.279964527805944
344,37.329147314000004,36.9594585755,35.48902128337455,34.588408257588235,34.07755392158205,34.28102514772787
345,37.335038768000004,36.957985712,35.497085329181175,34.45238498141177,34.145010876383765,34.301689309605266
346,37.335038768000004,36.9800786645,35.50149297102318,34.56709505635294,34.122174930029324,34.30539885566622
347,37.314418679,36.9329470325,35.51227602363637,34.56657522217647,34.07578114859671,34.327916615789476
348,37.329147314000004,36.925582715000004,35.49870492363637,34.582516803588234,34.04095619617759,34.31874594319035
349,37.2893799995,36.949148531,35.485617158000004,34.46156871852941,34.20426124860465,34.30294056884309
350,37.308527225,36.943257077,35.49155722276786,34.52516176611765,34.09074630538265,34.28926349
351,37.308527225,36.952094258,35.47008631295918,34.45896954764706,34.13415539957063,34.21967720556071
352,37.298217180500004,36.9476756675,35.47403034612001,34.55461903611765,34.188573599861,34.22156422713693
353,37.326201587,36.943257077,35.475870788140625,34.63536661152941,34.17306360642769,34.250138852837715
354,37.3335659045,36.952094258,35.475428806352,34.538330898588235,34.18983349148548,34.21852826696504
355,37.329147314000004,36.952094258,35.49024216607143,34.597072160529414,34.1786922875,34.242807023166904
356,37.332093041,36.963877166,35.487927666285714,34.47369818264706,34.19485978750206,34.23188448264888
357,37.3365116315,36.975660074000004,35.48238528789531,34.53781106441177,34.13505637940253,34.272583202083524
358,37.337984495,36.955039985,35.48180745985934,34.587715145352945,34.0855573441828,34.24060280968504
359,37.3365116315,36.9594585755,35.48651883575394,34.50852707247059,34.100929277273835,34.22763708359206
360,37.335038768000004,36.966822893,35.4805745686258,34.485481090647056,34.16745170147284,34.25758168069241
361,37.3335659045,36.9535671215,35.49312739377099,34.539890401117646,34.09651565933641,34.27956311110828
362,37.3247287235,36.9741872105,35.48303937472728,34.56709505635294,34.11929905101162,34.29260897853416
363,37.314418679,36.9417842135,35.49191289621492,34.59897821917647,34.06861495882255,34.371737418839324
364,37.3011629075,36.963877166,35.46775565846395,34.58615564282353,34.126110933249784,34.34316012795783
365,37.308527225,36.9859701185,35.4862356797473,34.52048325852941,34.20863388866779,34.31448670253361
366,37.346821676000005,36.82248227,35.47019651860465,34.53157305429412,34.225006791604834,34.30729588347718
367,37.35271313,37.016900252,35.489516439344364,34.533305834882356,34.28793520841068,34.32543921296975
368,37.3335659045,36.981551528000004,35.47716850300752,34.544568908705884,34.2160103458427,34.307396991584
369,37.3365116315,36.9889158455,35.49321196973135,34.548900860176474,34.251150365601944,34.307814112224015
370,37.361550311,36.981551528000004,35.494338969437386,34.455330708411765,34.21070083211303,34.27352914190594
371,37.3541859935,36.96976862,35.50906378576096,34.51753753152941,34.24990446503632,34.28579120680567
372,37.3247287235,36.962404302500005,35.50171388255132,34.48478797841177,34.16304236012265,34.29636100547739
373,37.3394573585,36.978605801,35.50767444451613,34.45862299152941,34.20102798635352,34.29808083311462
374,37.335038768000004,36.9653500295,35.48751478052971,34.40005500764706,34.240927509767054,34.266428256473276
375,37.3482945395,36.9771329375,35.51024207295276,34.49622433029412,34.17847659619247,34.329633568455854
376,37.335038768000004,36.9830243915,35.49940797218207,34.45550398647059,34.30378268755245,34.32420220158687
377,37.335038768000004,36.950621394500004,35.517185986500984,34.539543845000004,34.172315294705136,34.32776205625055
378,37.3276744505,36.9712414835,35.490411012857145,34.51736425347059,34.19627398590232,34.323065069091705
379,37.3306201775,36.9329470325,35.49185653515137,34.53226616652941,34.160633134488855,34.29867949075529
380,37.3335659045,36.962404302500005,35.50435515971429,34.404386959117645,34.27151126417138,34.303081591744345
381,37.270232774,36.963877166,35.48285840920315,34.449439254411764,34.168369600394854,34.28720164235546
382,37.270232774,36.962404302500005,35.476586562110235,34.45862299152941,34.21969026128,34.28915705
383,37.2746513645,36.960931439,35.4869837478125,34.49865022311765,34.180160001127625,34.30939225099612
384,37.2746513645,36.955039985,35.49501749952381,34.395029943941175,34.202056403566715,34.25055467868103
385,37.2805428185,36.9594585755,35.49306142672666,34.46035577211765,34.22209089414871,34.28251577458182
386,37.2834885455,36.950621394500004,35.487707221411895,34.53469205935294,34.15432988969536,34.277615156027274
387,37.287907136,36.94031135,35.50170507694197,34.552019865235295,34.161896359784755,34.28558328664585
388,37.29379859,36.9476756675,35.4999535663892,34.52117637076471,34.132849910000004,34.29064990712217
389,37.296744317,36.949148531,35.49974654164835,34.50887362858823,34.27572561588074,34.29108100232127
390,37.276124228,36.9771329375,35.4662327376125,34.50488823323529,34.197221207332724,34.286469535205725
391,37.290852863,36.944729940500004,35.48621622872047,34.37371674270588,34.316691762369246,34.29764838730927
392,37.290852863,36.944729940500004,35.48336383957539,34.48877337376471,34.21385949899045,34.30830105260394
393,37.2952714535,36.94031135,35.485075822598425,34.422407877235294,34.22333663345695,34.28210464073116
394,37.287907136,36.9417842135,35.484448706614174,34.491372544647064,34.0870474475,34.269545408081086
395,37.2952714535,36.94031135,35.48294711904762,34.43297783882353,34.156812606151824,34.25080038438017
396,37.299690044,36.9329470325,35.48026288809524,34.44025551729412,34.188703566094304,34.24132999024499
397,37.305581498,36.9270555785,35.48029428970844,34.391564382764706,34.21802414670435,34.24919290120737
398,37.290852863,36.896125445,35.46669526426323,34.44146846370588,34.095309619533076,34.283367172793106
399,37.290852863,36.88139681,35.49237665863407,34.41859575994118,34.13661316846285,34.29542876817571
400,37.298217180500004,36.8946525815,35.49635404862245,34.44995908858824,34.14588353417788,34.30858466745733
401,37.26434132,36.8858154005,35.483672007938466,34.37891508447059,34.23224497200358,34.27193192151585
402,37.228992596,36.887288264,35.45958742362205,34.43020538988235,34.14462345066474,34.327412476916905
403,37.2717056375,36.9476756675,35.463622936787694,34.474911129058825,34.19383922979475,34.33871785971564
404,37.279069955000004,36.957985712,35.45138716790698,34.39884206123529,34.165349356255206,34.31201699876273
405,37.2805428185,36.9682957565,35.46072780833887,34.41409053041177,34.12685221085584,34.30879125626872
406,37.304108634500004,36.9712414835,35.451958505280224,34.47976291470589,34.127847194281884,34.318450863091556
407,37.310000088500004,36.962404302500005,35.45325072147554,34.47854996829412,34.13109775554286,34.323470911510015
408,37.2746513645,36.9211641245,35.44247700415869,34.34269997017647,34.20658287337689,34.287757829675
409,37.254031275500004,36.913799807000004,35.47378261653372,34.334036067235296,34.19210431563851,34.311145544095744
410,37.2687599105,36.8946525815,35.46388917828125,34.41963542829412,34.17429480933987,34.29795085349398
411,37.276124228,36.91085408,35.48366629847365,34.48617420288235,34.13775095952617,34.29267005157309
412,37.276124228,36.9064354895,35.47783803153846,34.47612407547059,34.002179247212986,34.311289953589515
413,37.259922729500005,36.913799807000004,35.481997066411964,34.4931053252353,34.04461747205237,34.327136069093264
414,37.2746513645,36.9093812165,35.48037883621539,34.41478364264706,34.102705040000004,34.31493539973615
415,37.3217829965,36.9064354895,35.48209948294213,34.49622433029412,34.022257006898904,34.331364880607985
416,37.302635771,36.919691261000004,35.478834949720934,34.349631092529414,34.150513073402806,34.24469324622642
417,37.2746513645,36.8710867655,35.48332675420435,34.459316103764706,34.151834941765216,34.322565001642914
418,37.298217180500004,36.88139681,35.48003312283465,34.35153715117647,34.171314586415264,34.293466381251555
419,37.299690044,36.957985712,35.469869376762205,34.36314678111765,34.21499139535698,34.27292752661311
420,37.2923257265,36.950621394500004,35.46116819941861,34.47040589952941,34.20004304987837,34.28989286856786
421,37.273178501000004,36.952094258,35.46917853152029,34.32086693476471,34.23434867490909,34.22831152309723
422,37.2805428185,36.944729940500004,35.46289917753846,34.31705481747059,34.236278097431196,34.24420965569598
423,37.279069955000004,36.9329470325,35.463353523877984,34.45498415229412,34.225815768275865,34.27091312145015
424,37.2893799995,36.943257077,35.45621445746437,34.41443708652941,34.19522772443525,34.25946813698558
425,37.284961409000005,36.925582715000004,35.462773234399414,34.380647865058826,34.25680275302247,34.2656452840367
426,37.2864342725,36.91085408,35.47662632445444,34.36245366888235,34.25175431176618,34.218885324783216
427,37.279069955000004,36.904962626,35.48044396112,34.43141833629412,34.144400452270915,34.38428911201255
428,37.2569770025,36.9241098515,35.46332185961496,34.444414190705885,34.10722624176552,34.34143506937186
429,37.258449866,36.819536543,35.46072035818182,34.420501818588235,34.28637705355717,34.3090824906117
430,37.2775970915,36.9358927595,35.45906207356148,34.34477930688235,34.19807190510874,34.28625281211268
431,37.246666958,36.719381825,35.4406676566976,34.442854688176475,34.29118165071461,34.28459803127273
432,37.2775970915,36.937365623000005,35.44884953890625,34.40300073464706,34.256453729422994,34.29199850347788
433,37.284961409000005,36.944729940500004,35.4440058307166,34.30527190947059,34.32450831451488,34.29164013842059
434,37.287907136,36.9329470325,35.448804109470544,34.23786674458824,34.30688811015748,34.246646061976534
435,37.2687599105,36.9329470325,35.44482039058468,34.38480653847059,34.290723652850915,34.303349524839405
436,37.267287047,36.9358927595,35.457818308092456,34.43782962447059,34.196009765799744,34.30198521596775
437,37.2687599105,36.9476756675,35.45510092879464,34.36401317141176,34.19515630151671,34.309370915706026
438,37.2275197325,36.934419896,35.42039072219041,34.324505774,34.132179344699956,34.28170189234368
439,37.242248367500004,36.922636988,35.42798372337458,34.26143256058823,34.10888831570186,34.29481951634981
440,37.2658141835,36.8799239465,35.43747366952531,34.37718230388236,34.18268015211896,34.269591288451196
441,37.2510855485,36.872559629,35.44313477237132,34.24999620870588,34.311932549000005,34.25061745664393
442,37.29379859,36.851939540000004,35.44510095551724,34.276507751705886,34.32395430795426,34.176114595611196
443,37.282015682,36.928528442,35.45546392125984,34.31410909047059,34.287116448635786,34.2521799513374
444,37.302635771,36.934419896,35.460300130073534,34.26420500952941,34.31103745004245,34.2473168165
445,37.308527225,36.943257077,35.45226251313954,34.305445187529415,34.29645777235751,34.232586480763146
446,37.314418679,36.9182183975,35.449148155867455,34.31584187105882,34.31722385445804,34.24142898587265
447,37.314418679,36.8563581305,35.45226654422657,34.365399395882356,34.238013900326635,34.291647967656715
448,37.304108634500004,36.900544035500005,35.46736849313039,34.28361215211765,34.297910629399,34.25839284588082
449,37.3217829965,36.8975983085,35.46001673596939,34.385672928764706,34.27899722137114,34.294935503138625
450,37.3070543615,36.9152726705,35.4523046312,34.262818785058826,34.4122665793831,34.21027387985577
451,37.3011629075,36.896125445,35.44382493935191,34.301979626352946,34.331450897031324,34.170388920196174
452,37.320310133,36.934419896,35.4400201163189,34.393123885294116,34.351966027516255,34.25259822021215
453,37.326201587,36.943257077,35.449347232930236,34.38463326041177,34.20718182081861,34.28220795112314
454,37.3158915425,36.8210094065,35.45215272903846,34.245144423058825,34.30160831622689,34.186604615764814
455,37.282015682,36.9329470325,35.44248787312977,34.29903389935294,34.30864109070004,34.2114599353527
456,37.276124228,36.928528442,35.42725434822822,34.40594646164706,34.21926627416702,34.23417788772667
457,37.2864342725,36.931474169,35.42997330954545,34.347725033882355,34.21367661054289,34.21647301001784
458,37.284961409000005,36.890233991,35.4291438349513,34.406812851941176,34.16472298474632,34.23506232441253
459,37.2864342725,36.8975983085,35.428174074651224,34.37440985494118,34.24965588663124,34.24907666608401
460,37.242248367500004,36.9034897625,35.427665193171876,34.299553733529415,34.26339608276569,34.25795063036438
461,37.2363569135,36.900544035500005,35.42975174979688,34.31220303182353,34.29657855374461,34.28175806947368
462,37.2334111865,36.893179718,35.421405523296876,34.27425513694118,34.348919640110076,34.26128458615713
463,37.237829777,36.8858154005,35.42965498440453,34.31618842717647,34.32566566997398,34.28683586329125
464,37.2775970915,36.742947641,35.418803852413795,34.18553677082353,34.383221086086955,34.22143842705618
465,37.3276744505,36.722327552,35.42682870846154,34.35898810770588,34.30674367243101,34.25763565723934
466,37.1597680115,36.672250193,35.42757240861607,34.42344754558824,34.0986155481042,34.29737072095449
467,37.2923257265,36.7326375965,35.429598326515624,34.43089850211765,34.19894499406971,34.30070788640108
468,37.249612685,36.944729940500004,35.423914262167834,34.35968121994118,34.26994468712753,34.300669661894645
469,37.252558412,36.9152726705,35.441643043921374,34.340967189588234,34.22942099250996,34.27977219773466
470,37.2775970915,36.854885267,35.42233845228347,34.360201054117645,34.25023925227528,34.29321500801831
471,37.242248367500004,36.890233991,35.42263120484375,34.33802146258824,34.28168281731343,34.306121112714834
472,37.2245740055,36.882869673500004,35.41581964531632,34.32207988117647,34.27962182331143,34.26521767723995
473,37.226046869,36.9064354895,35.42721116141758,34.38238064564706,34.31688392506655,34.322819088467156
474,37.2186825515,36.896125445,35.4254793329066,34.315668593,34.358002750386305,34.2849999180833
475,37.2216282785,36.9064354895,35.427077148671756,34.34443275076471,34.207714858203126,34.2867205512407
476,37.2216282785,36.8975983085,35.408240930148885,34.27356202470588,34.330165179483586,34.28301342297944
477,37.242248367500004,36.896125445,35.41188721428779,34.35309665370588,34.271482688,34.30890653952227
478,37.2304654595,36.88139681,35.38491441783784,34.371983962117646,34.117371848298646,34.28687593030557
479,37.2363569135,36.907908353,35.40693456073077,34.31064352929412,34.192177515629474,34.28740553664865
480,37.2658141835,36.9093812165,35.40407211255814,34.40646629582353,34.19640090213954,34.27938724025094
481,37.290852863,36.9064354895,35.41017910079353,34.26455156564706,34.25693314332076,34.26130184205263
482,37.290852863,36.902016899,35.40499649962171,34.275641361411765,34.2165808119234,34.240911544009116
483,37.290852863,36.893179718,35.42814063176618,34.374583133,34.25658878118812,34.25434391272727
484,37.2834885455,36.9064354895,35.42995941485236,34.26455156564706,34.33762453494186,34.225443367801745
485,37.2775970915,36.893179718,35.419736345031716,34.333169676941175,34.3221386942639,34.26359109704095
486,37.284961409000005,36.5941884275,35.38656268835548,34.2515557112353,34.38528857709731,34.24937976125508
487,37.287907136,36.896125445,35.40486902124138,34.23855985682353,34.310495522402576,34.28406312907424
488,37.2893799995,36.8858154005,35.409099322706766,34.22365794376471,34.297894777194536,34.293351133668345
489,37.298217180500004,36.896125445,35.41040201283496,34.2751215272353,34.22964134122449,34.330295869651614
490,37.279069955000004,36.896125445,35.39066602159824,34.21118192352941,34.27989336652596,34.29679412
491,37.279069955000004,36.899071172,35.40906601722874,34.27980003482353,34.27968456584589,34.27192362842412
492,37.3247287235,36.595661291,35.413121176971,34.237346910411766,34.35079748662687,34.23904468235993
493,37.317364406,36.94031135,35.42777303417392,34.240812471588235,34.362912088050635,34.23625243479682
494,37.279069955000004,36.9034897625,35.41359732092625,34.32866444741177,34.32535915244153,34.29243789152745
495,37.2717056375,36.907908353,35.42048678858916,34.28759754747059,34.332193135910785,34.276770256077484
496,37.2687599105,36.8917068545,35.414085665532795,34.23232184670589,34.27628036994937,34.26777126706126
497,37.2775970915,36.8975983085,35.4019967646221,34.19801279105882,34.3388813296495,34.23323724170056
498,37.2775970915,36.907908353,35.39892203142857,34.21793976782353,34.43495449223529,34.25464146090909
499,37.279069955000004,36.907908353,35.39631235207974,34.20702325011765,34.43005258252965,34.22311272490446
500,37.296744317,36.912326943500005,35.39275291529188,34.13026107005882,34.48154665942907,34.234084762608695
501,37.284961409000005,36.896125445,35.39417666603151,34.198532625235295,34.340056006326535,34.22720768728733
502,37.290852863,36.893179718,35.414149613675825,34.22764333911765,34.23542846369973,34.20507350099905
503,37.3070543615,36.9270555785,35.42113939734963,34.16231751094118,34.33024519047742,34.20573513742466
504,37.296744317,36.922636988,35.414494097881665,34.17877892652941,34.28920941848,34.227291605975395
505,37.2864342725,36.9270555785,35.41479658983456,34.12835501141176,34.33174256002547,34.198792085527245
506,37.304108634500004,36.91085408,35.405308061459856,34.151920827411764,34.2525885318299,34.19955785375
507,37.2864342725,36.922636988,35.39642622317238,34.12558256247059,34.273177455390524,34.17417267026173
508,37.3011629075,36.878451083,35.390951570522176,34.154346720235296,34.27783321633766,34.17860348152747
509,37.305581498,36.8239551335,35.395842233201584,34.15919850588236,34.31198907379032,34.16525662427481
510,37.2775970915,36.8121722255,35.38854806801376,34.249476374529415,34.27635116456274,34.16218976580292
511,37.2658141835,36.8003893175,35.39947388105499,34.307351246176474,34.218810159209596,34.17483063399545
512,37.2775970915,36.8710867655,35.39418788609163,34.29123638670588,34.23738327364716,34.20067913547051
513,37.26434132,36.9034897625,35.40800634631485,34.343393082411765,34.25355851169611,34.22438756788845
514,37.240775504,36.5117080715,35.4151430295019,34.25814027747059,34.41371626198594,34.34812490632579
515,37.267287047,36.713490371,35.41848918926105,34.26836368294118,34.42060210243278,34.36873026931004
516,37.276124228,36.9270555785,35.404194642325585,34.24878326229412,34.345081708633835,34.2895678351417
517,37.2451940945,36.912326943500005,35.42866279048626,34.222098441235296,34.35401859993142,34.26440762360271
518,37.258449866,36.896125445,35.416725399622095,34.25172898929412,34.3026572647262,34.25596122056893
519,37.2628684565,36.8769782195,35.40255337001454,34.233188237,34.12844873976744,34.285889520890755
520,37.259922729500005,36.872559629,35.40690702321875,34.23110890029412,34.122876531865415,34.27100329773876
521,37.192171008500004,36.875505356000005,35.417787195796905,34.276507751705886,34.18684037655173,34.31861432
522,37.2334111865,36.8710867655,35.40128942652332,34.220885494823534,34.2736702758469,34.27743059321429
523,37.134729332,36.8799239465,35.38201421170134,34.23596068594118,34.4131819395572,34.36149263550248
524,37.137675059,36.872559629,35.35565687436627,34.12592911858824,34.37315439784629,34.30818021140389
525,37.14651224,36.8357380415,35.369710356753245,34.106175419882355,34.35991548613665,34.28227811527717
526,37.131783605,36.82248227,35.36241898789374,34.169595189411766,34.35826928699078,34.264475208454996
527,37.155349421000004,36.854885267,35.37924647743491,34.15919850588236,34.29235061757221,34.25934941905764
528,37.128837878,36.872559629,35.39282992016393,34.09525890217647,34.344891334506045,34.234194095
529,37.11705497,36.8651953115,35.38370326894811,34.137538748529415,34.374340607835336,34.25064858736696
530,37.128837878,36.8563581305,35.362658521520004,34.18865577588235,34.24265412882245,34.25227486395843
531,37.2068996435,36.875505356000005,35.359302139405045,34.27616119558824,34.266033502557924,34.30249259664511
532,37.20542678,36.878451083,35.35512659443721,34.23405462729412,34.356684596849135,34.26708397803317
533,37.202481053,36.88139681,35.371063662560005,34.21932599229412,34.26555221774834,34.29399964665909
534,37.209845370500005,36.866668175,35.362141667391306,34.15400016411765,34.28882989240338,34.27904241511287
535,37.2010081895,36.8534124035,35.35854304205913,34.18986872229412,34.29505935882082,34.29737686306587
536,37.198062462500005,36.8769782195,35.368256256653915,34.22261827541177,34.337251372935825,34.27336004860378
537,37.1273650145,36.8475209495,35.38249421545455,34.26697745847059,34.357890680000004,34.303544887808165
538,37.198062462500005,36.8504666765,35.38065976419355,34.212221591882354,34.38372897787699,34.303546030943394
539,37.198062462500005,36.831319451,35.362489331046156,34.16353045735294,34.327869697222965,34.28037069912901
540,37.2157368245,36.904962626,35.37002996730168,34.16768913076471,34.39126082045113,34.27323163934835
541,37.0890705635,36.8534124035,35.361709704741585,34.25242210152941,34.385987419753874,34.25722925157895
542,37.173023783000005,36.896125445,35.35719672123153,34.175486643411766,34.3899056310033,34.26248610890499
543,37.220155415,36.869613902,35.326258392778406,34.17669958982353,34.33227372559891,34.26982835421204
544,37.228992596,36.8593038575,35.342722571906975,34.207889640411764,34.32591713330989,34.252695078853506
545,37.211318234000004,36.8769782195,35.36407204064296,34.05072644105883,34.43942860072865,34.20515623227128
546,37.2186825515,36.896125445,35.340941434651164,34.15573294470588,34.372419942614215,34.19402935144018
547,37.270232774,36.896125445,35.35994327008506,34.18813594170588,34.30586117254669,34.22361690220946
548,37.270232774,36.5264367065,35.3329085152147,34.041889260058824,34.44885708465953,34.21061806299301
549,37.270232774,36.837210905,35.35047422102273,34.261259282529416,34.228996432588836,34.229012426197805
550,37.2451940945,36.8357380415,35.33723031124079,34.25432816017647,34.227706453642384,34.2458007579102
551,37.2628684565,36.8475209495,35.35925933109091,34.217246655588234,34.29596996269551,34.239103040525656
552,37.2334111865,36.831319451,35.33388148838448,34.156252778882354,34.2317153735,34.27277409105325
553,37.167132329,36.843102359,35.30382922494978,34.140657753588236,34.183400201903524,34.28529901001541
554,37.187752418,36.8416294955,35.341056289732144,34.18467038052941,34.17530371735412,34.286757868295595
555,37.11705497,36.8504666765,35.32286372940524,34.14516298311765,34.251144706485526,34.29287873646573
556,37.120000697,36.8298465875,35.32040588624,34.10600214182353,34.26546019146432,34.26258992724529
557,37.0772876555,36.813645089000005,35.33598558,34.129221401705884,34.42384479519204,34.28327591378284
558,37.034574614,36.7738777745,35.33031143028608,34.159545062,34.27946994968795,34.30664691449852
559,37.0949620175,36.8681410385,35.33892329491803,34.16006489617647,34.37723035242745,34.26900207578947
560,37.208372507,36.826900860500004,35.35010566702479,34.12315666964706,34.36951074775124,34.21971085904209
561,37.211318234000004,36.8239551335,35.362813679371904,34.18189793158824,34.33381042620474,34.20292653467584
562,37.209845370500005,36.840156632,35.34796046121671,34.11068064941176,34.350321246738545,34.21448979812884
563,37.2068996435,36.826900860500004,35.347824464297524,34.16387701347059,34.25278566843374,34.256674963768255
564,37.2010081895,36.784187819,35.332344445000004,34.11934455235294,34.27199057196552,34.19404729645363
565,37.173023783000005,36.751784822000005,35.35344235172414,34.14291036835294,34.14783805456242,34.186070699387564
566,37.11705497,36.731164733,35.34600990344828,34.08278288194118,34.29277322024194,34.19643719721408
567,37.102326335,36.787133546,35.340191436226846,34.1219437232353,34.273339833784505,34.21178800112329
568,37.114109243,36.819536543,35.352253160000004,34.217766489764706,34.232791825165386,34.27984325987789
569,37.090543427,36.666358739,35.33095259323456,34.13286024094118,34.257338701106875,34.260432143066296
570,37.040466068,36.793025,35.32480947088115,34.07619831570588,34.27603890192843,34.22823294582363
571,37.046357522,36.790079273,35.33236994780505,34.06337573935294,34.300002227779395,34.22462988450428
572,37.040466068,36.790079273,35.321928737633975,33.98106866141177,34.31551494896583,34.20867199605611
573,37.0448846585,36.8210094065,35.35162194870437,34.045874655411765,34.29279375,34.20619862852029
574,37.096434881,36.8239551335,35.354443267763784,34.06562835411765,34.32153007197965,34.23963222667434
575,37.0861248365,36.843102359,35.337770143681105,34.16786240882353,34.24639738153631,34.2371218969816
576,37.074341928500004,36.837210905,35.346940836363636,34.196973122705884,34.316904621170316,34.245846113415844
577,37.090543427,36.8327923145,35.333935501250004,34.213781094411765,34.23577366485428,34.235773569192865
578,37.075814792,36.793025,35.319169950939695,34.19628001047059,34.26745830303174,34.233476088928114
579,37.0478303855,36.76356773,35.31562211910715,34.19038855647059,34.205821392177654,34.2659063360778
580,37.043411795000004,36.754730549,35.26860299367829,34.159718340058824,34.15165304878391,34.28993525293706
581,37.049303249000005,36.787133546,35.30576053207453,34.083129438058826,34.29697008935484,34.285146659918965
582,37.0478303855,36.766513457,35.311943731129034,34.16231751094118,34.32664812090909,34.258696552413795
583,37.037520341000004,36.7974435905,35.295705419840004,34.08798122370588,34.38370295012576,34.307064884460374
584,37.037520341000004,36.7856606825,35.26840570541872,34.075678481529415,34.28892638505758,34.28906101977995
585,37.0419389315,36.787133546,35.305780785511814,34.054538558352945,34.32247975361991,34.25160725733554
586,37.0419389315,36.8121722255,35.30790727568,34.05887050982353,34.38275320529332,34.246342637327935
587,37.0507761125,36.8121722255,35.309902514768,34.07203964229412,34.353436099751036,34.24182983994543
588,37.040466068,36.801862181000004,35.30728446482857,34.14117758776471,34.349962841976904,34.2621524668819
589,37.046357522,36.8092264985,35.29976673095051,34.09889774141177,34.316430327106694,34.266360971708544
590,37.0875977,36.8003893175,35.305811711779526,34.12592911858824,34.35181627278568,34.269568212160806
591,37.0875977,36.816590816,35.316723859604494,34.17496680923529,34.26215011349005,34.24910310410278
592,37.0875977,36.807753635,35.310798015776,34.040849591705886,34.39391922137744,34.22478645213857
593,37.075814792,36.7620948665,35.316330867106856,34.13268696288235,34.236504221737526,34.24531614005406
594,37.0537218395,36.776823501500004,35.32433504619048,34.07082669588235,34.3452570389105,34.19237633845745
595,37.0537218395,36.695816009,35.34628177849771,34.04812727017647,34.2734025708569,34.177123280598366
596,37.0772876555,36.7562034125,35.3279294912,34.03773058664706,34.26596623442211,34.15122052780884
597,37.2245740055,36.7944978635,35.331944408,34.043448762588234,34.357146936161705,34.15653742107427
598,37.220155415,36.8327923145,35.329495457094865,33.99510418417647,34.316141364,34.12718770486056
599,37.2186825515,36.851939540000004,35.334845367112464,34.029759795941175,34.33762508210863,34.161435965965346
600,37.211318234000004,36.8563581305,35.339467633478264,34.059390344,34.39856806135387,34.169089420984456
601,37.211318234000004,36.8504666765,35.33633381767988,34.05887050982353,34.35575500706882,34.17027183461771
602,37.108217789,36.807753635,35.32794774999037,34.09907101947059,34.373652253637886,34.218459602
603,37.114109243,36.775350638,35.327008991475005,34.08867433594118,34.326598309920286,34.22091457254538
604,37.096434881,36.778296365,35.330984018305834,34.058004119529414,34.26131845249019,34.194239180000004
605,37.093489154000004,36.722327552,35.319227656475526,34.07966387688235,34.30966112577911,34.23296847832042
606,37.096434881,36.7915521365,35.30243687413561,34.12281011352941,34.139359423785166,34.23169199471429
607,37.120000697,36.8033350445,35.31546227822521,34.05887050982353,34.163560986294044,34.233163689275
608,37.0596132935,36.765040593500004,35.314574335507814,34.07862420852941,34.23269828078081,34.218293465553145
609,37.122946424,36.6884516915,35.331446503050195,34.06337573935294,34.21321804460432,34.24198112135338
610,37.125892151,36.7856606825,35.31503289393701,34.081569935529416,34.22402830259199,34.192977956033836
611,37.170078056,36.7326375965,35.33325362,34.01468460482353,34.31030282340032,34.18712236240899
612,37.120000697,36.639847196000005,35.305199947051165,34.05973690011765,34.34283702285715,34.230720754401055
613,37.1155821065,36.5941884275,35.314408126953126,34.07793109629412,34.39155740143957,34.2007334469978
614,37.052248976,36.772404911,35.30582738200893,34.05349889,34.26133478111009,34.21201049099143
615,37.055194703,36.775350638,35.304601015182726,34.06025673429412,34.38744286211775,34.18639447513169
616,37.0478303855,36.754730549,35.315831289767445,34.085035496705885,34.236348570303555,34.21841903710814
617,37.124419287500004,36.471940757,35.292898182921874,34.056791173117645,34.31581253777487,34.19660798770428
618,37.0419389315,36.70465319,35.289951961008065,34.06250934905883,34.33063963554659,34.20024158955804
619,37.05814043,36.790079273,35.28816574636406,34.17635303370588,34.267166881259904,34.16608254637555
620,37.1126363795,36.713490371,35.31948835821163,34.07845093047059,34.427759962580375,34.20353968602598
621,37.0566675665,36.701707463000005,35.29066945164109,34.195067064058826,34.277261826585786,34.24089065245383
622,37.034574614,36.7120175075,35.30201593874814,34.05471183641177,34.268493776197246,34.166460297452026
623,37.0772876555,36.707598917,35.30327487851947,34.115185878941176,34.299003491225626,34.24044390063525
624,37.081706246,36.7355833235,35.30203751483871,34.08295616,34.29060795032987,34.174423989193876
625,37.1008534715,36.7503119585,35.315618447272726,34.14516298311765,34.30540755796848,34.21202226660424
626,37.090543427,36.769459184,35.310991606033056,34.12679550888235,34.36684940467316,34.20337129700303
627,37.062559020500004,36.7856606825,35.29551819984119,34.12281011352941,34.31197955171028,34.213823703770494
628,37.062559020500004,36.757676276,35.283860621818185,34.086941555352944,34.29454654155157,34.178774152798454
629,37.0507761125,36.7620948665,35.31505398947581,34.091620062941175,34.346154572428965,34.22536150886628
630,37.0448846585,36.793025,35.3173834427288,34.10513575152941,34.25945235542697,34.210797743133305
631,37.069923338,36.838683768500005,35.30447823125,34.07671814988235,34.34978969982126,34.24578189555046
632,37.090543427,36.8298465875,35.29053853285625,34.08607516505882,34.35691284531121,34.24787501442274
633,37.093489154000004,36.848993813,35.305055207692305,34.05124627523529,34.414982230127585,34.20303266114441
634,37.093489154000004,36.846048086,35.31104737030769,34.029066683705885,34.325336456234275,34.19265545580645
635,37.096434881,36.857830994000004,35.30568967196923,34.000822360117645,34.36121214807611,34.20510122652584
636,37.093489154000004,36.840156632,35.30377930296875,34.00064908205883,34.26757537611902,34.193982415196125
637,37.096434881,36.838683768500005,35.32022088965726,34.02022950270588,34.40308061673311,34.187573929640635
638,37.090543427,36.8239551335,35.31382325142857,34.041196147823534,34.5137872370603,34.16998565073611
639,37.090543427,36.801862181000004,35.31788347112,34.09525890217647,34.45172051277929,34.223472453054136
640,37.0875977,36.798916454,35.307970117856,34.113626376411766,34.40174174446413,34.213428468860386
641,37.090543427,36.8033350445,35.31340054865103,34.07793109629412,34.387647286792614,34.19112805546072
642,37.0875977,36.76356773,35.31699900075101,34.113626376411766,34.3612623727654,34.15807569698812
643,37.093489154000004,36.7503119585,35.320317771989394,34.173060750588235,34.32280062180243,34.1716220080853
644,37.120000697,36.7385290505,35.316472754203936,34.18415054635294,34.36949741435356,34.181462111016046
645,37.120000697,36.754730549,35.32536087502683,34.11847816205882,34.238009718412556,34.191455664750734
646,37.120000697,36.760622003,35.33239730401163,34.12696878694118,34.33750390355782,34.1893640044588
647,37.0875977,36.784187819,35.2931249084375,34.092486453235296,34.344292450008496,34.195364112159666
648,37.0875977,36.740001914000004,35.30247611416199,34.067880968882356,34.35709721818182,34.17971697146944
649,37.0875977,36.7385290505,35.30937129120879,34.102709858705886,34.25822389213963,34.14943866945585
650,37.084651973,36.745893368000004,35.30364931935547,34.00654053605882,34.27126917554994,34.13309956669058
651,37.093489154000004,36.7296918695,35.319052668103694,34.11847816205882,34.15961185853061,34.242646838740804
652,37.066977611,36.7444205045,35.29742563089286,34.01832344405882,34.23867026685018,34.19915471956044
653,37.081706246,36.7414747775,35.27738954396,34.11449276670588,34.15394891897745,34.2085352647503
654,37.031628887000004,36.740001914000004,35.2492000092437,34.12592911858824,34.311712077323534,34.203870164827585
655,37.031628887000004,36.7532576855,35.26277273338346,34.02144244911765,34.37463013928192,34.192109112857146
656,37.031628887000004,36.7679863205,35.23539189330286,34.00654053605882,34.38410523987031,34.20813960123479
657,37.0360474775,36.760622003,35.23726219616,34.073252588705884,34.242063924235296,34.17835903089619
658,37.0331017505,36.787133546,35.24359697643035,34.04656776764706,34.339139217290835,34.23054337348189
659,37.0301560235,36.686978828,35.258158126493505,34.05973690011765,34.23661877059034,34.173906316081634
660,37.02868316,36.67519592,35.2508245464977,34.03131929847059,34.298891199775085,34.1197777475
661,37.0596132935,36.6972888725,35.24041266111626,34.09369939964706,34.30258609955882,34.16339816651368
662,37.0301560235,36.6707773295,35.22704233532589,34.05228594358824,34.26867581681818,34.17677374664684
663,37.040466068,36.681087374,35.23731776035433,33.99111878882353,34.28077706911486,34.223659396830186
664,37.022791706,36.669304466,35.235094062284546,33.95317089394118,34.249647667405895,34.17308336190518
665,37.024264569500005,36.6913974185,35.25595279626728,33.92267395558824,34.470726566133685,34.202850404011684
666,37.034574614,36.7444205045,35.256607439975,34.041889260058824,34.338720886773636,34.193374606037736
667,37.049303249000005,36.7679863205,35.258310823395945,34.06320246129412,34.38942581286406,34.32361731168375
668,37.0507761125,36.804807908,35.245556687669676,34.05557822670588,34.33175050266723,34.24215076808511
669,37.034574614,36.710544644,35.27148119534927,34.05748428535294,34.39299148013289,34.186898635679476
670,37.040466068,36.710544644,35.27235875932773,34.04414187482353,34.32293604426644,34.15318992875
671,37.040466068,36.734110460000004,35.249811393959185,34.04483498705883,34.364984972525,34.17846519400881
672,37.099380608000004,36.710544644,35.30314935569768,33.976216875764706,34.37159851851485,34.13095061363845
673,37.114109243,36.740001914000004,35.28322058328125,33.94935877664706,34.37481585414449,34.11831566433669
674,37.0920162905,36.742947641,35.2556869002875,33.940868151764704,34.381731516463894,34.12708296659831
675,37.099380608000004,36.7532576855,35.2710810409771,34.04986005076471,34.29894272752871,34.197238465672726
676,37.0831791095,36.742947641,35.25343700687692,34.03946336723529,34.211397330503175,34.1674707628357
677,37.0448846585,36.757676276,35.250784335560255,34.06562835411765,34.26746082840909,34.150760617800515
678,37.049303249000005,36.7355833235,35.266324775695566,33.97517720741177,34.336713838474225,34.141301227293496
679,37.043411795000004,36.725273279,35.25631808608268,34.05973690011765,34.2737525661017,34.17579578215938
680,37.105272062,36.698761736,35.26883207714286,34.08399582835294,34.28627815450262,34.15845724325411
681,37.043411795000004,36.7532576855,35.22110471904762,33.96512708,34.42723053592609,34.16903065637287
682,37.062559020500004,36.7238004155,35.230781479866074,34.09300628741177,34.318916445846156,34.189155288281114
683,37.064031884,36.70465319,35.232920849168,33.94623977158824,34.31206250522198,34.1675389787911
684,37.066977611,36.7503119585,35.22858882129134,34.0528057777647,34.31839998788541,34.22746405719923
685,37.066977611,36.7385290505,35.257978687311045,34.099417575588234,34.223558073408114,34.186188420386245
686,37.0802333825,36.603025608500005,35.25160827322835,34.07949059882353,34.2916150738543,34.204936474503036
687,37.043411795000004,36.698761736,35.27186527825582,34.083475994176474,34.24144313791109,34.22400043745717
688,37.037520341000004,36.6855059645,35.2490251368928,33.99475762805882,34.24859882446475,34.13595246666364
689,37.0478303855,36.695816009,35.2564396971875,34.009832819176474,34.29380412151622,34.17871138253241
690,37.0507761125,36.698761736,35.264317373857146,33.952651059764705,34.23705410432104,34.165371981588315
691,37.0537218395,36.698761736,35.242227305354334,33.91851528217647,34.24609255106763,34.15639757287671
692,37.046357522,36.67519592,35.245919974203126,33.93099130241177,34.205059875851475,34.14054765220608
693,37.0507761125,36.684033101000004,35.25253059983399,33.94381387876471,34.25098565153453,34.15880962587652
694,37.019845979,36.67519592,35.23481996542545,34.036864196352944,34.24291670834387,34.15299815516171
695,37.05814043,36.726746142500005,35.23395439238095,33.833262477235294,34.344206270694684,34.11702849020591
696,37.0478303855,36.678141647000004,35.26540582680246,33.91418333070588,34.23164176074349,34.160132412006966
697,37.024264569500005,36.7061260535,35.241204300440344,34.032532244882354,34.207013556240234,34.17437015657431
698,37.05814043,36.692870282,35.26147709492187,34.014511326764705,34.26402601272277,34.16207797950692
699,37.0537218395,36.710544644,35.26033355627907,33.947625996058825,34.30128216949436,34.15941529429075
700,37.008063071,36.689924555000005,35.26466186529234,34.00099563817647,34.283743604438136,34.15183024512354
701,37.0036444805,36.7061260535,35.25564033456489,34.02074933688235,34.231872367087064,34.197008057798385
702,36.984497255,36.6972888725,35.26849659652519,33.965646914176475,34.26167677798658,34.17174217478908
703,37.0507761125,36.726746142500005,35.269227916352,33.979682436941175,34.28380733889655,34.16465905822205
704,37.046357522,36.701707463000005,35.26548631314286,33.9776031002353,34.23061708019074,34.18139417826976
705,37.046357522,36.725273279,35.27003882212308,33.95767612347059,34.25998627864722,34.16366438095709
706,37.055194703,36.7414747775,35.25976267895349,33.94589321547059,34.26158994373249,34.16482759167107
707,37.066977611,36.807753635,35.254950749618324,33.96356757747059,34.24294604408259,34.165690106641044
708,37.0802333825,36.507289481,35.23597102497608,33.985227334823534,34.29043546052992,34.12758626192857
709,37.0831791095,36.8092264985,35.25967674304904,33.96824608505882,34.35422024253752,34.14203746173878
710,37.0655047475,36.5323281605,35.25370377288689,34.13771202658823,34.22319897370714,34.14951838024525
711,37.062559020500004,36.7532576855,35.23749083248121,33.99649040864706,34.37960638622551,34.15840172667491
712,37.0537218395,36.6943431455,35.24809237759542,33.935496531941176,34.356047477119375,34.14494757238014
713,37.05814043,36.7002345995,35.23487483308703,33.956116620941174,34.409820506494846,34.14433806107692
714,37.0537218395,36.678141647000004,35.217861688492306,34.00463447741176,34.31624361505137,34.1409375501798
715,37.0448846585,36.647211513500004,35.22474027579895,34.008619872764704,34.276679845969255,34.153474302878266
716,37.046357522,36.6884516915,35.21236642852257,34.04639448958824,34.25116287951138,34.138042775929435
717,37.049303249000005,36.6825602375,35.2416918167019,34.04986005076471,34.31394093032912,34.14109346332454
718,37.052248976,36.70465319,35.23460601813954,34.038077142764706,34.32722179992288,34.12690744957522
719,37.0478303855,36.666358739,35.251599704075005,34.06666802247059,34.343491661095406,34.152568271829
720,36.9859701185,36.633955742,35.24874391176603,34.081569935529416,34.22149160552301,34.15438374546154
721,37.02868316,36.64573865,35.24049183767403,34.02386834194118,34.28158778859926,34.160263273441295
722,37.02868316,36.445429214,35.22610400369486,33.98453422258824,34.26579632515022,34.13558089145908
723,37.0419389315,36.7061260535,35.24405968671654,34.054538558352945,34.240939284022346,34.1606758450651
724,37.0360474775,36.701707463000005,35.233046069625985,34.00324825294118,34.29621465835199,34.15633795187784
725,36.9859701185,36.7061260535,35.20669302374803,34.02508128835294,34.26912922357143,34.138192961608645
726,36.984497255,36.686978828,35.19946622211708,33.88871145605882,34.332739882988605,34.124111890514335
727,37.0419389315,36.6707773295,35.191875664487306,33.86531891811765,34.30561164926708,34.11835065274062
728,37.0331017505,36.660467285,35.186766930738635,33.85509551264706,34.26563223060991,34.13929411793104
729,37.0419389315,36.648684377,35.21060289375488,33.968765919235295,34.31647468721284,34.13181792712169
730,37.016900252,36.6501572405,35.203113037655,33.8980684712353,34.27654316833615,34.114889164602246
731,37.0213188425,36.6383743325,35.22289158246753,34.00498103352941,34.263837763494294,34.17911374909568
732,37.0183731155,36.583878383,35.211563269585255,34.04604793347059,34.162512666395806,34.20977177827013
733,37.008063071,36.616281380000004,35.21176097801136,33.98124193947059,34.12157309629255,34.20335425977359
734,36.9741872105,36.6148085165,35.17910926432552,33.958542513764705,33.98430855813954,34.17428676799516
735,36.919691261000004,36.5941884275,35.199601562773985,33.86168007888236,34.17852384473925,34.129498412719336
736,36.913799807000004,36.5706226115,35.179390977831794,33.893563241705884,34.101012482671905,34.151632368421055
737,36.9182183975,36.598607018,35.20575245897458,33.98418766647059,33.90402325870217,34.226520312778405
738,36.9211641245,36.6589944215,35.22258875094431,33.855268790705885,33.67298711684022,34.218998361399485
739,36.916745534,36.654575831,35.22515673539823,33.77625399588236,33.83565667567424,34.215588531368574
740,36.928528442,36.6796145105,35.21970465615385,33.80259226082353,34.03237622098361,34.22006717183674
741,36.934419896,36.653102967500004,35.22943465268676,33.791329187,34.110673902699546,34.235153954243714
742,36.9241098515,36.642792923,35.210825997195286,33.84469882911765,34.14699370347826,34.247202756363635
743,36.907908353,36.647211513500004,35.20380069514019,33.79895342158824,34.208265227408376,34.23671104741068
744,,,,,,
745,,,,,,
746,,,,,,
747,34.8591552245,35.022643073,,35.6389931282353,34.610642115464366,34.45695471686511
748,35.2038052835,34.409931857000004,,35.08866201341176,34.502752730537935,34.83891576314607
749,36.224499689,36.0403917515,,35.204585034764705,34.30010208181683,34.47577382243634
750,35.785586366000004,36.748839095,,34.955584464235294,34.44185604325089,34.703593604229546
751,,36.7679863205,,34.82770525682353,34.23914819627907,34.61711633519453
752,,36.754730549,,35.00566182323529,,34.50968511305792
753,,36.7326375965,,,,34.73307233296471
754,,36.748839095,,34.83376998888235,31.931025067368424,34.57936302938575
755,,36.810699362,,34.48911992988236,,34.56655934129532
756,,36.82248227,,34.70502439117647,,34.58730974647128
757,,36.8475209495,,34.633113996764706,33.96512708,34.62472004577488
758,,36.846048086,,34.6669032182353,30.07676744,34.73767283565361
759,36.404189036000005,36.8563581305,,34.817828407470586,34.60352378857143,34.74722361018776
760,,36.8563581305,,34.177046145941176,34.88963216923077,34.660269760265564
761,36.8681410385,36.848993813,,34.19991884970588,35.12220494028302,34.60475977860405
762,36.9241098515,36.9182183975,,34.045874655411765,35.113644483200005,34.663592238164824
763,37.0389932045,36.925582715000004,,33.95888906988235,34.65232285635063,34.64371546345455
764,37.093489154000004,36.902016899,,34.14550953923529,34.82746739744095,34.59975077005798
765,37.1008534715,36.6265914245,,34.16682274047059,34.83050032901213,34.55996282928627
766,36.949148531,36.519072389,,34.10080380005883,34.83922110668322,34.54366828527788
767,37.0183731155,36.3879875375,,34.26056617029412,34.83410231443479,34.58197549605508
768,36.854885267,36.175895193500004,,34.133206797058826,34.89732052390732,34.602599479478265
769,37.2186825515,36.893179718,35.43000216779661,34.123329947705884,34.763385726251286,34.638500201114226
770,37.102326335,36.8710867655,35.439752980769235,34.07810437435295,34.85784391547924,34.638387599275426
771,37.019845979,36.825427997,35.44701352756757,34.07515864735294,34.80843247081536,34.52270127174727
772,37.0183731155,36.8534124035,35.449881588073396,34.06025673429412,34.820906712590705,34.64254117236873
773,37.02868316,36.8681410385,35.449106530943396,34.03911681111765,34.856007664483485,34.79361586977481
774,37.0213188425,36.8740324925,35.47684910638298,34.02733390311765,35.03747834065158,34.713324980511985
775,36.9830243915,36.8740324925,35.50713333875,34.07429225705882,35.0060891831687,34.69589766084691
776,37.066977611,36.882869673500004,,34.04726087988235,34.90251896390448,34.765066037409895
777,37.046357522,36.904962626,35.46379827672567,34.05973690011765,34.75791479569143,34.6147867165865
778,37.105272062,36.8769782195,35.47840303305785,34.19593345435294,34.86682485727447,34.54264612490035
779,37.2010081895,36.904962626,35.47542102839567,34.08434238447059,34.80662266101188,34.47800655887155
780,37.270232774,36.7679863205,35.4818432579638,34.0600834562353,34.679358202498896,34.53552129251161
781,37.270232774,36.94031135,35.456804256259545,33.97846949052941,34.63862793450549,34.47623014852459
782,37.3011629075,36.9476756675,35.46221618553167,34.06996030558824,34.505879273575914,34.431136594106874
783,37.298217180500004,36.946202804,35.48738357818182,34.05904378788235,34.49776461983326,34.421935584115445
784,37.332093041,36.950621394500004,35.50264069428087,34.143430202529416,34.58795233684211,34.46164486675217
785,37.3158915425,36.944729940500004,35.499697734678,34.12627567470588,34.618962955294116,34.46081551141524
786,37.317364406,36.94031135,35.485589340273414,34.14793543205882,34.59644814311329,34.47381640161916
787,37.2834885455,36.922636988,35.482984115779225,34.150014768764706,34.59047666145203,34.45148975593991
788,37.311472952,36.9388384865,35.47663413076262,34.10496247347059,34.63265308624014,34.451658979369896
789,37.3217829965,36.810699362,35.474503992597405,34.093352843529416,34.647737429951604,34.443371805331246
790,37.3335659045,36.946202804,35.47268554758598,34.10305641482353,34.66284181109356,34.46499170281143
791,37.299690044,36.9034897625,35.471023005846156,34.15226738352941,34.73139424210527,34.460909332498986
792,37.2363569135,36.9064354895,35.4397097166466,34.16664946241177,34.54794832033898,34.40984694690909
793,37.246666958,36.9064354895,35.41611295842105,34.217766489764706,34.555410208312345,34.39537021000498
794,37.2628684565,36.91085408,35.438551670857144,34.27200252217647,34.564749616767415,34.53119634329351
795,37.2717056375,36.9034897625,35.409714669265625,34.31653498329412,34.507415449669494,34.38956861613079
796,37.252558412,36.9152726705,35.43326725912069,34.27789397617647,34.644596353638306,34.38493992158107
797,37.26434132,36.913799807000004,35.41621654505124,34.28638460105883,34.598568777136094,34.32290809155932
798,37.282015682,36.944729940500004,35.43324116169846,34.35916138576471,34.45345712276498,34.34244311870441
799,37.284961409000005,36.9417842135,35.40420572872005,34.30059340188235,34.470656257142856,34.305961968348015
800,37.29379859,36.94031135,35.4369820075915,34.23596068594118,34.50655488225906,34.303816859602804
801,37.284961409000005,36.9358927595,35.425989470000005,34.245144423058825,34.50747225628278,34.30233140693468
802,37.287907136,36.9329470325,35.43276484650468,34.323119549529416,34.518222602417666,34.31967904060241
803,37.248139821500004,36.946202804,35.410433264000005,34.203730967,34.549832937577854,34.309579502364215
804,37.249612685,36.9594585755,35.411732919020075,34.16491668182353,34.55882853776,34.327292670806
805,37.290852863,36.9417842135,35.403154735545506,34.117091937588235,34.57074080565135,34.32149138965594
806,37.29379859,36.88139681,35.41426246499174,34.16734257464706,34.59866454007776,34.30690966042059
807,37.1538765575,36.9182183975,35.4027084261017,34.083822550294116,34.6870569595644,34.21978156873664
808,36.922636988,36.695816009,35.352082468945454,34.090060560411764,34.66782807658607,34.00355961195313
809,36.9093812165,36.536746751,35.303712318421056,33.18243008829412,34.572925937507165,33.38694252465116
810,37.0095359345,36.221553962,35.32781042880435,33.018682322705885,34.51832136657723,33.46876980404946
811,37.0419389315,36.127290698,35.3158315540625,33.17030062417647,34.46515010081676,33.284277252977894
812,37.108217789,36.318762953000004,35.31110253043478,33.72583008076471,34.40954187655029,33.56992395453416
813,37.114109243,36.710544644,35.41064819092308,34.152787217705885,34.46027442614791,34.11481021574804
814,37.1597680115,36.843102359,35.402359207532236,33.98921273017647,34.479593466637645,34.19038855647059
815,37.282015682,36.9064354895,35.40041556132802,34.067361134705884,34.49582519324828,34.2737827997896
816,37.2628684565,36.904962626,35.42148320022394,34.08295616,34.53396942933001,34.27190760111048
817,37.1951167355,36.896125445,35.402210774000004,34.115532435058824,34.54164053996485,34.241225688915236
818,37.29379859,36.9034897625,35.41995450551724,34.252595379588236,34.5414602101487,34.27181816882045
819,37.29379859,36.9034897625,35.39984100081968,34.24462458888235,34.5558960214949,34.25476723947307
820,37.304108634500004,36.925582715000004,35.409918930714284,34.195413620176474,34.498983116190125,34.247923620515465
821,37.2746513645,36.902016899,35.411949535062504,34.13684563629412,34.55655406302914,34.27322000142687
822,37.2775970915,36.925582715000004,35.41984430242213,34.20182490835294,34.554358738477305,34.317690572857146
823,37.2628684565,36.890233991,35.40195171424571,34.139444807176474,34.53392173904209,34.279888666113294
824,37.2746513645,36.890233991,35.41216700446281,34.106175419882355,34.59022706274468,34.24694612105682
825,37.254031275500004,36.904962626,35.38664272225807,34.085035496705885,34.569342692897195,34.22744582774304
826,37.249612685,36.884342537,35.382555413195654,34.168728799117645,34.612074279718406,34.2774763059422
827,37.1774423735,36.740001914000004,35.32491857465838,33.99059895464706,34.446348680526675,34.17886997880697
828,37.120000697,36.663413012,35.30597837,34.04136942588235,34.387384600827964,34.088899673976435
829,37.246666958,36.601552745,35.2949653445283,33.85041700505882,34.3813711126087,33.969784545672375
830,36.996280163,36.616281380000004,35.2968902567,33.805191431705886,34.50390940157787,33.90950557979039
831,37.2039539165,36.663413012,35.31718601818182,34.03079946429412,34.38888083198104,33.8363879
832,37.1744966465,36.666358739,35.33652665,34.18415054635294,34.479148019475275,33.78847580253919
833,37.2039539165,36.647211513500004,35.318492254700004,34.07151980811765,34.49051484971938,33.94031599269816
834,37.1627137385,36.6678316025,35.31282724093877,34.09803135111765,34.52210832572973,33.97997585068516
835,37.1568222845,36.660467285,35.339629652467536,34.144816427,34.516768874463395,33.96961535690457
836,37.1450393765,36.692870282,35.335237274545456,34.01191215588236,34.574892569,34.01790270589661
837,37.193643872,36.707598917,35.313995055926455,34.074118979,34.549502071902836,33.83074350115702
838,37.167132329,36.6825602375,35.3326644746,34.11189359582353,34.57726352,34.025365542247194
839,37.1715509195,36.654575831,35.30538425564357,34.26403173147059,34.442819697033194,33.98023223649624
840,37.17596951,36.7002345995,35.32499249228,34.13684563629412,34.42218291232274,34.05430920325243
841,37.217209688000004,36.703180326500004,35.306414774000004,34.27477497111765,34.35621220307692,34.086723186349445
842,37.180388100500004,36.7179089615,35.3198669273,34.215340596941175,34.382152014875004,34.10600771431853
843,37.2039539165,36.7120175075,35.3067093467,34.22608383658824,34.352765560077906,34.0803826699532
844,37.1332564685,36.710544644,35.309360501,34.23804002264706,34.35601489522069,34.0549390232
845,37.1892252815,36.719381825,35.30786875463462,34.3503242047647,34.2874267073725,34.10458460204111
846,37.164186602,36.8092264985,35.322037354214785,34.43523045358824,34.19347563511144,34.078717424118814
847,37.181860964,36.790079273,35.329350006238535,34.252941935705884,34.25316776733906,33.88220751534705
848,37.2127910975,36.7002345995,35.29813170631218,34.10080380005883,34.30871894406216,34.142268174407796
849,37.192171008500004,36.689924555000005,35.307614885,34.27772069811765,34.32878950626212,34.19149376334962
850,37.2157368245,36.7503119585,35.32810625631774,34.15018804682353,34.368442433266694,34.11226158840206
851,37.196589599,36.7797692285,35.31254324051724,34.20477063535294,34.28824364627907,34.1512392597863
852,37.143566513,36.713490371,35.33215295504425,34.21672682141177,34.45765007937839,34.30907834923984
853,37.111163516000005,36.781242092,35.337789924736846,34.25432816017647,34.38688390982987,34.213685182091744
854,37.173023783000005,36.770932047500004,35.339250586151316,34.28863721582353,34.426592601420886,34.36956461580874
855,37.1715509195,36.725273279,35.3596596037403,34.140657753588236,34.42680931240668,34.31846129522078
856,37.158295148,36.7532576855,35.35471015,34.222444997352945,34.364348921211025,34.36983421691293
857,37.1686051925,36.740001914000004,35.35152307836364,34.20407752311765,34.3145093609385,34.320705076806085
858,37.190698145,36.653102967500004,35.36788822836364,34.16266406705883,34.31817340576622,34.26899399035202
859,37.155349421000004,36.710544644,35.35888098083403,34.19974557164706,34.43438345104895,34.22962256745418
860,37.170078056,36.7414747775,35.363194019168404,34.13182057258824,34.363879478426725,34.17375386282353
861,37.1450393765,36.657521558,35.34489106,34.18259104382353,34.349973754063505,34.24242602217093
862,37.158295148,36.719381825,35.363180230150945,34.129741235882356,34.4248237945629,34.20239449792139
863,37.161240875000004,36.684033101000004,35.383821695979684,34.136325802117646,34.37883619768075,34.27077806227243
864,37.143566513,36.6678316025,35.34435538391892,34.08832777982353,34.412740672941176,34.182821529645295
865,37.1509308305,36.684033101000004,35.35628834056604,34.14204397805882,34.389079888615164,34.264168347904196
866,37.170078056,36.676668783500006,35.342973527272726,34.20771636235294,34.35747521415943,34.29418634
867,37.1450393765,36.6825602375,35.3263257065,34.098377907235296,34.38014825414598,34.21259184017426
868,37.155349421000004,36.6825602375,35.33174356297727,34.17028830164706,34.3944518165915,34.20289072322965
869,37.155349421000004,36.698761736,35.32648535429358,34.144123314764705,34.41856171410557,34.18528979979716
870,37.155349421000004,36.7120175075,35.33384871636364,34.17184780417647,34.40974279814988,34.19527323557966
871,37.164186602,36.728219006,35.3342900795,34.145682817294116,34.3650884812035,34.17714034408054
872,37.1538765575,36.70465319,35.33796433607477,34.23162873447059,34.36905226705085,34.25301554459103
873,37.102326335,36.6707773295,35.312517216710745,34.197839513000005,34.40672773289474,34.2678885305283
874,37.105272062,36.639847196000005,35.30126438339623,34.21360781635294,34.41526654343855,34.30806415526316
875,37.099380608000004,36.709071780500004,35.28919855040629,34.33611540394118,34.361244265452484,34.365611975188514
876,37.099380608000004,36.70465319,35.31343190560748,34.27928020064706,34.39558612299852,34.34340433423377
877,37.1067449255,36.666358739,35.295246706214954,34.3752762452353,34.43391458563805,34.418881219330274
878,37.1420936495,36.703180326500004,35.315993396489795,34.27772069811765,34.41036721396545,34.403325092619504
879,37.128837878,36.695816009,35.31200980264151,34.42552688229412,34.380820678920784,34.50036011792453
880,37.143566513,36.6855059645,35.32754186176471,34.352750097588235,34.45340018381691,34.461120664445914
881,37.128837878,36.660467285,35.2935226725,34.41928887217647,34.35368196743658,34.46703578905875
882,37.14651224,36.713490371,35.317271352754716,34.447533195764706,34.402928469520546,34.54577731224719
883,37.1185278335,36.676668783500006,35.30700876833333,34.38740570935294,34.42752565022106,34.443458784750625
884,37.1332564685,36.678141647000004,35.316604395698114,34.45307809364706,34.3776197074017,34.572243267358495
885,37.111163516000005,36.7591491395,35.30017618045455,34.408372354470586,34.46730884886125,34.50103644987952
886,37.0949620175,36.787133546,35.309255006644634,34.401787788235296,34.46082810535908,34.414405818308275
887,37.0831791095,36.731164733,35.30070348678899,34.36176055664706,34.39590463892735,34.42851548677296
888,37.099380608000004,36.722327552,35.30118642737662,34.33611540394118,34.3544900318578,34.484122042785444
889,37.072869065,36.722327552,35.282447267954545,34.331263618294116,34.36814829246602,34.40715817116158
890,37.0389932045,36.722327552,35.30165028373864,34.314455646588236,34.38226778824678,34.36661463519849
891,37.1185278335,36.713490371,35.32157686432433,34.401094676,34.388414499783536,34.42445454853933
892,37.137675059,36.725273279,35.31941203405974,34.46226183076471,34.40935968192293,34.42493692385924
893,37.1303107415,36.722327552,35.3029237833739,34.435057175529415,34.446665165615144,34.39249749086301
894,37.111163516000005,36.760622003,35.32458713769378,34.370424459588236,34.5133469291806,34.34935395695899
895,37.1892252815,36.740001914000004,35.31593842235398,34.38515309458823,34.382413676567225,34.300614662993866
896,37.220155415,36.742947641,35.32377199768944,34.38186081147059,34.31261966125233,34.26403225370706
897,37.199535326,36.713490371,35.34384553915719,34.42310098947059,34.279628069477276,34.32251458571429
898,37.158295148,36.737056187,35.33360430178571,34.26489812176471,34.380872599912124,34.24979881176395
899,37.178915237,36.722327552,35.326762292943144,34.336288682,34.34024886746961,34.28722861610811
900,37.2068996435,36.725273279,35.32586469325188,34.33542229170588,34.3622208597113,34.25024747780772
901,37.184806691,36.698761736,35.32033079465517,34.395029943941175,34.36260038653465,34.26916158818068
902,37.187752418,36.722327552,35.33252000982759,34.41755609158824,34.35666738958843,34.230384643992764
903,37.161240875000004,36.695816009,35.311897872650285,34.366439064235294,34.42001954094171,34.210156210456375
904,37.199535326,36.725273279,35.31696219875302,34.44389435652941,34.36917647557583,34.274864397760616
905,37.161240875000004,36.719381825,35.31014217461331,34.47681718770588,34.263379151347465,34.329382854136
906,37.186279554500004,36.6737230565,35.30539731720837,34.511299521411765,34.22655629749725,34.351977839128764
907,37.180388100500004,36.692870282,35.2938390202236,34.47231195817647,34.22156831203862,34.35158416036593
908,37.1774423735,36.678141647000004,35.292668048,34.43367095105882,34.21262579866014,34.3621838486446
909,37.137675059,36.6825602375,35.29267744425837,34.395029943941175,34.27809958223135,34.31529306470212
910,37.122946424,36.684033101000004,35.281284480980865,34.402827456588234,34.2575815044045,34.32410107702774
911,37.125892151,36.684033101000004,35.28440042161706,34.391564382764706,34.2979505906,34.34237816806723
912,37.131783605,36.684033101000004,35.29231572988737,34.45169186917647,34.27709252373997,34.36059141202358
913,37.0772876555,36.6913974185,35.281474923003245,34.444414190705885,34.272274778663125,34.345019023160624
914,37.0507761125,36.707598917,35.308146346427996,34.40663957388235,34.322488820000004,34.264654843960265
915,37.1126363795,36.686978828,35.305017182700226,34.3517104292353,34.370066059799406,34.2294852537018
916,37.084651973,36.701707463000005,35.305051421654134,34.411491359529414,34.30099643949115,34.19019726105263
917,37.074341928500004,36.6913974185,35.29385613419147,34.41998198441176,34.288494962788576,34.1907625835
918,37.208372507,36.7591491395,35.29999549539921,34.423620823647056,34.314724595544405,34.13560319574468
919,37.155349421000004,36.7827149555,35.2919929855625,34.39329716335294,34.38831666636469,34.17557045725543
920,37.062559020500004,36.689924555000005,35.30411964754371,34.34010079929412,34.46870665662998,34.207599981567164
921,37.066977611,36.6236456975,35.32553862071428,34.41322414011765,34.28369439714286,34.24775592645579
922,37.064031884,36.5882969735,35.351234304038464,34.41495692070588,34.313044816218586,34.27893961963489
923,37.052248976,36.577986929,35.341916887524754,34.409585300882355,34.24539162472859,34.3653531884
924,37.0713962015,36.6177542435,35.374986958045824,34.468673118941176,34.27578645692917,34.31959101993369
925,37.111163516000005,36.695816009,35.35038948348624,34.42154148694118,34.25453446454892,34.33816054865552
926,37.11705497,36.760622003,35.33698289054546,34.45047892276471,34.308067734252674,34.334275639010556
927,37.108217789,36.766513457,35.30806297839286,34.41668970129412,34.2876891623902,34.28497042135724
928,37.108217789,36.8062807715,35.321014646999195,34.408718910588235,34.30750062381339,34.25268081072244
929,37.0861248365,36.772404911,35.304280189217394,34.41478364264706,34.28235547464684,34.28874367769372
930,37.075814792,36.7886064095,35.33794021947826,34.44839958605883,34.34696864636096,34.303608124097266
931,37.108217789,36.787133546,35.341238684568964,34.511299521411765,34.274805448596204,34.37075048419004
932,37.114109243,36.8003893175,35.32657023006993,34.42708638482353,34.26577065667084,34.32010994298013
933,37.111163516000005,36.7738777745,35.319256831686424,34.43869601476471,34.321596694826255,34.33768811828739
934,37.136202195500005,36.8210094065,35.32058597743106,34.422407877235294,34.34487648928572,34.36107494346221
935,37.136202195500005,36.8180636795,35.33835825693596,34.527760937000004,34.30321114102268,34.41188713666087
936,37.0713962015,36.810699362,35.31482871836207,34.54474218676471,34.256398184281124,34.36986213270099
937,37.0566675665,36.810699362,35.30124666989028,34.52516176611765,34.2292448484492,34.360050646290134
938,37.084651973,36.8239551335,35.31216961457392,34.55531214835294,34.3271500109969,34.38089035027027
939,37.108217789,36.8210094065,35.31828386836991,34.55912426564706,34.27614579810143,34.315523125
940,37.0979077445,36.826900860500004,35.326383078577585,34.584942696411765,34.270244898295765,34.32572907652496
941,37.105272062,36.8033350445,35.3137918990087,34.53815762052941,34.289604502202536,34.3151809866088
942,37.1420936495,36.838683768500005,35.33566271697616,34.523082429411765,34.31603744046312,34.324028088540544
943,37.136202195500005,36.8504666765,35.34445695588933,34.53278600070588,34.29173921802006,34.31816406190477
944,37.105272062,36.8710867655,35.328478099935346,34.51112624335294,34.25470402885653,34.29993239342043
945,37.1155821065,36.860776721,35.343960179794465,34.532092888470586,34.23687984972112,34.30041308
946,37.124419287500004,36.8445752225,35.363601555964195,34.50575462352941,34.29762850868623,34.32037554012896
947,37.1273650145,36.863722448000004,35.363080884695655,34.53278600070588,34.28559657417836,34.33646721090909
948,37.090543427,36.8327923145,35.347993541310345,34.527414380882355,34.28194685379436,34.310053790265805
949,37.096434881,36.828373724,35.34292921262562,34.49726399864706,34.29107846437247,34.299440125351445
950,37.0772876555,36.6295371515,35.35414251100154,34.49622433029412,34.33470010371484,34.354064433497236
951,37.043411795000004,36.7473662315,35.34587097081319,34.509740018882354,34.24267214083372,34.34551593643836
952,37.040466068,36.719381825,35.336343908544364,34.478376690235294,34.30907964502069,34.321265142947134
953,37.037520341000004,36.7238004155,35.34363526203125,34.50644773576471,34.25755543370042,34.33026171810515
954,37.037520341000004,36.7002345995,35.347982255000005,34.51389869229412,34.28949759647399,34.36491580719825
955,37.0507761125,36.7503119585,35.346588829761274,34.52169620494118,34.30059568830349,34.37418753242376
956,37.040466068,36.728219006,35.340638918461536,34.55219314329412,34.219401461265825,34.45911924984998
957,37.0448846585,36.7385290505,35.33061122783313,34.485134534529415,34.19566337851984,34.37244696387162
958,37.0596132935,36.8180636795,35.33662735861539,34.43280456076471,34.300531903467636,34.28863568238938
959,37.049303249000005,36.784187819,35.34655521392,34.42258115529412,34.340812854112905,34.29712078869186
960,37.046357522,36.831319451,35.34485413482881,34.46035577211765,34.486149022896754,34.31619953591172
961,37.0772876555,36.7738777745,35.333981215028054,34.49431827164706,34.419431255697674,34.374660029487956
962,37.0920162905,36.8416294955,35.35371382827189,34.536771396058825,34.374642629849596,34.36756989692308
963,37.074341928500004,36.8445752225,35.334848292286935,34.532439444588235,34.427415137884196,34.35266686825036
964,37.0979077445,36.7296918695,35.332615270115085,34.54335596229412,34.49700754712,34.339495794546366
965,37.0920162905,36.776823501500004,35.32376786986367,34.45567726452941,34.452437727875164,34.2916573256
966,37.1597680115,36.869613902,35.35152422277972,34.49917005729412,34.449051163766065,34.28056534625
967,37.152403694,36.8740324925,35.33567450017752,34.56744161247059,34.40804861043282,34.33488725067899
968,37.093489154000004,36.8298465875,35.350232463125,34.570040783352944,34.4561623290954,34.355737484570675
969,37.090543427,36.826900860500004,35.33983350560531,34.58719531117647,34.37719533652244,34.35810705483473
970,37.122946424,36.760622003,35.33956257129262,34.60469639511765,34.33778078644754,34.342801652026374
971,37.122946424,36.7738777745,35.334639078721594,34.58788842341177,34.37016764065629,34.31960055459031
972,37.125892151,36.784187819,35.349837946116075,34.56432260741177,34.356559277966106,34.29470855970219
973,37.096434881,36.8445752225,35.33326001263672,34.581477135235296,34.42503886670285,34.31224294418539
974,37.0655047475,36.686978828,35.34541619948,34.569001115,34.476507411203244,34.3364908397353
975,37.064031884,36.8622495845,35.3580890839011,34.624103537705885,34.32808545607606,34.36874095696097
976,37.068450474500004,36.8151179525,35.360462929835165,34.60972145882353,34.33150021848785,34.338243597833184
977,37.128837878,36.825427997,35.34110625245968,34.59811182888235,34.37531956475,34.31410779735075
978,37.068450474500004,36.8239551335,35.35412483966546,34.601404112,34.35828239901596,34.3465420271889
979,37.134729332,36.801862181000004,35.341124858,34.61838536176471,34.21111934675839,34.345604098471505
980,37.061086157,36.787133546,35.33316070818064,34.64541673894118,34.324861149170594,34.318414706360116
981,37.0875977,36.703180326500004,35.31307319943937,34.57645207152942,34.36246779611239,34.31657217307692
982,37.064031884,36.775350638,35.321754224115864,34.56484244158823,34.391222650561204,34.29370508456057
983,37.040466068,36.7414747775,35.30140179558442,34.548381026,34.39866804738854,34.279207349776726
984,37.102326335,36.8298465875,35.305206270615386,34.600191165588235,34.346067436842105,34.289311129871614
985,37.161240875000004,36.664885875500005,35.309449765454545,34.59689888247059,34.35232950448182,34.28715617883019
986,37.149457967000004,36.7385290505,35.33366944912159,34.67036877941177,34.28324009187013,34.36028102860634
987,37.0875977,36.709071780500004,35.332365226142855,34.67539384311765,34.270308727382606,34.375576031941456
988,37.090543427,36.725273279,35.318539596741076,34.62445009382353,34.36538332456155,34.36642013659298
989,37.0713962015,36.692870282,35.307742917875416,34.61873191788236,34.227481299884495,34.35330183741342
990,37.069923338,36.726746142500005,35.32325451335,34.50072955982353,34.43022693584063,34.34476083054755
991,37.037520341000004,36.725273279,35.33169046601724,34.64195117776471,34.401548285166974,34.326075634589664
992,37.0389932045,36.7355833235,35.34811448795087,34.61266718582353,34.399479444323376,34.37789796314217
993,37.034574614,36.714963234500004,35.321954031643,34.64888230011765,34.38512637525471,34.370411265827414
994,37.0389932045,36.716436098,35.328412836134454,34.659625539764704,34.43277608201522,34.369268433760645
995,37.0389932045,36.757676276,35.32622829489286,34.635886445705886,34.455592590191195,34.382604574215385
996,37.052248976,36.751784822000005,35.310296383015626,34.66932911105882,34.41233375747692,34.324312854851385
997,37.0360474775,36.731164733,35.294330792857146,34.701905386117645,34.42657042727733,34.376235271054895
998,37.043411795000004,36.742947641,35.30900590129033,34.66898255494118,34.433703188837214,34.30818670930094
999,37.0419389315,36.713490371,35.30863990649193,34.66014537394118,34.467532189097255,34.314979282111516
1000,37.064031884,36.710544644,35.33964625671875,34.70606405952941,34.3760572873532,34.333531700212106
1001,37.0772876555,36.742947641,35.33928650557651,34.69012247811765,34.37173440567591,34.31406786032154
1002,37.062559020500004,36.742947641,35.32294486409449,34.70848995235294,34.36894631182975,34.31927166493724
1003,37.125892151,36.740001914000004,35.35506179311811,34.778147732,34.24867093707444,34.33275486683715
1004,37.124419287500004,36.8062807715,35.339431464125,34.73222904641177,34.322416893580034,34.3308784798419
1005,37.052248976,36.719381825,35.33079550767347,34.65823931529412,34.24582894654275,34.32236484774536
1006,37.0655047475,36.716436098,35.32410459913386,34.68145857517647,34.25928762066667,34.27084577405405
1007,37.0949620175,36.720854688500005,35.33981947655242,34.658066037235294,34.204697070623745,34.27755267090909
1008,37.0448846585,36.720854688500005,35.33123767107863,34.687523307235296,34.277687071593476,34.28905432194421
1009,37.0713962015,36.742947641,35.334276441875,34.749383574235296,34.26346080901302,34.272115327355706
1010,37.1185278335,36.7296918695,35.33666714836678,34.71871335782353,34.28334017136709,34.27656280765076
1011,37.0949620175,36.742947641,35.33681679159766,34.65252113935294,34.30643347194399,34.26887210359281
1012,37.0875977,36.720854688500005,35.33224848304516,34.610241293,34.3024502160688,34.257295668846155
1013,37.0802333825,36.7120175075,35.33267315715351,34.61838536176471,34.36731218721472,34.30544781295455
1014,37.099380608000004,36.651630104,35.33612855539397,34.68613708276471,34.327979005432596,34.30508452738372
1015,37.072869065,36.7120175075,35.3266417878477,34.677299901764705,34.29009334464548,34.286413275914896
1016,37.090543427,36.734110460000004,35.31695885774194,34.66569027182353,34.341366811638274,34.267319730014265
1017,37.061086157,36.784187819,35.32151746957143,34.7051976692353,34.36488228335079,34.29081901059085
1018,37.0419389315,36.757676276,35.31607923266142,34.69168198064706,34.41853299048327,34.291301346269336
1019,37.052248976,36.7562034125,35.32103888938965,34.68197840935294,34.29778961617756,34.29698779617306
1020,37.0360474775,36.760622003,35.30588734859429,34.597765272764704,34.30337203430657,34.27459116234807
1021,37.037520341000004,36.714963234500004,35.317936973116886,34.71074256711765,34.23108414628572,34.26039572640618
1022,37.0331017505,36.666358739,35.31122560857143,34.73621444176471,34.29390402728477,34.26969953402944
1023,37.0448846585,36.654575831,35.32416755234375,34.753715525705886,34.329809418530616,34.29786830084619
1024,37.052248976,36.734110460000004,35.27000432130065,34.67903268235294,34.41596319568465,34.25014529066144
1025,37.0036444805,36.6619401485,35.28456326129523,34.61803880564706,34.372768323657866,34.22642002778582
1026,37.049303249000005,36.770932047500004,35.30066247053257,34.66465060347059,34.43501750064541,34.25788143
1027,37.040466068,36.666358739,35.28903089801462,34.728070373,34.30982219559322,34.34974708858532
1028,37.037520341000004,36.678141647000004,35.284438621159275,34.733961827,34.301683981829896,34.317309168471425
1029,37.0537218395,36.7444205045,35.27682482033528,34.77035021935294,34.344042798188276,34.306191783526245
1030,37.0537218395,36.639847196000005,35.288279763333335,34.66724977435294,34.498427738002604,34.25376693405153
1031,37.0389932045,36.695816009,35.28977451549834,34.728590207176474,34.371575650716984,34.29013543329444
1032,37.0389932045,36.710544644,35.27840372655814,34.75319569152941,34.38146828059151,34.29732805952297
1033,37.0095359345,36.7120175075,35.27100155679803,34.75995353582353,34.42962706256806,34.28893409999054
1034,37.034574614,36.6737230565,35.27759522496878,34.71507451858824,34.45209174161991,34.262593531845496
1035,37.031628887000004,36.740001914000004,35.28498373337054,34.73344199282353,34.36414035765782,34.262760998422294
1036,37.034574614,36.754730549,35.27231414580427,34.710569289058824,34.4128618454764,34.27049306262279
1037,37.016900252,36.742947641,35.25779800883944,34.73933344682353,34.45826758178832,34.26165893334917
1038,37.0419389315,36.751784822000005,35.253746266250005,34.73968000294118,34.377144801720995,34.2504505896099
1039,37.049303249000005,36.770932047500004,35.26603717578125,34.703118332529414,34.38953428229249,34.24291996178917
1040,37.0537218395,36.745893368000004,35.27064413597656,34.77104333158824,34.41690114361457,34.2719072972973
1041,37.069923338,36.7679863205,35.28267042909091,34.701905386117645,34.51011952496644,34.261198312812056
1042,37.1008534715,36.563258294,35.26974833662338,34.761513038352945,34.4396481800544,34.26305585001436
1043,37.0360474775,36.720854688500005,35.27572568384237,34.689429365882354,34.36588353391159,34.26716930203572
1044,36.9889158455,36.7414747775,35.279085681948054,34.648709022058824,34.25735619254825,34.27638024225237
1045,36.999225890000005,36.7414747775,35.28272801906159,34.685097414411764,34.34163297133707,34.262550938859604
1046,37.064031884,36.666358739,35.29821100275862,34.720792694529415,34.38771457186688,34.28056475644402
1047,37.0154273885,36.669304466,35.285213066428575,34.72720398270589,34.38037758306795,34.25292765971386
1048,37.0655047475,36.7238004155,35.29216816705455,34.71126240129412,34.28851512401937,34.24623850931454
1049,37.074341928500004,36.692870282,35.290562540389615,34.663610935117646,34.41752970544741,34.22825023086956
1050,37.0655047475,36.6619401485,35.29115266088189,34.756314696588234,34.17163679621774,34.25463100651351
1051,37.037520341000004,36.681087374,35.28148178609375,34.68111201905882,34.22658025481081,34.25487996558747
1052,37.02868316,36.6589944215,35.26183414810632,34.65945226170588,34.25395431726619,34.27282378957484
1053,37.0095359345,36.654575831,35.26574862359375,34.610761127176474,34.252890233833085,34.25079621275299
1054,37.066977611,36.7532576855,35.280558696063,34.61942503011765,34.417853860679614,34.16326362231939
1055,37.040466068,36.639847196000005,35.291934378559645,34.810030894823534,34.16562814794829,34.28851443939791
1056,36.9918615725,36.669304466,35.26819849023774,34.69393459541177,34.194716388811415,34.24893184046349
1057,37.016900252,36.67519592,35.27218688939166,34.75804747717647,34.11968088720606,34.2465664379597
1058,37.034574614,36.709071780500004,35.264528046689236,34.74730423752941,34.2632346524,34.240352266864015
1059,37.040466068,36.6707773295,35.28676113086614,34.77728134170589,34.25548818006499,34.29224178883596
1060,37.0419389315,36.676668783500006,35.279542939981106,34.82753197876471,34.22470617084973,34.28704919525939
1061,37.0360474775,36.7002345995,35.28912869091947,34.77728134170589,34.28011546137931,34.262220897702704
1062,37.0331017505,36.681087374,35.27390198874961,34.777454619764704,34.27887229587898,34.241416873585926
1063,37.0448846585,36.6413200595,35.26828251332589,34.746957681411764,34.23168731327118,34.23173719859901
1064,37.0389932045,36.710544644,35.252422827624585,34.694974263764706,34.27726361716966,34.20721179183022
1065,37.0095359345,36.703180326500004,35.25935702141732,34.71871335782353,34.269027915500004,34.218679843271026
1066,37.0213188425,36.654575831,35.26692966169291,34.67556712117647,34.21292054331087,34.19915807651429
1067,37.0331017505,36.713490371,35.26561396228618,34.74678440335294,34.289091560293464,34.21784322116788
1068,37.006590207500004,36.6619401485,35.26501435390625,34.768963994882355,34.268824769536245,34.23542017608995
1069,37.011008798,36.6619401485,35.25962714413265,34.777454619764704,34.267966651509774,34.22146156167401
1070,37.012481661500004,36.6707773295,35.266745650400004,34.78005379064706,34.333634803778075,34.202956677943746
1071,36.9948072995,36.6707773295,35.27599229413266,34.630688103941175,34.48552190592753,34.221239332922636
1072,37.024264569500005,36.684033101000004,35.2780007823125,34.75215602317647,34.2724641839125,34.236505497135134
1073,37.0154273885,36.6913974185,35.28239922868703,34.71507451858824,34.26586972163814,34.224759348680585
1074,37.008063071,36.678141647000004,35.26500583039063,34.683191355764706,34.31726162863469,34.21483897797844
1075,37.0036444805,36.7002345995,35.2676907378125,34.66569027182353,34.45766166344828,34.192140324173415
1076,37.008063071,36.7002345995,35.27451144666864,34.748690462,34.34618754680208,34.237130001187055
1077,37.019845979,36.7120175075,35.270005279017326,34.69895965911765,34.402751314511754,34.25471387428179
1078,37.0213188425,36.6324828785,35.24766856125714,34.73725411011765,34.39196264148713,34.254004026256816
1079,37.0389932045,36.7179089615,35.27387915089037,34.80517910917647,34.34167828128682,34.29870785885246
1080,37.013954525,36.716436098,35.27350134017857,34.77260283411765,34.36219271943172,34.246477192599656
1081,37.019845979,36.737056187,35.27674071889611,34.678512848176474,34.391453631745605,34.24213519664596
1082,37.002171617,36.714963234500004,35.27030590737926,34.735174773411764,34.39206056995851,34.275085266646656
1083,36.993334436,36.7797692285,35.23973914654259,34.70329161058824,34.397418236455,34.25032762788966
1084,36.9918615725,36.433646306,35.227936268052325,34.70918306458824,34.36759944314607,34.25668591340747
1085,36.9859701185,36.684033101000004,35.23850191327037,34.77936067841176,34.19877611827483,34.29779848576985
1086,36.9918615725,36.709071780500004,35.24487504754132,34.775202005000004,34.182517858603944,34.27293953566653
1087,37.011008798,36.725273279,35.2489403672,34.72252547511765,34.28468972504596,34.27834613272727
1088,36.993334436,36.710544644,35.24903644646774,34.728590207176474,34.322681181902986,34.26062652557304
1089,36.9977530265,36.728219006,35.235919909330526,34.73864033458824,34.36265492008072,34.239943399432505
1090,36.9948072995,36.666358739,35.22133711032258,34.631901050352944,34.3497908859144,34.2291515
1091,36.9800786645,36.654575831,35.23444682725807,34.63917872882353,34.3026572647262,34.233758629761276
1092,37.006590207500004,36.6825602375,35.237731642177145,34.707450284000004,34.23631578341192,34.251260005841445
1093,36.9859701185,36.5588397035,35.22542411004471,34.690295756176475,34.389642605589636,34.26962687999
1094,37.0036444805,36.666358739,35.24253126,34.78213312735294,34.36155247164192,34.299081004067965
1095,36.9977530265,36.7061260535,35.230788550063366,34.72373842152941,34.38195927323194,34.246604517388384
1096,37.008063071,36.681087374,35.211361073255,34.73552132952941,34.22766659288312,34.25728951523013
1097,36.96976862,36.681087374,35.2301238305931,34.67556712117647,34.29768221487907,34.22346117304823
1098,37.012481661500004,36.666358739,35.24855413392428,34.69410787347059,34.261949380593975,34.21278328536517
1099,37.008063071,36.628064288000004,35.24556518989011,34.76532515564706,34.26075735274081,34.208433599849485
1100,37.006590207500004,36.607444199,35.250463495089285,34.78542541047059,34.26424738976583,34.28108798218613
1101,37.002171617,36.625118561,35.245284892512316,34.72997643164706,34.3272160350571,34.248733457361176
1102,36.9889158455,36.6383743325,35.240929860062856,34.70814339623529,34.2974011481203,34.2279703238843
1103,36.9859701185,36.633955742,35.240794514,34.735174773411764,34.303231079,34.2329377685305
1104,36.9830243915,36.5706226115,35.24089883467186,34.73552132952941,34.272134860520445,34.257145367287826
1105,36.987442982000005,36.610389926,35.23014780937705,34.778147732,34.34583139551574,34.26774717448085
1106,36.9859701185,36.6501572405,35.23709516604839,34.725817758235294,34.3656733140819,34.26131693254141
1107,36.984497255,36.604498472,35.213404091862174,34.78819785941177,34.200864390747874,34.268322083407206
1108,36.9771329375,36.6295371515,35.210460111875,34.77017694129412,34.34818874220062,34.2697253349731
1109,36.984497255,36.6619401485,35.204150972263626,34.7670579362353,34.4597128233451,34.277456457724554
1110,36.9771329375,36.6089170625,35.21917930275862,34.79824798682353,34.40162114635745,34.357525049995104
1111,36.987442982000005,36.4969794365,35.20427813829493,34.77780117588235,34.49465626704897,34.267466182715204
1112,36.96976862,36.672250193,35.20358926352,34.817135295235296,34.2805186291263,34.291847526651054
1113,36.9741872105,36.601552745,35.22506263294931,34.77450889276471,34.304352091775,34.26508977660446
1114,36.9800786645,36.631010015,35.20781284232558,34.781093459000004,34.27175974116183,34.23196723863383
1115,37.002171617,36.6501572405,35.195133673665694,34.75336896958824,34.25031348735537,34.24000335116102
1116,36.9712414835,36.6442657865,35.19280946128571,34.782652961529415,34.41925892381367,34.304474830400004
1117,36.955039985,36.6413200595,35.20251757998286,34.75856731135294,34.31209223824176,34.24882543358073
1118,36.955039985,36.6059713355,35.199094108736745,34.80084715770588,34.293945199683826,34.25749918961702
1119,36.944729940500004,36.585351246500004,35.20970383905979,34.867212654235296,34.26259347132271,34.31413137758469
1120,36.9476756675,36.5617854305,35.202793563221064,34.86617298588236,34.179338725008606,34.2907356214067
1121,36.9682957565,36.619227107,35.208129610736,34.846419287176474,34.24415250531527,34.261720019091754
1122,36.975660074000004,36.636901469,35.19695529928572,34.85023140447059,34.29258737903882,34.29123717612757
1123,36.944729940500004,36.591242700500004,35.1936413470592,34.795995372058826,34.39993478002602,34.263769721652174
1124,36.9476756675,36.613335653,35.18988726330166,34.818174963588234,34.26197784119292,34.26436417902834
1125,36.9388384865,36.616281380000004,35.2120510355907,34.76480532147059,34.37698197397469,34.23738985454073
1126,36.9800786645,36.471940757,35.19765114669674,34.748517183941175,34.30222766520368,34.19408126412381
1127,36.984497255,36.6972888725,35.21861262112977,34.79772815264706,34.316645387890624,34.220379643406154
1128,36.9800786645,36.6118627895,35.20764867286982,34.784212464058825,34.30490623199316,34.24799577540179
1129,36.9800786645,36.603025608500005,35.198143964421874,34.796688484294116,34.213347140604206,34.25699336982561
1130,36.981551528000004,36.610389926,35.17810518091948,34.73430838311765,34.30832480321429,34.241158148121826
1131,36.9859701185,36.6442657865,35.211431879539674,34.77121660964706,34.290564742548675,34.25563409592799
1132,36.9800786645,36.6825602375,35.178220219153225,34.70173210805883,34.38149746221643,34.25526888144847
1133,36.9859701185,36.709071780500004,35.181535587380004,34.801886826058826,34.270093367896386,34.31142262913755
1134,36.9830243915,36.6943431455,35.197974239916995,34.8348096572353,34.25349958141753,34.27822976874016
1135,36.9771329375,36.613335653,35.17614485459487,34.75388880376471,34.27325926836364,34.24083978255565
1136,36.978605801,36.6855059645,35.15850377371343,34.78230640541177,34.307782498744395,34.240402449586114
1137,36.978605801,36.678141647000004,35.16437723323921,34.77468217082353,34.41452882197232,34.249433961610556
1138,36.9800786645,36.7120175075,35.183880575478355,34.78386590794118,34.3766024520187,34.2295371770222
1139,36.9800786645,36.672250193,35.1935109915508,34.89216469470588,34.265873683852355,34.24108424132392
1140,36.9859701185,36.7120175075,35.18530426790358,34.83948816482353,34.27057669338403,34.22632860699301
1141,36.981551528000004,36.67519592,35.17057359410418,34.80864467035294,34.27178225345763,34.20582619449759
1142,36.9712414835,36.616281380000004,35.17964382417279,34.869985103176475,34.28392467411614,34.268950005843834
1143,36.978605801,36.666358739,35.17275566214746,34.70329161058824,34.20793100356129,34.25528245159383
1144,36.950621394500004,36.6737230565,35.17879606127,34.733268714764705,34.28267162778113,34.24649164653079
1145,36.9388384865,36.607444199,35.15631480839273,34.75856731135294,34.26932430414796,34.24522578018198
1146,36.987442982000005,36.601552745,35.14554771598443,34.74054639323529,34.44044031587517,34.28505852802234
1147,36.9771329375,36.6442657865,35.10796315446023,34.794435869529416,34.36778853275401,34.236465876901406
1148,36.952094258,36.580932656,35.14822671638461,34.830824261882356,34.3071694462459,34.24661933375836
1149,36.9388384865,36.6236456975,35.14650653289885,34.69306820511765,34.314685076947626,34.19362179847434
1150,36.9594585755,36.583878383,35.19458454429687,34.81973446611765,34.31017107853892,34.23291553450046
1151,36.950621394500004,36.636901469,35.16630331811024,34.820947412529414,34.303547315838756,34.24122474289256
1152,36.9358927595,36.6236456975,35.16888277274725,34.81938791,34.306904597763975,34.25543926282819
1153,36.950621394500004,36.613335653,35.16893205086615,34.84156750152941,34.30716693869347,34.24435140834378
1154,36.9476756675,36.603025608500005,35.16448020282443,34.84745895552941,34.284798451446385,34.20696324843374
1155,36.9476756675,36.6089170625,35.149306728314905,34.77953395647059,34.223671272846154,34.17665419225092
1156,36.946202804,36.607444199,35.155712029876035,34.797035040411764,34.289737116104455,34.15862645851852
1157,36.9682957565,36.6000798815,35.16077194013369,34.786984913,34.30905790629299,34.20579497979592
1158,36.9417842135,36.653102967500004,35.153534222848634,34.819907744176476,34.370932251274134,34.22500011449153
1159,36.966822893,36.6148085165,35.21111441360847,34.78663835688236,34.334694916239386,34.20815309974026
1160,36.950621394500004,36.633955742,35.209801263296775,34.76445876535294,34.258995622151396,34.18685027965665
1161,36.96976862,36.654575831,35.21234085884298,34.81384301211765,34.2954070103286,34.21794538531671
1162,36.972714347,36.6354286055,35.205015231475414,34.81886807582353,34.2849668445707,34.21372297179246
1163,36.9741872105,36.6442657865,35.18573155001181,34.84988484835294,34.36929834742677,34.24776304813577
1164,36.9535671215,36.636901469,35.15835518515348,34.849191736117646,34.3436254630643,34.24377616693231
1165,36.934419896,36.5706226115,35.14120328385497,34.79426259147059,34.34239054507143,34.21213915863107
1166,36.928528442,36.5470567955,35.15271713582353,34.762206150588234,34.33310916714286,34.20381328272455
1167,36.9329470325,36.598607018,35.15570159636836,34.71905991394118,34.380163044075665,34.188478376421926
1168,36.9358927595,36.589769837,35.14286142625738,34.77346922441177,34.291764232417435,34.18348187636272
1169,36.9358927595,36.603025608500005,35.1627625288621,34.77433561470588,34.31608440140306,34.210580037347846
1170,36.937365623000005,36.530855297,35.131922360000004,34.77416233664706,34.397607111260506,34.2006632005593
1171,36.9417842135,36.5175995255,35.1440375981627,34.79114358641176,34.340132848855674,34.25978917990896
1172,36.9417842135,36.583878383,35.16901482227823,34.83134409605883,34.29664975747877,34.28796362305336
1173,36.9417842135,36.583878383,35.151344999,34.79097030835294,34.261379852433464,34.26545834406015
1174,36.949148531,36.598607018,35.15476617254099,34.71854007976471,34.30537206100917,34.24496422039493
1175,36.94031135,36.616281380000004,35.138742726180645,34.70207866417647,34.335466682585164,34.186499464054315
1176,36.9476756675,36.616281380000004,35.12103948883721,34.670715335529415,34.34696935351731,34.14961454970213
1177,36.975660074000004,36.636901469,35.10705033312782,34.7346549392353,34.288231901329084,34.17240247895908
1178,36.9800786645,36.651630104,35.11040303556861,34.70155883,34.325140705281235,34.16628501345109
1179,36.9800786645,36.6678316025,35.12625776256167,34.77260283411765,34.31658012041084,34.18433256048225
1180,36.9741872105,36.64573865,35.11920227127941,34.7906237522353,34.31455124827586,34.176932432215075
1181,36.975660074000004,36.607444199,35.15313122595385,34.85456335594118,34.30857206886364,34.218749609762995
1182,36.91085408,36.604498472,35.16523808,34.87015838123529,34.24063843387111,34.20581575084962
1183,36.913799807000004,36.598607018,35.15638720494345,34.79564881594118,34.351420196181174,34.20532791276535
1184,36.91085408,36.577986929,35.14253317889878,34.80743172394118,34.31019036457375,34.17981372091174
1185,36.91085408,36.560312567000004,35.16744661974562,34.795128981764705,34.2722951143267,34.1978655302159
1186,36.91085408,36.58682411,35.16650801931034,34.75198274511765,34.31051619150356,34.19435462529076
1187,36.91085408,36.601552745,35.15268266653226,34.74435851052941,34.23942150286832,34.17910160734236
1188,36.91085408,36.610389926,35.16031959229508,34.72928331941176,34.32118258924703,34.191837938364486
1189,36.913799807000004,36.583878383,35.17351636516129,34.79720831847059,34.31915910438573,34.17507447715534
1190,36.91085408,36.583878383,35.151450331144154,34.78213312735294,34.33841172848649,34.17529860931387
1191,36.91085408,36.583878383,35.144974565,34.75198274511765,34.35067418836044,34.19756290552759
1192,37.2275197325,36.88139681,35.4214380719743,34.92335474529412,34.44922979741759,34.478791209546195
1193,37.228992596,36.8710867655,35.37716214957627,35.07791877376471,34.43903449792024,34.34642027830018
1194,37.2569770025,36.899071172,35.37288753789916,35.10928210241177,34.4438295054216,34.387330873321744
1195,37.267287047,36.931474169,35.38203142512131,35.05054084047059,34.47493508110151,34.374272966282724
1196,37.273178501000004,36.9152726705,35.37854135341849,35.010513608882356,34.479339801307724,34.377971826466165
1197,37.282015682,36.9211641245,35.38998329512386,35.04499594258824,34.4876107001884,34.39651128355009
1198,37.2717056375,36.9241098515,35.390139990901694,35.05643229447059,34.507357413075766,34.40827269255814
1199,37.261395593,36.9182183975,35.368850730374916,34.996824642235296,34.46840033592539,34.3937354549135
1200,37.2775970915,36.9241098515,35.385149329,34.97100621147059,34.43200271385291,34.39315372652124
1201,37.2451940945,36.854885267,35.37647228504202,35.05227362105882,34.3970956803343,34.40967880996696
1202,37.267287047,36.857830994000004,35.36880527186,34.98018994858823,34.41423899049834,34.3829982900745
1203,37.2864342725,36.896125445,35.39538709033058,34.98365550976471,34.468496356314446,34.42393347544191
1204,37.279069955000004,36.928528442,35.38225060860165,35.007741159941176,34.46857077342105,34.4023630910255
1205,37.2805428185,36.9034897625,35.391897505596155,34.98088306082353,34.45730536687684,34.42015351316882
1206,37.279069955000004,36.8769782195,35.376068886386555,35.04984772823529,34.4354223884292,34.41511451576159
1207,37.242248367500004,36.857830994000004,35.37150701943729,34.98989351988236,34.52439194048932,34.37295527581369
1208,37.258449866,36.8799239465,35.36501445392397,35.12037189817647,34.35828764677765,34.45628294288181
1209,37.099380608000004,36.888761127500004,35.39181310250573,35.078958442117646,34.504275644749086,34.47767057258278
1210,37.037520341000004,36.8239551335,35.42539518,35.087622345058826,34.45250408209302,34.52730576635569
1211,37.0331017505,36.8239551335,35.39192104371341,35.07289371005882,34.37026743715569,34.52188615243331
1212,37.0389932045,36.884342537,35.387048420412846,35.060590967882355,34.060263152000005,34.530645782519876
1213,36.9741872105,36.8092264985,35.39311642102804,35.00444887682353,34.00383999326802,34.5404999542272
1214,36.952094258,36.737056187,,34.72529792405882,33.893564486320834,34.50271673288072
1215,36.913799807000004,36.7385290505,,34.65252113935294,34.08284991195672,34.53571742518068
1216,36.904962626,36.754730549,,34.713341738000004,33.89115366654708,34.53219656138782
1217,36.8622495845,36.793025,,34.816442183,34.21572810969091,34.54811934076831
1218,36.904962626,36.8563581305,,34.84226061376471,34.520380394565485,34.57320756466667
1219,36.8651953115,36.8504666765,,34.834116545,34.474652940909095,34.576486556143095
1220,36.902016899,36.843102359,,34.857682361,34.40444837173392,34.56979487377246
1221,36.913799807000004,36.863722448000004,,34.88263440147059,34.44968128246964,34.56407912501901
1222,36.907908353,36.857830994000004,,34.85802891711765,34.37210103289827,34.571889691665966
1223,36.94031135,36.8740324925,,34.84572617494118,34.249469111377245,34.566561402453985
1224,36.966822893,36.8563581305,,34.853523687588236,34.25689679748018,34.56259761772782
1225,36.9771329375,36.8563581305,,34.85404352176471,34.29429372697509,34.545128904791156
1226,36.9741872105,36.872559629,,34.897709592588235,34.39187460154246,34.556945912907565
1227,36.981551528000004,36.8622495845,,34.90221482211765,34.35674670834952,34.5757043111007
1228,37.011008798,36.8651953115,,34.89978892929412,34.32254486751668,34.562254013547644
1229,37.022791706,36.8475209495,,34.910532168941174,34.19124749928367,34.5733343221087
1230,37.046357522,36.8740324925,,34.93392470688235,34.16720611024176,34.56502012191249
1231,37.055194703,36.8799239465,,34.914517564294115,34.323530750757364,34.53644396163823
1232,37.0507761125,36.872559629,,34.898922539,34.27737814162933,34.543548456657746
1233,37.0713962015,36.872559629,,34.906373495529415,34.32661212717742,34.552046665029515
1234,37.075814792,36.863722448000004,,34.91209167147059,34.31239578733379,34.5433824215155
1235,37.0772876555,36.875505356000005,,34.930978979882354,34.33413107514941,34.53982174377359
1236,37.078760519,36.863722448000004,,34.930112589588234,34.32412400083947,34.545442251935484
1237,37.093489154000004,36.88139681,,34.89129830441176,34.294900564977844,34.55999871074145
1238,37.099380608000004,36.882869673500004,,34.95541118617647,34.34292761924966,34.55741489023024
1239,37.1067449255,36.875505356000005,,34.96199575241177,34.244951106040816,34.548544357992974
1240,37.081706246,36.878451083,,34.92682030647059,34.22248266649616,34.53714353952563
1241,37.084651973,36.878451083,,34.97499160682353,34.25588407145078,34.53651214440092
1242,37.0920162905,36.875505356000005,,34.970832933411764,34.217255144062705,34.55368423958525
1243,37.0875977,36.884342537,,34.936870433882355,34.21532036008759,34.57178639196778
1244,37.0875977,36.890233991,,34.950559400529414,34.246517458385824,34.546570193436175
1245,37.081706246,36.888761127500004,,34.92716686258824,34.30208462908968,34.57137820482595
1246,37.084651973,36.8858154005,,34.927859974823534,34.26459944663984,34.550876176771716
1247,37.124419287500004,36.899071172,,34.993185803,34.29996596762097,34.57154573159386
1248,37.105272062,36.8946525815,,34.99751775447059,34.29089452965424,34.56331894488923
1249,37.114109243,36.899071172,,34.99942381311765,34.180043935584585,34.55780780857143
1250,37.075814792,36.866668175,35.38348086542056,34.98868057347059,34.14352646811765,34.535380535610706
1251,37.081706246,36.8799239465,35.391507548440366,35.01103344305882,34.22792892107607,34.55538837194434
1252,37.075814792,36.8710867655,,35.011206721117645,34.15551779304406,34.55752972172913
1253,37.055194703,36.8651953115,,34.98122961694118,34.1151996688454,34.553347812331836
1254,37.055194703,36.8740324925,35.37962664317757,34.96026297182353,34.1536697158715,34.55314534384106
1255,37.049303249000005,36.863722448000004,35.37063924907767,34.90169498794118,34.35062796189586,34.54757459123194
1256,37.062559020500004,36.8799239465,35.34578464914286,34.983482231705885,34.31686654625464,34.54119048929981
1257,37.102326335,36.890233991,35.35717761664151,35.008087716058824,34.27316074920124,34.57985809844502
1258,37.081706246,36.882869673500004,35.339098316428576,35.05747196282353,34.288791121180125,34.539297246849316
1259,37.0875977,36.8769782195,35.34362304247788,35.07809205182353,34.33305883074051,34.53739093547564
1260,37.0507761125,36.8681410385,35.33863924209091,35.07999811047059,34.236928901677175,34.52090146893868
1261,37.084651973,36.8534124035,35.35271953526316,35.06267030458824,34.35088531508255,34.55419849773964
1262,37.0655047475,36.882869673500004,35.339781663321105,35.03771826411765,34.31880064049336,34.55617688701202
1263,37.158295148,36.8475209495,35.322790743933886,35.09905869694118,34.434359837,34.53908551068966
1264,37.14651224,36.8475209495,35.33135085102791,35.111014883,34.46980380203209,34.60125121532859
1265,37.120000697,36.831319451,35.30671827314546,35.123144347117645,34.41530761343502,34.583084344745764
1266,37.0478303855,36.8298465875,35.31491885902655,35.15779995888236,34.55953394303173,34.55657669312
1267,37.0890705635,36.8445752225,35.32142170406417,35.146363607,34.50638420681668,34.565377776677316
1268,37.0979077445,36.875505356000005,35.32801465239072,35.16888975464706,34.43906025231693,34.5836286091588
1269,37.1096906525,36.8799239465,35.33540786883636,35.168196642411765,34.44319932135635,34.563984514941126
1270,37.084651973,36.8740324925,35.3226272313058,35.07913172017647,34.38808497612591,34.54392057116279
1271,37.11705497,36.8740324925,35.332581321945945,35.14029887494118,34.406417173383176,34.57120823421697
1272,37.120000697,36.872559629,35.3210300190172,35.15762668082353,34.347720071264916,34.56128553391124
1273,37.102326335,36.872559629,35.31786748251328,35.09749919441177,34.33132764448463,34.53768103281619
1274,37.0979077445,36.875505356000005,35.31635551644248,35.1058165412353,34.39377380841662,34.538799726070984
1275,37.122946424,36.888761127500004,35.337577464894736,35.11933222982353,34.38041229065861,34.55800277154412
1276,37.11705497,36.890233991,35.33336648310345,35.12297106905883,34.37947109758242,34.54218867082287
1277,37.0920162905,36.884342537,35.32397062974138,35.118985673705886,34.41400320166565,34.54633592541195
1278,37.093489154000004,36.884342537,35.32001082342711,35.085196452235294,34.31957546355287,34.52089232900727
1279,37.046357522,36.826900860500004,35.31709518768421,35.05747196282353,34.314901998638945,34.50370354738966
1280,37.0875977,36.8799239465,35.3217944573587,35.03927776664706,34.314481891061455,34.519573746362504
1281,37.0875977,36.8799239465,35.32643900369231,35.044129552294116,34.290866299,34.523275958954926
1282,37.069923338,36.878451083,35.31154531846154,35.08623612058824,34.24093118730627,34.500161634362996
1283,37.0875977,36.884342537,35.318750711206896,35.11707961505883,34.25489774328467,34.527711488345325
1284,37.0861248365,36.875505356000005,35.312901746845846,35.124010737411766,34.31263958177013,34.51213922095354
1285,37.084651973,36.8946525815,35.32153450834746,35.146710163117646,34.30161306876325,34.51465581341505
1286,37.0713962015,36.882869673500004,35.3141909178022,35.155200788,34.27750868241587,34.51519986807662
1287,37.062559020500004,36.882869673500004,35.32013002855769,35.18483133605883,34.24830987819642,34.51496514495268
1288,37.069923338,36.882869673500004,35.30686203873303,35.20371864447059,34.25666927090018,34.52770227550957
1289,37.084651973,36.882869673500004,35.30236125223077,35.21220926935294,34.24778086030377,34.527076013708886
1290,37.0861248365,36.8799239465,35.30032749769231,35.231616411941175,34.18115928800747,34.536111541923226
1291,37.081706246,36.8917068545,35.30431893462185,35.22208611870588,34.25125410885665,34.52970458431389
1292,37.075814792,36.8651953115,35.3044628040724,35.21567483052941,34.27542468464351,34.54350637116751
1293,37.061086157,36.860776721,35.305945279598575,35.18327183352941,34.18509835645783,34.53696323488906
1294,37.0831791095,36.902016899,35.300375219095024,35.20943682041177,34.23996763741627,34.5297906289266
1295,37.074341928500004,36.913799807000004,35.3062405169691,35.21012993264706,34.39895843612315,34.52548549518563
1296,37.043411795000004,36.902016899,35.32010325527435,35.16871647658824,34.27778787730702,34.535751163317535
1297,37.040466068,36.91085408,35.32197679394958,35.16525091541177,34.23894232549223,34.54284028089679
1298,37.040466068,36.919691261000004,35.309776564135596,35.179286438176476,34.30899430196165,34.545914050042065
1299,37.040466068,36.9093812165,35.3323382811017,35.18483133605883,34.284869994167586,34.547695759297426
1300,37.02868316,36.896125445,35.30858305731235,35.15658701247059,34.202870074240394,34.54573478869499
1301,37.068450474500004,36.900544035500005,35.32854407727922,35.225898236,34.2580908413713,34.54725937947349
1302,37.096434881,36.900544035500005,35.32571594286017,35.236814753705886,34.224865120872565,34.520973981992
1303,37.075814792,36.9182183975,35.32284882989474,35.24894421782353,34.274453563494596,34.54354808382979
1304,37.0949620175,36.900544035500005,35.3101296123839,35.24235965158824,34.23620286989474,34.53852488283019
1305,37.0861248365,36.6501572405,35.29859726773077,35.249290773941176,34.26814630903226,34.50443488947675
1306,37.0949620175,36.9034897625,35.29291352525,35.24669160305882,34.31490476109903,34.53732834635379
1307,37.066977611,36.893179718,35.30379779760283,35.25154338870588,34.27469127492228,34.53522544146208
1308,37.037520341000004,36.9093812165,35.29421929919328,35.24443898829412,34.24585189818828,34.52007894305883
1309,37.075814792,36.893179718,35.3066111558,35.25968745747059,34.231654844863016,34.51588597503125
1310,37.0920162905,36.902016899,35.3056292468,35.26401940894118,34.21445639115451,34.54291434768025
1311,37.108217789,36.907908353,35.31590381055462,35.23317591447059,34.19846232385143,34.53172266972298
1312,37.0875977,36.913799807000004,35.31526384251816,35.2442657102353,34.231524708863766,34.53539049596266
1313,37.0772876555,36.893179718,35.32105735935174,35.22087317229412,34.221902399580976,34.52954490416992
1314,37.0507761125,36.887288264,35.31133339674114,35.20059963941176,34.16971130873483,34.530263630239276
1315,37.046357522,36.8799239465,35.31788413122689,35.221046450352944,34.170956375997704,34.51825005414236
1316,37.052248976,36.904962626,35.31507342609091,35.24253292964706,34.24625575990126,34.51765234799392
1317,37.05814043,36.9064354895,35.29941886149461,35.280134268411764,34.237544733760544,34.52015323709077
1318,37.05814043,36.884342537,35.30762924039474,35.263326296705884,34.235839056177475,34.50819943374526
1319,37.090543427,36.900544035500005,35.290064751449584,35.27649542917647,34.20835996657143,34.520354697388996
1320,37.0920162905,36.8975983085,35.308586054165666,35.286025722411765,34.23219287719178,34.516013680764
1321,37.0596132935,36.904962626,35.29980466549307,35.29157062029412,34.20620847667239,34.51503385670254
1322,37.111163516000005,36.7562034125,35.3010142745,35.29642240594118,34.19630676288745,34.500159243062996
1323,37.0713962015,36.896125445,35.31943714090164,35.306472533352945,34.229911529438205,34.53497057020548
1324,37.075814792,36.888761127500004,35.298452234630254,35.288451615235296,34.195160940238665,34.53071565515452
1325,37.0861248365,36.8858154005,35.29098953043584,35.315829548529415,34.221511961651586,34.52519458393182
1326,37.0596132935,36.8740324925,35.27999674614286,35.28966456164706,34.199964607986075,34.52555556789033
1327,37.0655047475,36.8563581305,35.28999926969231,35.28359982958823,34.24465997665493,34.51988535473487
1328,37.075814792,36.740001914000004,35.29324151586135,35.27840148782353,34.24085412002374,34.51642077353908
1329,37.0772876555,36.878451083,35.302119260247935,35.22433873347059,34.21438355796134,34.54267617914027
1330,37.066977611,36.6707773295,35.2724775441875,35.24790454947059,34.25532146995244,34.479026829512
1331,37.0772876555,36.875505356000005,35.29278070260574,35.29226373252941,34.223944986156546,34.540509562332154
1332,37.069923338,36.888761127500004,35.27688736764286,35.25847451105882,34.247761461942446,34.534056921429105
1333,37.0802333825,36.8917068545,35.28088514,35.28862489329412,34.173720172720806,34.506849694152
1334,37.078760519,36.882869673500004,35.262676704229584,35.30699236752941,34.28178843843732,34.52305262091997
1335,37.0507761125,36.878451083,35.278797551957986,35.29226373252941,34.20715982006834,34.51140745446154
1336,37.064031884,36.8946525815,35.265844132989194,35.298155186529414,34.23176645063104,34.50529211196219
1337,37.0537218395,36.8799239465,35.27265737911165,35.31704249494118,34.25424473,34.50634391459687
1338,37.043411795000004,36.875505356000005,35.273888541457495,35.31375021182353,34.26343069502591,34.490938794330944
1339,37.0507761125,36.888761127500004,35.27025661808167,35.29642240594118,34.287674594138544,34.526870368372094
1340,37.0596132935,36.8917068545,35.25943884112532,35.28463949794118,34.19795215377752,34.51753961921687
1341,37.066977611,36.893179718,35.273456521833594,35.26627202370588,34.240905382895825,34.51559743843167
1342,37.064031884,36.875505356000005,35.27977009079661,35.23386902670588,34.20178379152542,34.52181207002999
1343,37.0655047475,36.8593038575,35.271981582867134,35.26020729164706,34.2572635934304,34.51589450176938
1344,37.0507761125,36.8475209495,35.27921837010084,35.278921322,34.22673365447996,34.489015033586206
1345,37.0507761125,36.88139681,35.26844043252747,35.28931800552941,34.23554308070796,34.513276952727274
1346,37.0537218395,36.8681410385,35.28695966177966,35.302487138000004,34.23185293022779,34.509649638400305
1347,37.062559020500004,36.8681410385,35.27435837568165,35.30907170423529,34.23349997267539,34.53403313122449
1348,37.0478303855,36.8504666765,35.2759508409916,35.335063413058826,34.18466015123435,34.51518685316399
1349,37.0478303855,36.8534124035,35.27186714125874,35.33592980335294,34.21549589131868,34.51874234434848
1350,37.005117344,36.890233991,35.26485126834008,35.30924498229412,34.294262508945806,34.51608327484099
1351,37.025737433,36.8651953115,35.253935036853754,35.29416979117647,34.16848977701975,34.53593269206612
1352,37.016900252,36.848993813,35.244720973144965,35.24201309547059,34.14827880768185,34.53677056335518
1353,37.025737433,36.851939540000004,35.22405581765818,35.267658248176474,34.17235325650603,34.56994791103448
1354,37.0183731155,36.8180636795,35.22062562268565,35.33714274976471,34.21143603547409,34.55174088836992
1355,37.0301560235,36.837210905,35.238543735183946,35.37803637164706,34.36592091237007,34.55248134571562
1356,37.0301560235,36.8445752225,35.242052580677964,35.43469829688235,34.54462910003158,34.519898661369474
1357,37.043411795000004,36.695816009,35.23758485510291,35.44994676605882,34.3554486265285,34.58378601985673
1358,37.0213188425,36.831319451,35.228274213333336,35.41286526147059,34.37585133892939,34.53979215384206
1359,37.0331017505,36.8445752225,35.20411554772397,35.34892565776471,34.27861536821365,34.541629982721844
1360,37.034574614,36.857830994000004,35.21045856344828,35.44908037576471,34.300340499332606,34.51744156664415
1361,37.034574614,36.854885267,35.225315227531254,35.39172533829412,34.41771935678973,34.53384943374001
1362,37.0331017505,36.851939540000004,35.20800656627049,35.445441536529415,34.44809994973727,34.52847138423412
1363,37.034574614,36.819536543,35.20571430909091,35.367119853941176,34.46865208783114,34.52078317681038
1364,37.0360474775,36.819536543,35.2067380527566,35.434351740764704,34.40130249853554,34.532393428838176
1365,37.034574614,36.8210094065,35.21832771761,35.39553745558824,34.42038729145923,34.54903458337205
1366,37.034574614,36.813645089000005,35.204088914105576,35.34805926747059,34.34676703074904,34.5444842433857
1367,37.031628887000004,36.828373724,35.22252490346774,35.388606333235295,34.368762921608834,34.55654292512515
1368,37.0537218395,36.831319451,35.21249379877732,35.39276500664706,34.33313221141495,34.5499564828743
1369,37.046357522,36.840156632,35.21153241781525,35.38150193282353,34.374487324636036,34.55403933975465
1370,37.052248976,36.854885267,35.22607068596774,35.402641856,34.38340451921716,34.5007859098191
1371,37.0596132935,36.8710867655,35.24372956984694,35.432099126000004,34.43497288306957,34.52336814205895
1372,37.05814043,36.6265914245,35.23208663828629,35.41944982770588,34.45562196302128,34.50597485891966
1373,37.062559020500004,36.875505356000005,35.24191450258242,35.46935390864706,34.41617835459549,34.54032172096104
1374,37.024264569500005,36.869613902,35.2298007351296,35.45150626858824,34.507504632182105,34.519158891636366
1375,37.0213188425,36.846048086,35.236114765357144,35.48564204617647,34.429328720381356,34.50882412057143
1376,37.0537218395,36.872559629,35.22697447011654,35.48754810482353,34.4218593208506,34.51944314088159
1377,37.0596132935,36.8799239465,35.235483000048454,35.499504290882356,34.318521880868204,34.52757180723458
1378,37.0478303855,36.860776721,35.21608993620879,35.47871092382353,34.3281803406701,34.497830959606475
1379,37.0537218395,36.863722448000004,35.23752209462317,35.52220371658824,34.31926479599369,34.50861242963447
1380,37.049303249000005,36.8710867655,35.23301815007874,35.52203043852941,34.30862672767551,34.51073468577222
1381,37.0537218395,36.88139681,35.23244775952381,35.53606596129412,34.35109324578643,34.50950351371773
1382,37.0655047475,36.598607018,35.24528647552727,35.52376321911765,34.32304422778266,34.50410286957529
1383,37.0596132935,36.843102359,35.2572658050445,35.533466790411765,34.30960538594059,34.53891094996246
1384,37.040466068,36.846048086,35.25536234857143,35.534333180705886,34.36847948680085,34.53658094174927
1385,37.040466068,36.8327923145,35.241523247857145,35.53052106341177,34.385691530269696,34.53022021366973
1386,37.040466068,36.846048086,35.24796884160552,35.51146047694118,34.3667460927321,34.52925161987484
1387,37.052248976,36.8563581305,35.22503686479448,35.43487157494118,34.35034953566738,34.51591524919348
1388,37.049303249000005,36.8534124035,35.23295056763547,35.47108668923529,34.31133204529443,34.52320263065608
1389,37.049303249000005,36.854885267,35.23379684743173,35.498637900588236,34.365353820869565,34.53101872734729
1390,37.0389932045,36.8504666765,35.20797557517241,35.48165665082353,34.34816550265675,34.50726828377704
1391,37.0419389315,36.846048086,35.218681446699506,35.53485301488235,34.27915779321101,34.51313199230706
1392,37.0331017505,36.826900860500004,35.22485953137375,35.515099316176475,34.28873944420938,34.51569890968687
1393,37.0331017505,36.831319451,35.219274246714285,35.51492603811765,34.298091729289204,34.5090441653622
1394,37.0272102965,36.825427997,35.199555020257144,35.53121417564706,34.298133299656655,34.5072172054435
1395,37.034574614,36.82248227,35.194107976429365,35.53294695623529,34.279868148444926,34.50244594542414
1396,37.031628887000004,36.8033350445,35.2137194222912,35.53918496635294,34.32437359394231,34.498921424317885
1397,37.0360474775,36.795970727000004,35.22972889333334,35.57453369035294,34.282505408387095,34.52743443132765
1398,36.9889158455,36.82248227,35.19329324629143,35.54611608870589,34.27403468716858,34.5159731438806
1399,37.031628887000004,36.807753635,35.21029977094293,35.52480288747059,34.2900750731766,34.52788089873303
1400,37.062559020500004,36.801862181000004,35.229111756363636,35.49239989047059,34.24225099168919,34.50663514379399
1401,36.9948072995,36.8298465875,35.23265557095238,35.47056685505883,34.2387502557329,34.52821366389727
1402,36.9977530265,36.825427997,35.21256440952189,35.47645830905883,34.22211236971332,34.538233685080684
1403,37.0095359345,36.8239551335,35.218876681664746,35.52272355076471,34.320006256934064,34.54301194265997
1404,37.0213188425,36.8239551335,35.20847239687345,35.52480288747059,34.33817803236187,34.53624784162675
1405,37.011008798,36.8357380415,35.21349251714857,35.540917746941176,34.365258900158985,34.532987695511714
1406,37.006590207500004,36.831319451,35.183128417448984,35.51787176511765,34.30836966690275,34.50500856522059
1407,37.0655047475,36.585351246500004,35.2117398937472,35.48633515841177,34.46141400597689,34.47603014558736
1408,36.975660074000004,36.793025,35.19884071773707,35.48720154870588,34.47022188109504,34.52168994659142
1409,36.972714347,36.7679863205,35.184580666157636,35.42083605217647,34.59521159171343,34.488470057088726
1410,36.972714347,36.695816009,35.158803416252454,35.55426015747059,34.41376038251821,34.535663496402265
1411,36.996280163,36.7503119585,35.175555776380094,35.54299708364706,34.498964349372805,34.51972937538613
1412,37.040466068,36.551475386,35.17039157312907,35.58839593505883,34.57179271426588,34.51966887022508
1413,37.0331017505,36.8003893175,35.187825752761306,35.64176557717647,34.44835165808511,34.52383904315789
1414,37.034574614,36.781242092,35.197874702196394,35.61941270758824,34.415871939809904,34.51270194009346
1415,37.034574614,36.7238004155,35.207030379447744,35.61854631729412,34.52524575001414,34.46387012032039
1416,37.0360474775,36.8151179525,35.2344084666972,35.60069867723529,34.55137668057627,34.48883311374421
1417,37.031628887000004,36.8151179525,35.2467803392126,35.600525399176476,34.433530885880316,34.4247374326306
1418,37.034574614,36.813645089000005,35.24326643860465,35.64176557717647,34.406432322775295,34.481621247440785
1419,37.0360474775,36.807753635,35.25832928754286,35.61438764388235,34.44654754620813,34.47674467899348
1420,37.0331017505,36.816590816,35.26828184915585,35.574187134235295,34.49050205122951,34.44648008756233
1421,37.0331017505,36.813645089000005,35.25663219099379,35.58891576923529,34.46805219287646,34.48043183370319
1422,37.0331017505,36.813645089000005,35.232101407142856,35.61161519494118,34.4859496351417,34.45292021993272
1423,37.031628887000004,36.7944978635,35.2136359990164,35.62166532235294,34.499816489195624,34.46098636307469
1424,37.031628887000004,36.816590816,35.21148911107143,35.58146481270588,34.4774530917271,34.44521097357466
1425,37.034574614,36.819536543,35.20558596767857,35.61716009282353,34.43700529356224,34.44786468422507
1426,37.031628887000004,36.798916454,35.19286125051181,35.617333370882356,34.373662324803114,34.443503531004595
1427,37.0331017505,36.757676276,35.19138452122835,35.600005565000004,34.390429213594835,34.48205956501033
1428,37.0331017505,36.7444205045,35.1864909548,35.600525399176476,34.39869679111977,34.45263663664457
1429,37.02868316,36.7797692285,35.17805588891429,35.58978215952941,34.38946560674081,34.44622187328852
1430,37.031628887000004,36.807753635,35.17219177010989,35.548715259588235,34.39482538528266,34.43459569463239
1431,37.02868316,36.826900860500004,35.188740672724656,35.56864223635294,34.406788619568964,34.469973444886875
1432,37.0389932045,36.7856606825,35.18046922453202,35.5594584992353,34.357773086107784,34.46702257774414
1433,37.043411795000004,36.7827149555,35.19458007915035,35.596540003823534,34.390312462939804,34.46187563816802
1434,37.0419389315,36.775350638,35.18616259598387,35.61092208270588,34.364021891835975,34.45287149288462
1435,37.037520341000004,36.8121722255,35.207289476725805,35.63154217170588,34.33511368558248,34.4782799968
1436,37.0154273885,36.775350638,35.19486629165899,35.657187324411765,34.34909314853207,34.48879317697143
1437,37.0537218395,36.6825602375,35.186533896953605,35.642805245529416,34.48844748699801,34.50202808003074
1438,37.046357522,36.772404911,35.190835668337144,35.62547743964706,34.339778879867296,34.49000207272727
1439,37.0566675665,36.772404911,35.197712314249166,35.61958598564706,34.458484369082356,34.488830717582736
1440,37.0537218395,36.7532576855,35.18627516054621,35.62218515652941,34.406581075078236,34.469288543157894
1441,37.046357522,36.7562034125,35.19293188567973,35.617679927,34.43044389809846,34.46878748246
1442,37.046357522,36.7562034125,35.19047145702189,35.60814963376471,34.40111130286924,34.46466839376494
1443,37.049303249000005,36.776823501500004,35.20163671258641,35.602951292,34.45191903754067,34.48669928790909
1444,37.0331017505,36.7679863205,35.200366417552836,35.56569650935295,34.45772846784008,34.4844359104672
1445,37.006590207500004,36.7679863205,35.19251879111791,35.60693668735294,34.42649678935065,34.475282914742166
1446,37.0537218395,36.766513457,35.194075209721916,35.626690386058826,34.463440038854415,34.477392712410456
1447,37.006590207500004,36.801862181000004,35.20095213649143,35.58683643252941,34.47206994568655,34.46669761017034
1448,37.025737433,36.819536543,35.187976113809526,35.597059838,34.48724259737071,34.47502047762612
1449,37.037520341000004,36.819536543,35.19050075513931,35.605550462882356,34.524899133846155,34.5022265132
1450,37.05814043,36.8151179525,35.18183701785714,35.612135029117646,34.50777916073206,34.47854624467766
1451,37.055194703,36.8416294955,35.18916806761379,35.62409121517647,34.54827776779942,34.499405062473016
1452,37.031628887000004,36.834265178,35.183037128857144,35.6389931282353,34.49102516103152,34.49917173147826
1453,37.031628887000004,36.810699362,35.18132167903226,35.63067578141177,34.42580839707737,34.48123090710236
1454,37.022791706,36.8445752225,35.18128570846897,35.63812673794118,34.484103310526315,34.474588461595275
1455,37.0389932045,36.7886064095,35.20223060915899,35.664811559,34.405944783409204,34.501165269138646
1456,37.022791706,36.781242092,35.20666490463385,35.65857354888235,34.41098614726479,34.487512041832936
1457,37.031628887000004,36.819536543,35.173314215000005,35.636393957352944,34.48097586111765,34.49385675220192
1458,37.0301560235,36.816590816,35.178792519486805,35.67382201805883,34.4201750852071,34.5305803793383
1459,37.0213188425,36.8416294955,35.17465167539972,35.67798069147059,34.42801059090376,34.52206439032379
1460,37.0389932045,36.8210094065,35.17537467992286,35.69669472182353,34.50149127187684,34.53212669882353
1461,37.002171617,36.813645089000005,35.163160186086955,35.710730244588234,34.500012845487156,34.516313371563534
1462,37.0272102965,36.804807908,35.14670238626228,35.694442107058826,34.432285415566604,34.512284771861935
1463,37.037520341000004,36.8092264985,35.16456819986,35.69652144376471,34.46256015484536,34.51620288286126
1464,37.0360474775,36.7886064095,35.164796788275204,35.68820409694118,34.40984983138251,34.49940357364807
1465,37.011008798,36.781242092,35.15025196664,35.67694102311765,34.43336082993643,34.4849578671687
1466,37.0095359345,36.7738777745,35.16288130422692,35.61889287341177,34.39077523178204,34.48481237794749
1467,36.9977530265,36.728219006,35.17039471785714,35.631022337529416,34.381361854168674,34.480614794029556
1468,36.9977530265,36.7886064095,35.17101122844913,35.61508075611765,34.38293200810201,34.48814333272991
1469,36.996280163,36.7915521365,35.166040770980146,35.65337520711765,34.47360487907692,34.51677621678139
1470,36.9771329375,36.7679863205,35.16630835075461,35.65926666111765,34.435252326952664,34.49818693655944
1471,36.978605801,36.769459184,35.17674647580645,35.66533139317647,34.428123086932956,34.500134794594594
1472,36.978605801,36.7679863205,35.16755974928,35.64592425058824,34.41455923881788,34.48829391505825
1473,36.978605801,36.772404911,35.16725858527074,35.670009900764704,34.405186122230845,34.48888254404318
1474,36.9771329375,36.766513457,35.154039329925716,35.62894300082353,34.39985194742188,34.48486167137931
1475,36.9712414835,36.760622003,35.169895757548574,35.647137197,34.38321435967504,34.50281334801142
1476,36.975660074000004,36.6913974185,35.1532465496,35.67538152058824,34.39734186059347,34.4939071232255
1477,36.972714347,36.7886064095,35.17874914784,35.67815396952941,34.39983883560904,34.51151985273401
1478,36.9712414835,36.7915521365,35.17595616224,35.675208242529415,34.42122687454633,34.49398913371266
1479,36.9712414835,36.787133546,35.17771020535172,35.67538152058824,34.36900175552632,34.50258140002943
1480,36.9741872105,36.7797692285,35.17439009531429,35.62842316664706,34.34384228316265,34.50401849133463
1481,36.972714347,36.7414747775,35.17319755099655,35.63864657211765,34.349253339579256,34.51559392011813
1482,36.9712414835,36.7179089615,35.15552583373793,35.58493037388236,34.327229592466765,34.492878188316375
1483,36.9712414835,36.748839095,35.17179437292138,35.61092208270588,34.36274269126953,34.51488866073871
1484,36.96976862,36.766513457,35.16186261069701,35.60069867723529,34.36291597065816,34.49835077646284
1485,36.96976862,36.757676276,35.1693240253131,35.658053714705886,34.35152779399117,34.53586338075472
1486,36.96976862,36.748839095,35.16417824171429,35.646617362823534,34.39586039005871,34.523105461497565
1487,36.96976862,36.7620948665,35.167348586054196,35.64800358729412,34.39567179545102,34.52028436893303
1488,36.96976862,36.7296918695,35.153334036966704,35.664984837058824,34.33783631382947,34.50975866475881
1489,36.96976862,36.772404911,35.15707084952774,35.660306329470586,34.380287784800004,34.511520824101126
1490,36.96976862,36.760622003,35.16038526752,35.67312890582353,34.3785629523647,34.50938391200556
1491,36.96976862,36.7886064095,35.15670595947355,35.70050683911765,34.3418346133499,34.523933895485044
1492,36.96976862,36.776823501500004,35.165319360245,35.68231264294118,34.345878420992705,34.52431279695691
1493,36.96976862,36.784187819,35.165159245729036,35.68439197964706,34.35612665489826,34.515523319463085
1494,36.96976862,36.7797692285,35.15905257999448,35.65441487547059,34.42446468609971,34.5101619658725
1495,36.96976862,36.669304466,35.138692442937504,35.69374899482353,34.39084816106098,34.48994183558924
1496,36.96976862,36.722327552,35.10957978523077,35.642285411352944,34.3362515209607,34.50125725975968
1497,36.9417842135,36.709071780500004,35.12715929376744,35.54386347394118,34.48577769272973,34.523376970777576
1498,36.9211641245,36.6884516915,35.0914516578855,35.55668605029412,34.356131390264785,34.510652115242074
1499,36.9211641245,36.701707463000005,35.096879960418605,35.60329784811765,34.31354149628246,34.53897571432601
1500,36.960931439,36.653102967500004,35.114796125294546,35.63518101094118,34.3052488002468,34.51183404016949
1501,36.960931439,36.654575831,35.11155622872434,35.58406398358824,34.45904312105417,34.49527083126664
1502,36.960931439,36.628064288000004,35.10056732705962,35.58856921311765,34.3867554187069,34.48990289
1503,36.9594585755,36.628064288000004,35.09041817278572,35.57020173888235,34.479297825414726,34.50418723769849
1504,36.9682957565,36.669304466,35.067294092789474,35.56136455788236,34.333059572284164,34.480090695774265
1505,36.984497255,36.660467285,35.0568769526277,35.44596137070589,34.23792154192308,34.54179304541872
1506,36.955039985,36.672250193,35.058025030843076,35.46883407447059,34.188806371620174,34.55139421239695
1507,36.975660074000004,36.6589944215,35.07228313372951,35.58839593505883,34.29894461804174,34.56110315130435
1508,36.952094258,36.660467285,35.08123662249759,35.645057860294116,34.31990711554859,34.53262347571808
1509,36.9535671215,36.681087374,35.09762448909091,35.66238566617647,34.34915469003625,34.54967134444822
1510,36.9741872105,36.684033101000004,35.09755737383273,35.66255894423529,34.27234619633056,34.519926663909324
1511,36.966822893,36.684033101000004,35.09354454194023,35.64956308982353,34.35727319083505,34.51264725609569
1512,36.946202804,36.6589944215,35.099104972727275,35.65545454382353,34.3593894642551,34.51955357736303
1513,36.956512848500005,36.648684377,35.10775439771429,35.67607463282353,34.38635225444618,34.52424111855349
1514,36.934419896,36.648684377,35.133324636269826,35.66117271976471,34.439225560425534,34.55184718161235
1515,36.934419896,36.654575831,35.13331476673554,35.656320934117645,34.43440346502326,34.53907116736842
1516,36.937365623000005,36.642792923,35.123792969040544,35.653028651,34.448048676221106,34.54080845654848
1517,36.872559629,36.6442657865,35.14269377673236,35.588742491176475,34.42204025969613,34.52034957797571
1518,36.9300013055,36.625118561,35.15598252822314,35.55789899670589,34.30840740238779,34.51135684648386
1519,36.9830243915,36.592715564,35.1558124690164,35.57089485111765,34.318289477924814,34.52619460951422
1520,36.966822893,36.6236456975,35.13514525009488,35.53831857605883,34.37421664223842,34.52070966714286
1521,36.962404302500005,36.610389926,35.15202492607813,35.577652695411764,34.450721377396796,34.521952251008756
1522,36.9859701185,36.5971341545,35.155280462058606,35.56223094817647,34.41986679019663,34.512577341231676
1523,36.9859701185,36.6236456975,35.162553032848365,35.57366730005882,34.417181430344826,34.46412054070415
1524,36.9712414835,36.651630104,35.16210800993103,35.66879695435294,34.33804832232514,34.507523587471
1525,36.966822893,36.692870282,35.12919405708669,35.65146914847059,34.497454542846974,34.558746695886704
1526,36.9830243915,36.6707773295,35.12934535930876,35.64990964594118,34.51493968844828,34.52292539860027
1527,36.9771329375,36.713490371,35.138671051348574,35.65770715858824,34.40459413095559,34.52425885997018
1528,37.000698753500004,36.6943431455,35.16828799538462,35.68213936488235,34.40260155773311,34.48540738947477
1529,36.987442982000005,36.653102967500004,35.165736538595866,35.70362584417647,34.4009170442211,34.52478407123679
1530,36.981551528000004,36.710544644,35.152749943136,35.67503496447059,34.42290594861085,34.498225990628804
1531,36.987442982000005,36.6943431455,35.12396339045918,35.72580543570589,34.3662768175906,34.521115073555265
1532,36.9830243915,36.67519592,35.13248380175824,35.72389937705883,34.48785480088276,34.51907579352258
1533,36.9800786645,36.6707773295,35.148617088155,35.73672195341177,34.37336741537095,34.54064681683906
1534,36.9830243915,36.684033101000004,35.14101031466346,35.741227182941174,34.39386803357143,34.53231271542126
1535,36.987442982000005,36.713490371,35.17318807534884,35.723379542882356,34.433045489529725,34.53261880257895
1536,36.9859701185,36.6855059645,35.19528829021739,35.725285601529414,34.40648145179441,34.50438314612766
1537,36.984497255,36.6855059645,35.21613336703193,35.76808528205883,34.29246834383993,34.52787653042691
1538,36.972714347,36.684033101000004,35.16959603064186,35.745559134411764,34.37882250040256,34.5384098646462
1539,36.9712414835,36.692870282,35.17197378822266,35.75872826688236,34.38179222399223,34.526204461161576
1540,36.9712414835,36.676668783500006,35.16523808,35.74382635382353,34.41660228906529,34.51495419391119
1541,36.972714347,36.681087374,35.17399733171429,35.73689523147059,34.35784354082573,34.51833364320197
1542,36.9535671215,36.676668783500006,35.13697094605143,35.705358624764706,34.338072580806234,34.53786227614575
1543,36.925582715000004,36.669304466,35.13762961512315,35.67416857417647,34.342073744054176,34.520010123404255
1544,36.9211641245,36.660467285,35.15267500335068,35.70986385429412,34.36254318075916,34.52195439309091
1545,36.9653500295,36.6560486945,35.16061278526347,35.70691812729412,34.30846975865691,34.48396135685246
1546,36.9741872105,36.64573865,35.1441107719199,35.719913981705886,34.416450833829224,34.50462700791037
1547,36.96976862,36.639847196000005,35.18149279406007,35.73377622641176,34.32328595753304,34.51177274976552
1548,36.9241098515,36.633955742,35.15602510666667,35.71228974711765,34.388052125273944,34.49123711251805
1549,36.937365623000005,36.633955742,35.161082719175646,35.77796213141177,34.36041479635593,34.51318190985114
1550,36.9800786645,36.710544644,35.13105407971444,35.76046104747059,34.4727276187609,34.477159349958505
1551,36.981551528000004,36.716436098,35.144370162435344,35.74659880276471,34.40984874871474,34.47723443014713
1552,36.987442982000005,36.6383743325,35.152212586564886,35.74625224664706,34.33166895155066,34.47968672365695
1553,36.9830243915,36.651630104,35.15074932108259,35.710383688470586,34.41799284211663,34.467850147019625
1554,36.975660074000004,36.64573865,35.138101370952384,35.729270996882356,34.45998809967742,34.422490692140485
1555,36.984497255,36.6265914245,35.16707647480315,35.809845294235295,34.24107161372988,34.49263799485433
1556,36.981551528000004,36.657521558,35.16809985037109,35.79823566429412,34.39451996803501,34.48895475614254
1557,36.9800786645,36.651630104,35.1453597032384,35.779348355882355,34.44470390428572,34.4945247507938
1558,36.9771329375,36.6118627895,35.14954646168368,35.79875549847059,34.352301613200694,34.47708645258291
1559,36.9771329375,36.6324828785,35.14995483243826,35.790264873588235,34.34212087577536,34.43766472807503
1560,36.981551528000004,36.67519592,35.152743749351075,35.815736748235295,34.234128793579714,34.46340670664732
1561,36.9889158455,36.628064288000004,35.138014575045716,35.74538585635294,34.29272879199478,34.45221374592338
1562,36.963877166,36.633955742,35.12895900021978,35.75890154494118,34.36939279341918,34.41831584923077
1563,36.96976862,36.6619401485,35.146707609132655,35.805166786647064,34.33795468638716,34.4726940256
1564,36.9771329375,36.689924555000005,35.11954280132284,35.75786187658824,34.37686413263686,34.44623352513275
1565,36.9800786645,36.6855059645,35.12726157117567,35.77813540947059,34.33764787623153,34.44641221542548
1566,36.96976862,36.622172834,35.13362123363429,35.74469274411765,34.29965274956302,34.454362764439075
1567,36.913799807000004,36.625118561,35.139616941935486,35.738454734,34.31391094417167,34.495330409841124
1568,36.943257077,36.676668783500006,35.134358977612905,35.73810817788235,34.423019505253414,34.511760283522726
1569,36.928528442,36.642792923,35.11928677984089,35.73654867535294,34.410756258412974,34.4955676002847
1570,36.9476756675,36.636901469,35.105469511680326,35.79130454194118,34.25483667093723,34.46647652640602
1571,36.931474169,36.610389926,35.12987703814516,35.76461972088235,34.2145102201448,34.457159977167635
1572,36.925582715000004,36.628064288000004,35.106581795812005,35.775016404411765,34.21457496931387,34.50964262678192
1573,36.928528442,36.6354286055,35.08786807127155,35.781254414529414,34.34358805103841,34.498891802724934
1574,36.9417842135,36.64573865,35.09523455987388,35.673648740000004,34.390285432956254,34.44958823578399
1575,36.975660074000004,36.6206999705,35.098737214651166,35.75456959347059,34.30727005684211,34.42691952447059
1576,36.9800786645,36.647211513500004,35.093236379136364,35.70778451758824,34.3678775074113,34.39343688290503
1577,36.966822893,36.653102967500004,35.082436163157894,35.73481589476471,34.38873020816309,34.40327591356343
1578,36.952094258,36.654575831,35.08134327838619,35.71419580576471,34.372430725470664,34.38812930994695
1579,36.963877166,36.6354286055,35.08773613960492,35.735509007000005,34.35570409319381,34.41129821714286
1580,36.9859701185,36.6059713355,35.12395934632643,35.75335664705882,34.36970578173771,34.425626648449196
1581,36.972714347,36.58682411,35.09519190667176,35.71696825470588,34.45287173590734,34.4201376516334
1582,36.9771329375,36.6059713355,35.103608507480914,35.777788853352945,34.3277051398977,34.43398171264789
1583,36.952094258,36.625118561,35.1069044674026,35.744866022176474,34.35127079225564,34.388723810393145
1584,36.943257077,36.6089170625,35.1177971248448,35.78662603435294,34.26506451460265,34.39817607881726
1585,36.94031135,36.6236456975,35.115357635,35.79667616176471,34.28906712375055,34.44161790457143
1586,36.946202804,36.601552745,35.117761548064514,35.78454669764706,34.302724714622926,34.44205430857143
1587,36.955039985,36.5735683385,35.096938171188526,35.697907668235295,34.333767448410484,34.44201411581662
1588,36.946202804,36.598607018,35.08585859250661,35.719913981705886,34.403045488582784,34.455049514548136
1589,36.9476756675,36.610389926,35.080428820071724,35.744346188,34.404635680008674,34.47109231826171
1590,36.937365623000005,36.589769837,35.07568397589718,35.72563215764706,34.377478995810414,34.38502656361297
1591,36.931474169,36.585351246500004,35.078611886000004,35.690456711705885,34.34674174731687,34.416269389713506
1592,36.937365623000005,36.5706226115,35.06109473602442,35.67468840835294,34.35730839440293,34.37987888339518
1593,36.960931439,36.607444199,35.06992583838153,35.712463025176476,34.413064614285716,34.39395565181442
1594,36.952094258,36.601552745,35.080862094125,35.736202119235294,34.45060437521757,34.38686533969683
1595,36.962404302500005,36.616281380000004,35.09223381929663,35.74694535888236,34.484760733433966,34.39056187336343
1596,36.9182183975,36.5824055195,35.0779504912419,35.64159229911765,34.52466245989629,34.36974208279945
1597,36.9358927595,36.560312567000004,35.09478269984375,35.67035645688235,34.39535912704436,34.3626390160597
1598,36.943257077,36.5941884275,35.07457203182857,35.71228974711765,34.41141114202141,34.30204360012016
1599,36.9476756675,36.5441110685,35.0950478778564,35.793037322529415,34.34060941830262,34.4469081023945
1600,36.934419896,36.577986929,35.048030707852305,35.77207067741177,34.30635417131285,34.42253470962887
1601,36.9476756675,36.633955742,35.075049499885964,35.81123151870588,34.308735273132925,34.45142073615385
1602,36.9388384865,36.631010015,35.05689236818268,35.77813540947059,34.39558464356777,34.427711064475865
1603,36.9535671215,36.6295371515,35.04637458614375,35.80585989888235,34.368498561163435,34.44063582044944
1604,36.957985712,36.6324828785,35.04561781618866,35.77293706770588,34.34855279043709,34.43138681006705
1605,36.96976862,36.642792923,35.03935337889091,35.73568228505882,34.4602782785265,34.43451589726885
1606,36.962404302500005,36.6442657865,35.03606179287863,35.738974568176474,34.415062288383126,34.41390433320596
1607,36.962404302500005,36.5941884275,35.03149177199413,35.75838171076471,34.288781220334364,34.4243964492437
1608,36.944729940500004,36.591242700500004,35.04924280670409,35.80412711829412,34.36044681653501,34.46610704975245
1609,36.946202804,36.6118627895,35.02840620934659,35.83063866129412,34.27750683240541,34.49520083456
1610,36.9358927595,36.591242700500004,34.99730777515625,35.74590569052941,34.34034926160836,34.43248688432353
1611,36.904962626,36.5794597925,35.02308962593023,35.742093573235294,34.313094351998224,34.3964697149904
1612,36.931474169,36.5794597925,35.068970372633984,35.788705371058825,34.27078063834593,34.45631147314723
1613,36.937365623000005,36.577986929,35.0859549942656,35.81937558747059,34.321161830832956,34.46199993561644
1614,36.919691261000004,36.524963843,35.0782300325,35.80308744994118,34.247430684048545,34.46836075356123
1615,36.9182183975,36.598607018,35.0534295125,35.78021474617647,34.27834324777332,34.464139418347784
1616,36.9182183975,36.5882969735,35.0421830621,35.77207067741177,34.2519197656551,34.46584735367421
1617,36.9064354895,36.604498472,35.060966918282254,35.74192029517647,34.27979855697228,34.48261547819615
1618,36.9182183975,36.6000798815,35.036754055564515,35.73758834370588,34.265047499401625,34.48374647642857
1619,36.931474169,36.585351246500004,35.02641780384616,35.71766136694118,34.39995400928535,34.46206883
1620,36.931474169,36.648684377,35.03312243881575,35.692016214235295,34.36323933033856,34.454762927985584
1621,36.931474169,36.613335653,35.02517460891451,35.72753821629412,34.35491279980857,34.45914869566212
1622,36.925582715000004,36.604498472,35.0291495689011,35.72008725976471,34.36471256614405,34.45732886981081
1623,36.922636988,36.5676768845,34.9975130037013,35.723379542882356,34.346175067943925,34.434987337224335
1624,36.925582715000004,36.6383743325,35.026213272713505,35.730310665235294,34.29740386835744,34.45497446112752
1625,36.937365623000005,36.5941884275,35.04368066661417,35.755782539882354,34.31345346847493,34.4644941517027
1626,36.94031135,36.642792923,35.0365861808,35.755782539882354,34.36100441049674,34.46851425402958
1627,36.944729940500004,36.648684377,35.0348263417049,35.750237642,34.30253859913088,34.47550175178508
1628,36.9329470325,36.6089170625,35.02623111479104,35.73672195341177,34.2267986846563,34.45581573564192
1629,36.931474169,36.654575831,35.0325831341888,35.753876481235295,34.347225713732996,34.466435308366535
1630,36.9241098515,36.625118561,35.030777080458066,35.75283681288236,34.34703331764351,34.45836571179464
1631,36.9241098515,36.6413200595,35.035389906318684,35.764966277,34.31476175953723,34.46695177686887
1632,36.925582715000004,36.591242700500004,35.021130263070866,35.77051117488235,34.284686404033266,34.448651408288626
1633,36.9476756675,36.6825602375,35.03544275892756,35.75924810105882,34.25370591831288,34.49151909364362
1634,36.9417842135,36.6383743325,35.02746990283968,35.72632526988235,34.22967659682508,34.491535629878896
1635,36.937365623000005,36.5971341545,35.03433392703125,35.70310601,34.239841955892224,34.49199789119211
1636,36.9241098515,36.598607018,35.0295778053125,35.686991150529416,34.198245028664935,34.48411863249377
1637,36.944729940500004,36.6000798815,35.02523313693892,35.70119995135294,34.23562297054082,34.474362204405324
1638,36.931474169,36.6059713355,35.00600815373047,35.71125007876471,34.21833489905008,34.459008544407645
1639,36.931474169,36.6089170625,35.01813242853125,35.71523547411765,34.246654633264995,34.46120004180851
1640,36.9358927595,36.6089170625,35.01926008964844,35.708997464,34.241068430548225,34.46411766388747
1641,37.137675059,36.7944978635,35.23410582086379,35.98485613364706,34.408927871354116,34.71338416071107
1642,37.120000697,36.8210094065,35.22659861864336,35.982950075000005,34.522315805272726,34.71859514727031
1643,37.078760519,36.8975983085,35.21862145302326,35.87898323970588,34.4696692809679,34.72972806895496
1644,37.075814792,36.91085408,35.21737480107101,35.877597015235295,34.46725847720524,34.712103697172324
1645,37.074341928500004,36.9152726705,35.22396510265625,35.88470141564706,34.49384804124758,34.749176588815736
1646,37.0419389315,36.9152726705,35.211222882883725,35.90012316288235,34.51201574855486,34.727668115114504
1647,37.131783605,36.919691261000004,35.24061226692913,35.91918374935294,34.51723242949282,34.73391310464908
1648,37.186279554500004,36.904962626,35.23543337658241,35.914851797882356,34.50081731511398,34.71260359122496
1649,37.061086157,36.9211641245,35.24310487230152,35.92940715482353,34.52881953488878,34.72434556867761
1650,37.064031884,36.916745534,35.23658505953488,35.945695292352944,34.54411378237594,34.73733122708277
1651,37.0566675665,36.916745534,35.21817839972414,35.93963056029412,34.5331206660368,34.72353697131403
1652,37.055194703,36.91085408,35.226222961811025,35.92888732064706,34.49558886421362,34.72835477002657
1653,37.0507761125,36.9211641245,35.215211412465116,35.96614210329412,34.527141549190524,34.727986942823534
1654,37.061086157,36.9034897625,35.20311737632267,35.974112894,34.42728155155511,34.743161094801536
1655,37.0713962015,36.9034897625,35.211338366609375,35.98676219229412,34.45272723248447,34.737083456347904
1656,37.0566675665,36.899071172,35.22647090516427,35.98243024082353,34.39784526580412,34.73106596418959
1657,37.0861248365,36.912326943500005,35.209098386703126,35.981737128588236,34.434078436250005,34.74751506152903
1658,37.075814792,36.887288264,35.22037274283465,35.94274956535294,34.447617372186045,34.75060506150376
1659,37.078760519,36.875505356000005,35.21546654875558,35.91277246117647,34.49055167429451,34.74091833216765
1660,37.0713962015,36.875505356000005,35.21109946464286,35.87967635194118,34.47798335084112,34.73637883376923
1661,37.066977611,36.88139681,35.210197711479594,35.87187883929412,34.45461499469054,34.72220902864566
1662,37.0596132935,36.8858154005,35.21175073081633,35.890419591588234,34.4364434,34.7397432538455
1663,37.05814043,36.8858154005,35.21635969142857,35.89405843082353,34.44189674795632,34.73224557719762
1664,37.0389932045,36.8710867655,35.225399488571426,35.88903336711765,34.421295688473876,34.729470881007494
1665,37.05814043,36.872559629,35.22229643032058,35.898736938411766,34.39176404834518,34.71619986903993
1666,37.05814043,36.8769782195,35.243227311318684,35.90012316288235,34.38805248079277,34.7281621943134
1667,37.05814043,36.8769782195,35.22209114686384,35.891632538,34.41308281907787,34.71960517800341
1668,37.0389932045,36.8769782195,35.21175940910574,35.877943571352944,34.44008119539157,34.72477749798463
1669,37.052248976,36.863722448000004,35.223945639817146,35.91017329029412,34.38806666689691,34.731732461283016
1670,37.0537218395,36.8622495845,35.21339960580428,35.89787054811765,34.37019820367699,34.71370448145223
1671,37.0596132935,36.8740324925,35.20672395001575,35.91069312447059,34.37467615595789,34.74523436648186
1672,37.069923338,36.869613902,35.20710169228572,35.91277246117647,34.37557406413477,34.7404075714544
1673,37.068450474500004,36.866668175,35.19385710632543,35.86564082917647,34.361788103415385,34.742340247237706
1674,37.052248976,36.8917068545,35.19645828917402,35.848139745235294,34.30510373041096,34.74423515191136
1675,37.0861248365,36.913799807000004,35.21682726714286,35.85611053594118,34.38702248296788,34.74308293349398
1676,37.131783605,36.919691261000004,35.205750559704434,35.816603138529416,34.393668102632425,34.74250732696543
1677,37.061086157,36.904962626,35.21707762264342,35.86096232158823,34.40283033257261,34.748311420860674
1678,37.061086157,36.884342537,35.21786487135488,35.87049261482353,34.50239025957992,34.745303757904196
1679,37.0596132935,36.8946525815,35.21780077439174,35.86633394141177,34.479201566901054,34.72631708437393
1680,37.122946424,36.8799239465,35.2105545415205,35.86997278064706,34.495120859356135,34.736318161992465
1681,37.0949620175,36.8946525815,35.208379609848144,35.88418158147059,34.50437762635945,34.72854540809339
1682,37.1037991985,36.888761127500004,35.22082419524844,35.90012316288235,34.50038237294852,34.7280919860164
1683,37.066977611,36.8799239465,35.228542431889764,35.911559514764704,34.50027244915066,34.74444921885568
1684,37.074341928500004,36.8769782195,35.21449307026997,35.91173279282353,34.47082779393351,34.737647711374365
1685,37.0890705635,36.888761127500004,35.24932377928572,35.936338277176475,34.533325769526286,34.74863321288869
1686,37.0949620175,36.8740324925,35.231251042777146,35.928540764529416,34.54068360457314,34.75073069315175
1687,37.11705497,36.8740324925,35.22988922096774,35.93304599405882,34.547849138441045,34.72969827476316
1688,37.0979077445,36.872559629,35.23909826413793,35.90757411941176,34.509730178400005,34.739487138233
1689,37.125892151,36.872559629,35.239661058868855,35.873958176,34.45992017639295,34.7393340471806
1690,37.120000697,36.884342537,35.22270115664412,35.83115849547059,34.46619972857868,34.740051913098284
1691,37.099380608000004,36.88139681,35.232801229968786,35.85281825282353,34.48926969421712,34.760021769277266
1692,37.1067449255,36.88139681,35.22737843870968,35.853684643117646,34.52001076229358,34.746304709628646
1693,37.084651973,36.8917068545,35.23032899892562,35.825960153705886,34.65189557619143,34.741850957931035
1694,37.066977611,36.8799239465,35.21239412123812,35.84398107182353,34.54810700488372,34.761659121709634
1695,37.081706246,36.882869673500004,35.23982971142857,35.836876671411765,34.598988296461314,34.75476481156162
1696,37.120000697,36.878451083,35.2503546,35.874131454058826,34.58907048770416,34.74801989
1697,37.0831791095,36.878451083,35.24197214413793,35.89249892829412,34.55092917021472,34.75621638718109
1698,37.0772876555,36.8593038575,35.221874804,35.88920664517647,34.571830179544556,34.72610200491196
1699,37.066977611,36.8593038575,35.233251404827584,35.891632538,34.578159161875945,34.73807059184466
1700,37.046357522,36.8563581305,35.2325390269983,35.90358872405883,34.4854976366107,34.726680980740404
1701,37.072869065,36.851939540000004,35.24256674,35.91641130041177,34.513449108329155,34.736850827482805
1702,37.0802333825,36.82248227,35.22630065772131,35.91467851982353,34.54743577757821,34.74146529203209
1703,37.081706246,36.8504666765,35.224218969101,35.8451940182353,34.530689042502495,34.72861698869968
1704,37.075814792,36.8563581305,35.23698430535484,35.8068995672353,34.47537874972421,34.7333640454787
1705,37.052248976,36.846048086,35.24207085482353,35.66203911005883,34.57654120042864,34.67375453544733
1706,37.0419389315,36.851939540000004,35.25003834499496,35.73637539729412,34.492968847031776,34.58964124295919
1707,37.0802333825,36.807753635,35.247616731677965,35.79477010311765,34.558298034903046,34.62002741052931
1708,37.1067449255,36.8475209495,35.2278994996822,35.79355715670589,34.49324274004224,34.70822365522946
1709,37.11705497,36.8651953115,35.20748916691452,35.75872826688236,34.69621198802118,34.690322858193746
1710,37.11705497,36.8593038575,35.199205841914676,35.851432028352946,34.63875890639851,34.690286534586924
1711,37.124419287500004,36.8946525815,35.227692278766455,35.89665760170588,34.60734814356036,34.68838384848101
1712,37.131783605,36.9064354895,35.222422589857146,35.910866402529415,34.6040550053853,34.69343268655172
1713,37.1391479225,36.899071172,35.195771276912446,35.87118572705882,34.57920195985534,34.654011366367854
1714,37.134729332,36.8799239465,35.173730454591535,35.90393528017647,34.58090098168975,34.67121860306977
1715,37.120000697,36.863722448000004,35.202048097861315,35.89024631352941,34.57907860210526,34.623487643198295
1716,37.0949620175,36.8416294955,35.201564259897964,35.82838604652942,34.657511687375504,34.568422699624364
1717,37.0713962015,36.8416294955,35.221576539492,35.88296863505882,34.445758840195,34.60756757123288
1718,37.1037991985,36.825427997,35.21646879242857,35.90514822658824,34.5151444314438,34.65390128084253
1719,37.1067449255,36.866668175,35.18109232044577,35.87118572705882,34.37511156494275,34.729295001078654
1720,37.090543427,36.8858154005,35.18689899680176,35.88834025488235,34.605454486625,34.73470470736427
1721,37.0875977,36.888761127500004,35.20877539244095,35.908093953588235,34.55421713519962,34.70199260506024
1722,37.0802333825,36.8121722255,35.227115803160004,35.90532150464706,34.42584533216776,34.723218587352946
1723,37.074341928500004,36.8357380415,35.2263568274404,35.91901047129412,34.5171419504,34.701357893642566
1724,37.0419389315,36.8681410385,35.2059670670242,35.891632538,34.50877497392701,34.695229389392566
1725,37.037520341000004,36.851939540000004,35.21579860057143,35.90844050970588,34.40844173631177,34.727792885758944
1726,37.031628887000004,36.831319451,35.207372122608696,35.90185594347059,34.288039908023954,34.695604183836636
1727,37.025737433,36.8563581305,35.219356426688314,35.89769727005883,34.476968430404625,34.7119890324138
1728,37.043411795000004,36.872559629,35.224642804210525,35.92559503752941,34.52834130147182,34.685012238752705
1729,37.040466068,36.825427997,35.213678924,35.909653456117645,34.378927336454545,34.70083179950638
1730,37.031628887000004,36.8710867655,35.18115239942149,35.941016784764706,34.42924654186145,34.80279934498294
1731,37.0095359345,36.8445752225,35.18913298754099,35.857150204294115,34.352854685352746,34.74044147193196
1732,37.031628887000004,36.8298465875,35.19340847845722,35.935471886882354,34.3648058263617,34.71547123791564
1733,37.031628887000004,36.8298465875,35.17491752072,35.95418591723529,34.46264130609603,34.68142301997528
1734,37.034574614,36.854885267,35.160598526226096,35.97359305982353,34.42343442487543,34.693354615132236
1735,37.02868316,36.8180636795,35.16717109157924,35.909306900000004,34.31696471288,34.68904924431291
1736,37.0272102965,36.8593038575,35.16247066993251,35.9247286472353,34.41706167036665,34.70275336649635
1737,37.0331017505,36.878451083,35.15460629887755,35.96181015182353,34.4390598641018,34.71036215206897
1738,36.9889158455,36.8681410385,35.17895363428572,35.9630230982353,34.429020402679285,34.70780584534786
1739,37.0213188425,36.7915521365,35.18035636142857,35.92126308605882,34.39439143097265,34.70276539587919
1740,37.0331017505,36.8534124035,35.1590823,35.87586423464706,34.30376925310277,34.72026645526544
1741,37.0095359345,36.854885267,35.17087965751613,35.816603138529416,34.3117963168546,34.71922422479452
1742,37.0331017505,36.8740324925,35.147058128,35.865120995,34.44684726232004,34.71639857792121
1743,37.013954525,36.834265178,35.15604590691862,35.89423170888235,34.40745791810811,34.710585860349276
1744,37.008063071,36.816590816,35.13299655248,35.877597015235295,34.45430949571006,34.67098373345408
1745,37.022791706,36.860776721,35.15154650395604,35.8952713772353,34.42982412529741,34.67490940190638
1746,37.0183731155,36.8357380415,35.14151448716923,35.91450524176471,34.45504799157895,34.686383872727276
1747,37.040466068,36.887288264,35.15240201336735,35.918144081,34.51146542593617,34.70318594389748
1748,37.0389932045,36.875505356000005,35.15133607095846,35.90133610929412,34.45872807286371,34.68087987764552
1749,37.046357522,36.810699362,35.15739319857143,35.914331963705884,34.50907816770615,34.66767368953195
1750,37.0389932045,36.8858154005,35.15571819478987,35.904974948529414,34.476437990030064,34.663577199566376
1751,37.0389932045,36.88139681,35.15856641906598,35.93131321347059,34.505998508986224,34.656626920627524
1752,37.0389932045,36.860776721,35.154807277903885,35.96510243494118,34.44008994793037,34.66603682794118
1753,37.0389932045,36.8681410385,35.1665548162069,35.9689145522353,34.484111656686046,34.665644079972935
1754,37.0389932045,36.8769782195,35.157283918423644,35.9571316442353,34.417533639139464,34.68408588523077
1755,36.9859701185,36.8799239465,35.175618523231066,35.88331519117647,34.439482642142856,34.692673274917894
1756,37.0478303855,36.878451083,35.16245410228909,35.871012449,34.464264973666836,34.67545566897002
1757,37.0507761125,36.875505356000005,35.16461303761608,35.87118572705882,34.42256393083499,34.680460546714954
1758,37.043411795000004,36.869613902,35.16918464168367,35.85853642876471,34.43903115431918,34.674385069302325
1759,37.046357522,36.846048086,35.134971350967746,35.84917941358824,34.47748869529771,34.65672687499335
1760,37.0507761125,36.8858154005,35.13289106325101,35.86200198994118,34.42383787813159,34.68236945078172
1761,37.0655047475,36.851939540000004,35.14673995972568,35.893192040529414,34.498359579900104,34.66932376342906
1762,37.049303249000005,36.838683768500005,35.14896644514286,35.91138623670588,34.47586989899083,34.6721781055262
1763,37.008063071,36.840156632,35.14748468420473,35.89735071394118,34.450410980911855,34.673576330530864
1764,36.987442982000005,36.840156632,35.13962890438424,35.87967635194118,34.44360989244805,34.66954984743949
1765,36.999225890000005,36.8416294955,35.13513358929846,35.87742373717647,34.52316199586735,34.66102964276371
1766,37.008063071,36.8563581305,35.125779739182036,35.856283814,34.46834303212336,34.664855519788674
1767,37.0301560235,36.8298465875,35.13917656328459,35.882622078941175,34.45379760680549,34.659730294578694
1768,37.008063071,36.728219006,35.12751559314016,35.87811684941177,34.49988321823044,34.647723129655176
1769,37.0272102965,36.863722448000004,35.14524468744186,35.897523992,34.48063660724839,34.693243141339714
1770,37.006590207500004,36.8475209495,35.12510231449354,35.881928966705885,34.43107644397516,34.67454678085603
1771,36.9889158455,36.860776721,35.13692336377953,35.87777029329412,34.52739253911023,34.65699526769231
1772,37.0036444805,36.857830994000004,35.135794472021466,35.87777029329412,34.4783415068731,34.689123043192616
1773,37.002171617,36.8357380415,35.12361055116279,35.817989363,34.4679578641902,34.68471692813781
1774,37.002171617,36.840156632,35.117390112187856,35.80897890394118,34.46259424173469,34.660931606371456
1775,37.0183731155,36.7915521365,35.12781115989876,35.776922463058824,34.45084539188508,34.649493329308996
1776,37.008063071,36.7944978635,35.126567836666666,35.77986819005882,34.43769301000518,34.64425425181042
1777,37.011008798,36.8121722255,35.114256741285715,35.80170122547059,34.42232535553084,34.65700036256324
1778,37.012481661500004,36.807753635,35.10913771187076,35.80603317694118,34.428422028901494,34.65065317989852
1779,37.002171617,36.737056187,35.11537223393235,35.83583700305883,34.48074208168453,34.65418344946303
1780,37.0036444805,36.770932047500004,35.142620267766155,35.84242156929412,34.46947550562798,34.68473837303624
1781,37.013954525,36.784187819,35.125652457322836,35.841208622882355,34.46063035971246,34.66472802558198
1782,37.0036444805,36.781242092,35.11744025001875,35.818855753294116,34.337428445580386,34.65424059085973
1783,37.025737433,36.8445752225,35.120687073228346,35.82838604652942,34.347603518972456,34.66465123154249
1784,37.022791706,36.851939540000004,35.10930382776499,35.84294140347059,34.30909215764338,34.66195901762353
1785,37.013954525,36.8357380415,35.12297453462,35.8451940182353,34.35790101588421,34.65792698023511
1786,37.006590207500004,36.8357380415,35.1005207305625,35.83497061276471,34.303197723280256,34.64453048673518
1787,37.011008798,36.8416294955,35.1065785898137,35.84935269164706,34.33710932112266,34.64568027604457
1788,37.025737433,36.838683768500005,35.108763342827906,35.84692679882353,34.36422067613203,34.642679511925074
1789,37.011008798,36.8416294955,35.11288664703125,35.8393025642353,34.420568046198184,34.66851178516129
1790,37.0036444805,36.825427997,35.11674397409449,35.83011882711765,34.37435238937945,34.677409588458254
1791,37.005117344,36.8121722255,35.14675189813665,35.811404796764705,34.34879683446831,34.677403393099276
1792,36.9889158455,36.754730549,35.1079586912375,35.80464695247059,34.35899096822411,34.66312054238984
1793,37.0183731155,36.7827149555,35.10357166209822,35.79477010311765,34.44388301726994,34.65972114145234
1794,37.012481661500004,36.7620948665,35.096438613189655,35.81244446511765,34.41658624384186,34.64565111178528
1795,36.981551528000004,36.7738777745,35.12482643521502,35.84138190094118,34.47047745126173,34.671467545910595
1796,36.9830243915,36.770932047500004,35.12770347021654,35.872571951529416,34.4420115425,34.657785423838554
1797,36.993334436,36.769459184,35.11224616571429,35.87638406882353,34.42257577677186,34.675177909788644
1798,36.996280163,36.76356773,35.11823458538461,35.81642986047059,34.48843699550661,34.64488991147982
1799,36.955039985,36.7679863205,35.126432438024196,35.812617743176475,34.53779477738652,34.60810581258741
1800,37.008063071,36.7679863205,35.11828264441207,35.817642806882354,34.513327806470855,34.62202978002841
1801,37.022791706,36.7679863205,35.133327368,35.84207501317647,34.49919132723581,34.630217220206475
1802,37.005117344,36.7679863205,35.120368991576775,35.82024197776471,34.53024085272237,34.62059217475046
1803,37.046357522,36.801862181000004,35.11880691730094,35.89232565023529,34.551035110677404,34.69367844523785
1804,37.0183731155,36.7886064095,35.13338817145262,35.891632538,34.53106631671512,34.66640438745989
1805,37.034574614,36.8033350445,35.12493180656,35.92351570082353,34.55013713248077,34.67624007578524
1806,37.043411795000004,36.804807908,35.12323572516831,35.90688100717647,34.60106714691882,34.657027307211195
1807,36.999225890000005,36.769459184,35.1375934832,35.922649310529415,34.40560690838837,34.7073583098699
1808,36.972714347,36.7326375965,35.124222363893445,35.93217960376471,34.34194350705458,34.71908219152542
1809,36.9889158455,36.7827149555,35.11362467534569,35.92490192529412,34.334612401214955,34.69084162805227
1810,36.996280163,36.7856606825,35.107830133824194,35.912425905058825,34.373234884862384,34.66974595990004
1811,36.996280163,36.7385290505,35.13032075919023,35.874131454058826,34.480528126938175,34.641180415204886
1812,37.006590207500004,36.664885875500005,35.110307320634355,35.78194752676471,34.49690546478341,34.561182395451304
1813,36.9918615725,36.6825602375,35.142476473377926,35.735509007000005,34.555667496591965,34.51626418533714
1814,37.0448846585,36.770932047500004,35.125640001237585,35.82492048535294,34.52183281419917,34.56210840403941
1815,37.011008798,36.6707773295,35.13320689727273,35.912252627,34.406282372696246,34.627328772280364
1816,36.996280163,36.7326375965,35.08596403107438,35.836876671411765,34.38675220889491,34.715764368421056
1817,36.999225890000005,36.765040593500004,35.07321202659713,35.76704561370588,34.276502870633806,34.70947848947541
1818,36.999225890000005,36.7679863205,35.017822792454545,35.76947150652941,34.27242671920475,34.67707720658507
1819,36.956512848500005,36.7827149555,35.03767145677419,35.92836748647059,34.410692250737526,34.68312872682533
1820,36.999225890000005,36.819536543,35.058542624,35.952279858588234,34.3740227874814,34.69157029927524
1821,36.996280163,36.819536543,35.06862084880184,35.964929156882356,34.37061213997922,34.66820225230378
1822,36.984497255,36.819536543,35.08143335156328,35.97134044505882,34.43447645987281,34.66009412268434
1823,36.996280163,36.819536543,35.0860935536,35.83202488576471,34.287340233663684,34.656681952
1824,36.993334436,36.8092264985,35.05957735360171,35.79477010311765,34.261629222868436,34.66556641919934
1825,36.9977530265,36.816590816,35.08987856,35.77553623858824,34.337225737699505,34.68279415125497
1826,36.9859701185,36.7944978635,35.06007536,35.76583266729412,34.25959884132496,34.655935410224004
1827,36.987442982000005,36.8416294955,35.07411273213885,35.83150505158824,34.39639281233884,34.69388828532903
1828,36.9653500295,36.8180636795,35.0376775485082,35.87239867347059,34.35891447137441,34.690817834342376
1829,36.955039985,36.726746142500005,35.03577259905715,35.888686811,34.454764385000004,34.64238382571789
1830,37.0095359345,36.7326375965,35.011260944183675,35.897177435882355,34.3294163219714,34.625678636010385
1831,36.978605801,36.7827149555,35.012367820551184,35.88660747429412,34.36288326702204,34.673721286787035
1832,36.934419896,36.781242092,35.02139620442857,35.900296440941176,34.31331073342733,34.61809049634116
1833,36.9830243915,36.7797692285,34.99730046928572,35.88799369876471,34.34686316709643,34.651688592429686
1834,36.978605801,36.7679863205,35.010626377142856,35.926807983941174,34.36060113172909,34.647167347045986
1835,36.955039985,36.790079273,35.02804289532138,35.90185594347059,34.262412119635975,34.64083551026316
1836,36.972714347,36.7944978635,35.040000151479596,35.935818443,34.341213397677144,34.64996454497009
1837,36.9712414835,36.810699362,35.06012013238095,35.93339255017647,34.33983074640895,34.64267915067456
1838,36.944729940500004,36.769459184,35.06511490112283,35.90358872405883,34.349547593933906,34.630212670937375
1839,36.946202804,36.787133546,35.0793377131328,35.859922653235294,34.324976970269994,34.65084130097835
1840,36.9476756675,36.714963234500004,35.0633129582528,35.79061142970588,34.26946293525634,34.64438758822458
1841,36.9594585755,36.716436098,35.04805041796703,35.86408132664706,34.372078746696836,34.63471958246733
1842,36.972714347,36.810699362,35.0329885228726,35.86044248741177,34.349467246945565,34.66447370238842
1843,36.972714347,36.8092264985,35.02941890262835,35.883835025352944,34.40467785404255,34.65180721169451
1844,36.96976862,36.810699362,35.01708272784884,35.89059286964706,34.42076669776989,34.60797635624
1845,36.981551528000004,36.769459184,35.007914438,35.858363150705884,34.4466842295907,34.63575268206926
1846,37.002171617,36.654575831,35.01833069861779,35.818855753294116,34.31804264252291,34.569486674395606
1847,36.96976862,36.7179089615,35.007275417857144,35.86477443888236,34.311512036101966,34.64977142209741
1848,36.962404302500005,36.720854688500005,35.003760997142855,35.82492048535294,34.34443256623003,34.640638737969304
1849,36.960931439,36.725273279,34.99250378738916,35.89665760170588,34.346071405,34.63556023397571
1850,36.9682957565,36.716436098,35.00276362393143,35.86442788276471,34.34441717227524,34.63054368265662
1851,36.9771329375,36.725273279,35.01388270801021,35.90358872405883,34.454198059454825,34.61718424678479
1852,36.972714347,36.725273279,35.0011619997537,35.89683087976471,34.31443268861199,34.61716902881108
1853,36.972714347,36.725273279,35.014737818768474,35.94621512652941,34.342363765735065,34.592352952570685
1854,36.9594585755,36.70465319,35.010993758061225,35.965275713000004,34.32817299731669,34.57899080694981
1855,36.966822893,36.793025,35.02312748144,35.940323672529416,34.38011986594765,34.58587714961406
1856,36.9594585755,36.8534124035,35.001397586141735,35.91953030547059,34.309786530265676,34.58064000968
1857,36.96976862,36.765040593500004,35.02123779405919,35.85767003847059,34.34741765989675,34.60056068270984
1858,36.9594585755,36.7827149555,35.011857784544,35.80603317694118,34.33949936857143,34.60270529202454
1859,36.96976862,36.781242092,35.0231864282266,35.80412711829412,34.34559760957747,34.62989602918288
1860,36.9682957565,36.760622003,35.00536237958526,35.803260728,34.371508614682256,34.62183595937824
1861,36.96976862,36.754730549,34.99886392558036,35.81088496258823,34.39154031390056,34.61789916435798
1862,36.9270555785,36.731164733,34.99793317464258,35.82925243682353,34.40995698362268,34.603640919470024
1863,36.94031135,36.7355833235,35.01780447884387,35.84484746211765,34.47987547722441,34.611751330600526
1864,36.9388384865,36.713490371,35.007452427424916,35.83479733470588,34.52272165027027,34.595327426926325
1865,36.956512848500005,36.810699362,34.99764159260315,35.823187704764706,34.40944209936617,34.60518048446215
1866,36.9329470325,36.7326375965,34.994894716820276,35.833411110235296,34.40525682714501,34.60100670336399
1867,36.9476756675,36.7326375965,34.997619122135,35.85281825282353,34.47051303893947,34.59913978092527
1868,36.949148531,36.745893368000004,35.01078823027473,35.86130887770588,34.47921121431482,34.61372456142336
1869,36.955039985,36.804807908,35.01515866680722,35.85420447729412,34.40576689705672,34.60673311746591
1870,36.9358927595,36.737056187,35.00353138776734,35.87135900511765,34.41953597284024,34.601492470816055
1871,36.944729940500004,36.731164733,35.01409969154331,35.883835025352944,34.47816733375367,34.603632607193994
1872,36.972714347,36.734110460000004,34.99525671092166,35.87638406882353,34.44871359318386,34.60845420137841
1873,36.9388384865,36.7238004155,35.00113709607315,35.87725045911765,34.440570981179434,34.59450876931019
1874,36.975660074000004,36.734110460000004,34.99657885637233,35.86650721947059,34.46085682133739,34.58086150635902
1875,36.944729940500004,36.726746142500005,35.00604539404623,35.888513532941175,34.404846266491504,34.623487310437085
1876,36.944729940500004,36.731164733,35.0005296640625,35.87083917094118,34.392979413946435,34.61186338936564
1877,36.946202804,36.7503119585,35.00753434419355,35.86477443888236,34.40698613,34.61410636262679
1878,36.937365623000005,36.728219006,35.00077806366072,35.83808961782353,34.392310070443656,34.5992669398419
1879,36.955039985,36.7296918695,35.02129012004608,35.82266787058823,34.347711256422016,34.618652523928574
1880,36.955039985,36.698761736,35.034051920428574,35.83427750052941,34.388759256513765,34.610733323682595
1881,36.960931439,36.737056187,35.0297486115271,35.86477443888236,34.453748814085486,34.614300080289986
1882,36.9358927595,36.728219006,35.00836073603584,35.85576397982353,34.40111251987885,34.59866564223332
1883,36.928528442,36.737056187,35.0094486708125,35.87898323970588,34.42687168039075,34.6034072587984
1884,36.949148531,36.6943431455,35.01490135510204,35.88054274223529,34.529023391428574,34.615764866782136
1885,36.9476756675,36.686978828,35.020528962806125,35.885741084,34.531132766147664,34.58839393240542
1886,36.943257077,36.686978828,34.986844508916256,35.861482155764705,34.44639752660118,34.58158716409638
1887,36.949148531,36.6972888725,35.008656668425196,35.87638406882353,34.45877295707832,34.599703701195224
1888,36.950621394500004,36.689924555000005,35.00053852314961,35.866680497529416,34.39744960374101,34.59426263118583
1889,36.9388384865,36.7002345995,34.989871860125,35.890419591588234,34.443933036216215,34.59916718023841
1890,36.9388384865,36.6913974185,34.998203056725494,35.868066722,34.431757351045526,34.57953663815577
1891,36.937365623000005,36.660467285,35.0040011606243,35.83583700305883,34.360593181834865,34.60104689730228
1892,36.9417842135,36.664885875500005,35.002026183269074,35.83029210517647,34.38758376871743,34.59671243738602
1893,36.944729940500004,36.6855059645,35.02426110333424,35.803607284117646,34.34664623822581,34.59295608653544
1894,36.944729940500004,36.6737230565,35.01098713599138,35.80724612335294,34.38766469483871,34.59419973475796
1895,36.960931439,36.709071780500004,35.021493735585125,35.833411110235296,34.3558874195666,34.59888173057915
1896,36.943257077,36.716436098,35.025950440591515,35.83982239841177,34.44265418193933,34.582965948703546
1897,36.944729940500004,36.7061260535,35.02384634987723,35.8451940182353,34.40073403506272,34.5838320321875
1898,36.944729940500004,36.7061260535,35.011192622377955,35.851432028352946,34.382844896826974,34.582240980846656
1899,36.952094258,36.722327552,35.03185175751674,35.86997278064706,34.42075874812373,34.5850529505277
1900,36.943257077,36.707598917,35.01939250136108,35.880369464176475,34.400870643319635,34.5799402212693
1901,36.9388384865,36.660467285,35.0185101672306,35.88608764011765,34.395998568290004,34.56992900593612
1902,36.944729940500004,36.720854688500005,35.031331487988055,35.87777029329412,34.435606035979696,34.58668346
1903,36.937365623000005,36.669304466,35.02725241991855,35.88366174729412,34.41162635421238,34.59138994074172
1904,36.9417842135,36.6619401485,35.01852840671429,35.868240000058826,34.40309668493347,34.59092756988696
1905,36.9417842135,36.664885875500005,35.02150973193049,35.854897589529415,34.38301276682604,34.59310537023434
1906,36.934419896,36.6560486945,35.00588876746457,35.818855753294116,34.355258454066266,34.58561569665427
1907,36.9329470325,36.654575831,35.02264082835154,35.81746952882353,34.447865606734695,34.598000820352645
1908,36.9358927595,36.660467285,35.00262604622047,35.80759267947059,34.389600771364336,34.58338779164179
1909,36.950621394500004,36.6589944215,35.00199205773229,35.797715830117646,34.32742924109824,34.57410261841054
1910,36.944729940500004,36.654575831,34.98769958128572,35.799621888764705,34.34798150660551,34.56803020541146
1911,36.943257077,36.6560486945,35.01299792116571,35.800834835176474,34.39392459906542,34.56639291921875
1912,36.919691261000004,36.6678316025,35.00774937571121,35.81972214358824,34.36712171176649,34.56167786833977
1913,36.9182183975,36.681087374,35.01072819515069,35.82024197776471,34.45217198826953,34.573867346854875
1914,36.9152726705,36.663413012,34.99596453867347,35.79788910817647,34.39006515086445,34.55314000304063
1915,36.916745534,36.67519592,34.99456026398168,35.82232131447059,34.36664409390207,34.55625258457442
1916,36.9152726705,36.6589944215,34.99495633182677,35.807072845294115,34.37708655864865,34.55539158270156
1917,36.9211641245,36.660467285,35.00480634809449,35.830985217411765,34.388320572653065,34.56007686817734
1918,36.916745534,36.653102967500004,34.983694016,35.805513342764705,34.306306021813626,34.56417974142041
1919,36.919691261000004,36.6737230565,34.99477196369231,35.744519466058826,34.27978988464435,34.57154093935484
1920,36.922636988,36.653102967500004,34.97102029383346,35.73394950447059,34.337012193894736,34.56098605213115
1921,36.912326943500005,36.653102967500004,34.99703687154686,35.75924810105882,34.36998160037019,34.593879087062966
1922,36.9152726705,36.625118561,34.98807756582588,35.75890154494118,34.27424124759531,34.573886913712215
1923,36.916745534,36.6206999705,34.97375186880979,35.735855563117646,34.24235422930876,34.541463894137934
1924,36.916745534,36.613335653,35.000803516370965,35.71800792305883,34.385176279071395,34.587625029049434
1925,36.916745534,36.636901469,35.00833604864407,35.75422303735294,34.53750867025589,34.56753581875759
1926,36.913799807000004,36.6295371515,35.01401299898305,35.698254224352944,34.4234790922533,34.58524004248774
1927,36.9152726705,36.672250193,34.995792940689654,35.73204344582353,34.62504403433962,34.57175600075235
1928,36.912326943500005,36.636901469,34.99769822291058,35.747291915000005,34.50307223012133,34.56724038633776
1929,36.925582715000004,36.6678316025,34.99922422776859,35.766005945352944,34.49811069066474,34.56977942736789
1930,36.928528442,36.666358739,34.99896690718523,35.76652577952942,34.45713427356747,34.568256295644645
1931,36.9270555785,36.636901469,35.00546745842857,35.81088496258823,34.53914172123091,34.554040874928745
1932,36.9270555785,36.607444199,35.00074494371429,35.817989363,34.47274262283727,34.551760191743206
1933,36.9329470325,36.64573865,35.00883400357143,35.81313757735294,34.48801056754717,34.58117596720445
1934,36.9300013055,36.6619401485,34.9973105939567,35.86685377558824,34.36758821317744,34.56232781924933
1935,36.950621394500004,36.6442657865,35.027261212748385,35.884528137588234,34.50633683780706,34.5863953826091
1936,36.949148531,36.64573865,35.01108822128387,35.83999567647059,34.50257369778098,34.56604026878529
1937,36.94031135,36.622172834,35.00699725511922,35.87205211735294,34.49666901167614,34.5594953107409
1938,36.937365623000005,36.666358739,34.98837226688,35.869799502588236,34.4204981139067,34.5675862186204
1939,36.943257077,36.631010015,35.00756403902218,35.85576397982353,34.51411560377718,34.58015105686777
1940,36.94031135,36.628064288000004,35.01337572234286,35.84848630135294,34.478916043089654,34.55126206642737
1941,36.950621394500004,36.6206999705,35.01860856255102,35.873611619882354,34.50409526584746,34.558130735096945
1942,36.946202804,36.6236456975,35.00736456896,35.880369464176475,34.51092920612766,34.53853643187013
1943,36.9211641245,36.639847196000005,35.0161059156416,35.83947584229412,34.45138852987198,34.53908651179923
1944,36.900544035500005,36.6000798815,35.03975774687,35.8068995672353,34.35531712818548,34.54761924269522
1945,36.9270555785,36.628064288000004,35.05463263463158,35.78212080482353,34.23772068976559,34.56019072440678
1946,36.9270555785,36.628064288000004,35.036561498934425,35.76739216982353,34.23937396032956,34.57938359540984
1947,36.925582715000004,36.6295371515,35.021025811117646,35.71436908382353,34.22697642542175,34.55453928112804
1948,36.9270555785,36.628064288000004,35.01215797505123,35.793037322529415,34.235252660430326,34.547249390353834
1949,36.9270555785,36.6089170625,35.034563237096776,35.84086206676471,34.38054186775571,34.563480971126054
1950,36.9300013055,36.6148085165,35.02678335710958,35.818855753294116,34.32161099039675,34.54795586952577
1951,36.928528442,36.610389926,35.02996530868572,35.835317168882355,34.302279197798164,34.55014722709434
1952,36.922636988,36.603025608500005,35.029389738064516,35.832891276058824,34.31378575718557,34.54522400212658
1953,36.9682957565,36.6707773295,35.02196508821429,35.83583700305883,34.3423921677635,34.53746893976593
1954,36.925582715000004,36.6206999705,35.027624465,35.823880817,34.33811315153574,34.553785159033524
1955,36.9211641245,36.6442657865,35.04652706857143,35.82544031952941,34.35093365659193,34.55857263405361
1956,36.919691261000004,36.6265914245,35.051549516,35.80430039635294,34.32320389465377,34.56269575852095
1957,36.9329470325,36.636901469,35.05552505,35.76843183817647,34.304078507009066,34.568428368243964
1958,36.9270555785,36.628064288000004,35.040475807419355,35.769124950411765,34.294188571273295,34.54970714664207
1959,36.925582715000004,36.648684377,35.04307239110857,35.76895167235294,34.31289272582701,34.566888474546936
1960,36.922636988,36.639847196000005,35.04627847310236,35.75855498882353,34.28684189744571,34.564064370304706
1961,36.9270555785,36.642792923,35.046562910612245,35.77865524364706,34.32234537360572,34.557448531333335
1962,36.922636988,36.622172834,35.03055909302587,35.78108113647059,34.323536524992264,34.54256875155817
1963,36.922636988,36.610389926,35.02621901074534,35.79477010311765,34.346564053152505,34.55415045319801
1964,36.9270555785,36.607444199,35.03575028796401,35.801354669352946,34.35183955773174,34.54296464934902
1965,36.9241098515,36.6383743325,35.04114223856,35.814177245705885,34.3417967571937,34.55252470625464
1966,36.9241098515,36.631010015,35.01820110371429,35.80967201617647,34.35256059628486,34.55626167455607
1967,36.928528442,36.6148085165,35.02807227445538,35.794423547,34.36421985246988,34.5513505088629
1968,36.9270555785,36.604498472,35.02702238714,35.75803515464706,34.273462602868854,34.536385987086746
1969,36.9329470325,36.604498472,35.01520931528536,35.76046104747059,34.34870970718388,34.55502268504576
1970,36.916745534,36.622172834,35.0264725181,35.74694535888236,34.327774280562686,34.537182394429756
1971,36.9241098515,36.651630104,35.01442159723361,35.75214370064706,34.41987276092416,34.53746219792
1972,36.922636988,36.654575831,35.019031355547824,35.737761621764705,34.43785469240958,34.49430538665379
1973,36.919691261000004,36.6589944215,35.03033997258065,35.728404606588235,34.500910375124604,34.51197557646001
1974,36.9182183975,36.6442657865,35.02531250525974,35.756129096,34.46654986603306,34.488135443550966
1975,36.9182183975,36.535273887500004,35.032137616235794,35.738974568176474,34.31998019032458,34.525108127081715
1976,36.9093812165,36.58682411,35.02051368383431,35.75768859852941,34.35992440737864,34.57608904026689
1977,36.916745534,36.5971341545,34.99587825982143,35.841901735117645,34.41043712999506,34.55988795957637
1978,36.916745534,36.591242700500004,35.00209700818182,35.84658024270588,34.44532400350927,34.53019542212397
1979,36.9182183975,36.591242700500004,35.015165758035714,35.8628683802353,34.49216593316208,34.535363440346536
1980,36.916745534,36.591242700500004,35.003846289174945,35.811751352882354,34.385594196928366,34.53086543736219
1981,36.9152726705,36.595661291,35.016351000128,35.844500906,34.410380088672824,34.54564246831461
1982,36.8858154005,36.622172834,34.96973084769355,35.80534006470588,34.37070659493671,34.53576022232
1983,36.913799807000004,36.6148085165,34.992495850112206,35.79875549847059,34.547624859125534,34.55020263326346
1984,36.9182183975,36.6118627895,35.006690948214285,35.780041468117645,34.46204222,34.49107529529412
1985,36.9034897625,36.5676768845,34.987636433425806,35.78939848329412,34.32218909688617,34.51012767816744
1986,36.9182183975,36.6059713355,34.994602891865355,35.84831302329412,34.40078235795663,34.57814414358997
1987,36.922636988,36.6324828785,34.977500436153846,35.859922653235294,34.28320056238836,34.58174571250966
1988,36.9182183975,36.631010015,34.98990018442308,35.836183559176476,34.44317484646484,34.58268801441841
1989,36.9211641245,36.6206999705,34.9956696400064,35.83514389082353,34.51971150220339,34.531655872160215
1990,36.9152726705,36.595661291,34.9746168128,35.849006135529415,34.47194556105973,34.499855865067914
1991,36.9241098515,36.5765140655,34.96497741264977,35.836183559176476,34.30567990053636,34.47464993967788
1992,36.900544035500005,36.5647311575,34.971808020440946,35.83514389082353,34.38240397621318,34.47195090854089
1993,36.91085408,36.603025608500005,34.979211274112004,35.806206455,34.465250558597354,34.51197264653959
1994,36.896125445,36.592715564,34.9964803040768,35.820761811941175,34.379395870070425,34.59443336608055
1995,36.896125445,36.5735683385,34.9909625375,35.895964489470586,34.36838746034257,34.585875164918164
1996,36.8946525815,36.580932656,34.9822506896,35.903068889882356,34.37320232346875,34.583469066194695
1997,36.912326943500005,36.6413200595,34.976838282903984,35.8687598342353,34.41726950292757,34.590720469277734
1998,36.896125445,36.607444199,34.93412765045918,35.80845906976471,34.23584365132298,34.56092799695759
1999,36.902016899,36.563258294,34.93161712652419,35.825960153705886,34.316193589029275,34.533038697875
2000,36.91085408,36.625118561,34.94877154706977,35.823880817,34.32350727069049,34.5438926400243
2001,36.91085408,36.607444199,34.947546363417324,35.82647998788235,34.23865474314034,34.54765775503497
2002,36.91085408,36.583878383,34.96651220450113,35.82058853388236,34.32862351822846,34.557941324395344
2003,36.91085408,36.6413200595,34.982390989253545,35.80776595752941,34.49582312679981,34.58303207781579
2004,36.91085408,36.616281380000004,34.97782928061225,35.828559324588234,34.37462423616744,34.579938220198024
2005,36.91085408,36.591242700500004,34.99504675434286,35.825093763411765,34.36750269747916,34.58662596898319
2006,36.91085408,36.5794597925,34.98391754,35.83133177352941,34.43331623863796,34.575784532137405
2007,36.9064354895,36.577986929,34.964055836,35.82734637817647,34.3485946769863,34.555460468666666
2008,36.8710867655,36.5794597925,34.94069019901009,35.77553623858824,34.289235854895665,34.581435281290325
2009,36.869613902,36.583878383,34.95201991824086,35.66134599782353,34.2401635106383,34.55025665329591
2010,36.872559629,36.583878383,34.939874127258065,35.71228974711765,34.28880691190698,34.55818597085234
2011,36.875505356000005,36.5941884275,34.932958531612904,35.75838171076471,34.33309489377895,34.56261931486989
2012,36.887288264,36.603025608500005,34.903717452534565,35.77726901917647,34.29087165774515,34.545113296453444
2013,36.887288264,36.603025608500005,34.931138253787715,35.75266353482353,34.24086528093404,34.527023941798014
2014,36.890233991,36.647211513500004,34.93689729869767,35.783680307352945,34.38592024848665,34.55691150903148
2015,36.888761127500004,36.654575831,34.92710430594684,35.78766570270588,34.40874685866224,34.52331529892321
2016,36.890233991,36.636901469,34.95072231644519,35.82058853388236,34.34509276494382,34.535985163628546
2017,36.8799239465,36.592715564,34.95838559368276,35.83046538323529,34.36072845829093,34.551898726566655
2018,36.875505356000005,36.583878383,34.936038699200004,35.820415255823534,34.388008850288465,34.54939644725256
2019,36.875505356000005,36.5676768845,34.957139168295384,35.812271187058826,34.31694061147727,34.56191544735135
2020,36.882869673500004,36.592715564,34.95327960807072,35.806379733058826,34.45891419260407,34.539518362932526
2021,36.88139681,36.585351246500004,34.9699273325,35.82699982205882,34.42270836339286,34.56247669486777
2022,36.878451083,36.5882969735,34.975982757320004,35.82959899294118,34.39608832307042,34.55749964588535
2023,36.88139681,36.569149748,34.97488301924,35.821974758352944,34.38605338173251,34.52719960959528
2024,36.8769782195,36.545583932,34.9683435053,35.80967201617647,34.30782515122892,34.5265124918822
2025,36.819536543,36.5765140655,34.939496580000004,35.73880129011765,34.39015954164317,34.54512603945683
2026,36.8563581305,36.577986929,34.95759235706462,35.735162450882356,34.404733183919696,34.533124925965936
2027,36.8799239465,36.585351246500004,34.95341032740158,35.75335664705882,34.49158630823365,34.5186104589032
2028,36.888761127500004,36.610389926,34.96796653618673,35.77570951664706,34.43710122201876,34.52777179793527
2029,36.900544035500005,36.613335653,34.97600369776658,35.76531283311765,34.214008338147025,34.527070140753345
2030,36.878451083,36.610389926,34.97807104733615,35.77796213141177,34.23905252355731,34.4858207377512
2031,36.8917068545,36.6148085165,34.97572019330709,35.78905192717647,34.26718321586109,34.519362648050176
2032,36.882869673500004,36.622172834,34.96529581082692,35.82492048535294,34.35146841541513,34.52153466443169
2033,36.899071172,36.6324828785,34.982805854922006,35.80655301111765,34.44854685615385,34.53820487818182
2034,36.88139681,36.6354286055,34.95398175412791,35.83046538323529,34.47650969614593,34.542381019246235
2035,36.884342537,36.5529482495,34.95759096744186,35.804820230529415,34.42604356309372,34.530171077272726
2036,36.888761127500004,36.6148085165,34.95685517,35.78801225882353,34.521741522624275,34.51612943246168
2037,36.8740324925,36.5794597925,34.973848121012935,35.812964299294116,34.361162161003314,34.54104416109233
2038,36.8710867655,36.536746751,34.962872772031254,35.792170932235294,34.30971216989207,34.524850629563126
2039,36.8740324925,36.585351246500004,34.95542586232558,35.81019185035294,34.33437151050831,34.511241076080765
2040,36.866668175,36.5706226115,34.94439188411024,35.77432329217647,34.40658223690128,34.4931417971175
2041,36.860776721,36.5676768845,34.95529339348032,35.78818553688235,34.38517655179416,34.505886119730725
2042,36.8799239465,36.5529482495,34.940814704576,35.770337896823534,34.32576294619247,34.507427753400506
2043,36.8769782195,36.548529659,34.92453238800689,35.77363017994118,34.29461838824208,34.5264149719069
2044,36.840156632,36.5441110685,34.905936174714284,35.76947150652941,34.31341163106874,34.50875520669639
2045,36.8504666765,36.569149748,34.91716338696154,35.779694912000004,34.3155455528059,34.50525308491643
2046,36.857830994000004,36.5676768845,34.919856186831055,35.76947150652941,34.38699238406685,34.51778483529833
2047,36.8534124035,36.566204021000004,34.94119609703629,35.797369274000005,34.37378192714479,34.50317097935484
2048,36.848993813,36.5706226115,34.91065496579133,35.76115415970588,34.330444761021965,34.52213727636364
2049,36.8622495845,36.5647311575,34.95139387226915,35.621492044294115,34.30275778684281,34.55257055620895
2050,36.816590816,36.569149748,34.93837672503937,35.70033356105883,34.32812155907296,34.516083012981134
2051,36.8475209495,36.536746751,34.94076710190476,35.70431895641177,34.408228615905095,34.479847476772264
2052,36.8357380415,36.5500025225,34.87556872607955,35.69565505347059,34.29543816581442,34.49228435172788
2053,36.8504666765,36.551475386,34.86217770121092,35.71107680070588,34.27717568678733,34.493317124187286
2054,36.8563581305,36.551475386,34.868229964129036,35.731177055529415,34.364470914969154,34.500265626028025
2055,36.863722448000004,36.569149748,34.89321847221374,35.70501206864706,34.38345915875165,34.46885915910989
2056,36.857830994000004,36.569149748,34.89171400513943,35.739494402352946,34.30928706277281,34.49285194431782
2057,36.8563581305,36.569149748,34.8969518545035,35.710383688470586,34.40441703701948,34.460743081785715
2058,36.8563581305,36.5175995255,34.91583088047433,35.72441921123529,34.3850628303244,34.49941051074354
2059,36.8504666765,36.5441110685,34.881469898387095,35.72701838211765,34.29410285456426,34.520872640022816
2060,36.8681410385,36.5617854305,34.86878548584615,35.72233987452941,34.312647265307056,34.47668444252632
2061,36.837210905,36.572095475,34.87601324866569,35.750757476176474,34.312967899349005,34.50238071575316
2062,36.837210905,36.569149748,34.867667620215386,35.74971780782353,34.30688193423535,34.507877279750005
2063,36.8445752225,36.5706226115,34.85441399623406,35.75855498882353,34.36199126588068,34.480969334240584
2064,36.8445752225,36.5647311575,34.87461014756198,35.78593292211765,34.3696556125492,34.511669088297786
2065,36.848993813,36.5558939765,34.85830332820705,35.745559134411764,34.38054259608873,34.49887272789773
2066,36.8298465875,36.560312567000004,34.85041717854327,35.72199331841177,34.371848394710746,34.47464100853933
2067,36.8534124035,36.5617854305,34.875852398216345,35.7214734842353,34.346326644212375,34.48739987634445
2068,36.848993813,36.5175995255,34.86375655240695,35.712463025176476,34.242318426093675,34.47731879755725
2069,36.8327923145,36.563258294,34.866121108997596,35.715582030235296,34.30412534200837,34.50049782813494
2070,36.8327923145,36.566204021000004,34.877759989112725,35.72563215764706,34.36545508375408,34.513633755128104
2071,36.843102359,36.5588397035,34.874487321629104,35.74867813947059,34.40949313170213,34.52584778070894
2072,36.846048086,36.5676768845,34.882711379499106,35.72823132852941,34.35448996757374,34.49705894505657
2073,36.851939540000004,36.585351246500004,34.89068609660107,35.735509007000005,34.30878586957102,34.50103820467244
2074,36.851939540000004,36.601552745,34.89967725887947,35.72979083105882,34.312570298466134,34.531392807364895
2075,36.8946525815,36.5706226115,34.907240158702365,35.72476576735294,34.33468453061861,34.52896193320081
2076,36.8946525815,36.566204021000004,34.88325495351875,35.72511232347059,34.305888779360004,34.5001992411202
2077,36.9093812165,36.569149748,34.89524038025,35.71211646905883,34.25826924855302,34.51243496733443
2078,36.8563581305,36.6118627895,34.88814363019123,35.721820040352945,34.20267988830015,34.52685008720395
2079,36.8445752225,36.6089170625,34.8920016642742,35.69738783405882,34.106134659044685,34.53489866011539
2080,36.8445752225,36.6089170625,34.88980056188312,35.71367597158824,34.17582492767777,34.53257696685714
2081,36.8298465875,36.6118627895,34.87604958519481,35.726845104058825,34.367210168551864,34.52042897695688
2082,36.8210094065,36.625118561,34.879792847589286,35.70466551252942,34.31478678866567,34.533507718481225
2083,36.8151179525,36.5735683385,34.89360492792208,35.7214734842353,34.29715834185129,34.52660335099041
2084,36.854885267,36.5735683385,34.88780732912,35.71887431335294,34.2509749861747,34.51752930046683
2085,36.882869673500004,36.560312567000004,34.86572434574703,35.731177055529415,34.33951459383034,34.5094543641479
2086,36.857830994000004,36.583878383,34.88399407273168,35.72459248929412,34.368305162137176,34.5177617140911
2087,36.863722448000004,36.5735683385,34.88727839810376,35.68872393111765,34.35231866404806,34.48398487227826
2088,36.8534124035,36.5676768845,34.86987597132212,35.70778451758824,34.28861668361924,34.491086572664095
2089,36.8416294955,36.572095475,34.864691613191965,35.70310601,34.3130964704,34.49228327545455
2090,36.975660074000004,36.795970727000004,35.07280435584616,35.836183559176476,34.48404703906204,34.71856752059609
2091,36.975660074000004,36.840156632,35.069516856217504,35.852125140588235,34.4817219337092,34.73393895250216
2092,36.9771329375,36.807753635,35.067007016445054,35.844674184058825,34.499730617387435,34.73503784301085
2093,36.993334436,36.801862181000004,35.06435154606154,35.82699982205882,34.50186187189109,34.71059777312329
2094,36.996280163,36.8092264985,35.06675286102326,35.843114681529414,34.60018748925035,34.727392229606515
2095,36.9918615725,36.798916454,35.07457007453488,35.84398107182353,34.61047157351107,34.69515872105313
2096,36.984497255,36.8003893175,35.05593644722377,35.832544719941176,34.573928440153914,34.69119527803059
2097,36.984497255,36.837210905,35.063871161833106,35.849006135529415,34.58198921300806,34.690277021162906
2098,37.000698753500004,36.8740324925,35.06361154164792,35.84796646717647,34.603826500885894,34.724655837952355
2099,36.993334436,36.8327923145,35.07845825397959,35.86165543382353,34.56506124044104,34.77099284900417
2100,37.034574614,36.8121722255,35.07423441337867,35.84363451570589,34.53959440922021,34.74072669176796
2101,37.0301560235,36.878451083,35.08146869998032,35.81348413347059,34.515440466424,34.80290851272642
2102,37.0301560235,36.884342537,35.07270369491477,35.80187450352941,34.52655815849389,34.771752851214785
2103,37.013954525,36.875505356000005,35.084767621925465,35.791131263882356,34.543741861739136,34.75828233338843
2104,37.006590207500004,36.837210905,35.05769978580174,35.72788477241177,34.588130122397715,34.74134473604488
2105,37.0389932045,36.8327923145,35.081962663478265,35.77137756517647,34.62002655602643,34.76034754397722
2106,37.022791706,36.838683768500005,35.076719915,35.729964109117645,34.655933283984965,34.7339545536
2107,37.022791706,36.784187819,35.050951026563936,35.726671826,34.701863942966106,34.760544078761406
2108,37.024264569500005,36.8180636795,35.05868863564516,35.66567794929412,34.71143308342697,34.724882211353496
2109,36.9948072995,36.7562034125,35.05468181343549,35.705705180882354,34.61011976005894,34.7020661993921
2110,36.9830243915,36.826900860500004,35.056248407551024,35.726845104058825,34.4957602832,34.7009373686076
2111,36.9918615725,36.851939540000004,35.062038631087745,35.735509007000005,34.593976376574744,34.72914666989267
2112,36.9830243915,36.8475209495,35.0644592027907,35.732736558058825,34.62790150645533,34.73479786781293
2113,36.9948072995,36.828373724,35.0515179987013,35.73689523147059,34.53391317970825,34.73246101930588
2114,36.9830243915,36.8445752225,35.05524059116279,35.78177424870589,34.471768534594595,34.73224348625
2115,36.987442982000005,36.834265178,35.06068718372093,35.79528993729412,34.57590153848425,34.73538989858676
2116,36.96976862,36.834265178,35.06112268398286,35.80655301111765,34.567790946593185,34.72703116427056
2117,36.9948072995,36.8327923145,35.05017518283465,35.806206455,34.61651025481445,34.75555349781237
2118,36.9948072995,36.825427997,35.03794921486872,35.78991831747059,34.61327277624454,34.73345360682664
2119,36.9918615725,36.8239551335,35.040124418613914,35.78541308794118,34.627197351853226,34.757321207242974
2120,37.0036444805,36.828373724,35.04901760544186,35.763233496411765,34.582409901861155,34.74013530547448
2121,36.9889158455,36.838683768500005,35.0632941056,35.78108113647059,34.58544238197675,34.75770367265358
2122,36.975660074000004,36.8445752225,35.06445739048173,35.779348355882355,34.5652219628,34.74636760337463
2123,36.981551528000004,36.851939540000004,35.08528839141127,35.751450588411764,34.48551860445361,34.76060855146433
2124,36.975660074000004,36.8327923145,35.06498013763466,35.71679497664706,34.55355013399706,34.7354858272096
2125,36.9830243915,36.834265178,35.08406120461539,35.74261340741177,34.554931864145985,34.75188061630453
2126,36.9830243915,36.807753635,35.08186379967742,35.732736558058825,34.588374766870984,34.74400712254826
2127,36.9771329375,36.807753635,35.07793996238095,35.75283681288236,34.51150422477204,34.74799885653044
2128,36.975660074000004,36.810699362,35.05076359240276,35.741227182941174,34.55090919227867,34.752597935597535
2129,36.9830243915,36.8210094065,35.07179256248829,35.764099886705885,34.562308826473384,34.76233081106221
2130,36.9741872105,36.8062807715,35.0871399475,35.73793489982353,34.608633239130434,34.74501380142293
2131,36.9712414835,36.8092264985,35.07459871785714,35.756995486294116,34.55418588341989,34.759242357028285
2132,36.937365623000005,36.804807908,35.08197868876033,35.73880129011765,34.5434159197997,34.75686889392405
2133,36.925582715000004,36.807753635,35.076000743916865,35.71419580576471,34.528010426508175,34.74152081224439
2134,36.978605801,36.801862181000004,35.079995034214875,35.70709140535294,34.54785520524952,34.73615983113288
2135,36.949148531,36.8121722255,35.067477650487874,35.70553190282353,34.50800511998044,34.75905704065455
2136,36.9771329375,36.793025,35.08084259570248,35.69236277035294,34.48396164063663,34.724500551296615
2137,36.978605801,36.8121722255,35.10682269961653,35.67451513029412,34.47221089336904,34.75735862587705
2138,36.978605801,36.8121722255,35.08729363448824,35.68560492605882,34.47094133044511,34.7312691693299
2139,36.9800786645,36.8121722255,35.09133831815889,35.670703013,34.480548337991,34.735156435593225
2140,36.978605801,36.7503119585,35.07832337376413,35.68629803829412,34.513943058173915,34.71573821885984
2141,36.966822893,36.82248227,35.0995971477686,35.686991150529416,34.589080653540314,34.72921466488372
2142,36.984497255,36.7974435905,35.107277027731094,35.61889287341177,34.522731788153244,34.77986435045811
2143,36.972714347,36.804807908,35.08282006742857,35.59636672576471,34.51656472981328,34.746929510889075
2144,36.9682957565,36.6913974185,35.047744695384615,35.65736060247059,34.585828809411765,34.68854282697674
2145,36.972714347,36.7385290505,35.070964325519235,35.62998266917647,34.56295462273685,34.780669651030195
2146,36.944729940500004,36.689924555000005,35.070879352625,35.66689089570588,34.61299979158898,34.74611626813514
2147,36.9682957565,36.689924555000005,35.06791269027425,35.64609752864706,34.559670333493386,34.784956816532734
2148,36.949148531,36.639847196000005,35.07156937060925,35.599659008882355,34.51574766432613,34.79443267335969
2149,36.943257077,36.709071780500004,35.06041615638938,35.66758400794118,34.54811083627517,34.78003699683788
2150,36.975660074000004,36.8121722255,35.07706976559561,35.682485921,34.57591829957447,34.757245735700415
2151,36.993334436,36.828373724,35.09669255517242,35.701373229411764,34.64074144181272,34.74396007719943
2152,37.000698753500004,36.8917068545,35.08255162565486,35.69860078047059,34.58714999787657,34.798358579697386
2153,36.975660074000004,36.819536543,35.09419323144737,35.69218949229412,34.61712706559242,34.790615103244406
2154,36.975660074000004,36.8180636795,35.067853578695654,35.67642118894118,34.53702619542081,34.7609441773391
2155,36.987442982000005,36.810699362,35.07061979061476,35.64852342147059,34.47438988324848,34.75441194617734
2156,36.9830243915,36.810699362,35.069970166978926,35.68075314041177,34.51975810353541,34.75582348360456
2157,36.9859701185,36.813645089000005,35.07957668857143,35.6772875792353,34.48778447147982,34.76494174401484
2158,36.978605801,36.807753635,35.07424733498829,35.68231264294118,34.46830745446617,34.74494453751274
2159,36.975660074000004,36.8239551335,35.07549574504132,35.68664459441177,34.48279944818228,34.778449464453125
2160,36.978605801,36.798916454,35.07403393649836,35.69738783405882,34.50194504112853,34.73556166149138
2161,36.9830243915,36.813645089000005,35.05837275622951,35.70743796147059,34.53656233993927,34.770144433517586
2162,36.984497255,36.798916454,35.07536587538462,35.63726034764706,34.528133241998944,34.743193118987996
2163,36.9830243915,36.804807908,35.07479956,35.61941270758824,34.4684229098203,34.75949779589678
2164,36.984497255,36.8033350445,35.080885139342435,35.61126863882353,34.50657823492133,34.75251161102144
2165,36.9682957565,36.760622003,35.0871481426087,35.56361717264706,34.535897991914894,34.768357748282476
2166,36.987442982000005,36.798916454,35.082390625963114,35.6095358582353,34.54270588239674,34.76500623989597
2167,36.990388709,36.816590816,35.08368611435057,35.61594714641176,34.55411612506369,34.752223331355715
2168,36.981551528000004,36.7974435905,35.06294709403226,35.64990964594118,34.54307591046056,34.739019681171875
2169,36.9830243915,36.7827149555,35.0859211208,35.65857354888235,34.54935525183099,34.73129411799228
2170,36.993334436,36.775350638,35.0650615418,35.65926666111765,34.534706537130845,34.73024764947826
2171,36.9889158455,36.7532576855,35.08038766,35.64176557717647,34.59563328044181,34.75245753426415
2172,36.9918615725,36.7385290505,35.07334885376,35.60260473588235,34.47050384318721,34.72818994125461
2173,37.0036444805,36.8416294955,35.07895000422957,35.61889287341177,34.53422537903504,34.745976140305736
2174,37.000698753500004,36.819536543,35.08223953720315,35.638819850176475,34.55470567514706,34.723911699588236
2175,36.975660074000004,36.7473662315,35.04958222153226,35.60139178947059,34.5777319307322,34.70058600073976
2176,36.9800786645,36.8121722255,35.05734897243532,35.61456092194118,34.50669775002474,34.707073312451364
2177,36.9859701185,36.82248227,35.060703736142855,35.629289556941174,34.535072652232145,34.71461213936759
2178,36.987442982000005,36.819536543,35.07395981936,35.622704990705884,34.507791869795916,34.720088403064516
2179,36.9800786645,36.725273279,35.07153710576923,35.64436474805883,34.52196831309965,34.70549252449538
2180,36.9771329375,36.8563581305,35.0715751642576,35.648869977588234,34.533708834241324,34.71722534220628
2181,36.9741872105,36.8475209495,35.072206219534884,35.651295870411765,34.504285281234324,34.72650248604839
2182,36.937365623000005,36.8121722255,35.04108950054436,35.642285411352944,34.561751345338685,34.698850115517246
2183,36.9388384865,36.778296365,35.06083012770313,35.63985951852941,34.533899880358604,34.708167413451804
2184,36.928528442,36.7915521365,35.03277494852823,35.66134599782353,34.54950602726633,34.68761888551154
2185,36.9358927595,36.82248227,35.05914974783162,35.65025620205883,34.58539314820329,34.70500508442897
2186,36.9417842135,36.8327923145,35.057070313169234,35.66255894423529,34.5403301786961,34.72432806269497
2187,36.943257077,36.8357380415,35.06505693910157,35.68976359947059,34.54195008401665,34.72553827749526
2188,36.94031135,36.8327923145,35.055520337316636,35.652162260705886,34.475218786020406,34.73211455208731
2189,36.934419896,36.837210905,35.05976836723721,35.62894300082353,34.49412617246303,34.72900399139344
2190,36.9329470325,36.834265178,35.05935136330769,35.57782597347059,34.500809107402134,34.73029924890491
2191,36.944729940500004,36.8327923145,35.06232967725742,35.56188439205883,34.485032407200805,34.72621452688228
2192,36.9358927595,36.831319451,35.058236216158406,35.609016024058825,34.53512451917125,34.7116847665625
2193,36.943257077,36.834265178,35.072186154064624,35.63188872782353,34.58710914138848,34.72751597338248
2194,36.928528442,36.8298465875,35.069327378627676,35.61594714641176,34.54594791683689,34.72407766325032
2195,36.9358927595,36.82248227,35.06563831669291,35.653028651,34.54399500496314,34.72597606875416
2196,36.943257077,36.826900860500004,35.04232801057143,35.64245868941177,34.577463113419476,34.7163712184078
2197,36.9152726705,36.795970727000004,35.03012833429696,35.647137197,34.499222555884856,34.737713062813995
2198,36.899071172,36.719381825,35.022971547030416,35.64679064088236,34.55172979553719,34.74420009452632
2199,36.916745534,36.7503119585,34.98768254558139,35.628249888588236,34.53993973997267,34.72780299692248
2200,36.9182183975,36.731164733,35.0054986207026,35.65250881682353,34.506813545,34.74221120870526
2201,36.9300013055,36.7620948665,35.02238019972441,35.67538152058824,34.531903409283345,34.7262257462659
2202,36.943257077,36.67519592,34.989906485075835,35.68439197964706,34.50506942353425,34.746434876754286
2203,36.9388384865,36.766513457,35.02656457706761,35.668103842117645,34.53807025559389,34.68376337466488
2204,36.9417842135,36.784187819,35.033510215028066,35.66515811511765,34.49105717858,34.70097870870897
2205,36.943257077,36.760622003,35.063796415510204,35.66377189064706,34.53967444373399,34.73070697254919
2206,36.943257077,36.804807908,35.04311749418132,35.62322482488236,34.46765105120366,34.727836985635975
2207,36.9417842135,36.769459184,35.07126159577143,35.57297418782353,34.482302501946,34.72132782218984
2208,36.946202804,36.7562034125,35.0747865321875,35.622358434588236,34.487534600000004,34.72294633758281
2209,36.937365623000005,36.804807908,35.089261208,35.584410539705885,34.513901015056305,34.74338057832435
2210,36.957985712,36.816590816,35.084534761088,35.62201187847059,34.487473466245355,34.718449005290104
2211,36.962404302500005,36.751784822000005,35.095903064,35.63396806452941,34.5031784541593,34.704514576479596
2212,36.950621394500004,36.757676276,35.07486125446869,35.6154273122353,34.453463819564114,34.69569182186722
2213,36.957985712,36.757676276,35.07690146387097,35.62547743964706,34.462677156338884,34.70272049070984
2214,36.9535671215,36.751784822000005,35.08607278471312,35.62807661052941,34.47900665877119,34.69053840314607
2215,36.9653500295,36.760622003,35.094561920000004,35.65025620205883,34.46832797302137,34.714901240529414
2216,36.9476756675,36.7532576855,35.08262067150413,35.656320934117645,34.450764827042256,34.721262525195996
2217,36.950621394500004,36.7296918695,35.08764222942623,35.63431462064706,34.44873250953416,34.70007662487104
2218,36.955039985,36.703180326500004,35.0870570952621,35.63396806452941,34.452922350212766,34.70181776791126
2219,36.957985712,36.695816009,35.07243536164516,35.63136889364706,34.483271348804124,34.69795488192863
2220,36.9476756675,36.686978828,35.05742840659016,35.605897019000004,34.46546287617834,34.69387863344828
2221,36.9535671215,36.6884516915,35.066270168,35.58648987641177,34.443184405360505,34.69330783882107
2222,36.9358927595,36.676668783500006,35.06933126222581,35.58562348611765,34.429169627387296,34.698470762383295
2223,36.9388384865,36.701707463000005,35.05781109090909,35.536932351588234,34.403457558620325,34.67775302047306
2224,36.9358927595,36.7797692285,35.069618115384614,35.55426015747059,34.431239592050474,34.7050937024
2225,36.94031135,36.7620948665,35.076520419830004,35.590301993705886,34.40891877628572,34.71728127592728
2226,36.9300013055,36.716436098,35.06529078587702,35.574187134235295,34.497558325239346,34.67709138686793
2227,36.9300013055,36.710544644,35.06474405167932,35.563270616529415,34.47905340166667,34.69329507730721
2228,36.9329470325,36.6796145105,35.06598734171429,35.551487708529415,34.52056857818274,34.6729103396139
2229,36.946202804,36.663413012,35.06199009146402,35.59012871564706,34.433466937792424,34.68285333401055
2230,36.9388384865,36.7238004155,35.039930282308575,35.57210779752941,34.415592127362025,34.69584575881342
2231,36.9388384865,36.722327552,35.045536242677166,35.569508626647064,34.49766367713999,34.70004851561484
2232,36.9300013055,36.7355833235,35.0380331328125,35.63743362570588,34.517983028630624,34.69637463915884
2233,36.9241098515,36.663413012,35.02351784457255,35.64731047505882,34.554584347151106,34.70013560014616
2234,36.8917068545,36.698761736,35.04843094133543,35.598792618588234,34.434675659017074,34.69630296854772
2235,36.9241098515,36.714963234500004,35.05493260496,35.63847329405883,34.5148039853862,34.70473658344178
2236,36.919691261000004,36.713490371,35.05849583443899,35.61716009282353,34.51530248786271,34.70393582136882
2237,36.9211641245,36.70465319,35.066200013248846,35.58129153464706,34.47385787746822,34.71713545909351
2238,36.9211641245,36.703180326500004,35.067857304516366,35.53398662458824,34.48491622579002,34.68427970181132
2239,36.9182183975,36.669304466,35.054273553602485,35.55079459629412,34.47274087763117,34.689852372335764
2240,36.875505356000005,36.672250193,35.011916886114285,35.54161085917647,34.53507358821556,34.656333923386065
2241,36.913799807000004,36.6737230565,35.001689667559056,35.569508626647064,34.543008508362696,34.661420306000004
2242,36.919691261000004,36.67519592,35.02078285799685,35.57626647094118,34.43393766766582,34.66165013492102
2243,36.9182183975,36.67519592,35.00983340919471,35.581984646882354,34.49808213875,34.65525859540146
2244,36.9034897625,36.64573865,35.01640369848819,35.577306139294116,34.497482334281365,34.644176317150105
2245,36.931474169,36.6589944215,35.03434181737143,35.583544149411765,34.51298450115619,34.67287547842365
2246,36.931474169,36.6589944215,35.01427692284676,35.58285103717647,34.49904203367315,34.669598178143566
2247,36.9329470325,36.654575831,35.03615601114286,35.59359427682353,34.529272171693385,34.67019642342203
2248,36.928528442,36.654575831,35.01958512782857,35.59012871564706,34.54469583666667,34.65806954962838
2249,36.928528442,36.654575831,35.013063661574805,35.60520390676471,34.50822019835115,34.662233496982545
2250,36.916745534,36.6707773295,35.028216130204086,35.635354289,34.49672528048436,34.660077112887706
2251,36.912326943500005,36.6796145105,35.04597668782609,35.63414134258824,34.454425223226146,34.700278079130435
2252,36.9329470325,36.6737230565,35.04829671621118,35.594460667117644,34.38922535589314,34.689616693513514
2253,36.9152726705,36.686978828,35.03488600923229,35.60832291182353,34.40865123775951,34.669765077176976
2254,36.91085408,36.672250193,35.04302750384,35.59463394517647,34.407260861015544,34.688808312645634
2255,36.9152726705,36.7061260535,35.05599992445714,35.612135029117646,34.458543952414864,34.68840231803265
2256,36.9152726705,36.6884516915,35.0532267890048,35.6022581797647,34.4879780531184,34.68494096784558
2257,36.9152726705,36.701707463000005,35.0604096497216,35.60659013123529,34.498832544916496,34.68691000836182
2258,36.9152726705,36.692870282,35.05433454173913,35.60191162364706,34.4849999975,34.687771360887965
2259,36.916745534,36.707598917,35.06040729314,35.61265486329412,34.50689115973764,34.69386412173585
2260,36.916745534,36.6884516915,35.0594167625,35.60641685317647,34.50430510273461,34.683405819187556
2261,36.9182183975,36.7002345995,35.06363777375,35.61906615147059,34.48610937816514,34.69593243119019
2262,36.9182183975,36.6796145105,35.0561668832,35.63119561558824,34.45819180088432,34.68959142970355
2263,36.9211641245,36.6913974185,35.06998110699964,35.633621508411764,34.5631846645332,34.689775922
2264,36.916745534,36.6972888725,35.06011526041652,35.63032922529412,34.53429624056338,34.68723692717992
2265,36.916745534,36.6913974185,35.065764715341935,35.58423726164706,34.52819652069173,34.691293786284064
2266,36.916745534,36.684033101000004,35.0550642535,35.56846895829412,34.52355900634404,34.702922043702216
2267,36.919691261000004,36.642792923,35.06274278835347,35.51094064276471,34.38801113450605,34.72304834200477
2268,36.916745534,36.725273279,35.054146108695974,35.52948139505882,34.4778144992,34.686058202988036
2269,36.9182183975,36.7238004155,35.06189073858161,35.533466790411765,34.52553649476984,34.677294027932206
2270,36.9270555785,36.754730549,35.06051900540984,35.560844723705884,34.566808104481574,34.67539213975871
2271,36.928528442,36.7591491395,35.05566578816269,35.571414685294116,34.55055305602892,34.668804200524704
2272,36.9270555785,36.6707773295,35.04780053181452,35.580078588235295,34.63594638065227,34.62813011610146
2273,36.9329470325,36.6825602375,35.05374389677419,35.62287826876471,34.518912926121324,34.6328252
2274,36.931474169,36.710544644,35.042440228742855,35.61317469747059,34.47055330650024,34.67445260971831
2275,36.9388384865,36.7296918695,35.037308865824,35.61871959535294,34.46661357585673,34.7057517988432
2276,36.928528442,36.695816009,35.03267537752571,35.60641685317647,34.475787611559724,34.68406694666372
2277,36.9388384865,36.70465319,35.057991797,35.59861934052941,34.510020724172875,34.64054653055166
2278,36.931474169,36.725273279,35.04196402086154,35.61560059029412,34.76344558205794,34.64113080127637
2279,36.9241098515,36.642792923,35.038015218983055,35.60936258017647,34.54864138830422,34.66106103231018
2280,36.919691261000004,36.654575831,35.03876223751553,35.63396806452941,34.467691241011295,34.67676098262009
2281,36.934419896,36.5971341545,35.02795573694915,35.596193447705886,34.58632934330571,34.622167197456314
2282,36.943257077,36.651630104,35.0349192350527,35.53797201994118,34.582561021523894,34.56047081221248
2283,36.922636988,36.663413012,35.052112862786885,35.63587412317647,34.480509343266974,34.592172916560514
2284,36.904962626,36.663413012,35.01340996095161,35.580425144352944,34.541330512236435,34.58968543194252
2285,36.925582715000004,36.681087374,35.02532170950609,35.62443777129412,34.53408353596845,34.6081232009427
2286,36.950621394500004,36.669304466,35.01851738149148,35.59948573082353,34.52936531730004,34.5952576871547
2287,36.9152726705,36.6707773295,35.040885101140624,35.64557769447059,34.526797546643806,34.61559007833259
2288,36.9152726705,36.672250193,35.02683566857143,35.642805245529416,34.56510047794501,34.631137152187236
2289,36.928528442,36.6796145105,35.03042655187852,35.676767745058825,34.567479337214024,34.63780305171304
2290,36.928528442,36.669304466,35.04287777312538,35.656320934117645,34.518123448343275,34.6299506647606
2291,36.928528442,36.6177542435,35.043149133858066,35.64141902105882,34.41158011381166,34.680939982351454
2292,36.9270555785,36.6943431455,35.04105246402286,35.66966334464706,34.5114708176728,34.652327827420194
2293,36.9182183975,36.7061260535,35.0559242,35.68439197964706,34.53568180012961,34.65619984787611
2294,36.9270555785,36.6796145105,35.050266682608694,35.66515811511765,34.45102678218935,34.65929196539088
2295,36.9241098515,36.672250193,35.036472759785624,35.673648740000004,34.46318259871663,34.68437031052062
2296,36.9417842135,36.6737230565,35.04997555631148,35.70466551252942,34.59706391696656,34.65483044431339
2297,36.9417842135,36.666358739,35.05237420877551,35.706051737,34.518743434117646,34.6498754027907
2298,36.934419896,36.6943431455,35.0616761153739,35.667410729882356,34.39799234072912,34.675355124231096
2299,36.9388384865,36.722327552,35.051815272645165,35.698254224352944,34.594870545735816,34.695176639025256
2300,36.928528442,36.686978828,35.04171081062857,35.6389931282353,34.46694135863592,34.66548770733223
2301,36.9211641245,36.651630104,35.0446676846336,35.61438764388235,34.530272322400755,34.67823485531951
2302,36.9152726705,36.6442657865,35.034411841510405,35.58735626670588,34.57980569760949,34.62393178632599
2303,36.9300013055,36.6737230565,35.03796007410715,35.670009900764704,34.60735037022326,34.61006834848893
2304,36.931474169,36.689924555000005,35.02222556838583,35.64956308982353,34.49804209849373,34.6541375414885
2305,36.931474169,36.710544644,35.0282601896769,35.67382201805883,34.57438299365403,34.60647109004634
2306,36.9300013055,36.7002345995,35.03307737482565,35.67122284717647,34.58003949859341,34.611768707
2307,36.922636988,36.648684377,35.0559738580315,35.67850052564706,34.55432665428965,34.586141135823254
2308,36.900544035500005,36.647211513500004,35.0384547973185,35.69409555094118,34.417103332789374,34.647380755597595
2309,36.934419896,36.6619401485,35.045573332380954,35.69842750241177,34.53795851814168,34.65265095397841
2310,36.934419896,36.648684377,35.018453940952384,35.70258617582353,34.5048993002646,34.63658978395605
2311,36.9476756675,36.676668783500006,35.0212593952381,35.673648740000004,34.4954664882082,34.63803644888268
2312,36.925582715000004,36.669304466,35.01418756426911,35.701026673294116,34.462672847596686,34.61657622854345
2313,36.9329470325,36.657521558,35.014986155385046,35.679886750117646,34.46237010973468,34.61237150833054
2314,36.9417842135,36.660467285,35.02784253509699,35.70743796147059,34.49396646467915,34.64372911864023
2315,36.943257077,36.631010015,35.030216712186046,35.68491181382353,34.48465864360428,34.62541456603773
2316,36.900544035500005,36.636901469,34.997668178927164,35.681792808764705,34.48929478606557,34.59335132956897
2317,36.9241098515,36.595661291,35.039282282184786,35.68352558935294,34.434447726173666,34.6375449207645
2318,36.904962626,36.6324828785,35.026958905581395,35.66169255394118,34.50150463824934,34.63032334967124
2319,36.88139681,36.639847196000005,35.04545404645625,35.68629803829412,34.514197055710866,34.65856439805508
2320,36.888761127500004,36.631010015,35.023090823504,35.6596132172353,34.321079479407615,34.646856162815794
2321,36.863722448000004,36.633955742,35.048230396384014,35.69305588258824,34.4981155196392,34.67166458479058
2322,36.8622495845,36.6295371515,35.0528357418864,35.69097654588236,34.391637652645294,34.665372560291615
2323,36.890233991,36.625118561,35.02111832,35.65424159741177,34.38578102168084,34.64994376445283
2324,36.88139681,36.636901469,35.028914620806454,35.68369886741176,34.445607884,34.6454682927438
2325,36.8740324925,36.622172834,35.042752086413934,35.67815396952941,34.48748135374445,34.654618688906716
2326,36.854885267,36.6000798815,35.02421278666906,35.676767745058825,34.46585824474316,34.63010580992757
2327,36.8710867655,36.603025608500005,35.02463617538628,35.6890704872353,34.57469394923077,34.64396287863026
2328,36.884342537,36.664885875500005,35.00946318673888,35.65788043664706,34.61669811647114,34.59148166315789
2329,36.8858154005,36.603025608500005,35.023907771792004,35.649389811764706,34.48593686211136,34.57848635594
2330,36.890233991,36.610389926,35.00847552885715,35.641938855235296,34.495256799158796,34.59319027772472
2331,36.8710867655,36.569149748,35.030958836233765,35.621145488176474,34.45354519102302,34.56942431176637
2332,36.875505356000005,36.566204021000004,35.04117715088,35.61716009282353,34.48629608490678,34.556640903718595
2333,36.8769782195,36.566204021000004,35.03263364210234,35.62478432741177,34.478184769249374,34.58344971257583
2334,36.913799807000004,36.601552745,35.01431901863871,35.597059838,34.539470898135974,34.6438568168523
2335,36.893179718,36.601552745,35.01947227149606,35.647830309235296,34.53312838517164,34.56437289328096
2336,36.9093812165,36.6177542435,35.02121273311811,35.652855372941175,34.49024064142539,34.59690190916157
2337,36.899071172,36.622172834,35.00998649793701,35.65250881682353,34.50547705775,34.61300200349933
2338,36.8975983085,36.622172834,35.00172225270703,35.66619778347059,34.599493370162165,34.59016083918186
2339,36.896125445,36.604498472,35.005486725984255,35.67538152058824,34.56246096299639,34.63733755912427
2340,36.9034897625,36.6295371515,34.98960159330049,35.6655046712353,34.64051468942973,34.63447292400685
2341,36.902016899,36.6089170625,35.00616091862047,35.62634382994118,34.616711131753426,34.61443992845936
2342,36.9064354895,36.633955742,35.00532105550108,35.62166532235294,34.523751724393215,34.61772091206546
2343,36.9182183975,36.6000798815,34.994713217,35.664811559,34.55400601894166,34.616094348324026
2344,36.9211641245,36.5765140655,35.00790928362205,35.64211213329412,34.40154339040903,34.6668851684375
2345,36.913799807000004,36.619227107,34.99783484153061,35.649736367882355,34.44218146030858,34.65725755710183
2346,36.8799239465,36.628064288000004,34.97248969523871,35.61716009282353,34.50970286306613,34.640068576644474
2347,36.8946525815,36.6236456975,34.972755760903226,35.64436474805883,34.41431438326151,34.67555282430693
2348,36.875505356000005,36.6501572405,34.9783787359447,35.65684076829412,34.413089386508986,34.6800616563136
2349,36.8799239465,36.628064288000004,34.96684607259843,35.64523113835294,34.46753324159036,34.66750200333618
2350,36.884342537,36.6619401485,34.98211710682651,35.63084905947059,34.42992908616877,34.658509657825725
2351,36.888761127500004,36.628064288000004,34.986521900296566,35.60676340929412,34.36717290611139,34.66875836416141
2352,36.893179718,36.6295371515,34.990741406624025,35.59012871564706,34.34934312683453,34.659271697857996
2353,36.8917068545,36.6589944215,35.003609748944,35.59168821817647,34.278827487431194,34.688637354057235
2354,36.893179718,36.6560486945,35.004647298717664,35.643498357764706,34.44681507948052,34.65694324034846
2355,36.896125445,36.6383743325,35.008200772582136,35.663425334529414,34.45378328702191,34.66608004119379
2356,36.900544035500005,36.6442657865,34.997631453984255,35.64488458223529,34.48444784,34.646551763597536
2357,36.893179718,36.642792923,35.00992257828125,35.62443777129412,34.46840704432432,34.63385088838217
2358,36.8769782195,36.6324828785,35.00424967527559,35.63708706958823,34.3915660446946,34.61859728457046
2359,36.8710867655,36.6589944215,34.9944295544,35.53208056594118,34.342009879730945,34.66009867887987
2360,36.8681410385,36.6442657865,34.976204310344826,35.51648554064706,34.269640468637775,34.66026417029004
2361,36.8799239465,36.6884516915,35.008662747681456,35.6154273122353,34.48315441151715,34.62317986170048
2362,36.8622495845,36.6589944215,34.99363779285714,35.598446062470586,34.51235569243698,34.66035306182729
2363,36.863722448000004,36.6442657865,35.007368430230414,35.59480722323529,34.48333059637907,34.650298934557014
2364,36.902016899,36.710544644,34.98537728857143,35.61508075611765,34.534002027986546,34.664547755045795
2365,36.8445752225,36.595661291,34.98785875338583,35.62617055188235,34.459552735302665,34.66900998024545
2366,36.8917068545,36.5941884275,34.990833022338066,35.63864657211765,34.46295062586224,34.64109129179249
2367,36.8769782195,36.591242700500004,35.007318711904766,35.607109965411766,34.45646480959543,34.625357492563175
2368,36.8799239465,36.5882969735,35.00889516682091,35.58111825658823,34.41012679481618,34.60148417172662
2369,36.8917068545,36.592715564,35.01459346484375,35.61126863882353,34.36947638451883,34.62711824482484
2370,36.888761127500004,36.598607018,35.01369901755102,35.637606903764706,34.45747843799163,34.632202526
2371,36.88139681,36.601552745,35.02940134043956,35.62010581982353,34.399990028375,34.64915639198723
2372,36.872559629,36.595661291,35.00128234406857,35.61126863882353,34.497054356720355,34.65676244234206
2373,36.872559629,36.604498472,35.002677590000005,35.60329784811765,34.39809118964706,34.644921067043825
2374,36.866668175,36.6000798815,35.003223095,35.63518101094118,34.430920161875,34.6479414840678
2375,36.8563581305,36.613335653,34.995879039114286,35.63518101094118,34.39434442697248,34.66975878842194
2376,36.872559629,36.6000798815,34.97414626718223,35.60069867723529,34.42812708306092,34.643599325701054
2377,36.8710867655,36.5706226115,34.96982550283721,35.587876100882355,34.41805042889642,34.64438422788104
2378,36.8681410385,36.5706226115,34.98029657411387,35.60243145782353,34.50014148174522,34.607084618797955
2379,36.8799239465,36.5706226115,35.01455463866221,35.61716009282353,34.4721967787709,34.59431000976744
2380,36.8622495845,36.5765140655,34.98093858144186,35.65146914847059,34.3915405238943,34.61313759505034
2381,36.860776721,36.6089170625,34.98463011923664,35.646963918941175,34.42155444384288,34.597367375000005
2382,36.831319451,36.6059713355,34.97353923061539,35.63084905947059,34.36286898613446,34.62527145911024
2383,36.838683768500005,36.676668783500006,34.973015389678,35.63275511811765,34.400179767849416,34.61959900407229
2384,36.8357380415,36.6059713355,34.96090024362126,35.617333370882356,34.350386817844786,34.61342886950739
2385,36.8475209495,36.6148085165,34.95828382910647,35.58423726164706,34.37274187339207,34.63447095281806
2386,36.8327923145,36.6059713355,34.944095861605895,35.60347112617647,34.321151450916375,34.621273826480206
2387,36.8092264985,36.607444199,34.93905940834182,35.540917746941176,34.28504601441763,34.63539527092734
2388,36.798916454,36.580932656,34.913355077272726,35.49846462252941,34.345184807768085,34.62497474915712
2389,36.7974435905,36.580932656,34.92185486532258,35.50972769635294,34.37933267829787,34.63206835330629
2390,36.776823501500004,36.616281380000004,34.917090904906836,35.49413267105882,34.32507912304866,34.61311537686259
2391,36.8327923145,36.631010015,34.90789438180572,35.494652505235294,34.396440458040644,34.64558365473866
2392,36.8740324925,36.628064288000004,34.93089520370783,35.527575336411765,34.37446256509348,34.63768293468974
2393,36.846048086,36.6236456975,34.909470423680006,35.54247724947059,34.378800396834535,34.62204846143043
2394,36.872559629,36.625118561,34.907841688055655,35.53710562964706,34.3670713771517,34.61694697083627
2395,36.869613902,36.6236456975,34.9285639169375,35.56379045070588,34.44742642390601,34.646188509792864
2396,36.851939540000004,36.633955742,34.92423723543937,35.57280090976471,34.46944405869902,34.63005378942921
2397,36.846048086,36.603025608500005,34.90061575215748,35.56500339711765,34.47192837683258,34.617034812188585
2398,36.846048086,36.580932656,34.886550485600004,35.54732903511765,34.49559658117468,34.59751606216477
2399,36.8416294955,36.591242700500004,34.89881002859375,35.577652695411764,34.451730605988026,34.628624788257355
2400,36.851939540000004,36.6324828785,34.8910795408625,35.56881551441177,34.4607308660525,34.6375073273842
2401,36.8622495845,36.6413200595,34.89573959600361,35.57245435364706,34.44693544943925,34.630642189972775
2402,36.884342537,36.653102967500004,34.87791587165354,35.556512772235294,34.46144392241451,34.61302067306353
2403,36.875505356000005,36.6619401485,34.90725871446299,35.569162070529416,34.451179678297876,34.64470187119363
2404,36.840156632,36.6148085165,34.902555130228365,35.53554612711765,34.42151797953751,34.61192534921788
2405,36.8504666765,36.631010015,34.91011038384487,35.52549599970588,34.39314404409712,34.6140851075
2406,36.890233991,36.6000798815,34.89704981902773,35.53762546382353,34.43959741072727,34.60338121699594
2407,36.882869673500004,36.6442657865,34.915844729988756,35.551487708529415,34.44363399513846,34.630471183087685
2408,36.8740324925,36.6059713355,34.920334166887756,35.5476755912353,34.430458238932786,34.62817633880531
2409,36.8504666765,36.591242700500004,34.904011456352755,35.55252737688235,34.464991132778884,34.61873027931915
2410,36.838683768500005,36.6089170625,34.899604329634556,35.55270065494118,34.433022555741935,34.63006085583481
2411,36.854885267,36.5971341545,34.90351840328459,35.55235409882353,34.433961213796955,34.631552437991786
2412,36.846048086,36.6206999705,34.8998391592126,35.528441726705886,34.413065546640084,34.617876192086996
2413,36.8357380415,36.631010015,34.912854431029096,35.45081315635294,34.388111442234255,34.655811364885494
2414,36.8563581305,36.58682411,34.90444619131608,35.44873381964706,34.41396441472782,34.63931868120482
2415,36.863722448000004,36.58682411,34.905984393459825,35.43920352641177,34.40388461248909,34.64209236729412
2416,36.8504666765,36.583878383,34.88384304817866,35.36382757082353,34.37837592081309,34.62591483254163
2417,36.8622495845,36.583878383,34.91055977918132,35.43487157494118,34.34123864456174,34.62005620466383
2418,36.863722448000004,36.58682411,34.896802328235886,35.48720154870588,34.41361035191045,34.60247301505723
2419,36.851939540000004,36.580932656,34.898791881754036,35.49725167611765,34.41724292089153,34.617691031405975
2420,36.819536543,36.5558939765,34.89993513265625,35.459130503176475,34.52802645557338,34.601999048820375
2421,36.82248227,36.583878383,34.90890934882117,35.50660869129412,34.42929357718447,34.64219983831517
2422,36.813645089000005,36.580932656,34.90126520377953,35.46606162552941,34.46075919721532,34.620127282294504
2423,36.831319451,36.58682411,34.900172691285285,35.47541864070588,34.46423538965321,34.62576055602597
2424,36.8298465875,36.580932656,34.87602817547794,35.515445872294116,34.402289640726416,34.63019790750212
2425,36.8151179525,36.5765140655,34.88118729091043,35.49066710988235,34.50311796262482,34.64447668131274
2426,36.8151179525,36.580932656,34.87437384755413,35.50851474994118,34.436935950729215,34.62747008284874
2427,36.828373724,36.591242700500004,34.88339078748524,35.49014727570589,34.524468000311174,34.640803210625
2428,36.807753635,36.5882969735,34.877645076109935,35.50071723729412,34.498522216613566,34.64932419137546
2429,36.816590816,36.591242700500004,34.8867344059333,35.49222661241177,34.52795242962656,34.66614860856785
2430,36.826900860500004,36.589769837,34.87766846151181,35.46363573270588,34.48629838818267,34.646034451614476
2431,36.8327923145,36.585351246500004,34.886980467363564,35.41373165176471,34.40158657283109,34.64888258348324
2432,36.82248227,36.563258294,34.88345747225,35.39467106529412,34.45538716062235,34.66411563898545
2433,36.831319451,36.566204021000004,34.858971362630314,35.38046226447059,34.42795764908826,34.63122723246253
2434,36.819536543,36.5617854305,34.87823896450431,35.40437463658824,34.40625221658036,34.65492232019525
2435,36.825427997,36.5765140655,34.88701915619888,35.41043936864706,34.505504654200195,34.66160992958904
2436,36.825427997,36.580932656,34.88519458966255,35.40108235347059,34.482330154742016,34.657123287118644
2437,36.825427997,36.575041202,34.88483013693665,35.42100933023529,34.47552844796883,34.66049907934496
2438,36.8180636795,36.572095475,34.876662824599514,35.424994725588235,34.481780323265305,34.65368608752224
2439,36.8210094065,36.5794597925,34.895435760102046,35.452026102764705,34.459575671502016,34.686685364472
2440,36.8121722255,36.580932656,34.882497165248004,35.40905314417647,34.51588300554839,34.680689685364435
2441,36.8239551335,36.5941884275,34.89716152594791,35.42291538888235,34.48509904174132,34.69140073319359
2442,36.7827149555,36.585351246500004,34.881264234869775,35.38912616741177,34.39096090893175,34.67947206080605
2443,36.775350638,36.5824055195,34.875029420000004,35.40333496823529,34.443992096583216,34.68266007663441
2444,36.793025,36.577986929,34.86962811433498,35.39484434335294,34.41809199590726,34.68296976813022
2445,36.766513457,36.5824055195,34.88082401903061,35.38375454758824,34.44537428205766,34.674522705479454
2446,36.7974435905,36.577986929,34.867632823652414,35.3915520602353,34.400581106953936,34.6671501246843
2447,36.801862181000004,36.585351246500004,34.83089828026575,35.39189861635294,34.3597086699307,34.66734999033013
2448,36.790079273,36.5735683385,34.861349361972735,35.40160218764706,34.351533918376866,34.669591128076625
2449,36.781242092,36.580932656,34.8861587800916,35.40108235347059,34.52959014987013,34.670370234307306
2450,36.76356773,36.5794597925,34.81375973119015,35.36088184382353,34.43019845876,34.664556714006764
2451,36.737056187,36.583878383,34.83617005661058,35.42447489141176,34.41257107513757,34.67984759307206
2452,36.707598917,36.5794597925,34.84241282327544,35.438683692235294,34.377359240403074,34.67114606310918
2453,36.713490371,36.560312567000004,34.81980179606105,35.40645397329412,34.42491094432032,34.66743433596848
2454,36.7473662315,36.5735683385,34.83053959078572,35.43781730194118,34.33690120383727,34.68057389201995
2455,36.7473662315,36.524963843,34.87536712062449,35.39553745558824,34.36365229479339,34.7184521923343
2456,36.770932047500004,36.583878383,34.85257245647412,35.358455951,34.37851325484557,34.700771849913686
2457,36.757676276,36.592715564,34.862698469767444,35.399696129,34.45163868482178,34.6826366253125
2458,36.7886064095,36.5824055195,34.86777336426154,35.35325760923529,34.4038367948185,34.708448511714636
2459,36.8062807715,36.5765140655,34.86657350467134,35.37907604,34.40538422407855,34.71122411727123
2460,36.813645089000005,36.560312567000004,34.85690783795259,35.41355837370588,34.407148226033016,34.69533510310629
2461,36.801862181000004,36.583878383,34.85985328139454,35.387046830705884,34.455147365127694,34.725944655657386
2462,36.7974435905,36.575041202,34.85157710423387,35.39588401170588,34.47421302013388,34.70284719467516
2463,36.7974435905,36.569149748,34.85152379383287,35.422395554705886,34.43074199290323,34.70428826236014
2464,36.776823501500004,36.575041202,34.85638719883668,35.427420618411766,34.48858096070552,34.70966553084645
2465,36.776823501500004,36.577986929,34.855571643228345,35.43105945764706,34.473409385882356,34.7088553479965
2466,36.776823501500004,36.5706226115,34.84353673446875,35.40749364164706,34.45954353684868,34.69916899857143
2467,36.766513457,36.572095475,34.8551077492126,35.408879866117644,34.48030406700315,34.701713056544506
2468,36.776823501500004,36.569149748,34.848350359716534,35.40402808047059,34.46447281497366,34.70175769764557
2469,36.765040593500004,36.5706226115,34.858618947021455,35.413211817588234,34.451976250639625,34.70022558037575
2470,36.6972888725,36.5470567955,34.82655097936082,35.396923680058826,34.35881518821521,34.709526481869084
2471,36.742947641,36.545583932,34.84639392941177,35.38999255770588,34.494219917682024,34.72986091294118
2472,36.772404911,36.524963843,34.84362375816598,35.33748930588236,34.38694717081633,34.70178625305161
2473,36.82248227,36.545583932,34.85345374432433,35.327612456529415,34.46836600823529,34.70200027147023
2474,36.8003893175,36.542638205,34.839914097430935,35.31340365570588,34.4607071774347,34.68491224542373
2475,36.7414747775,36.530855297,34.86832742158299,35.35897578517647,34.49061801013725,34.69294784793194
2476,36.8475209495,36.542638205,34.873495023536,35.35828267294118,34.48301534387,34.70754586414601
2477,36.866668175,36.55736684,34.888765672304004,35.379249318058825,34.49024129260546,34.697789796361164
2478,36.854885267,36.5617854305,34.876687051322584,35.408186753882354,34.49647731626,34.70735689239102
2479,36.8651953115,36.5706226115,34.89956394729839,35.43608452135294,34.54287608321274,34.71826437512
2480,36.8740324925,36.572095475,34.90314630628571,35.44128286311765,34.54230855757081,34.72376897809033
2481,36.869613902,36.5794597925,34.90339624310194,35.424994725588235,34.54738005080583,34.734650358237516
2482,36.840156632,36.575041202,34.877466481298704,35.417197212941176,34.52276192420957,34.72743565834254
2483,36.8239551335,36.533801024,34.899261908470045,35.371798361529414,34.53455543180723,34.718643542626175
2484,36.8416294955,36.539692478,34.90851198899194,35.388259777117646,34.46658995711258,34.69639397962264
2485,36.869613902,36.535273887500004,34.94209922941046,35.440243194764705,34.50908586062928,34.67574800266051
2486,36.869613902,36.563258294,34.92183104401653,35.464155566882354,34.52721563756006,34.68698399974142
2487,36.8298465875,36.5617854305,34.893935825,35.38600716235294,34.30785381751473,34.77076911485437
2488,36.8121722255,36.5588397035,34.897497966106556,35.40506774882353,34.39974409093733,34.76384092794224
2489,36.810699362,36.563258294,34.90090960803279,35.391378782176474,34.44158147919743,34.75411846431466
2490,36.8121722255,36.5617854305,34.90348785865069,35.38531405011765,34.44166250984888,34.75468341324981
2491,36.804807908,36.5617854305,34.87719515192749,35.42412833529412,34.43071083767319,34.7636948967742
2492,36.8151179525,36.5500025225,34.90190912728247,35.411479037,34.42228881217299,34.752965124470684
2493,36.8121722255,36.566204021000004,34.90866981220051,35.431752569882356,34.347427457696,34.74720952485513
2494,36.726746142500005,36.563258294,34.90065036878656,35.39571073364706,34.31542888064446,34.7454378884375
2495,36.7827149555,36.5676768845,34.8825246587,35.35291105311765,34.33018334683168,34.753427191016
2496,36.7591491395,36.5676768845,34.901798954776474,35.361574956058824,34.39418143305159,34.732241953932586
2497,36.7355833235,36.575041202,34.884182667914814,35.28619900047059,34.306831412,34.73518514346947
2498,36.7444205045,36.569149748,34.8958970275196,35.40853331,34.48753685852013,34.7166212412361
2499,36.7503119585,36.5676768845,34.898293110153844,35.40610741717647,34.414841402,34.728968783605886
2500,36.720854688500005,36.5500025225,34.87660299211539,35.351351550588234,34.387336791943184,34.7554603823987
2501,36.754730549,36.55736684,34.898378804401624,35.340088476764706,34.385557794887944,34.778253487344806
2502,36.742947641,36.551475386,34.89076054491886,35.35083171641177,34.30146408510135,34.77128902435821
2503,36.7355833235,36.577986929,34.8887215955,35.40957297835294,34.35234451268132,34.72765641136456
2504,36.742947641,36.52790957,34.872516989175416,35.29243701058824,34.240506061488986,34.75560591774747
2505,36.7355833235,36.5146537985,34.874464078454544,35.31842871941176,34.31592686764218,34.74624646745647
2506,36.734110460000004,36.551475386,34.86358733991736,35.36694657588235,34.40771647553719,34.74481633385116
2507,36.725273279,36.5205452525,34.87790002827869,35.32778573458823,34.288382744617145,34.76959454358412
2508,36.751784822000005,36.5175995255,34.86641404764463,35.40056251929412,34.3573397739604,34.73830919586074
2509,36.751784822000005,36.513180935,34.866825591558445,35.35343088729412,34.33714520626866,34.732075548334635
2510,36.7326375965,36.516126662000005,34.86655605927686,35.377689815529415,34.28314737284281,34.73590623968379
2511,36.751784822000005,36.516126662000005,34.87508442890756,35.317215773,34.354610311367715,34.73664695255924
2512,36.751784822000005,36.510235208000005,34.85220031312542,35.31860199747059,34.33412339,34.730337037337044
2513,36.751784822000005,36.513180935,34.86617298588236,35.30231385994118,34.346340805702766,34.739540197525216
2514,36.7591491395,36.5146537985,34.85701287759091,35.29832846458824,34.32849439813665,34.71698770773472
2515,36.766513457,36.510235208000005,34.85452317552174,35.37942259611765,34.38719934910361,34.727980471700356
2516,36.769459184,36.548529659,34.82540606193548,35.416504100705886,34.391124523076925,34.68639221519966
2517,36.8151179525,36.5647311575,34.852772816,35.40021596317647,34.385373099314606,34.73410693089308
2518,36.8033350445,36.5264367065,34.83841087406328,35.454798551705885,34.38264169302326,34.71244417450568
2519,36.7886064095,36.5264367065,34.81568471034286,35.43747074582353,34.360274378908684,34.721354947500984
2520,36.807753635,36.616281380000004,34.82616962816,35.45843739094118,34.36896644312365,34.72033224849458
2521,36.819536543,36.5735683385,34.852848413543306,35.455491663941174,34.41686877398058,34.72815138342766
2522,36.816590816,36.5647311575,34.8416881544,35.436777633588235,34.38255657785558,34.70730451606598
2523,36.8239551335,36.577986929,34.84672425656,35.441456141176474,34.42596325467981,34.7224838189566
2524,36.82248227,36.52790957,34.859599761483636,35.438337136117646,34.34625119691012,34.70933513729021
2525,36.8327923145,36.495506573,34.8573057232396,35.44960020994118,34.44071019119777,34.721826160707025
2526,36.8121722255,36.522018116,34.858645092089844,35.429153399,34.389054936937804,34.709741405
2527,36.737056187,36.583878383,34.86377163549451,35.479404036058824,34.4089560562986,34.73810789703105
2528,36.795970727000004,36.575041202,34.866565931401574,35.48286959723529,34.462294904585065,34.71470170589278
2529,36.807753635,36.533801024,34.887007553566576,35.514752760058826,34.51550552752779,34.71794127474241
2530,36.810699362,36.55736684,34.86592642036558,35.490320553764704,34.51197643102338,34.72290449807158
2531,36.8151179525,36.548529659,34.864692656887755,35.424994725588235,34.456919610303345,34.70590840037136
2532,36.816590816,36.566204021000004,34.852195525669295,35.39224517247059,34.40073761818182,34.71740696634395
2533,36.731164733,36.5647311575,34.85929936299775,35.38323471341177,34.40816194539916,34.716940701531385
2534,36.8121722255,36.569149748,34.85320247021935,35.38600716235294,34.38902664765913,34.72567633713918
2535,36.804807908,36.569149748,34.86176548740158,35.41009281252941,34.44627235843216,34.71747966479764
2536,36.737056187,36.560312567000004,34.84730953084442,35.40801347582353,34.35553730299847,34.71144173212023
2537,36.760622003,36.548529659,34.86034655232148,35.47177980147059,34.48835616224764,34.702021106251095
2538,36.754730549,36.513180935,34.85288744746544,35.46952718670588,34.439521926168034,34.69187815888987
2539,36.922636988,36.7886064095,35.05044572829493,35.62894300082353,34.64598041455422,34.93877007482353
2540,36.922636988,36.781242092,35.05650912949309,35.61040224852941,34.621607530892064,34.95123543924528
2541,36.9241098515,36.745893368000004,35.05790674976378,35.59757967217647,34.59852371655003,34.952943565167345
2542,36.931474169,36.813645089000005,35.060828423000004,35.62443777129412,34.59759199470588,34.96127732675545
2543,36.937365623000005,36.828373724,35.05445847091339,35.62565071770588,34.65580791611718,34.953717851
2544,36.931474169,36.798916454,35.048737111385826,35.641938855235296,34.6215447322449,34.947100599687886
2545,36.9388384865,36.798916454,35.064475915595985,35.63985951852941,34.58346059727919,34.95610704885714
2546,36.9388384865,36.725273279,35.06645491742857,35.65822699276471,34.66267276855649,34.95947030452261
2547,36.952094258,36.731164733,35.04668926909539,35.64921653370588,34.61922953692308,34.95468215916598
2548,36.928528442,36.707598917,35.05536281483871,35.65094931429412,34.58926451889353,34.93726520157119
2549,36.9417842135,36.719381825,35.05456450767304,35.649736367882355,34.5842686963931,34.92928068667476
2550,36.931474169,36.709071780500004,35.04051180115103,35.664984837058824,34.5804058965528,34.962621689256466
2551,36.900544035500005,36.5941884275,35.00068464433255,35.675208242529415,34.63341311267987,34.95912726598297
2552,36.887288264,36.707598917,34.991455772857144,35.65736060247059,34.583292614830064,34.967017534814275
2553,36.957985712,36.7238004155,35.06193383546161,35.63622067929412,34.569665081580226,34.96686362816429
2554,36.956512848500005,36.3791503565,34.96234671924364,35.59203477429412,34.501509311088235,34.98636879058824
2555,36.957985712,36.716436098,35.063101467148094,35.574187134235295,34.4812184504,34.95787246310811
2556,36.9329470325,36.716436098,35.046139911921486,35.63587412317647,34.57081297089286,34.94851863714286
2557,36.950621394500004,36.719381825,35.059853496464,35.63119561558824,34.532314264098275,34.94276383170673
2558,36.94031135,36.7061260535,35.061104346095384,35.61871959535294,34.60842994534162,34.91321701580074
2559,36.9358927595,36.669304466,35.060799284223606,35.61716009282353,34.55166428421875,34.92708580178484
2560,36.931474169,36.6442657865,35.04154622397714,35.64176557717647,34.6753812155668,34.902210350425804
2561,36.8946525815,36.725273279,35.01364930850499,35.63379478647059,34.64906840402384,34.91207617997384
2562,36.9034897625,36.703180326500004,35.017509538148545,35.62738349829412,34.60426686077465,34.90763759201493
2563,36.919691261000004,36.703180326500004,34.998932634744186,35.630155947235295,34.698532588312915,34.92729528893087
2564,36.912326943500005,36.6825602375,35.02360348860023,35.642285411352944,34.57297313388522,34.942371131701876
2565,36.916745534,36.6825602375,35.03090889928571,35.64609752864706,34.615416051466106,34.94518692571546
2566,36.882869673500004,36.648684377,35.051486649875,35.576613027058826,34.582742270603404,34.9685368976815
2567,36.843102359,36.4763593475,35.0146745038077,35.564656841,34.654438818224854,34.964502400745054
2568,36.5676768845,36.2731041845,34.9271544514876,35.51301997947059,34.45528821246198,34.979201575545126
2569,36.869613902,36.3438016325,35.00100116,35.54005135664706,34.452644898500004,34.95627887200748
2570,36.5117080715,36.32170868,34.98171396809917,35.56846895829412,34.6904741880667,34.96323549094704
2571,36.955039985,36.742947641,35.071027485448276,35.602778013941176,34.60535822219548,34.93182831323194
2572,36.913799807000004,36.7473662315,35.06664548443827,35.60659013123529,34.63372603394495,34.927009025148514
2573,36.742947641,36.4969794365,35.039234167651614,35.627730054411764,34.63710663088773,34.9334880688898
2574,36.913799807000004,36.7002345995,35.056632487602045,35.616813536705884,34.5740310341331,34.90857864655764
2575,36.960931439,36.742947641,35.050407718914286,35.60347112617647,34.74051504995087,34.947194665572006
2576,36.946202804,36.7120175075,35.057815556923074,35.63483445482353,34.61540002608337,34.92918542536117
2577,36.96976862,36.7002345995,35.05864521280728,35.67971347205882,34.72432310599176,34.94550308613728
2578,36.956512848500005,36.695816009,35.058078562362205,35.57470696841177,34.538929556634336,34.946384690737105
2579,36.963877166,36.6383743325,35.068067870996096,35.663425334529414,34.687010873393916,34.93277854329104
2580,36.957985712,36.686978828,35.06660592415265,35.67572807670588,34.68668540949062,34.943322182585874
2581,36.9712414835,36.684033101000004,35.069888880465115,35.68231264294118,34.69655764016,34.958502817755104
2582,36.96976862,36.684033101000004,35.06976454031056,35.670009900764704,34.67364494,34.956957987696335
2583,36.9417842135,36.6737230565,35.06613696594286,35.66966334464706,34.63699142226415,34.948750832184906
2584,36.928528442,36.692870282,35.05911905945827,35.67468840835294,34.6910092783691,34.91108441582478
2585,36.9535671215,36.707598917,35.07604191315276,35.67052973494118,34.69620937847628,34.950804379853956
2586,36.9358927595,36.698761736,35.059617025689654,35.68439197964706,34.651374868877696,34.96723826038293
2587,36.9476756675,36.698761736,35.08088139826166,35.66983662270589,34.69239937176584,34.94845474722403
2588,36.94031135,36.695816009,35.07650841872,35.67416857417647,34.61955308703329,34.939259047760956
2589,36.956512848500005,36.695816009,35.08402043393443,35.685778204117646,34.71700765712368,34.95729768684531
2590,36.957985712,36.710544644,35.08297900546371,35.67538152058824,34.77565330022284,34.93950183246039
2591,36.949148531,36.701707463000005,35.05410343736,35.66082616364706,34.69795653348408,34.942595324954056
2592,36.950621394500004,36.701707463000005,35.05252252154634,35.652855372941175,34.68337194026631,34.937082033744275
2593,36.949148531,36.6913974185,35.070095080952385,35.65736060247059,34.69090125591011,34.93514397621199
2594,36.946202804,36.689924555000005,35.056281805816326,35.67884708176471,34.72122706405772,34.921246180963855
2595,36.9476756675,36.676668783500006,35.05080066740375,35.66533139317647,34.71586816811568,34.91253096795775
2596,36.960931439,36.695816009,35.05072502546798,35.63743362570588,34.66992428352174,34.903571482559244
2597,36.956512848500005,36.722327552,35.0593145837788,35.643844913882354,34.597070109452,34.91159589746442
2598,36.9476756675,36.710544644,35.07908591103448,35.65164242652941,34.66967341193059,34.89515175060831
2599,36.956512848500005,36.642792923,35.07687105636645,35.649736367882355,34.72925358846459,34.91010989203989
2600,36.949148531,36.7385290505,35.0691419192,35.652162260705886,34.76220922153301,34.89429677182909
2601,36.9594585755,36.7385290505,35.0844692459375,35.67052973494118,34.72358283436469,34.89488508725316
2602,36.9476756675,36.734110460000004,35.08261807472,35.69496194123529,34.638703110427585,34.90299676224162
2603,36.912326943500005,36.776823501500004,35.07547673561024,35.67416857417647,34.62941968304508,34.88969153
2604,36.949148531,36.772404911,35.07058651952756,35.68231264294118,34.61717433002762,34.89412789824468
2605,36.9476756675,36.707598917,35.07072770466279,35.69686799988236,34.64860508660027,34.91265829149754
2606,36.96976862,36.731164733,35.06828813554044,35.67746085729412,34.651282545864944,34.91025676010596
2607,36.925582715000004,36.734110460000004,35.03807860305359,35.676767745058825,34.62701723548984,34.89487046124884
2608,36.94031135,36.734110460000004,35.0605018670113,35.68404542352941,34.69244045355885,34.90161492808783
2609,36.944729940500004,36.722327552,35.06073341063307,35.68525836994118,34.66172297769231,34.896626263622046
2610,36.9476756675,36.731164733,35.06630442092066,35.67642118894118,34.65552686524797,34.88369161307283
2611,36.962404302500005,36.748839095,35.05102175372923,35.65788043664706,34.7199644690714,34.929761581988586
2612,36.952094258,36.742947641,35.047290930239335,35.681792808764705,34.663915195016216,34.91237658058654
2613,36.928528442,36.669304466,35.06048407296875,35.65181570458824,34.68117730339789,34.89756689301038
2614,36.925582715000004,36.663413012,35.066094710952385,35.69080326782353,34.685904242822254,34.88624070022535
2615,36.960931439,36.689924555000005,35.06959577936,35.682659199058826,34.73897257274989,34.90940859428699
2616,36.955039985,36.6589944215,35.0388181615338,35.64557769447059,34.73888193016129,34.877777187836145
2617,36.950621394500004,36.695816009,35.076952369291476,35.642285411352944,34.75366383319845,34.86670995020913
2618,36.975660074000004,36.6825602375,35.06168238524974,35.664811559,34.65798915754483,34.882697229773676
2619,36.937365623000005,36.6560486945,35.06159941149055,35.64367163582353,34.65766762867941,34.85350787636872
2620,36.975660074000004,36.6560486945,35.06210947990323,35.675208242529415,34.57857115441553,34.8641182858673
2621,36.937365623000005,36.653102967500004,35.074964447357324,35.68941704335294,34.639315032540686,34.85678536409384
2622,36.949148531,36.6442657865,35.06153933919355,35.65354848517647,34.71603250860186,34.900543496636196
2623,36.943257077,36.653102967500004,35.075109486181105,35.65943993917647,34.640960632592595,34.89488061321652
2624,36.9300013055,36.6501572405,35.08680897197044,35.66134599782353,34.58999945918206,34.85491605667084
2625,36.8946525815,36.6855059645,35.083759827175484,35.67260907164706,34.52311474592362,34.86687164068182
2626,36.931474169,36.6913974185,35.07417488470625,35.708824185941175,34.608815761597356,34.90857365513206
2627,36.9329470325,36.728219006,35.073949488163265,35.691149823941174,34.56848930915058,34.889691966229506
2628,36.931474169,36.692870282,35.079389557928,35.704838790588234,34.65004211212921,34.92222034506268
2629,36.913799807000004,36.6884516915,35.0618653120315,35.66827712017647,34.54503918798296,34.905345570212766
2630,36.928528442,36.7238004155,35.069125253377955,35.69964044882353,34.67161037810097,34.887370832834485
2631,36.9241098515,36.748839095,35.035119969261885,35.661865832000004,34.63192488229227,34.889113961944325
2632,36.928528442,36.719381825,35.04531157523692,35.656320934117645,34.549591677900935,34.89982662585524
2633,36.937365623000005,36.713490371,35.0433650416458,35.66273222229412,34.651076296654274,34.90646408903734
2634,36.9417842135,36.740001914000004,35.05090825949833,35.66394516870588,34.623949995189065,34.90381234713568
2635,36.899071172,36.6972888725,35.02821940271628,35.58250448105883,34.46717905567867,34.92331902480747
2636,36.922636988,36.716436098,35.0394592625,35.605550462882356,34.518072323753636,34.91588901311628
2637,36.9358927595,36.751784822000005,35.03652888547569,35.61421436582353,34.591617367237646,34.883709437885464
2638,36.9329470325,36.734110460000004,35.018609692953845,35.66325205647059,34.63351310169866,34.929813170413794
2639,36.9388384865,36.760622003,35.02537963595266,35.616466980588235,34.630934991096716,34.93039330136173
2640,36.925582715000004,36.754730549,35.041387301395346,35.64557769447059,34.77047453584106,34.93678566046512
2641,36.9211641245,36.663413012,35.03488647926551,35.63864657211765,34.62817075442115,34.9208717975
2642,36.9182183975,36.6678316025,35.03241349078664,35.598099506352945,34.73622386758839,34.88815539893103
2643,36.9270555785,36.70465319,35.050201638328915,35.64263196747059,34.63163051498224,34.88162583430769
2644,36.9270555785,36.653102967500004,35.05943367001661,35.661519275882355,34.62115475734802,34.879422057903014
2645,36.931474169,36.664885875500005,35.036397205641165,35.664118446764704,34.70961629802033,34.89354273281149
2646,36.9211641245,36.654575831,35.03241048357895,35.634487898705885,34.66683215306283,34.894236799903695
2647,36.9182183975,36.6442657865,35.03544565573077,35.653201929058824,34.655766281199476,34.884122779806845
2648,36.9211641245,36.6442657865,35.02652038214831,35.618026483117646,34.61123638198658,34.82900362199669
2649,36.9211641245,36.653102967500004,35.02111356090385,35.62547743964706,34.60631935812417,34.86222476813049
2650,36.91085408,36.657521558,35.04061712434739,35.62980939111765,34.457731187120004,34.9137125196452
2651,36.882869673500004,36.6354286055,35.020705026889765,35.599659008882355,34.47785204477414,34.897339932729416
2652,36.931474169,36.6501572405,35.02427108662338,35.60416423841177,34.66614085297229,34.886839872606274
2653,36.916745534,36.647211513500004,35.00450810641455,35.52029765794118,34.67349187362832,34.83069269449794
2654,36.972714347,36.6619401485,35.025777326528,35.585970042235296,34.68185362549488,34.876350032975324
2655,36.984497255,36.654575831,35.04290587382194,35.59480722323529,34.6424579302151,34.871771698840035
2656,36.9741872105,36.647211513500004,35.038189580437646,35.6022581797647,34.48722675968595,34.84283127083603
2657,36.952094258,36.601552745,35.03798742187545,35.59671328188235,34.58272458422321,34.79859129803371
2658,36.9388384865,36.6354286055,35.02817536057266,35.588742491176475,34.59567571870036,34.81136151692946
2659,36.955039985,36.604498472,35.046547193781514,35.621145488176474,34.527261120505415,34.822298082852036
2660,36.944729940500004,36.6324828785,35.0370174616607,35.52376321911765,34.626688748760266,34.76180532652071
2661,36.946202804,36.639847196000005,35.04313043082949,35.51353981364706,34.5957622376681,34.74306360268514
2662,36.962404302500005,36.664885875500005,35.027821289950786,35.542130693352945,34.54847917700122,34.77792683880612
2663,36.946202804,36.6589944215,35.06193172881932,35.565176675176474,34.628279025929274,34.77917233269565
2664,36.937365623000005,36.631010015,35.046012507200004,35.58960888147059,34.6441510557289,34.80069758967198
2665,36.9476756675,36.64573865,35.02901768857143,35.536585795470586,34.72679895354921,34.82501880829484
2666,36.9329470325,36.6501572405,35.033792518604656,35.56777584605882,34.61283165439897,34.83650516051064
2667,36.922636988,36.631010015,35.02175321796875,35.544383308117645,34.64801620653253,34.81933295240672
2668,36.919691261000004,36.6324828785,35.021332433287895,35.48131009470588,34.68739735561731,34.74494037173015
2669,36.9211641245,36.6354286055,35.0277885312013,35.465368513294116,34.664495932451636,34.740839815101275
2670,36.922636988,36.6383743325,35.026720877236116,35.501410349529415,34.664179295398654,34.793090601690906
2671,36.9182183975,36.64573865,35.02766101055195,35.51059408664706,34.70264721106024,34.78489404577634
2672,36.9182183975,36.6354286055,35.026204416927904,35.541264303058824,34.6467313242623,34.79420338209205
2673,36.9182183975,36.601552745,35.025360449069765,35.54195741529412,34.62549402875298,34.79814670864351
2674,36.8651953115,36.601552745,35.0112788083721,35.49378611494118,34.64355048648022,34.755892388675974
2675,36.878451083,36.598607018,35.03861473132457,35.50539574488236,34.57437331800589,34.739790605957445
2676,36.875505356000005,36.595661291,35.04165640181818,35.519777823764706,34.602001355618555,34.77335916719198
2677,36.8946525815,36.58682411,35.03861567687708,35.564656841,34.6417678123674,34.80481180026115
2678,36.878451083,36.604498472,35.03830714497099,35.533466790411765,34.60573915270665,34.79382882306132
2679,36.888761127500004,36.616281380000004,35.0336137041196,35.492053334352946,34.62178958557522,34.77758058348178
2680,36.863722448000004,36.598607018,34.999746249945055,35.491013666,34.4922522214377,34.73050867649139
2681,36.866668175,36.5941884275,35.01076514154839,35.46034344958824,34.51299370115479,34.779836505462185
2682,36.900544035500005,36.6177542435,35.018809390769235,35.50712852547059,34.58586144410495,34.81143332277672
2683,36.866668175,36.548529659,35.04014775026498,35.51839159929412,34.540804083624394,34.83044323333974
2684,36.854885267,36.6236456975,35.009782460000004,35.48200320694118,34.688332320688744,34.81676560109793
2685,36.8740324925,36.6177542435,34.990060710889935,35.49222661241177,34.68230802404803,34.83819726909633
2686,36.8740324925,36.566204021000004,35.039216553548385,35.540224634705886,34.573867631560034,34.8259936556136
2687,36.872559629,36.563258294,35.04141879498326,35.52358994105882,34.58461061823219,34.86546080263113
2688,36.8681410385,36.6177542435,35.016423426589675,35.493612836882356,34.57243734731931,34.80903023708555
2689,36.888761127500004,36.580932656,35.001239379755205,35.51301997947059,34.58167212185669,34.827998496615386
2690,36.888761127500004,36.631010015,35.01183993243184,35.53727890770588,34.6176924054251,34.85077560250519
2691,36.907908353,36.603025608500005,35.005739131907696,35.54421003005882,34.646805208915765,34.86761506030579
2692,36.8622495845,36.619227107,34.9968475053125,35.528788282823534,34.63287708422722,34.836976412833266
2693,36.893179718,36.589769837,34.97664920857143,35.49066710988235,34.6767737478626,34.834035171325965
2694,36.893179718,36.6089170625,34.98575542980364,35.47177980147059,34.67297863737133,34.81703591765336
2695,36.902016899,36.616281380000004,34.99725037188776,35.48702827064706,34.695454848716444,34.827393522133974
2696,36.893179718,36.603025608500005,34.99427572199,35.52324338494118,34.56655375873112,34.82572823668572
2697,36.890233991,36.6000798815,34.96805641929619,35.44994676605882,34.643129709019945,34.83491786216659
2698,36.899071172,36.5676768845,34.98408255633549,35.482176485000004,34.5750884387223,34.84157631932789
2699,36.8622495845,36.5735683385,34.9767661025,35.418410159352945,34.556838151868135,34.81943146436669
2700,36.8593038575,36.5941884275,34.995801476554625,35.41355837370588,34.56265463,34.786407972118646
2701,36.869613902,36.603025608500005,35.00582689154738,35.46346245464706,34.63927774485715,34.80684924696793
2702,36.8740324925,36.5882969735,35.00523732059944,35.44006991670588,34.650270531116625,34.799679892944525
2703,36.8740324925,36.5647311575,35.008574687155175,35.42534128170588,34.64372969069409,34.770888668173754
2704,36.8681410385,36.5765140655,35.015445160751206,35.44786742935294,34.59483906172355,34.79751397065985
2705,36.869613902,36.592715564,35.015338101648354,35.43972336058824,34.64621330076383,34.823036287477066
2706,36.878451083,36.591242700500004,34.99477373396094,35.42222227664706,34.744687465038375,34.789958707908525
2707,36.888761127500004,36.58682411,35.011786254883724,35.444228590117646,34.66320831845156,34.8083198423816
2708,36.863722448000004,36.583878383,35.02263343594329,35.42759389647059,34.66747312077231,34.81455993355186
2709,36.8681410385,36.58682411,35.010930845049835,35.43781730194118,34.722269185127324,34.8114973273029
2710,36.8651953115,36.5676768845,34.98496219102123,35.41373165176471,34.685179517170056,34.79264417769231
2711,36.8622495845,36.569149748,34.996863777478694,35.44509498041177,34.664615039851526,34.80224938582278
2712,36.890233991,36.636901469,34.968176393003375,35.42360850111765,34.68190376420464,34.80870656148002
2713,36.8651953115,36.566204021000004,35.00172445489011,35.43608452135294,34.58810409138198,34.82287964131808
2714,36.851939540000004,36.560312567000004,34.99546030314453,35.453239049176474,34.55442360750748,34.78942113783341
2715,36.8651953115,36.572095475,35.00092689953488,35.41944982770588,34.65277062662321,34.79408296913501
2716,36.846048086,36.5735683385,34.987149726744185,35.44180269729412,34.55106890421751,34.81733275162791
2717,36.8357380415,36.5794597925,35.0148491703125,35.45445199558824,34.51849642364441,34.82547213141105
2718,36.8622495845,36.580932656,35.003481046976745,35.446827761,34.498126976123544,34.82250720064277
2719,36.8681410385,36.5765140655,35.01251386125985,35.40177546570588,34.38279786195552,34.843375537419355
2720,36.8622495845,36.569149748,34.999812580000004,35.43469829688235,34.45560324814615,34.84020661422421
2721,36.8534124035,36.560312567000004,35.01905907015681,35.436777633588235,34.51998659156594,34.83209802121188
2722,36.8534124035,36.545583932,35.00385802704918,35.421529164411766,34.59426851677508,34.80748712275862
2723,36.857830994000004,36.5588397035,34.99538765954546,35.40420135852941,34.57501211742818,34.81448859748228
2724,36.8622495845,36.572095475,35.00184343492572,35.43608452135294,34.55201072846439,34.83443045452685
2725,36.8593038575,36.585351246500004,34.99601040635691,35.3915520602353,34.56528004775216,34.86526998754764
2726,36.857830994000004,36.6000798815,34.97234361553571,35.399696129,34.55616730686789,34.86352115003576
2727,36.863722448000004,36.595661291,34.98563265684616,35.40437463658824,34.564860423273586,34.85745421045402
2728,36.8593038575,36.5941884275,35.00503773408163,35.37457081047059,34.420791140689325,34.85819560563446
2729,36.863722448000004,36.6089170625,34.978207794285716,35.40021596317647,34.53157821435158,34.88294767814433
2730,36.8622495845,36.591242700500004,34.98300344263736,35.41043936864706,34.571451299140186,34.848248637472665
2731,36.863722448000004,36.6059713355,34.99044912759355,35.42690078423529,34.58422207206128,34.847199796848685
2732,36.869613902,36.603025608500005,35.0030410272512,35.43903024835294,34.60286992830622,34.87562895554082
2733,36.882869673500004,36.666358739,34.995660213680004,35.392591728588236,34.669363947425325,34.89961684078719
2734,36.9064354895,36.6560486945,35.00461111673678,35.35395072147059,34.68143936615667,34.89063137087601
2735,36.9093812165,36.6000798815,34.98745459109375,35.347539433294116,34.647592902997346,34.84949344738556
2736,36.896125445,36.601552745,34.987367246631045,35.35793611682353,34.6938876659375,34.82198231176147
2737,36.916745534,36.610389926,35.0005378572093,35.37630359105883,34.64449178428572,34.804481663054936
2738,36.9211641245,36.6148085165,35.0090544909976,35.363134458588235,34.67802404887621,34.8512017616
2739,36.925582715000004,36.6118627895,35.01352755559056,35.37543720076471,34.66712690167109,34.84015743828891
2740,36.899071172,36.604498472,34.98818347919685,35.342860925705885,34.608169845851606,34.81117682428572
2741,36.9182183975,36.6295371515,34.990028424355316,35.40090907541177,34.681126115240154,34.82898545013538
2742,36.922636988,36.607444199,34.99218855167187,35.384274381764705,34.70019964388423,34.80748422048292
2743,36.925582715000004,36.616281380000004,34.96975331447862,35.356203336235296,34.666556355837386,34.815472098749424
2744,36.9270555785,36.6177542435,34.97623242313287,35.36919919064706,34.607715817765815,34.8168951655869
2745,36.916745534,36.580932656,34.98804494289904,35.36382757082353,34.644375572938635,34.807517478078
2746,36.890233991,36.5735683385,34.975242360168274,35.37942259611765,34.60715820049223,34.7895343538565
2747,36.902016899,36.5735683385,34.97407634323077,35.33592980335294,34.64364240774978,34.79541907824483
2748,36.878451083,36.5676768845,34.956875612241504,35.36521379529412,34.600513826218005,34.77621043972054
2749,36.8917068545,36.5735683385,34.96636488132033,35.348752379705886,34.64124978999581,34.779675043893306
2750,36.907908353,36.5647311575,34.962392680058144,35.33904880841177,34.52324171607454,34.77649865683973
2751,36.88139681,36.5735683385,34.965461485491076,35.218274001411764,34.465852849756494,34.7650010615
2752,36.912326943500005,36.569149748,34.97815248963134,35.271990199647064,34.5504556795151,34.77894564692022
2753,36.888761127500004,36.513180935,34.977116862215,35.2929568447647,34.60338770263391,34.7328413836511
2754,36.904962626,36.5765140655,34.97740901910714,35.283426551529416,34.63496845314721,34.785549290966784
2755,36.887288264,36.585351246500004,34.97460564897675,35.323107227,34.5469500392039,34.79027393404751
2756,36.8710867655,36.554421113000004,34.971295616388524,35.28082738064706,34.625963369488254,34.7598646393531
2757,36.8740324925,36.563258294,34.97048387809134,35.28359982958823,34.59446763198535,34.744301563544305
2758,36.866668175,36.545583932,34.96254492721721,35.33125129576471,34.529165929279245,34.759330172698554
2759,36.88139681,36.5676768845,34.991732615157446,35.340088476764706,34.562102595004006,34.774996427474115
2760,36.8740324925,36.563258294,34.983300190539126,35.300927635470586,34.60993220240859,34.764847943889656
2761,36.8740324925,36.5676768845,34.99662290091603,35.318255441352946,34.609882058000004,34.77459259146444
2762,36.8740324925,36.569149748,34.986712199389316,35.32258739282353,34.616652581176474,34.764335308652804
2763,36.878451083,36.5735683385,34.990696008475915,35.36226806829412,34.640819286577965,34.78685050720532
2764,36.8710867655,36.566204021000004,34.99434760372519,35.361401678,34.59059229637699,34.77774695281633
2765,36.846048086,36.5676768845,34.98916682662791,35.299714689058824,34.67061005265823,34.76045924181295
2766,36.831319451,36.569149748,34.98759797116279,35.319814943882356,34.59223906099611,34.75691448585153
2767,36.831319451,36.551475386,34.99286937385382,35.311497597058825,34.63032532669291,34.74968152071604
2768,36.843102359,36.541165341500005,34.98621802567308,35.312363987352946,34.58178679593625,34.729385053069215
2769,36.8475209495,36.535273887500004,34.991381545212505,35.32570639788236,34.57938533248202,34.76208066151786
2770,36.837210905,36.541165341500005,34.99181207454327,35.311151040941176,34.616832053409716,34.74272041785612
2771,36.8121722255,36.524963843,34.99995531024039,35.31704249494118,34.6501404001746,34.758130178068186
2772,36.834265178,36.519072389,34.9659279957138,35.29555601564706,34.6469983755292,34.75096677217305
2773,36.82248227,36.560312567000004,34.962751833066314,35.26505907729412,34.592430847484835,34.78077991199635
2774,36.8062807715,36.545583932,34.951418057921316,35.298675020705886,34.62094675977971,34.75496806976085
2775,36.8151179525,36.545583932,34.96518715829216,35.267658248176474,34.62314218143049,34.72506824391645
2776,36.8475209495,36.545583932,34.9368228113999,35.25137011064706,34.61948590166313,34.731866944560174
2777,36.8622495845,36.5588397035,34.9485710182069,35.270430697117646,34.54067487274131,34.7419831930597
2778,36.857830994000004,36.5470567955,34.97787061929998,35.281867049,34.578746990651894,34.75898844945282
2779,36.8681410385,36.5558939765,34.96285318776744,35.286892112705885,34.62345982557977,34.77089550157544
2780,36.846048086,36.55736684,34.965099425998396,35.26748497011765,34.61477298069727,34.77161828184867
2781,36.854885267,36.507289481,34.97961295671875,35.30629925529412,34.60863723542782,34.77133732905867
2782,36.8445752225,36.539692478,34.96854456285715,35.31600282658824,34.525953271644205,34.79143720293405
2783,36.846048086,36.55736684,34.96769599952381,35.29555601564706,34.58998367647314,34.77915992013216
2784,36.869613902,36.554421113000004,34.97139318188434,35.28671883464706,34.57165623216144,34.77679716402527
2785,36.872559629,36.55736684,34.97851394505102,35.30110091352941,34.60200634952,34.778435120000005
2786,36.860776721,36.560312567000004,34.968188696260086,35.29243701058824,34.56925682046875,34.74645198413986
2787,36.854885267,36.5588397035,34.97926566899888,35.22277923094118,34.58892508085143,34.760981017410344
2788,36.869613902,36.5500025225,34.98126127350962,35.23629491952941,34.750421981237494,34.77262143888726
2789,36.875505356000005,36.560312567000004,34.984673347811025,35.253622725411766,34.64593797934175,34.814254163970176
2790,36.872559629,36.560312567000004,34.99823623433071,35.287758503,34.62845040149709,34.78045201775312
2791,36.8327923145,36.55736684,35.003293445539114,35.29087750805883,34.58006270270862,34.79373498697758
2792,36.825427997,36.5117080715,35.00009487178182,35.278574765882354,34.41898289983093,34.78775694832061
2793,36.8239551335,36.5558939765,34.96203531984252,35.29728879623529,34.426486429097295,34.79557500176809
2794,36.8475209495,36.5706226115,34.96783399503937,35.29798190847059,34.46744955684515,34.78807979561812
2795,36.840156632,36.5735683385,34.981525355306125,35.28654555658824,34.44435418628976,34.81242904691917
2796,36.831319451,36.5735683385,34.972574620204085,35.28585244435294,34.46365504852018,34.82039672061644
2797,36.82248227,36.5676768845,34.982805622142855,35.31478988017647,34.468888666214745,34.83776358205265
2798,36.8239551335,36.560312567000004,34.966461725584416,35.28048082452941,34.36697746391807,34.81648241295903
2799,36.804807908,36.5617854305,34.97779759345351,35.26627202370588,34.442975829474236,34.808107874737665
2800,36.819536543,36.563258294,34.9621828927153,35.280134268411764,34.36489336261322,34.80340070803695
2801,36.825427997,36.516126662000005,34.949654504,35.26557891147059,34.415881794608154,34.82160944250533
2802,36.8121722255,36.560312567000004,34.96901213857143,35.18725722888235,34.28161349514286,34.83125170752861
2803,36.8239551335,36.563258294,34.976732840000004,35.268871194588236,34.40570537913044,34.84462527661759
2804,36.8151179525,36.5676768845,34.959009168269475,35.28671883464706,34.45536349074722,34.813365742282095
2805,36.8298465875,36.566204021000004,34.966961648,35.25448911570588,34.49677385893417,34.827717368395554
2806,36.826900860500004,36.5706226115,34.973068643000005,35.24981060811765,34.50205838820755,34.81295255734182
2807,36.8475209495,36.5676768845,34.96135226,35.26349957476471,34.569692855641165,34.81402199629012
2808,36.848993813,36.580932656,34.971572672244896,35.25778139882353,34.43967293458472,34.816603033618584
2809,36.851939540000004,36.577986929,34.97798513918367,35.26436596505882,34.50114922049947,34.8108319065465
2810,36.8151179525,36.566204021000004,34.93928242287964,35.26696513594118,34.44192875583333,34.77336712454546
2811,36.8210094065,36.5706226115,34.94142517142857,35.2737229802353,34.43058111161386,34.78535035538659
2812,36.8357380415,36.5647311575,34.96427702123047,35.229363797176475,34.49313259660049,34.780333033233084
2813,36.834265178,36.5441110685,34.96043059951087,35.249637330058825,34.59848670929808,34.74581588782609
2814,36.828373724,36.5617854305,34.92892801352461,35.25656845241177,34.53712774824838,34.76667560556617
2815,36.8327923145,36.580932656,34.95268913782452,35.2560486182353,34.66922227796992,34.78624506868397
2816,36.838683768500005,36.5882969735,34.93805815038168,35.229363797176475,34.60802440567011,34.80484111
2817,36.8327923145,36.5617854305,34.94655636873283,35.24703815917647,34.53097309800646,34.794772930958906
2818,36.8357380415,36.563258294,34.93243058516903,35.22867068494118,34.59718345294118,34.76834890653846
2819,36.8622495845,36.560312567000004,34.94281195849026,35.202332420000005,34.573361014544595,34.77673509711896
2820,36.8681410385,36.5794597925,34.95908974696013,35.177207101470586,34.638296764815514,34.761008956727274
2821,36.869613902,36.5794597925,34.95405983964716,35.163864690941175,34.60578882799448,34.74396934505304
2822,36.88139681,36.5794597925,34.944866746162795,35.12019862011765,34.62101691733272,34.727324858470645
2823,36.8651953115,36.5941884275,34.962595561076924,35.131461693941176,34.65969567236098,34.71919834850665
2824,36.872559629,36.583878383,34.9583948497929,35.06786864635294,34.67425308287647,34.71912018076729
2825,36.882869673500004,36.566204021000004,34.967471872233844,35.139259206588235,34.678731729765175,34.724876048805285
2826,36.884342537,36.5941884275,34.94780347964923,35.15831979305882,34.64860477410545,34.709885922111496
2827,36.882869673500004,36.533801024,34.96609459994633,35.17460793058824,34.63476060833635,34.72341788213667
2828,36.875505356000005,36.5323281605,34.9463418931721,35.19106934617647,34.64244676695574,34.7314381239255
2829,36.875505356000005,36.523490979500004,34.947598174597495,35.169756144941175,34.64737330464574,34.72649950797493
2830,36.887288264,36.5706226115,34.93732453396615,35.16299830064706,34.63683485160093,34.72852069348588
2831,36.860776721,36.5794597925,34.93341717647337,35.20718420564706,34.56319085817442,34.747387655146774
2832,36.872559629,36.5441110685,34.94955608421679,35.18673739470589,34.603381548710125,34.737558957426614
2833,36.875505356000005,36.580932656,34.941887255942454,35.198693580764704,34.53272417671,34.75161312250576
2834,36.8416294955,36.551475386,34.936769422176745,35.208916986235295,34.57732483291875,34.72819334452562
2835,36.875505356000005,36.560312567000004,34.94376934428846,35.22208611870588,34.594441484545456,34.766342571104815
2836,36.863722448000004,36.551475386,34.955850020550294,35.233522470588234,34.5570627491475,34.74963070327491
2837,36.851939540000004,36.5529482495,34.95795886616279,35.22867068494118,34.598274021001394,34.741347214536226
2838,36.860776721,36.519072389,34.946621623574316,35.16265174452941,34.571773483007945,34.7369937704
2839,36.8563581305,36.5735683385,34.96661198247357,35.21359549382353,34.54208706742162,34.78357685795704
2840,36.8210094065,36.566204021000004,34.967761913046154,35.20250569805882,34.465734713549296,34.783115136455805
2841,36.843102359,36.5706226115,34.968295551604655,35.19193573647059,34.528778254646326,34.787688310430454
2842,36.840156632,36.566204021000004,34.95619415414933,35.16299830064706,34.485915286244804,34.78600992799471
2843,36.838683768500005,36.522018116,34.95660247283088,35.166637139882354,34.51342730676177,34.79835832531839
2844,36.8239551335,36.572095475,34.963645050858304,35.14688344117647,34.474727216606496,34.77006172420366
2845,36.8121722255,36.572095475,34.96843256216279,35.1810192187647,34.473116108490835,34.7818458647012
2846,36.790079273,36.5470567955,34.94128704028245,35.13995231882353,34.49388239368852,34.746805196720004
2847,36.801862181000004,36.560312567000004,34.945943880239916,35.147056719235295,34.520837403467155,34.75800343120918
