frame,left_eye_temp,right_eye_temp,forehead_temp,nose_temp,left_cheek_temp,right_cheek_temp
0,34.8532637705,34.138924973,35.1682383575,32.715965553941174,33.877822328079034,32.86764825964602
1,34.84884518,34.442334854,34.13595595962055,32.28069107017647,33.833538533753476,32.61479136564417
2,35.2332625535,34.745744735,34.36042463870968,32.288142026705884,33.78322016323595,32.19212813373391
3,,,,,,
4,,,,,,
5,,,,,,
6,,,,,,
7,,,,,,
8,,,,,,
9,,,,,,
10,,,,,,
11,,,,,,
12,,,,,,
13,,,,,,
14,,,,,,
15,,,,,,
16,,,,,,
17,,,,,,
18,,,,,,
19,,,,,,
20,,,,,,
21,,,,,,
22,,,,,,
23,,,,,,
24,,,,,,
25,,,,,,
26,,,,,,
27,,,,,,
28,,,,,,
29,,,,,,
30,,,,,,
31,,,,,,
32,,,,,,
33,,,,,,
34,,,,,,
35,,,,,,
36,,,,,,
37,,,,,,
38,,,,,,
39,,,,,,
40,,,,,,
41,,,,,,
42,,,,,,
43,,,,,,
44,35.717834645,34.975511441,34.525769064457144,31.572330365705884,33.97229596900971,33.85721367121312
45,35.815043636,35.7310904165,34.69972139632674,31.905197516705883,33.81381128457215,34.58528758639423
46,35.8400823155,35.756129096,34.72970062382775,32.243956121705885,33.941440522929476,34.541829515079485
47,35.8135707725,36.0374460245,34.776134036573396,32.368369767941175,33.885559195614974,34.48445764683146
48,35.570548295,35.788532093,34.68915486598719,32.35918603082353,33.97090857910897,34.48692862889231
49,35.694268829,35.9785314845,34.77954212611033,32.570411984529414,33.99193493873373,34.51969122510345
50,35.5543467965,36.044810342,34.75594148230769,32.94486586964706,33.991333213177256,34.46277714218597
51,35.706051737,35.991787256,34.75422281785143,32.60628054270588,33.98918055550336,34.445332433696564
52,35.7664391405,36.018298799,34.74372075850467,32.39176230588235,33.88494694686318,34.36399248572363
53,35.373184586,35.9638028495,34.7437822657761,31.950596368117647,33.810861505926404,34.41602536447654
54,35.7193075085,35.944655624,34.767253217857146,32.242743175294116,33.82838593757983,34.30098072930796
55,35.812097909,35.99767871,34.785421132,32.37720694894118,33.86195136088586,34.25996255671722
56,35.770857731,35.990314392500004,34.74124461287563,32.801738193058824,33.847175261375,34.02846664221834
57,35.8371365885,36.002097300500004,34.766975789600004,32.36143864558824,33.789550084554456,33.85810369712919
58,35.8371365885,35.985895802,34.741785898153275,32.201676275352945,33.81782549085359,33.86317567744681
59,35.785586366000004,35.871012449,34.73960008433963,32.20410216817647,33.81146948545743,33.80737126408724
60,35.797369274000005,35.8636481315,34.76411346878505,32.43092314717647,33.82110052895402,33.5159943316653
61,35.8076793185,35.785586366000004,34.73419736280374,32.59675024947059,33.83918457352113,33.664419477487606
62,35.815043636,35.8312451345,34.73554798769231,32.667101141352944,33.81182225286448,33.5506590073225
63,35.797369274000005,35.8430280425,34.748644727353565,32.652199228294116,33.800906210910966,33.45820464237864
64,35.816516499500004,35.8341908615,34.7830786893458,32.53229081158824,33.80118707583587,33.96157106371941
65,35.8282994075,35.868066722,34.787806884886514,32.52397346476471,33.786123235345784,33.36325686390469
66,35.8282994075,35.815043636,34.762774104706274,32.62724718782353,33.765674369382474,33.45193522911765
67,35.835663725,35.6545015145,34.822963540886796,32.129939159,33.77081299293569,33.96910507030769
68,35.8430280425,35.679540194,34.78691080666038,31.88631020829412,33.81599168058442,34.3082331354025
69,35.806206455,35.832717998,34.77826102919231,31.921832210352942,33.90408625177124,34.34527002138504
70,35.767912004,35.800315001,34.77126350858816,31.91628731247059,33.88714231626251,34.230659604088494
71,35.782640639,35.791477820000004,34.76859951344828,31.92512449347059,33.83405390465459,34.29845221431463
72,35.6721758765,35.7458190515,34.7227584777145,31.639562252529412,33.72875867840868,34.523389858225805
73,35.748764778500004,35.788532093,34.741272840868575,31.810067862411767,33.80298534254733,34.57319047629696
74,35.823880817,35.959384259000004,34.770906153125,32.1011750012353,33.901392259454546,34.52944117117329
75,35.8282994075,35.9608571225,34.753059792851175,31.98715803852941,33.94677776155441,34.589361668581496
76,35.8459737695,35.9844229385,34.75345973428571,32.17360522982353,33.89784536687318,34.53140467888594
77,35.822407953500004,35.959384259000004,34.77273198546584,32.342551337176474,33.98307251064648,34.49551448882197
78,35.770857731,35.862175268,34.752387060588234,32.19041320152941,33.93593973000611,34.56776854114962
79,35.76202055,35.903415446000004,34.71040573287129,32.34116511270588,34.0005574236398,34.56260991703325
80,35.823880817,36.000624437,34.808334420114285,32.25816492252941,33.94610407190362,34.58304579417134
81,35.868066722,35.888686811,34.7766748685,31.905197516705883,33.88322597087741,34.58705851270898
82,35.8194622265,35.888686811,34.77205211870297,32.18764075258824,33.820741824772725,34.54601636776847
83,35.7811677755,35.891632538,34.67373483437624,32.16979311252941,33.78260537351955,34.54170112462454
84,35.738454734,35.924035535,34.70835868109626,32.267695215764704,33.772814452432435,34.47863894891892
85,35.7134160545,35.900469719,34.65190053482022,32.347922957,33.84001187950032,34.45208330306475
86,35.6456643335,35.8901596745,34.5469081625,32.28554285582353,33.81885016915888,34.37141720672769
87,35.546982479,35.826826544,34.56313826029126,32.25313985882353,33.825730749237344,34.376179007272725
88,35.524889526500004,35.760547686500004,34.550228181544554,32.098229274235294,33.83232791196721,34.4838579678234
89,35.735509007000005,35.7958964105,34.66727303059406,32.249847575705886,33.86653465587361,34.421049314623495
90,35.682485921,35.812097909,34.669433873558674,32.24950101958824,33.84918628653846,34.41220810059091
91,35.5278352535,35.794423547,34.66180639290909,32.72566912523529,33.992154125225,34.34007891776451
92,35.6456643335,35.816516499500004,34.63037259411298,32.656877735882354,33.911297425892855,34.306539606421865
93,35.6574472415,35.8076793185,34.67727289369976,32.278785011529415,33.85723580093264,34.40940940730566
94,35.632408562,35.810625045500004,34.65576699906542,32.224375701058825,33.89323810197753,34.39770447539941
95,35.514579482,35.800315001,34.6696467875,32.30824228152942,33.90712778314155,34.476886238360905
96,35.623571381000005,35.803260728,34.66020313329412,32.265442601000004,33.73219609908688,34.47842054847111
97,35.464502123,35.844500906,34.61709765324675,32.236158609058826,33.84302319828496,34.524377611774824
98,35.6957416925,35.791477820000004,34.66431967810567,32.35866619664706,33.88331194982479,34.50901860226295
99,35.6957416925,35.8253536805,34.71208851203947,32.365250762882354,33.89301477022595,34.56274481201995
100,35.692795965500004,35.8695395855,34.73824652081818,32.51115088841176,33.914565819562775,34.510928559933724
101,35.7251989625,35.8901596745,34.68640937685714,32.324357141,33.96689921779006,34.56094390168193
102,35.6456643335,35.903415446000004,34.69042289411079,32.55724285205883,33.9875484351741,34.52747138950447
103,35.711943191,35.876903903,34.67534483518182,31.93344184029412,33.92386455767383,34.53187962316742
104,35.697214556,35.871012449,34.67195427365,32.098749108411766,33.91655160644089,34.46620054823806
105,35.679540194,35.847446633000004,34.64751692112782,32.13184521764706,33.9392415039875,34.48275901630137
106,35.6780673305,35.841555179000004,34.6311018495102,32.03359655829412,33.8211932837468,34.455802294505986
107,35.6338814255,35.8489194965,34.60928005576842,32.59276485411765,33.89976100794224,34.369414038805736
108,35.6839587845,35.8459737695,34.62738006827273,32.391415749764704,33.892223040905755,34.37017055418776
109,35.6515557875,35.8695395855,34.631741905770866,32.43421543029412,33.89977621164162,34.331820143275436
110,35.5278352535,35.8076793185,34.63792476339334,31.770560465000003,33.86331737972389,34.48409849731769
111,35.6780673305,35.8754310395,34.662439995508024,32.28363679717647,33.83925210909707,34.36352373689474
112,35.726671826,35.838609452,34.66870264423077,31.936734123411767,33.84759995379271,34.36905270060391
113,35.7369818705,35.859229541000005,34.70577348555385,31.697610402235295,33.820551123438015,34.41234646794658
114,35.691323102,35.812097909,34.68968528424615,31.773159635882354,33.800098454985594,34.386677080496895
115,35.700160283,35.906361173,34.67290452296729,31.915767478294118,33.716688344637525,34.26049525058228
116,35.714888918,35.750237642,34.7248844119534,31.967924174,33.7837339881946,34.32231898976419
117,35.720780372,35.8047335915,34.74677153126857,32.21553852005883,33.82935094421959,34.151867994900186
118,35.7428733245,35.6780673305,34.73110502760755,32.21207295888235,33.807173270624,34.17904108895443
119,35.720780372,35.7752763215,34.6963545438765,32.01366958152941,33.74340953646994,34.278283223989774
120,35.738454734,35.8135707725,34.69311624794393,32.03896817811765,33.746550452347925,34.37626036511962
121,35.658920105,35.691323102,34.67170116992233,31.971563013235297,33.78342408678209,34.42956505269036
122,35.694268829,35.6780673305,34.65966809928793,32.02649215788235,33.7447495502439,34.43754698648415
123,35.704578873500004,35.8665938585,34.68843920554622,32.17603112264706,33.78116730036687,34.42399483982392
124,35.6279899715,35.815043636,34.63443186714956,32.207914285470586,33.80923784786886,34.409051224673654
125,35.629462835,35.838609452,34.65804373411881,32.250540687941175,33.90144042717094,34.382709786884426
126,35.6279899715,35.8459737695,34.639612765126216,32.283463519117646,33.9111561790625,34.2163107121466
127,35.673648740000004,35.760547686500004,34.63835439631068,32.31309406717647,33.85488598068616,34.18729814921029
128,35.6692301495,35.600005565000004,34.60985164657143,32.11555708011765,33.79900791805541,34.148460147307375
129,35.6692301495,35.8518652235,34.60884169372213,31.882151534882354,33.774458789792575,34.233894634828715
130,35.6898502385,35.7340361435,34.634147000576924,31.852694264882356,33.81899887907692,34.35088409316583
131,35.70310601,35.8135707725,34.66319062293306,32.47666855470588,33.8775407972,34.263689594934036
132,35.692795965500004,35.800315001,34.70607092202679,32.521894128058825,33.85287551030613,34.37847909451613
133,35.6220985175,35.85039236,34.674732819411766,32.39834687211765,33.83182339173145,34.36391702604817
134,35.664811559,35.9107797635,34.67782141825243,32.51669578629412,33.888490556547346,34.316797572070485
135,35.6780673305,35.8989968555,34.715145244326536,32.68997384511765,33.90710719274466,34.273749026266316
136,35.653028651,35.956438532,34.66213194149764,32.47424266188236,33.83062775233315,34.28648370186644
137,35.676594467,35.932872716,34.69351017231623,32.548925505235296,33.84879474777298,34.25899662265985
138,35.664811559,35.918144081,34.682597259563025,32.55065828582353,33.80393792483397,34.226098142611626
139,35.6957416925,35.897523992,34.68592211374436,32.53454342635294,33.8106443285342,34.031805958308105
140,35.704578873500004,35.803260728,34.691696555437055,32.22818781835294,33.81410807538124,34.227927306505016
141,35.7517105055,35.797369274000005,34.73024653416546,32.016788586588234,33.83112474819726,34.247031010687145
142,35.629462835,35.8636481315,34.66807088416667,32.243956121705885,33.7801397631878,34.213840702064005
143,35.6515557875,35.897523992,34.62894475855808,32.18244241082353,33.81893402125458,34.247358579601
144,35.711943191,35.7134160545,34.748176128714285,31.88890937917647,33.773778335566035,34.33779223015625
145,35.706051737,35.679540194,34.6960008545283,31.714938208117648,33.75422678116732,34.32611161313844
146,35.735509007000005,35.7958964105,34.70617164425824,31.698476792529412,33.767982079269146,34.40309554716981
147,35.735509007000005,35.7163617815,34.71807832538141,32.006738459176475,33.84849761733032,34.39213709743869
148,35.723726099000004,35.7634934135,34.65705731139286,32.02475937729412,33.800579350536694,34.273121437150174
149,35.6721758765,35.7782220485,34.64767760504202,31.79066071982353,33.78228546086812,34.35169338549181
150,35.608842746,35.7841135025,34.62375321467391,32.10394745017647,33.85505158563107,34.42627907625511
151,35.7016331465,35.759074823,34.60693887089801,32.33665988317647,33.83471370399575,34.264449322675816
152,35.7369818705,35.726671826,34.67082080913043,31.898439672411765,33.77836483768984,34.226839855049505
153,35.6957416925,35.660392968500005,34.66277931932247,31.645626984588237,33.726931772583896,34.38486949802251
154,35.660392968500005,35.741400461,34.648236445534764,32.081421302529414,33.80092549092437,34.39274418033044
155,35.6839587845,35.809152182,34.67000356809938,32.15523775558824,33.805286517437324,34.32730896582258
156,35.729617553000004,35.8135707725,34.69551175268679,32.200463328941176,33.814217993956596,34.27950093244814
157,35.726671826,35.829772271,34.7341862045283,32.17915012770588,33.87043368772124,34.282220180447766
158,35.714888918,35.7782220485,34.70697309457944,31.991143433882353,33.81885872671421,34.319417928388745
159,35.785586366000004,35.8489194965,34.76218046246631,31.685307660058825,33.80150402567083,34.345890498519154
160,35.788532093,35.8872139475,34.74884279169812,31.833113844235296,33.79490830100487,34.27216717228216
161,35.8194622265,35.588222657,34.75006289140187,31.639215696411767,33.78479345538629,34.36557118599532
162,35.797369274000005,35.670703013,34.762027160065934,31.60109452347059,33.796446117952584,34.38603926043097
163,35.776749185,35.8135707725,34.72635595133527,31.656196946176472,33.82585437441936,34.38643334231986
164,35.779694912000004,35.776749185,34.69730576130286,31.779051089882355,33.8677566574064,34.354824429873645
165,35.750237642,35.741400461,34.71623351395604,32.01730842076471,33.82220711373792,34.325548463766346
166,35.7576019595,35.720780372,34.72471677610769,31.805216076764708,33.818117553432835,34.39913618
167,35.760547686500004,35.806206455,34.72026559917715,31.94713080694118,33.80164643964111,34.29963653897345
168,35.73256328,35.6162070635,34.70531179949519,31.571463975411767,33.7633256524026,34.248339126382255
169,35.6191527905,35.806206455,34.67409904345143,32.02441282117647,33.79503055019691,34.16449729869565
170,35.4659749865,35.653028651,34.63156086901338,31.773679470058823,33.81785701373134,34.20355960891967
171,35.6898502385,35.667757286000004,34.65858189503972,31.703848412352944,33.83216963169102,34.13380757864964
172,35.6103156095,35.7576019595,34.62894262954987,32.264229654588235,33.886790503490566,34.15880564874494
173,35.6662844225,35.782640639,34.65377314464331,32.73190713535294,33.89448335346505,34.21497720408907
174,35.673648740000004,35.812097909,34.6476575148323,32.94209342070588,33.849641529033235,34.02149271168142
175,35.600005565000004,35.772330594500005,34.655137652255945,32.68321600082353,33.822628786986904,34.21608092017769
176,35.597059838,35.764966277,34.60300581947685,32.624821295000004,33.85341259318249,33.73105051838926
177,35.574966885500004,35.7693848675,34.633112547951505,32.26145720564706,33.81840266587349,34.2376068275
178,35.6014784285,35.776749185,34.62761359111567,32.32158469205883,33.86289386849635,33.612308690028385
179,35.116906337,35.694268829,34.6319303163796,32.11382429952941,33.75314458646712,33.76651490498615
180,35.6103156095,35.782640639,34.68376757407143,32.52206740611765,33.759222839244714,33.957809273978945
181,35.691323102,35.7016331465,34.70049275737143,32.50162059517647,33.79880494815951,34.28060123473684
182,35.685431648000005,35.800315001,34.70672073478972,32.59761663976471,33.874897604324325,34.15548561493628
183,35.704578873500004,35.7900049565,34.7187095072,32.00067372711765,33.773602885229224,34.19209458744426
184,35.7251989625,35.8253536805,34.71569449398052,31.770560465000003,33.71173706563945,34.293271716285716
185,35.694268829,35.8548109505,34.6637662436,31.772639801705882,33.78116308320127,34.30306304509564
186,35.7134160545,35.8695395855,34.649478376640005,32.132884886,33.748753895323745,34.14758967691834
187,35.6957416925,35.862175268,34.67493909328483,32.26336326429412,33.696491038305595,34.04531388332838
188,35.6662844225,35.859229541000005,34.68959775706422,32.63521797852941,33.75247364514286,33.993257026371545
189,35.6545015145,35.9196169445,34.666957255051976,32.38275184682353,33.70820235069513,33.92863013758701
190,35.670703013,35.772330594500005,34.62137078519273,31.74266269752941,33.6817027781077,33.880140111583856
191,35.513106618500004,35.8695395855,34.64096101742857,31.970523344882356,33.720206582525776,33.83109400088286
192,35.5661297045,35.7075246005,34.62845124172728,31.804696242588236,33.70097058452696,33.67528091116694
193,35.661865832000004,35.6162070635,34.63704649102804,31.63003195929412,33.693112164225354,33.768095009139074
194,35.704578873500004,35.776749185,34.65171490596981,31.95458176347059,33.749569537519626,33.67306779894198
195,35.667757286000004,35.7193075085,34.64728036875514,31.88145842264706,33.74672928793514,33.79778248197861
196,35.6721758765,35.8076793185,34.65062268538558,32.50751204917647,33.722029913681546,33.76212035180723
197,35.6147342,35.650082924,34.66058301211539,32.26180376176471,33.7497977393578,33.90310120994889
198,35.602951292,35.8430280425,34.67695915214286,33.00967186364706,33.82524950012073,33.79483154342376
199,35.661865832000004,35.7811677755,34.65582992514286,32.45743469017647,33.77080558035824,34.06441587644725
200,35.58527693,35.7841135025,34.65694170276513,32.48671868211765,33.73753693058764,34.098876177920005
201,35.648610060500005,35.817989363,34.705354285942306,33.44321356682353,33.87569307285932,34.05913125520077
202,35.655974378,35.782640639,34.67512281846154,33.08227537029412,33.89513459230769,33.696512049167445
203,35.636827152500004,35.838609452,34.655409107000004,32.50889827364706,33.76700466967675,34.10998022843585
204,35.5602382505,35.773803458,34.66416143166667,32.83535413647059,33.850976538141595,34.16393744496442
205,35.4600835325,35.7193075085,34.72230767783784,32.750101331529414,33.8228867201617,34.296369457811664
206,35.679540194,35.700160283,34.72058856211539,32.8081494812353,33.80158194138848,34.35904482258589
207,35.720780372,35.815043636,34.72922154149533,32.30945522794118,33.835813912640475,34.35128233050173
208,35.711943191,35.7929506835,34.71118026299351,32.814387491352946,33.740846129071855,34.38409136738694
209,35.779694912000004,35.7428733245,34.796087053571426,31.760337059529412,33.811553467720934,34.401576575204494
210,35.756129096,35.832717998,34.784403384974546,32.27670567482353,33.7981304568282,34.396475776064
211,35.759074823,35.8577566775,34.76244432915637,32.40493143835294,33.80381873694262,34.28145354847776
212,35.760547686500004,35.838609452,34.846590797091835,31.802963462,33.75345006786094,34.26432137514663
213,35.803260728,35.829772271,34.79426841852035,32.06374694052941,33.74925830831569,34.227647828186534
214,35.8017878645,35.7369818705,34.81886188732143,31.719616715705882,33.723729559064786,34.40563926367257
215,35.815043636,35.6073698825,34.8079963923007,31.354000011588237,33.72432250005079,34.493522323768545
216,35.797369274000005,35.7870592295,34.77477339392857,31.245527946764707,33.74722559772455,34.40104337161103
217,35.810625045500004,35.676594467,34.75904817675676,31.24431500035294,33.75339451945038,34.51061733662162
218,35.8047335915,35.697214556,34.76313217553896,31.068784326764707,33.768745280000005,34.57066955002251
219,35.7811677755,35.7369818705,34.77153932857143,31.165820039705885,33.78060058682028,34.51339733445245
220,35.7988421375,35.632408562,34.743039892120585,30.728812775352942,33.75091196667363,34.56129024138235
221,35.8135707725,35.838609452,34.75381973488811,30.928082543000002,33.808364753114084,34.55854356399103
222,35.817989363,35.829772271,34.73143266745455,30.86258343676471,33.76667810315789,34.57933874121348
223,35.829772271,35.738454734,34.756852017541284,31.069130882882355,33.81218337350994,34.55329552656092
224,35.817989363,35.710470327500005,34.71095522099506,31.322809961,33.70664072803022,34.529023391428574
225,35.4807036215,35.767912004,34.67099803841743,31.467150584000002,33.76678462434783,34.419578378188795
226,35.682485921,35.900469719,34.70848139239238,31.859625387235294,33.78104524387848,34.42710800901478
227,35.661865832000004,35.8695395855,34.68028532519273,31.77887781182353,33.7936650507578,34.19219548139461
228,35.6250442445,35.797369274000005,34.70399872509091,31.956834378235296,33.80527324580145,34.176132059379476
229,35.608842746,35.909306900000004,34.69478670486487,32.647520720705884,33.85325438137997,34.13824114351786
230,35.573494022,35.926981262,34.72436116582121,32.82357122847059,33.85493927833173,34.03288412781193
231,35.6147342,35.847446633000004,34.70833510311927,32.668660643882355,33.86256248504425,34.219301238285716
232,35.277448458500004,35.876903903,34.67747579444445,32.467484817588236,33.839198750611,34.218327779449226
233,35.750237642,35.9166712175,34.76389004394984,31.858412440823532,33.8610754707045,34.230168928143215
234,35.514579482,35.872485312500004,34.714845773214286,32.272893557529414,33.885415707380005,34.295189858509
235,35.6839587845,35.688377375,34.70346313836364,32.659996740941175,33.786878027036856,34.412404691371236
236,35.6220985175,35.894578265,34.71859637870417,32.58340783894118,33.72655462170708,34.441107071179324
237,35.6279899715,35.8548109505,34.72897073475834,32.47944100364706,33.73385863082353,34.44711732842353
238,35.692795965500004,35.9726400305,34.72574226609258,32.67437881982353,33.85288617610105,34.34360836727273
239,35.6191527905,35.93876417,34.723145991462914,32.87468825582353,33.82353507215613,34.38965401014108
240,35.6751216035,35.8607024045,34.716085148585165,32.52258724029412,33.75455600346479,34.36128930003132
241,35.518998072500004,35.921089808000005,34.70051626252896,32.68910745482353,33.80750010455819,34.20854879072561
242,35.570548295,35.9166712175,34.694116555716306,32.584447507294115,33.90108446925816,34.02304728177215
243,35.4070604465,35.865120995,34.75388565325455,32.443572445470586,33.82216914518367,34.30112248153184
244,35.264192687000005,35.8783767665,34.710998948478334,32.893402286176475,33.83110104270298,34.206385890968924
245,35.720780372,35.803260728,34.733338249724774,32.81629355,33.83114973753012,34.18202561015789
246,35.623571381000005,35.876903903,34.73205552378264,33.28431758688235,33.8515310328937,34.12287782431616
247,35.7016331465,35.711943191,34.72702151565909,32.221603252117646,33.7453569519242,34.18396690123077
248,35.688377375,35.900469719,34.71518415634182,32.333540878117645,33.787733251545106,34.069383957946506
249,35.6633386955,35.617679927,34.699000446972406,31.80972130629412,33.73126197121739,34.146621872580646
250,35.688377375,35.6147342,34.704779311353214,31.891335272000003,33.77342434156487,34.17190181292208
251,35.7222532355,35.7929506835,34.74775851514019,31.720136549882355,33.76053295018182,34.32572550748202
252,35.7782220485,35.779694912000004,34.72101174415094,31.66104873182353,33.75839874023874,34.450672168145225
253,35.748764778500004,35.835663725,34.722367041752335,31.870888461058826,33.830231994663045,34.35897460551948
254,35.714888918,35.744346188,34.678940064643,31.87262124164706,33.81861348104932,34.268480312403845
255,35.6515557875,35.7075246005,34.687042928045884,31.866556509588236,33.88058711,34.349159019983595
256,35.6132613365,35.896051128500005,34.716834694917,32.02146709417647,33.82969234300292,34.154132817177036
257,35.518998072500004,35.776749185,34.72270286253755,32.23407927235294,33.870521455477,34.22410056081766
258,35.561711114000005,35.8253536805,34.70863447116764,32.40337193582353,33.87969077385226,34.2722222010544
259,35.597059838,35.929926989,34.718272764424846,32.62412818276471,33.86545517095023,33.979357879851605
260,35.6162070635,35.8253536805,34.72380167351351,32.946598650235295,33.880488468574256,33.9424712497293
261,35.688377375,35.8459737695,34.7276920882243,33.16839456552941,33.96204192785498,34.068716390331915
262,35.647137197,35.8253536805,34.71672806519231,32.35364113294118,33.82263823144191,34.270484819828916
263,35.6869045115,35.750237642,34.72325451473028,31.942105743235295,33.800075497244215,34.357302329668016
264,35.523416663,35.729617553000004,34.70909156224532,32.251407078235296,33.81745104538952,34.37895925854325
265,35.70310601,35.844500906,34.738589660062374,32.106893177176474,33.801965465956805,34.3607350388906
266,35.4041147195,35.823880817,34.701547079992025,32.623261792470586,33.864669008,34.357618400207976
267,35.617679927,35.8017878645,34.70576017163755,31.985078701823532,33.832765537549285,34.186580755711745
268,35.6545015145,35.6692301495,34.69259906833977,32.03151722158824,33.80775722121181,34.15120469015332
269,35.676594467,35.906361173,34.69247714201581,32.651332838,33.8426389419898,34.275791206850535
270,35.661865832000004,35.946128487500005,34.72575094471352,32.34081855658824,33.84168008829756,34.026894745556504
271,35.685431648000005,35.9078340365,34.75414846067568,31.991316711941177,33.84337805017613,34.070598476
272,35.479230758,35.9137254905,34.713631847477274,32.62742046588235,33.884621860835736,34.03575504160067
273,35.470393577,35.8989968555,34.73357760173913,32.77661287452941,33.908714701930506,34.071958090744964
274,35.655974378,35.8901596745,34.740130579375,32.66051657511765,33.91022288332027,34.15424770420168
275,35.726671826,35.847446633000004,34.7304720642324,32.622048846058824,33.83880362760041,34.14142324779747
276,35.514579482,35.8430280425,34.789367618784404,32.98558621347059,33.85165647362245,34.079637750034664
277,35.682485921,35.8607024045,34.75234274785714,32.43750771341177,33.828795197383634,34.32559751255426
278,35.558765387,35.9137254905,34.70107664254464,32.285369577764705,33.83146933160902,34.259326607933495
279,35.502796574,35.926981262,34.68746580573661,33.36905055764706,33.96800304352828,33.94097308283143
280,35.6633386955,35.8430280425,34.77459374278761,33.34219245852941,33.94368801886463,34.04932402750594
281,35.735509007000005,35.93876417,34.77186411888419,32.395401145117646,33.829019093833494,34.11292940128981
282,35.738454734,35.924035535,34.75480101966116,32.33267448782353,33.85670651847859,34.20926215223022
283,35.7428733245,35.8253536805,34.730966963603,32.15783692647059,33.835261045728956,34.39545343819305
284,35.809152182,35.835663725,34.796870664711925,32.656531179764706,33.93086249765618,34.47846300909091
285,35.82093509,35.871012449,34.766463915733944,32.27324011364706,33.91843273945094,34.51019963500349
286,35.7251989625,35.932872716,34.70102806837838,32.230093877,33.96751833479452,34.394153472014544
287,35.6869045115,35.7752763215,34.66778745180778,31.780957148529414,33.85386432643963,34.31705252070692
288,35.810625045500004,35.6957416925,34.71480575547297,31.92755038629412,33.870852068335,34.26967543863326
289,35.7988421375,35.424734808500006,34.721308590568185,31.896360335705882,33.778771849543,34.04801530589231
290,35.753183369,35.594114111,34.711027238214285,31.804003130352942,33.781450673112396,34.0178472286109
291,35.7428733245,35.52636239,34.713909263385325,31.971909569352942,33.872489244153165,34.010891894672
292,35.691323102,35.470393577,34.643132373421054,32.11382429952941,33.87303903379445,34.131996224319096
293,35.7075246005,35.794423547,34.59583949541963,32.260764093411765,33.88909471802481,34.077385161656906
294,35.6839587845,35.706051737,34.61354890292383,32.01245663511765,33.840605765844664,33.94273020328571
295,35.6633386955,35.632408562,34.66257743080632,31.805562632882353,33.82569194452479,34.45009263148936
296,35.822407953500004,35.791477820000004,34.702583430695654,31.965498281176473,33.92662731634207,34.50087041157895
297,35.812097909,35.8577566775,34.69908153665138,31.557601730705883,33.915308326700305,34.52970386331915
298,35.8076793185,35.847446633000004,34.711840745859405,31.88336448129412,33.9595450638517,34.54600227684515
299,35.816516499500004,35.903415446000004,34.70114757972078,31.74942054182353,33.98836225317347,34.5674723733572
300,35.809152182,35.856283814,34.69491358727273,31.929629723,33.92928588151703,34.52273443331025
301,35.7752763215,35.912252627,34.68509930692005,32.07535657047059,33.88395128161503,34.5066995695795
302,35.7222532355,35.944655624,34.65642247903872,32.560188579058824,33.9327077095806,34.45667709603667
303,35.7222532355,35.953492805,34.67432475018868,32.45362257288235,33.94760455959794,34.454525297098726
304,35.685431648000005,35.990314392500004,34.652385373326716,32.72930796447059,33.967493759432244,34.43314952267516
305,35.650082924,35.9932601195,34.6357342201215,32.79203462176471,34.029615458615226,34.39581547909154
306,35.735509007000005,35.8695395855,34.650107857062,32.17793718129412,33.936740393601326,34.523986282017844
307,35.6780673305,35.8872139475,34.672709408428574,32.29767231994118,33.98225487776699,34.56428410117647
308,35.6751216035,35.980004348,34.67260160625,32.98316032064706,33.9685601248,34.37206871182243
309,35.7281446895,35.8872139475,34.61448644349907,32.29923182247059,33.890307738887174,34.461113863625
310,35.7634934135,35.8253536805,34.63283931803019,32.20860739770588,33.8947929815859,34.4293218621978
311,35.772330594500005,35.8665938585,34.66700338242991,32.215365242000004,33.92757616699848,34.40914265911215
312,35.7634934135,35.717834645,34.64012422161035,31.74786103929412,33.87779813897384,34.503091352171836
313,35.741400461,35.8253536805,34.64488885701742,31.76224311817647,33.86612955649289,34.552076314003244
314,35.747291915000005,35.835663725,34.625013168029355,31.86811601211765,33.862455327079005,34.3245392210219
315,35.6545015145,35.764966277,34.580445491766724,31.348628391764706,33.796889660438204,34.40698613
316,35.738454734,35.7929506835,34.59398772659082,31.940546240705885,33.78135440970173,34.2130052879258
317,35.7193075085,35.8282994075,34.624604027948116,31.737291077705883,33.78911158166577,34.43608910293815
318,35.7369818705,35.8047335915,34.60579249611157,31.321077180411766,33.84626331143161,34.4292047534471
319,35.7134160545,35.759074823,34.631609284649535,31.669192800588238,33.79153277936285,34.379995968040205
320,35.750237642,35.7251989625,34.635739726153275,31.599881577058824,33.804276538365386,34.380273630582366
321,35.767912004,35.594114111,34.61765654226535,31.094082923352943,33.76052489191832,34.394107584551385
322,35.7458190515,35.773803458,34.5975201164,31.452421949,33.791847168925706,34.28371096474939
323,35.726671826,35.7900049565,34.611711038228655,31.62968540317647,33.83397282655498,34.32205737753247
324,35.754656232500004,35.6427186065,34.60760766769957,31.631764739882353,33.825440644860684,34.404499310861624
325,35.754656232500004,35.7310904165,34.61662168111111,31.242408941705882,33.77746196563969,34.409677169347475
326,35.747291915000005,35.488067939000004,34.6146192675254,31.30357609647059,33.779017078441974,34.48399619995013
327,35.7517105055,35.661865832000004,34.610895899,31.343603328058826,33.798092926985646,34.471387808529414
328,35.7576019595,35.720780372,34.62422110767851,31.029970041588236,33.780291506351794,34.46018221138662
329,35.753183369,35.7517105055,34.59757191388411,31.05370913564706,33.781812222846156,34.37975022790164
330,35.7517105055,35.638300016,34.612141199763315,31.696917290000002,33.856430552,34.45588835998211
331,35.7576019595,35.641245743,34.60137022872753,31.740583360823532,33.795688483478266,34.34548329430962
332,35.738454734,35.7517105055,34.60847951388889,31.058041087117648,33.744221400604424,34.39609498054591
333,35.7310904165,35.6073698825,34.62714371396227,31.092523420823532,33.766286533232595,34.54448568963816
334,35.714888918,35.6338814255,34.621629602056075,31.362663914529413,33.76707193025724,34.44657709827993
335,35.7340361435,35.7016331465,34.63239359164835,31.416726668882355,33.78895668255135,34.5636327340187
336,35.756129096,35.6957416925,34.65431603849056,31.15230435111765,33.83276850825311,34.48767343478261
337,35.770857731,35.667757286000004,34.67417328008791,31.930669391352943,33.825243929852164,34.485719253228346
338,35.753183369,35.5896955205,34.665240197325666,31.359371631411765,33.809955625248826,34.4558517016388
339,35.7752763215,35.591168384,34.70999504276954,31.757911166705885,33.84340976478353,34.45614843337872
340,35.7693848675,35.6751216035,34.68502743085715,31.881631700705885,33.82226009042342,34.41961780679661
341,35.741400461,35.636827152500004,34.70094348271564,31.645107150411764,33.800727458857146,34.472782284336134
342,35.564656841,35.538145298,34.58232052875,31.277064553470588,33.730855523842365,34.439354587487436
343,35.6869045115,35.5661297045,34.595543779049166,31.407542931764706,33.77488088434595,34.43891464748322
344,35.6662844225,35.691323102,34.5960036125,31.468190252352944,33.7737252969378,34.331672167434554
345,35.6456643335,35.55581966,34.589025694375,30.99635409817647,33.72213968924299,34.40592438430847
346,35.6692301495,35.579385476,34.61034133655849,31.476507599176472,33.76089621279621,34.33027709639762
347,35.6279899715,35.499850847000005,34.59574887195755,31.711645925000003,33.7411968533126,34.18978650133103
348,35.6692301495,35.600005565000004,34.61145666288112,31.94227902129412,33.71998773390688,34.108950659130436
349,35.653028651,35.4777578945,34.5925887512,31.781476982705883,33.68649527820602,34.03249247614754
350,35.2980685475,35.5602382505,34.552804766372375,31.817345540882354,33.69625319788441,34.318764740102125
351,35.4895408025,35.6162070635,34.534790313346576,32.13842978388235,33.75091924900702,33.968783489388116
352,35.122797791,35.529308117,34.50835564567308,32.056295984,33.74391551730851,34.1386432078087
353,35.5072151645,35.5690754315,34.549517323207546,31.740583360823532,33.72092286823592,34.12386359807309
354,35.688377375,35.636827152500004,34.57511700534286,31.74890070764706,33.7233333272301,34.210224013133804
355,35.648610060500005,35.691323102,34.56608371229808,31.776971753176472,33.78490684440192,34.275597354285715
356,35.605897019000004,35.747291915000005,34.54916031885715,32.263883098470586,33.89096657691116,34.262515751452675
357,35.6692301495,35.8607024045,34.715942935526314,32.327649424117645,33.96852374333996,34.164996033457946
358,35.7163617815,35.691323102,34.79172301357143,31.991316711941177,33.92979041629478,34.468093766243655
359,35.7193075085,35.710470327500005,34.735925645,32.021986928352945,33.951923621310655,34.33330682588716
360,35.6869045115,35.7222532355,34.771682318086505,31.962899110294117,33.93161032756184,34.48287775871355
361,35.764966277,35.704578873500004,34.795824667811274,31.717190822882355,33.8766208982666,34.36423883586047
362,35.810625045500004,35.470393577,34.747534195327106,31.491409512235297,33.87701433548888,34.39385621519631
363,35.803260728,35.7634934135,34.782402671,31.875047134470588,33.89939546477707,34.433651465975906
364,35.7664391405,35.816516499500004,34.76966187623853,32.19370548464706,33.95671493375752,34.44298946
365,35.664811559,35.8607024045,34.76888973285715,32.144667794,33.99199986369891,34.586740714565586
366,35.2509369155,35.85039236,34.70866718810328,32.510977610352946,34.02293060719749,34.48373602818104
367,35.5013237105,35.9520199415,34.76202730855505,32.155757589764704,33.90323288624938,34.291914134384236
368,35.5631839775,35.924035535,34.77615663875,32.69309285017647,33.97992728271137,34.162473619900084
369,35.541091025,35.853338087,34.79705934767022,32.64180254476471,33.99518135843797,34.33932926704961
370,35.558765387,35.8901596745,34.78712518571429,32.80399080782353,34.041047878969074,34.25202647015735
371,35.697214556,35.6898502385,34.81591910998131,31.840044966588238,33.96276053399577,34.4814148322
372,35.7340361435,35.7958964105,34.80821066549533,32.032037055764704,33.972380377638196,34.31631449991694
373,35.6279899715,35.82093509,34.785091127860305,31.990623599705884,33.99537245464917,34.43035044675896
374,35.6780673305,35.8518652235,34.7645271227523,32.11798297294118,34.011789481150444,34.2933377718434
375,35.7458190515,35.7369818705,34.814597464474396,31.966537949529414,33.961637162469884,34.473498474858616
376,35.638300016,35.985895802,34.77664108148683,32.630712749000004,34.075844313066156,34.10530990620573
377,35.6633386955,35.9667485765,34.7911276034295,32.77072142052941,34.05602297934762,34.11472279785714
378,35.7340361435,35.8813224935,34.82083468413043,32.08765931264706,33.94716964513513,34.25686238971979
379,35.8135707725,35.7576019595,34.86099693546312,31.828088780529413,33.8855418166633,34.50239176738357
380,35.8872139475,35.7664391405,34.836611124621626,31.738677302176473,33.91525957490238,34.33702801995265
381,35.726671826,35.832717998,34.786797457645456,32.12733998811765,33.986991051715144,34.362133600187875
382,35.6191527905,35.956438532,34.796465780800666,32.49312997029412,34.034468179056795,34.38262863469085
383,34.9828757585,35.962329986,34.76417868698113,32.871915806882356,34.06419514516028,34.2579789085567
384,35.5690754315,35.950547078,34.78525051299066,32.19595809941177,33.97485054585341,34.2497783257899
385,35.720780372,35.953492805,34.77359524481818,32.375127612235296,33.957423325020045,34.26932539039409
386,35.750237642,35.906361173,34.78524609177438,32.207914285470586,33.926858544486805,34.07702232143885
387,35.756129096,35.829772271,34.76827430711462,32.123354592764706,33.8548041488,34.119955866939115
388,35.704578873500004,35.8577566775,34.79963507840701,32.30945522794118,33.89959388627773,33.90881310155699
389,35.579385476,35.73256328,34.81078904052544,32.091644708000004,33.92307827105883,33.9914425561668
390,35.803260728,35.903415446000004,34.85593084764865,32.18174929858824,33.93275842244298,34.07028241639907
391,35.835663725,35.974112894,34.80068659730276,32.01869464523529,33.948529328883254,34.20810265101911
392,35.8047335915,35.803260728,34.792435884457944,31.93292200611765,33.95648708358713,34.31800111822258
393,35.753183369,35.928454125500004,34.75800532845946,32.69343940629412,33.96312033156075,34.22329572570255
394,35.650082924,35.941709897,34.754669425583224,32.975362808,34.02147232464503,34.24131612746929
395,35.7163617815,35.9638028495,34.78559493792208,32.863425182,34.04250512358896,34.23666516067213
396,35.7428733245,36.0168259355,34.79654975870536,32.95942122658823,34.02183703849335,34.376158754418604
397,35.720780372,35.988841529,34.77703192631818,33.27010878605883,34.01131423648094,34.16233056117155
398,35.7428733245,35.924035535,34.80027064702034,32.47909444752941,34.00332764328685,34.07825083900167
399,35.638300016,35.694268829,34.756106695982616,32.17811045935294,33.98061417830309,34.106765424512396
400,35.73256328,35.760547686500004,34.79240835429907,32.67507193205883,33.99919492421741,34.20514140977457
401,35.6397728795,35.844500906,34.79753496098628,33.14708136429412,34.04191996309572,34.1680490159638
402,35.750237642,35.9019425825,34.76565404535259,32.36542404094118,34.00191561071322,34.17241323784211
403,35.5896955205,35.8518652235,34.747078649113206,32.21120656858824,34.03730794425793,34.10420915055703
404,35.676594467,35.8253536805,34.74829869022727,32.952490104235295,34.03453283504889,34.104238300473156
405,35.710470327500005,35.800315001,34.76642147259616,32.86099928917647,34.047395404236504,34.16758864531507
406,35.7752763215,35.8489194965,34.750335089752134,32.16615427329412,33.96788152602598,34.058404154664345
407,35.816516499500004,35.8047335915,34.77390318357143,32.08471358564706,33.99055053485599,34.24626767977113
408,35.8341908615,35.9225626715,34.7990405735,32.286582524176474,34.01005237430723,34.22920224465116
409,35.7900049565,35.935818443,34.762290360485984,32.478747891411764,34.071907770940264,34.3195953684312
410,35.597059838,35.9638028495,34.7309374424032,32.267002103529414,33.985064622500005,34.318769904172534
411,35.708997464,35.988841529,34.735080075834446,31.96896384235294,34.00806743447146,34.43547424306494
412,35.750237642,35.888686811,34.71341584433962,32.06946511647059,34.049778295354905,34.43757538242795
413,35.8047335915,35.8636481315,34.714667952753246,32.001540117411764,34.06145538973196,34.44106087575071
414,35.7340361435,35.8489194965,34.69949443911051,32.190586479588234,34.0828359262449,34.37846576101029
415,35.7134160545,35.8665938585,34.74979239105004,32.42780414211765,34.05357271774436,34.46072052015748
416,35.7752763215,35.7517105055,34.78102523208452,31.925990883764708,33.99761784826973,34.58817613037736
417,35.4158976275,35.8636481315,34.74069203002573,32.02527921147059,33.97687220208445,34.604718054875
418,35.7664391405,35.8989968555,34.759761841739135,32.18816058676471,34.03152048533869,34.460986791774054
419,35.626517108,35.906361173,34.770275617650086,33.2853572552353,34.120133855696324,34.35518783135708
420,35.5779126125,35.896051128500005,34.757171451827006,33.14378908117647,34.1119156881106,34.38516285673239
421,35.6220985175,35.928454125500004,34.795789057809344,33.214313251117645,34.07355457461418,34.31120759760077
422,35.704578873500004,35.924035535,34.78207999964623,32.78908889476471,34.06331798,34.510605766215214
423,35.6869045115,35.9667485765,34.74593026433158,32.68182977635294,34.05232304251944,34.48538002551855
424,35.4777578945,35.8607024045,34.72170475276897,32.594670912764705,33.92097179586279,34.33723760697674
425,35.670703013,35.894578265,34.75914463993119,32.231306823411764,33.967443430253496,34.49566693234266
426,35.655974378,35.971167167000004,34.77128428727273,32.03307672411765,34.02679803292545,34.48373882568202
427,35.756129096,35.8518652235,34.7526548048785,32.30287066170588,34.023205529214394,34.43285362516129
428,35.723726099000004,35.9078340365,34.77275581562063,33.31134896405882,34.146591125392916,34.537970883980584
429,35.661865832000004,35.891632538,34.7750056232,33.07950292135294,34.104523633795246,34.535601608122676
430,35.660392968500005,35.8489194965,34.75586055574176,32.49035752135294,34.084507343035625,34.45874715013851
431,35.249464052,35.809152182,34.72535568341176,33.00828563917647,34.119660009571945,34.55695306243324
432,35.6721758765,35.853338087,34.77487701305384,32.06755905782353,34.05255844162719,34.49787748811647
433,35.8636481315,35.7399275975,34.79485293706494,31.866556509588236,33.99809226202808,34.560544187108135
434,35.9372913065,35.8371365885,34.82658007462338,31.43318808447059,34.036534932016636,34.61354680345038
435,35.667757286000004,35.962329986,34.69014863329634,32.17984323994118,34.0116717755008,34.61681182425234
436,35.941709897,36.021244526000004,34.76122419251487,32.724629456882354,34.12150327796025,34.54997149457034
437,35.93876417,36.015353072,34.793246176883116,32.16494132688236,34.10231517505741,34.607124799217395
438,35.868066722,35.929926989,34.74995291642857,32.462806310000005,34.09737312014107,34.610734040613586
439,35.800315001,35.9520199415,34.73429848151429,32.05005797388235,34.02371449873404,34.659721604500746
440,35.8017878645,36.0109344815,34.749199600000004,32.426244639588234,33.983890080239135,34.43872257563504
441,35.785586366000004,35.956438532,34.740180584,32.17291211758824,34.01445618847814,34.52165986197753
442,35.7988421375,35.9196169445,34.729778187281305,32.46142008552941,33.99881560259868,34.48790381375
443,35.8017878645,35.935818443,34.72461119493261,32.21432557364706,34.00413934398064,34.476710677339454
444,35.791477820000004,35.8194622265,34.73069850140162,31.527624626529413,33.97178780028663,34.54610519953271
445,35.8135707725,35.6692301495,34.72067599706123,31.464204857000002,33.968380229641085,34.582673692265445
446,35.7811677755,35.756129096,34.69195147239893,31.442891655764708,33.96793408855402,34.54079854836531
447,35.826826544,35.706051737,34.698730731860664,31.307388213764707,33.98372352881302,34.541559566951484
448,35.838609452,35.710470327500005,34.68084933009024,31.507870927823532,33.9884152882199,34.531735893915666
449,35.8253536805,35.679540194,34.66408500826087,30.768320172764707,33.93479329187035,34.53668475702941
450,35.8783767665,35.8017878645,34.6700941016,32.14899974547059,33.99547152658499,34.38751682869779
451,35.888686811,35.5572925235,34.67728993609634,31.077968063882352,33.96990651807464,34.49871929386276
452,35.455664942,35.608842746,34.61220052264019,31.60802564582353,33.88292074511628,34.515968307128716
453,35.7988421375,35.7664391405,34.65668467102804,31.493662127,33.91969594306947,34.47098988345532
454,35.815043636,35.6132613365,34.64162016808972,31.714938208117648,33.96201983794256,34.35314190095718
455,35.8341908615,35.64419147,34.684994780484615,31.473042038000003,33.96625244808467,34.378596336566005
456,35.772330594500005,35.594114111,34.65424493729933,31.479106770058824,34.002734703461144,34.22903812417377
457,35.717834645,35.5985327015,34.66920490850061,32.21883080317647,34.028849142017236,34.21787740029012
458,35.884268220500005,35.767912004,34.72149074346154,31.723602111058824,33.96543013833333,34.31706130066327
459,35.8813224935,35.570548295,34.73817394130841,31.45138228064706,33.917422752368154,34.340339649565216
460,35.897523992,35.7281446895,34.72506112628032,31.906063907,33.90205316753404,34.329836137142856
461,35.903415446000004,35.4541920785,34.74106460799066,31.509430430352943,33.9241979050498,34.44028886788285
462,35.8430280425,35.626517108,34.6749200025,31.456580622411767,33.92055027982975,34.313582135278004
463,35.872485312500004,35.698687419500004,34.67618361804061,31.687560274823532,33.95071990330357,34.34380706471967
464,35.6633386955,35.735509007000005,34.59310435444445,31.630898349588236,33.93471655086472,34.40543574736842
465,35.7900049565,35.648610060500005,34.633795775927794,31.78026403629412,33.92245757880734,34.3286402952026
466,35.706051737,35.738454734,34.61129383460495,32.12716671005882,33.963144234696585,34.40811515428572
467,35.6898502385,35.6103156095,34.63519145906851,31.58134082476471,33.95130949458763,34.38032426789615
468,35.7664391405,35.5955869745,34.63950024640394,32.14258845729412,34.009701366855985,34.11640903724977
469,35.770857731,35.73256328,34.624749686728975,32.35346785488235,34.02844088938446,33.87502562
470,35.753183369,35.729617553000004,34.575894243242274,31.935867733117647,33.95684497617149,34.08976430065514
471,35.7841135025,35.632408562,34.59083253099065,32.37062238270588,33.94391445157945,33.741764128347825
472,35.692795965500004,35.7811677755,34.5846898388,32.47077710070588,33.99332668666983,33.528472494664314
473,35.5985327015,35.7664391405,34.59178817558621,32.21137984664706,33.94268892511719,34.07921225278023
474,35.6574472415,35.754656232500004,34.607885536533615,32.98333359870588,34.10507765636628,34.14021675841239
475,35.70310601,35.8371365885,34.58237366084399,33.08972632682353,34.07609148646018,33.89931373894301
476,35.632408562,35.8282994075,34.53412664636735,32.513230225117645,34.010106743772454,33.746935480476644
477,35.6338814255,35.812097909,34.57910619791262,32.72358978852941,34.045086685424906,34.139850772914286
478,35.697214556,35.806206455,34.55800182758058,32.47268315935294,34.07183682520548,34.097726284112674
479,35.552873933,35.673648740000004,34.58725699592233,32.221949808235294,34.01050959426279,34.07995855131116
480,35.524889526500004,35.754656232500004,34.589230879925466,33.03445062605883,34.043527418389914,33.85591258926399
481,35.6132613365,35.760547686500004,34.6174481345283,33.2794658012353,33.99122325641256,33.9871218416
482,35.710470327500005,35.785586366000004,34.5992778729624,32.53523653858824,33.97212150027397,34.049629622511986
483,35.6692301495,35.7988421375,34.62711121118173,32.543900441529416,33.98880141526902,34.11013115502703
484,35.647137197,35.832717998,34.59854254862857,32.710247378,33.984774669765216,34.35241600751799
485,35.5661297045,35.8135707725,34.588525740897964,32.509764663941176,33.989417449818546,34.328078930216606
486,35.670703013,35.841555179000004,34.58563222459266,32.59865630811765,34.03831593889552,34.1933227316
487,35.6810130575,35.764966277,34.598162827107025,32.93602868864706,34.04910912121425,33.81874218643633
488,35.52636239,35.815043636,34.61177080509616,32.709034431588236,34.02596596427136,33.586922130753564
489,35.499850847000005,35.760547686500004,34.61530088065851,32.45119668005883,34.03255763392205,33.97774747010859
490,35.576439749,35.726671826,34.627828059039935,32.49105063358824,33.996927705300145,33.730065660276246
491,35.747291915000005,35.706051737,34.65577617578505,32.571971487058825,34.007411800070315,33.854193428370785
492,35.7399275975,35.760547686500004,34.63904623219464,32.52518641117647,33.99531204935771,33.965018079926
493,35.764966277,35.670703013,34.62422700214286,32.57595688241177,33.94387968701668,33.81619615334976
494,35.6662844225,35.8047335915,34.6352898046996,32.25313985882353,33.96243351640078,33.939011927704485
495,35.502796574,35.8135707725,34.60489738327103,32.320198467588234,33.9540316946205,33.90170206954632
496,35.532253844,35.8194622265,34.58506646645378,32.230267155058826,33.931756302187054,33.67424294250435
497,35.546982479,35.720780372,34.56543558571267,32.37478105611765,33.96090054004848,34.06744349119772
498,35.488067939000004,35.776749185,34.53161304153846,32.25348641494118,33.96408536907662,33.95082592517151
499,35.535199571,35.7900049565,34.565372320869564,32.20340905594118,33.931793471365204,33.71733316629764
500,35.161092242,35.706051737,34.55178486773411,31.91143552682353,33.93835049729563,33.976920908211305
501,35.3157429095,35.710470327500005,34.574016526199465,31.960299939411765,33.927280542912335,33.635227496422615
502,35.6869045115,35.658920105,34.58736718617409,32.07968852194118,33.88989064590309,33.707340322207166
503,35.576439749,35.700160283,34.59404700477971,32.259897703117645,33.92070256677467,33.792078816451614
504,35.520470936,35.6957416925,34.58526357313752,32.41116944847059,33.93844225894118,33.680580187684214
505,35.6220985175,35.685431648000005,34.647253250612245,32.23199993564706,33.916070402319846,33.80555023303001
506,35.6839587845,35.661865832000004,34.59080500083178,32.218310969,33.91000219373578,33.55229369164835
507,35.6103156095,35.714888918,34.566394159838275,32.15541103364706,33.951923621310655,33.85011611427798
508,35.602951292,35.6869045115,34.604263003510205,32.19769088,33.92792107060389,33.826699650682656
509,35.611788473000004,35.679540194,34.59818048622642,32.33492710258824,33.96225824948795,33.88417373689338
510,35.688377375,35.756129096,34.573365155000005,32.33059515111765,33.93396543565092,33.53914534537262
511,35.6692301495,35.753183369,34.59204024665768,32.36577059705883,33.90977018130435,34.16048427930435
512,35.759074823,35.5690754315,34.65182198623119,31.60750581164706,33.85714739583334,34.53902563657545
513,35.7369818705,35.823880817,34.64525965509346,31.685307660058825,34.02822325138801,34.62419117258621
514,35.7870592295,35.738454734,34.61457549757822,31.698650070588236,34.04063953471554,34.61450262731333
515,35.782640639,35.862175268,34.618255670625004,31.900172453,34.02762491530959,34.59506895016737
516,35.779694912000004,35.8282994075,34.58800697460214,32.14085567670588,34.020992148078975,34.51302378833815
517,35.764966277,35.8548109505,34.62708195867925,31.87002207076471,33.981662861895735,34.50434209683767
518,35.7811677755,35.7251989625,34.6222839420642,31.840911356882355,33.91342202818329,34.53391868306938
519,35.73256328,35.815043636,34.65660142507143,31.894454277058824,33.99616269709284,34.51933146907959
520,35.767912004,35.8253536805,34.63163568738286,31.681668820823532,34.02417103140033,34.58483174858993
521,35.7458190515,35.835663725,34.666727672986916,31.743702365882353,33.995219889805824,34.4948686843045
522,35.7281446895,35.747291915000005,34.649714874038466,31.820984380117647,33.94800113315188,34.54484292982217
523,35.706051737,35.753183369,34.65162255806967,32.06755905782353,33.990147338694946,34.55895499401734
524,35.7576019595,35.706051737,34.64460069736604,32.02025414776471,33.98680378846739,34.597453423110785
525,35.7900049565,35.85039236,34.67536020305495,32.14744024294118,33.97977487726674,34.57073579695684
526,35.7222532355,35.8695395855,34.6415540717344,32.205141836529414,33.99613473263158,34.460487581923076
527,35.741400461,35.9048883095,34.630294056800004,31.87851269564706,33.941190047995654,34.43268738706304
528,35.4600835325,35.823880817,34.53249109477885,31.988197706882353,33.94226718290034,34.58166932604151
529,35.5720211585,35.735509007000005,34.56375003643478,31.81110753076471,33.8643316468435,34.27615712802817
530,35.772330594500005,35.7134160545,34.603267953810914,31.653077941117647,33.853871109834714,34.32247533457209
531,35.750237642,35.6220985175,34.564309772,31.35018789429412,33.856943432521476,34.20514928
532,35.750237642,35.647137197,34.554249538200935,31.28243617329412,33.8543152678405,34.28275531258268
533,35.7576019595,35.7193075085,34.58017200639109,31.437000201764707,33.86430552037383,34.2173251634466
534,35.7517105055,35.6191527905,34.55360979830915,31.855813269941176,33.93357737923426,34.282816247813564
535,35.797369274000005,35.735509007000005,34.566953450148205,31.461605686117647,33.87142186196349,34.04008820193093
536,35.782640639,35.7664391405,34.55737217196262,31.790833997882356,33.87289036037347,34.03697286225424
537,35.706051737,35.6957416925,34.55590017281671,31.567478580058825,33.87632962932736,34.21966686716394
538,35.7399275975,35.711943191,34.56557222642857,31.730879789529414,33.88303831866072,33.98578858947891
539,35.776749185,35.630935698500004,34.582716669285716,31.64285453564706,33.84503205615385,34.15793408127659
540,35.6721758765,35.661865832000004,34.51930169833208,31.618422329352942,33.88408094994754,34.17369809517241
541,35.5219437995,35.7782220485,34.526691747200005,31.547898159411766,33.79703436244373,34.06628672669361
542,35.682485921,35.6103156095,34.522064955625,31.258870357294118,33.76819708778325,34.20443696768595
543,35.6073698825,35.635354289,34.534599004924516,31.54512571047059,33.81465534035016,34.262358292683324
544,35.7310904165,35.4865950755,34.53802968626168,31.482399053176472,33.83696375901431,34.34463612674938
545,35.697214556,35.600005565000004,34.544975757117186,31.909876024294118,33.91352483911201,34.30522693091064
546,35.670703013,35.753183369,34.5627278075,31.264415255176473,33.82063662190876,34.35968887479518
547,35.73256328,35.753183369,34.546612680625,31.455540954058826,33.8788463725,34.436891608672866
548,35.7281446895,35.685431648000005,34.55204928981132,31.692065504352943,33.89988513051387,34.439727161245905
549,35.776749185,35.505742301,34.550634496760765,30.986303970764705,33.825153933710624,34.494985063164556
550,35.73256328,35.7458190515,34.5402420914,31.300803647529413,33.89054084299844,34.492046468372486
551,35.7310904165,35.816516499500004,34.546788628765,31.32021079011765,33.89797060953368,34.44047539347826
552,35.7576019595,35.832717998,34.52967668952448,31.591217674117647,33.91544698189313,34.28638797113452
553,35.753183369,35.822407953500004,34.54671475618182,31.45623406629412,33.87033092066332,34.381392108524594
554,35.7841135025,35.785586366000004,34.56707818100212,31.473735150235296,33.857298925,34.46569626334619
555,35.809152182,35.7222532355,34.55551504120727,31.03603477364706,33.83616190103574,34.41267647928627
556,35.7870592295,35.885741084,34.55924092568102,31.544432598235296,33.89091006207792,34.32399973106383
557,35.748764778500004,35.358455951,34.5285682844,31.258870357294118,33.840030581414474,34.45854821130435
558,35.682485921,35.744346188,34.52990296345433,31.129085091235297,33.79140299792711,34.345772832807725
559,35.759074823,35.704578873500004,34.52056491165972,31.55690861847059,33.83653000634454,34.430964066788555
560,35.7870592295,35.756129096,34.525822506138454,31.163913981058826,33.89291121602062,34.419630415559034
561,35.735509007000005,35.7193075085,34.514128271136364,31.372714041941176,33.88289408663594,34.440018091751156
562,35.7664391405,35.670703013,34.51880536068152,31.146239619058825,33.85813705748837,34.40832719880691
563,35.7958964105,35.7870592295,34.54549696478261,31.162007922411767,33.916843040156905,34.349305519817214
564,35.806206455,35.4041147195,34.559113836875,31.15628974647059,33.886758467937504,34.397463018598344
565,35.815043636,35.6574472415,34.555304860957946,31.24899350794118,33.838003594198476,34.45736632074767
566,35.485122212,35.726671826,34.49140796068265,31.507697649764708,33.89290026874409,34.50988926468085
567,35.6220985175,35.7340361435,34.51419315703271,31.369248480764707,33.84161353468275,34.48621981597316
568,35.650082924,35.847446633000004,34.52779428485283,31.843857083882355,33.9077143445247,34.4306530473947
569,35.650082924,35.8312451345,34.52380025598558,31.79897806664706,33.899369414068076,34.41519256822717
570,35.714888918,35.8312451345,34.51742728891827,31.585152942058826,33.87011199128713,34.44626249
571,35.7016331465,35.779694912000004,34.49549821271429,31.568344970352943,33.95076241456343,34.54272523016
572,35.714888918,35.85039236,34.51274977158019,31.859625387235294,33.95140213961965,34.441398365517244
573,35.735509007000005,35.817989363,34.53349783125,31.422098288705882,33.88111303654992,34.4653855970025
574,35.6780673305,35.7811677755,34.53875589333333,31.506657981411767,33.857015232219915,34.48754711982215
575,35.7075246005,35.8518652235,34.52953918320734,31.542699817647062,33.85912402371145,34.46717099978845
576,35.7016331465,35.744346188,34.532361426661964,31.559681067411766,33.83618719004111,34.441608892843604
577,35.664811559,35.82093509,34.53738184353211,32.09424387888235,33.820809975778445,34.31833039450603
578,35.70310601,35.735509007000005,34.54670880033634,32.108106123588236,33.87694702989484,34.163262874373956
579,35.5985327015,35.823880817,34.515079544723875,32.40510471641176,33.8788532024,33.866370334135595
580,35.591168384,35.729617553000004,34.479043144307695,32.27705223094118,33.87573950206897,34.21237758884097
581,35.70310601,35.826826544,34.477616781469386,32.32522353129412,33.90128588857143,34.051265667364625
582,35.6397728795,35.816516499500004,34.48977579941756,32.42936364464706,33.94670533830526,34.080212336959576
583,35.594114111,35.823880817,34.489507781238316,32.719604393176475,33.98261822865889,33.8335692906789
584,35.5985327015,35.776749185,34.502248135725715,32.09892238647059,33.893513861948186,34.16538437923894
585,35.708997464,35.70310601,34.52557758363048,31.983345921235294,33.88141735809476,33.928605166025974
586,35.7134160545,35.52636239,34.52360811841841,31.868462568235294,33.86641912412152,33.96622362812183
587,35.658920105,35.7634934135,34.533441326448596,32.168406888058826,33.92995945176004,33.969463697845605
588,35.7369818705,35.7870592295,34.53472606719626,32.19751760194118,33.90188101892698,34.07167465234043
589,35.767912004,35.823880817,34.52216561428572,32.19249253823529,33.85270702724566,33.937842473138936
590,35.700160283,35.8253536805,34.510407760186915,32.333887434235294,33.89749903456107,34.08364615010811
591,35.636827152500004,35.776749185,34.52634903313752,32.18140274247059,33.89527874580454,34.21890094785714
592,35.597059838,35.770857731,34.502153828190394,32.040354402588235,33.91375336077512,34.160275242207135
593,35.5602382505,35.6751216035,34.55783012130435,31.915074366058825,33.919920526039455,34.01237833543147
594,35.660392968500005,35.5779126125,34.55120145518766,31.83138106364706,33.86907655421396,34.068436703609024
595,35.564656841,35.676594467,34.5467990615,31.766748347705885,33.83377918928458,34.199897081105526
596,35.470393577,35.744346188,34.495036162472694,32.07968852194118,33.91950842840467,33.73309895826811
597,35.517525209,35.776749185,34.58784583318182,32.35208163041177,33.964541004519184,33.880529155124556
598,35.597059838,35.641245743,34.565669965775704,31.86378406064706,33.853734793444616,34.29283273746925
599,35.5720211585,35.744346188,34.58046746004922,32.09337748858824,33.94213880201826,34.08492325649416
600,35.5720211585,35.691323102,34.55604398587566,32.17083278088236,33.97313162082661,34.24640749122314
601,35.706051737,35.6132613365,34.56494736224771,31.745781702588236,33.88285292489,34.27493875448832
602,35.6250442445,35.6633386955,34.55312827199174,31.91386141964706,33.907410108735746,34.10228520543497
603,35.58527693,35.64419147,34.5636988064,32.393841642588235,33.87192029427732,33.93515952658268
604,35.597059838,35.747291915000005,34.5764249822372,32.51894840105882,33.97368433716396,34.26000742772846
605,34.866519542,35.710470327500005,34.5768378604151,32.901199798823534,33.98526470506613,34.33226899203125
606,35.505742301,35.691323102,34.55603545297728,32.665888194941175,33.91552858302463,34.15526728790698
607,35.5278352535,35.6662844225,34.565227663057854,32.16910000029412,33.96538335397777,34.01538374412174
608,35.5690754315,35.7958964105,34.58279896843792,32.28294368494118,33.96658314277567,33.756267215185844
609,35.647137197,35.243572598,34.60919622026316,31.821677492352944,33.806714322662806,34.04566530842821
610,35.574966885500004,35.617679927,34.60407194022642,32.673685707588234,33.914666513217476,34.08861902142857
611,35.6250442445,35.64419147,34.60537938778976,32.14674713070588,33.910283750075116,34.2264457952
612,35.697214556,35.602951292,34.566595503498,31.92893661076471,33.954892548163265,34.18713122643777
613,35.720780372,35.5602382505,34.576113072710285,31.94487819217647,34.007461764476716,34.275549355362834
614,35.764966277,35.446827761,34.568431059819986,31.522253006705885,33.90919518087218,34.31095593034834
615,35.7988421375,35.2627198235,34.64124156285715,31.759817225352943,33.87749317756513,34.45769922250412
616,35.782640639,35.258301233000005,34.666082351367805,31.953542095117648,33.906996905177515,34.36516058317308
617,35.8017878645,35.5779126125,34.68557156619091,31.95406192929412,33.90694860371814,34.29250692296405
618,35.7958964105,35.258301233000005,34.6592821925,31.18869274347059,33.884547962063735,34.44877435023256
619,35.803260728,35.552873933,34.64466473184797,31.313626223882356,33.924107567029246,34.55232023088365
620,35.797369274000005,35.468920713500005,34.67412256137216,31.46663074982353,33.93021695519115,34.517333644078846
621,35.8047335915,35.7752763215,34.656187044565215,31.493662127,33.932891974176165,34.647480558208954
622,35.806206455,35.6692301495,34.68216860681818,31.287114680882354,33.94965518741504,34.50511761039334
623,35.803260728,35.4335719895,34.686943906525805,30.79448515964706,33.93726209486486,34.62608573368182
624,35.800315001,35.710470327500005,34.67569280125,31.239463214705882,33.948629819808275,34.58547815295267
625,35.8047335915,35.7075246005,34.746961630769235,31.759990503411764,33.915749386868384,34.53776741421374
626,35.826826544,35.4070604465,34.68834113920767,30.680814753058826,33.87346839323109,34.670978094324944
627,35.812097909,35.437990580000005,34.6870265768,30.839017620764707,33.880314690125005,34.67768647362794
628,35.812097909,35.779694912000004,34.71204931076923,31.197876480588235,33.90136296288901,34.639769331216215
629,35.816516499500004,35.287758503,34.69428369506055,30.96984255517647,33.86899550282675,34.580461529742834
630,35.822407953500004,35.346673043,34.64674308444954,30.485876936882356,33.83470996921909,34.70479450730385
631,35.8017878645,35.859229541000005,34.656551780211714,31.442198543529415,33.90898281617555,34.49076042561545
632,35.7134160545,35.6279899715,34.63721534266916,31.18332112364706,33.91149074581046,34.581081642195706
633,35.76202055,35.4483006245,34.65200734098694,31.238596824411765,33.88145135652174,34.617067335084336
634,35.7958964105,35.474812167500005,34.66354754634847,31.304269208705882,33.86959572754892,34.54501182165877
635,35.7811677755,35.4453548975,34.66356158517242,31.16807265447059,33.89561574997445,34.408759554386236
636,35.779694912000004,35.401168992500004,34.65263267465517,31.381377944882352,33.91443177826884,34.320934506517375
637,35.803260728,35.3452001795,34.63967715065421,31.360238021705882,33.88367395187692,34.328693012690515
638,35.812097909,35.187603785,34.63175517096154,31.31050721882353,33.876232541826724,34.274270042580646
639,35.82093509,35.2008595565,34.60357773961539,31.39593330182353,33.863512189163714,34.29229464427586
640,35.803260728,35.111014883,34.57494127620417,31.717883935117648,33.87427560122718,34.14294676465754
641,35.767912004,35.546982479,34.58465912888889,31.76518884517647,33.90155280056423,33.97387151697151
642,35.7399275975,35.816516499500004,34.59008291669593,32.139816008352945,33.92265107632287,33.67571511102326
643,35.773803458,35.667757286000004,34.58977989636364,31.87314107582353,33.8130568229626,33.91767675176559
644,35.729617553000004,35.756129096,34.57373049321101,32.117463138764705,33.89205257816602,33.70128666616418
645,35.6780673305,35.658920105,34.54742426022237,31.85789260664706,33.89283342525123,34.00834353479778
646,35.759074823,35.449773488000005,34.57310180775862,31.687386996764708,33.818200696639515,34.12700776133739
647,35.7340361435,35.660392968500005,34.59995347875703,31.773506192000003,33.819950016,33.95880831375
648,35.750237642,35.704578873500004,34.588076193064516,32.02562576758824,33.89037654325307,33.89856678361465
649,35.738454734,35.697214556,34.60013055801032,31.875740246705885,33.908981902345374,33.839803889931034
650,35.7752763215,35.754656232500004,34.54939864078182,32.03584917305882,33.90287721221084,33.69219735184799
651,35.772330594500005,35.311324319,34.57417461403226,31.819078321470588,33.862985474185024,34.0903637970147
652,35.7369818705,35.710470327500005,34.572311679747706,31.751673156588236,33.816779206756756,33.94535855809735
653,35.7752763215,35.605897019000004,34.543762417,31.491929346411766,33.840609921543894,33.97796860864062
654,35.76202055,35.5631839775,34.544653408500004,31.98750459464706,33.88544904846856,34.01184912021019
655,35.7693848675,35.5572925235,34.52848326086207,31.80729541347059,33.9248325890329,34.03325459333333
656,35.723726099000004,35.648610060500005,34.519608389798165,31.944011801882354,33.90247706991513,33.94449723693709
657,35.6898502385,35.7163617815,34.52267286309091,31.504058810529415,33.74814454669153,33.997459379552
658,35.717834645,35.474812167500005,34.52794620284906,31.41551372247059,33.8396229518038,34.11985867406594
659,35.664811559,35.446827761,34.54056280716981,31.517054664941178,33.85537647967675,34.203216794531386
660,35.370238859,35.479230758,34.48039415988389,31.689293055411767,33.81906159453773,34.15231063096506
661,35.7016331465,35.692795965500004,34.49622274058716,31.95752749047059,33.834331448036345,34.0189797502148
662,35.692795965500004,35.6220985175,34.502148712523365,31.75479216164706,33.826399669846,34.11284165351186
663,35.647137197,35.514579482,34.499526421603775,31.82410338517647,33.85675984660083,34.30495297739131
664,35.661865832000004,35.641245743,34.49205899234163,31.88752315470588,33.89179011362786,34.336915240612086
665,35.573494022,35.6721758765,34.483138628,32.104987118529415,33.94711579358632,34.43555820657763
666,35.6014784285,35.7428733245,34.51253675914019,32.20895395382353,33.9116849627707,34.281822790938776
667,35.694268829,35.744346188,34.53097406944471,31.915074366058825,33.945292000042215,34.36244042382979
668,35.685431648000005,35.5337267075,34.5294520025,31.695011231352943,33.90230557576842,34.49284060208396
669,35.692795965500004,35.664811559,34.512491415349096,31.786155490294117,33.92525686471325,34.527401488169644
670,35.605897019000004,35.7517105055,34.54095395491729,32.43993360623529,33.95860223899514,34.41639934346582
671,35.532253844,35.744346188,34.51670191023639,32.53021147488236,33.93366486492147,34.36863894219949
672,35.6220985175,35.6633386955,34.53066961083019,31.967231061764707,33.84292470434783,34.34200826213939
673,35.5425638885,35.6662844225,34.50122781358242,31.84316397164706,33.81908318826482,34.321353451489365
674,35.653028651,35.546982479,34.48859184436975,31.418806005588237,33.7810800046281,34.214604131321344
675,35.479230758,35.682485921,,32.609919381941175,33.951310291238194,34.20191009995227
676,35.395277538500004,35.6957416925,,32.15090580411765,33.91643240918368,34.40117930981644
677,35.314270046000004,35.706051737,34.487179776091644,32.08627308817647,33.843507821152855,34.19112787618824
678,35.414424764,35.6397728795,34.49475009157143,32.155757589764704,33.87956494936747,34.18790800267414
679,35.488067939000004,35.6044241555,34.47789595351135,32.07431690211765,33.88421587639709,34.02703145938436
680,35.552873933,35.5808583395,34.532955823076925,32.09493699111765,33.8460622316,34.00828880839404
681,35.6692301495,35.520470936,34.512023367981655,31.720656384058824,33.77997129902147,34.161375589185525
682,35.5572925235,35.648610060500005,34.4702265627972,31.52104006029412,33.76073029990964,34.15598346720057
683,35.396750402,35.6250442445,34.474178071102806,31.941759187117647,33.85618170037698,34.13826368734694
684,35.0653561145,35.653028651,34.46983586329851,31.971043179058825,33.818538769573465,34.09719592966809
685,35.49690512,35.682485921,34.512113451376145,31.672658361764707,33.793134128477455,34.13986113582363
686,35.3923318115,35.6869045115,34.49180019639109,31.97572168664706,33.87893784749106,33.94309211425197
687,34.851790907,35.679540194,34.491471216875,31.93604101117647,33.86925759463783,34.003813656996755
688,35.455664942,35.658920105,34.485143535987014,31.83484662482353,33.811769605489424,33.824331314915256
689,35.390858948,35.6810130575,34.481861154472725,33.45101107947059,33.877232018361944,33.493004401881954
690,35.3157429095,35.700160283,34.57613571984404,32.49434291670588,33.959294233548086,33.5646998
691,35.4306262625,35.7075246005,34.56874440676471,33.04190158258824,33.99904493955752,33.65766172443213
692,35.647137197,35.626517108,34.594930786,32.857707006058824,33.92619881181684,34.02319856681818
693,35.6014784285,35.673648740000004,34.60465883134266,32.300791325,33.87939569756303,34.01853913478261
694,35.561711114000005,35.726671826,34.58419291462264,31.765708679352944,33.81341846652369,34.13531466125
695,35.405587583,35.331944408,34.51423347223301,31.853560655176473,33.80671375917641,34.51100409652459
696,35.597059838,35.7251989625,34.52665761294033,32.248634629294116,33.861770293764295,34.22772727512316
697,35.491013666,35.670703013,34.53364285790291,32.09181798605883,33.92966277765617,34.40745060147718
698,35.632408562,35.7222532355,34.55794115098901,32.057508930411764,33.88080019375192,34.34587033304786
699,35.520470936,35.773803458,34.529135609600004,32.25885803476471,33.908619034069595,34.42088650435208
700,35.46744785,35.714888918,34.46438485850772,32.17169917117647,33.89708990893107,34.326523265482315
701,35.3717117225,35.759074823,34.4800838,32.518775123000005,33.98829702754941,34.42421775250214
702,35.474812167500005,35.76202055,34.5330486084472,33.05524399311765,33.945507719530426,34.11158402457766
703,35.544036752000004,35.7428733245,34.524508363437505,32.336313327058825,33.92495939658609,33.990603637837836
704,35.5455096155,35.667757286000004,34.52545758037383,31.909182912058824,33.861872677142856,34.030868626781114
705,35.405587583,35.700160283,34.4772781727303,32.056815818176474,33.87147408613546,34.0719455595217
706,35.4895408025,35.7163617815,34.522884544836145,31.983865755411767,33.925695170059406,34.11919143700788
707,35.5366724345,35.579385476,34.5101888571875,31.82115765817647,33.85277029916996,34.250201985043894
708,35.474812167500005,35.641245743,34.46721076421833,32.09736288394118,33.875335462465756,34.256957291022445
709,35.476285031,35.6073698825,34.477411283907564,31.737810911882356,33.85554998077009,34.44437614680961
710,35.6338814255,35.586749793500005,34.521509773762375,31.845070030294117,33.89478274753943,34.469804061333335
711,35.660392968500005,35.676594467,34.55431879646227,32.10030861094118,33.867808537169424,34.26897662174627
712,35.682485921,35.7134160545,34.559014177307695,32.32678303382353,33.89149119279565,34.37376640495327
713,35.661865832000004,35.685431648000005,34.55852714091759,32.43230937164706,33.89551701080182,34.16628255875842
714,35.6810130575,35.7369818705,34.5698193725,32.04104751482353,33.881506442580644,34.29477003054653
715,35.691323102,35.7251989625,34.57908632986916,32.01973431358824,33.90421803734375,34.4542220756582
716,35.676594467,35.6338814255,34.56068552862119,31.08801819129412,33.83929842188498,34.47006634454546
717,35.700160283,35.582331203,34.55363010962617,31.523812509235295,33.87253348453664,34.46149438132119
718,35.700160283,35.5072151645,34.54973000378505,31.094082923352943,33.847298,34.53289151779221
719,35.7193075085,35.7340361435,34.57257227813893,31.829128448882354,33.859151676216214,34.26873015901253
720,35.6898502385,35.70310601,34.560545787500004,31.643547647882354,33.81794471431165,34.29673535546421
721,35.708997464,35.401168992500004,34.54888600777143,31.021652694764708,33.76831367164835,34.3881662075
722,35.6147342,35.64419147,34.5118393284486,31.685654216176474,33.803232574631906,34.37735299570149
723,35.5013237105,35.5926412475,34.4914371228125,31.555349115941176,33.81353833555437,34.46935850704309
724,35.4483006245,35.6751216035,34.504750582440906,31.669192800588238,33.84394463975979,34.41341932689655
725,35.573494022,35.744346188,34.49950873713637,32.18781403064706,33.86501125936008,34.308121445104085
726,35.474812167500005,35.706051737,34.542321416330275,32.133924554352944,33.90041813514535,34.23176092597938
727,35.605897019000004,35.6162070635,34.53289268770642,32.060801213529416,33.85156923296279,34.2300037963047
728,35.5779126125,35.461556396,34.50167938029412,31.802963462,33.84838141847913,34.37253845190588
729,35.6044241555,35.661865832000004,34.5134505225,31.995821941470588,33.8885725974002,34.34475112478261
730,35.620625654,35.6250442445,34.54246254698165,32.14310829147059,33.83324284135189,34.326740463448274
731,35.463029259500004,35.653028651,34.50656806775,31.859798665294118,33.79169964353955,34.53013712565769
732,35.704578873500004,35.735509007000005,34.55140857875,32.06842544811765,33.88252236613193,34.43284425719273
733,35.6545015145,35.773803458,34.52061128786438,32.16806033194118,33.8860400563347,34.42873141085837
734,35.692795965500004,35.815043636,34.4956890896883,32.16823361,33.82640407393875,34.399564644191955
735,35.7075246005,35.8017878645,34.462945409902915,32.05421664729412,33.95420784064922,34.38595732402588
736,35.692795965500004,35.782640639,34.47383147346154,31.666766907764707,33.844511063564354,34.4353507712908
737,35.711943191,35.810625045500004,34.50798248428571,31.644587316235295,33.82541271805857,34.39118180817416
738,35.694268829,35.800315001,34.478244668857144,31.654983999764706,33.805129277619564,34.379173575146744
739,35.6957416925,35.6427186065,34.446602144056605,31.80452296452941,33.787485958846574,34.434520494875
740,35.706051737,35.8047335915,34.49214016472691,31.83138106364706,33.829577490840734,34.35485398595368
741,35.706051737,35.817989363,34.50402679374286,31.922525322588235,33.78870278,34.34371449910828
742,35.6957416925,35.756129096,34.52984517780189,32.19023992347059,33.78356290209218,34.317509672375
743,35.692795965500004,35.723726099000004,34.53942474552561,31.99980733682353,33.75633518405236,34.35308471189874
744,35.6574472415,35.7399275975,34.489426408081634,32.10723973329412,33.7904012906383,34.33085577063238
745,35.529308117,35.7340361435,34.430532879805824,31.890988715882354,33.756431437491855,34.47859471878378
746,35.664811559,35.773803458,34.50012853561321,31.633324242411767,33.80111191,34.42041134597345
747,35.720780372,35.82093509,34.45171019666346,32.01626875241177,33.806713114889824,34.41097047199088
748,35.698687419500004,35.747291915000005,34.49017863978022,31.909182912058824,33.82845424475728,34.45543840816594
749,35.711943191,35.767912004,34.47232084423077,31.723775389117648,33.86022058673362,34.4350703007429
750,35.670703013,35.759074823,34.44802803791346,31.749767097941177,33.83856412292242,34.43162074960177
751,35.64419147,35.754656232500004,34.45254352732793,32.21813769094118,33.825139466883186,34.42626647144315
752,35.611788473000004,35.710470327500005,34.473395240734696,31.95752749047059,33.726377725,34.386476845493256
753,35.635354289,35.8017878645,34.46955450445193,32.164421492705884,33.79804556609593,34.45815553200291
754,35.635354289,35.717834645,34.46486265191429,32.238931058,33.81289489480465,34.37021239727076
755,35.6662844225,35.747291915000005,34.49006463002696,32.199250382529414,33.763248224412074,34.31764227235294
756,35.611788473000004,35.694268829,34.46706196622115,32.00812468364706,33.71423720498161,34.46562497200864
757,35.52636239,35.770857731,34.474412363828016,32.171525893117646,33.78860399571123,34.42332707119823
758,35.597059838,35.788532093,34.43628451504854,32.20410216817647,33.859876300533756,34.40856585741325
759,35.524889526500004,35.756129096,34.45957987927126,32.01661530852941,33.833182726219576,34.415390115852944
760,35.570548295,35.788532093,34.41772289196262,31.985078701823532,33.76105392218299,34.38317009780695
761,35.623571381000005,35.7900049565,34.41908465160714,32.025972323705886,33.829209100724945,34.38794394939302
762,35.5101608915,35.810625045500004,34.42340098723131,32.28987480729412,33.821962942451485,34.29680060927881
763,35.620625654,35.750237642,34.48738061049944,32.172738839529416,33.82884877035491,34.395680425314154
764,35.591168384,35.764966277,34.42485141875,32.25712525417647,33.81746595557252,34.201467812512675
765,35.479230758,35.829772271,34.43939074642111,32.29593953935294,33.83324823995992,34.305477054758626
766,35.6279899715,35.720780372,34.42546912294118,32.015229084058824,33.75407725666667,34.33549229497696
767,35.541091025,35.64419147,34.433204557779,31.874700578352943,33.72864000255341,34.40542861917241
768,35.538145298,35.6191527905,34.413054873125,31.511509767058826,33.77631362041292,34.31596091705344
769,35.6515557875,35.6162070635,34.42810929583334,31.846282976705883,33.77499379181818,34.33176488696429
770,35.6574472415,35.7310904165,34.44118068026316,31.795165949352942,33.77726808680873,34.33903411910448
771,35.670703013,35.638300016,34.45220325280541,31.714938208117648,33.77109332326087,34.372700560425535
772,35.561711114000005,35.608842746,34.433701131621625,30.988036751352944,33.715016446906255,34.31861432
773,35.664811559,35.753183369,34.45042221358182,31.518440889411767,33.7461271030349,34.35818233613861
774,35.694268829,35.738454734,34.47195617759214,31.580647712529412,33.724985962714655,34.253132722213316
775,35.6839587845,35.738454734,34.461875364635446,31.294565637411765,33.70937474510836,34.22405172115474
776,35.708997464,35.853338087,34.45941725172249,31.96965695458824,33.822658298713925,34.22429277286068
777,35.7134160545,35.632408562,34.458604540625004,31.45779356882353,33.724725926653164,34.311727065510055
778,35.706051737,35.3422544525,34.42880883231651,31.13913521864706,33.72056465204969,34.427743126851574
779,35.706051737,35.6427186065,34.43809520953271,31.16460709329412,33.78709292244524,34.48281914733585
780,35.7340361435,35.682485921,34.462357460636795,31.47737398947059,33.85664285840366,34.45287059796209
781,35.676594467,35.7075246005,34.441571147000005,31.300803647529413,33.8069832762731,34.44433098613314
782,35.6574472415,35.7929506835,34.4336135928125,31.433361362529414,33.804626394557545,34.43100309337838
783,35.591168384,35.7310904165,34.450190126,31.798284954411766,33.815994803127964,34.490582326469216
784,35.5808583395,35.7340361435,34.44033398283019,31.700036295058826,33.85160182191559,34.49072671387755
785,35.5602382505,35.744346188,34.451866781933965,31.925471049588236,33.8504217826087,34.450165043426
786,35.697214556,35.710470327500005,34.465592979989005,31.705754471000002,33.85782176015715,34.48685715375
787,35.64419147,35.714888918,34.46519930642857,31.921832210352942,33.842950063468635,34.49252248085561
788,35.667757286000004,35.6751216035,34.46887472129808,31.856159826058825,33.88445305086743,34.541651155439936
789,35.700160283,35.735509007000005,34.46598082583674,31.754272327470588,33.86239286051892,34.48036550855224
790,35.440936307,35.708997464,34.41975181364519,31.947650641117647,33.8793700164382,34.484131978906944
791,35.655974378,35.7752763215,34.485049424953274,32.06097449158823,33.82375109717496,34.42437656650603
792,35.706051737,35.6751216035,34.477766091361346,32.01748169882353,33.88997472431781,34.43682734703838
793,35.688377375,35.810625045500004,34.48274989838656,32.42312563452941,33.94390028724854,34.36407864043764
794,35.6751216035,35.794423547,34.46338295461538,32.014535971823534,33.854702559672134,34.41582547220837
795,35.524889526500004,35.822407953500004,34.459704729795675,32.337872829588235,33.893655382385425,34.43918155703149
796,35.629462835,35.7634934135,34.45901813028038,31.949556699764706,33.82147290469457,34.5119737491458
797,35.588222657,35.785586366000004,34.48316308793563,32.06634611141177,33.8747539619315,34.462182762135924
798,34.9652013965,35.635354289,34.43865750852942,32.19162614794118,33.951470710215496,34.57767749816528
799,35.4483006245,35.7988421375,34.46120726849057,32.68338927888235,33.96621625636975,34.45651729239303
800,35.6073698825,35.823880817,34.48993016525,32.470950378764705,33.916196379832215,34.48247457817768
801,35.6147342,35.800315001,34.46926814925638,32.312747511058824,33.89593397785095,34.50272774098288
802,35.5661297045,35.714888918,34.465246790532746,32.268388328,33.91252971678322,34.50324087140845
803,35.6147342,35.803260728,34.473838455361346,32.512537112882356,33.947181649353524,34.504751509337694
804,35.518998072500004,35.747291915000005,34.45812722375,32.29160758788235,33.94176441758621,34.51862114520064
805,35.546982479,35.773803458,34.45435065067308,32.733986472058824,33.97012804040526,34.48000415071307
806,35.679540194,35.924035535,34.57878329112782,32.23269304788236,34.013430939554034,34.5350930020146
807,35.7281446895,35.791477820000004,34.58336320026018,32.34359100552941,34.085835055497384,34.580163174708524
808,35.773803458,35.7428733245,34.57156696317873,32.159742985117646,34.02751324691949,34.638231134420664
809,35.7782220485,35.8489194965,34.594311487766994,32.16806033194118,33.98361749962595,34.62519452888563
810,35.756129096,35.809152182,34.56503571326923,32.282770406882356,33.974697658599176,34.60024701983508
811,35.7369818705,35.856283814,34.576411696059395,32.533677036058826,34.04364564664348,34.601746428899084
812,35.729617553000004,35.8518652235,34.58602550889676,32.02319987476471,33.98743189433832,34.62194280301718
813,35.714888918,35.8872139475,34.595846255288464,32.66172952152941,34.01639753590882,34.631383183754735
814,35.714888918,35.897523992,34.57368822106796,32.52397346476471,34.03726733306122,34.57669715851351
815,35.729617553000004,35.812097909,34.59932477529412,32.1070664552353,34.01409281198162,34.62299880956134
816,35.714888918,35.897523992,34.602668737832815,32.53021147488236,34.05475061535411,34.582481374988845
817,35.7251989625,35.8783767665,34.61075504724458,32.68130994217647,34.06144297788945,34.57649117808464
818,35.7428733245,35.759074823,34.58966294507085,32.39609425735294,34.01416091563035,34.59594057725605
819,35.776749185,35.9107797635,34.589799155145634,32.38812346664706,34.04967149529003,34.57749426948905
820,35.7634934135,35.873958176,34.57189679324029,32.54979189552941,34.04199556500858,34.60125440390135
821,35.7369818705,35.8489194965,34.600640405,32.47043054458824,34.011197371463,34.59852443269058
822,35.76202055,35.7870592295,34.569716676214576,32.51704234241176,33.99561055986294,34.558787343320816
823,35.7517105055,35.909306900000004,34.6010879555418,32.45379585094118,33.99681077156977,34.6128815372
824,35.6692301495,35.8901596745,34.56995519661943,32.36784993376471,33.927199558905706,34.569365193617976
825,35.741400461,35.9313998525,34.611730341813185,32.31222767688235,33.955056803976746,34.547120751976315
826,35.660392968500005,35.912252627,34.5976786337353,32.89011000305882,34.00833780140411,34.484033405995426
827,35.6044241555,35.950547078,34.6004495626935,32.90778436505882,34.03416335318493,34.44788658834598
828,35.443882034,35.9490742145,34.54713948029698,33.00014157041176,34.08205338328037,34.38597732187643
829,35.532253844,35.9431827605,34.553239476187784,32.472509881294116,34.018638522857145,34.46007013206795
830,35.479230758,35.896051128500005,34.5413333053271,32.78545005552941,34.04043579909091,34.428775845897064
831,35.6132613365,35.7988421375,34.53091707307143,32.64301549117647,34.073356461111715,34.448144984248465
832,35.6073698825,35.747291915000005,34.51387393828571,32.90050668658824,34.08286015586095,34.399073659417475
833,35.6515557875,35.738454734,34.538152042523365,32.28363679717647,33.99904852538954,34.417037349787236
834,35.661865832000004,35.7163617815,34.58348661062857,32.23910433605882,33.972917153692045,34.47811106465388
835,35.655974378,35.7634934135,34.60843645074286,32.24967429764706,33.93637807222951,34.36307903866667
836,35.6957416925,35.791477820000004,34.61312100931092,32.64942677935294,34.019947173204635,34.299089468326464
837,35.6839587845,35.8135707725,34.584211527780376,32.69950413835294,34.08967668855011,34.36365229479339
838,35.697214556,35.8017878645,34.581610771851416,32.05508303758823,33.97722419888,34.29333134913043
839,35.6839587845,35.76202055,34.63031866204218,32.06946511647059,34.00158266373566,34.475803113904924
840,35.717834645,35.7693848675,34.59732276594626,32.200636607,33.98733817663102,34.330301432
841,35.692795965500004,35.7782220485,34.588575117941176,32.474589218,33.99169700109266,34.35376055540098
842,35.6957416925,35.7399275975,34.57540187693925,31.979533803941177,33.93860096221,34.49150015686338
843,35.714888918,35.776749185,34.55392835301402,32.026838714,33.957859661414474,34.39562647261767
844,35.7251989625,35.782640639,34.580636655678944,32.180189796058826,33.98938600823529,34.43551213855241
845,35.738454734,35.7399275975,34.58319534103354,31.995821941470588,33.944003219893446,34.505627446972476
846,35.7193075085,35.7693848675,34.57720348292469,32.00361945411765,33.954206336,34.497600879340105
847,35.710470327500005,35.661865832000004,34.5729734327636,31.540100646764706,33.927001962196925,34.61022697017828
848,35.706051737,35.7811677755,34.556734000087964,32.1129579092353,33.96425451138782,34.46162223512521
849,35.710470327500005,35.856283814,34.553099129622645,32.05872187682353,33.996760995566504,34.53703657522669
850,35.6633386955,35.847446633000004,34.581506559811324,32.443919001588235,34.02619664351802,34.559813191699746
851,35.664811559,35.8695395855,34.610213503122644,32.659996740941175,34.06617917178808,34.42828437197842
852,35.723726099000004,35.832717998,34.58416853753724,32.15281186276471,34.01060833726385,34.5089152622335
853,35.700160283,35.8282994075,34.596246392197806,32.382925124882355,34.05045939122942,34.41384460231936
854,35.7016331465,35.785586366000004,34.55816306283019,32.533503758,34.01844230421488,34.12827875768473
855,35.667757286000004,35.704578873500004,34.58141859004082,32.48256000870588,33.95442329971287,34.12010640299174
856,35.591168384,35.8017878645,34.61279058571215,32.44755784082353,33.90887701668342,34.31624744765065
857,35.6574472415,35.785586366000004,34.628517769009434,32.327302868000004,33.955557205482236,34.460628843053435
858,35.73256328,35.6692301495,34.61934710948113,31.800017735,33.902687227768766,34.39003452910411
859,35.708997464,35.6103156095,34.61404597984563,31.83935185435294,33.88981053909929,34.37314266751269
860,35.694268829,35.6721758765,34.57737922166234,31.75132660047059,33.88508937416667,34.23059741686747
861,35.6957416925,35.558765387,34.57818563795919,31.743355809764708,33.85130661818557,34.44023789579661
862,35.7163617815,35.632408562,34.59298235403846,31.596762572000003,33.88593572,34.67234183137031
863,35.7428733245,35.8194622265,34.6741797595242,32.31655962835294,33.99466298659904,34.59239640120539
864,35.7428733245,35.754656232500004,34.62675570755495,31.757911166705885,33.96545492941569,34.601057555882356
865,35.7075246005,35.812097909,34.63625844825175,32.52726574788235,33.95866728858197,34.59279009213637
866,35.700160283,35.8665938585,34.63489373207168,32.739877926058824,33.96753113405992,34.40532039151786
867,35.717834645,35.885741084,34.63159951608877,33.18537581529412,33.99456951006549,34.305665127074235
868,35.6957416925,35.882795357,34.63351851615181,33.112945586705884,34.004353723088606,34.360886577532845
869,35.682485921,35.906361173,34.601092544721155,33.33110266276471,34.00429322572449,34.296329445599405
870,35.6721758765,35.882795357,34.591148018543954,32.76812224964706,33.99752080398741,34.36462036715694
871,35.682485921,35.865120995,34.57547016252941,32.74403659947059,33.98905604561365,34.39561508656535
872,35.6662844225,35.8194622265,34.55942035242719,32.86983647017647,33.92050728377076,34.42452021928572
873,35.6545015145,35.859229541000005,34.57563709340659,32.890629837235295,33.93516482822857,34.42297596606106
874,35.670703013,35.8518652235,34.57439621939561,32.779038767352944,33.92997563452055,34.33282890552352
875,35.694268829,35.847446633000004,34.594799384481135,32.95145043588236,33.89692834206226,34.106521976
876,35.694268829,35.853338087,34.62400849014378,32.77262747917647,33.919607423242454,34.140875662026744
877,35.7134160545,35.6810130575,34.6375016563215,32.25851147864706,33.88898194985974,34.383074248407645
878,35.6898502385,35.6721758765,34.66368519714286,32.04399324182353,33.91874886245283,34.533497122538975
879,35.710470327500005,35.8341908615,34.60059360131657,31.844376918058824,33.941168929181224,34.55082293836672
880,35.73256328,35.744346188,34.56732431655385,31.99235638029412,33.98747842960526,34.533864778840126
881,35.73256328,35.760547686500004,34.56943164433077,31.642161423411764,34.00073440468205,34.60644322527822
882,35.7222532355,35.753183369,34.573801710319,31.919579595588235,34.002913190252954,34.646878209541285
883,35.514579482,35.806206455,34.54447437096154,32.32123813594118,34.008062059835616,34.58141082227591
884,35.6397728795,35.812097909,34.55289931224138,31.998767668470588,33.91657863942637,34.36101835338438
885,35.6103156095,35.7870592295,34.57904962299065,32.26405637652941,33.9720857359428,34.26134518220326
886,35.641245743,35.7193075085,34.553456771588785,32.22524209135294,33.937586769002166,34.318708357573826
887,35.5838040665,35.638300016,34.539543845000004,32.12907276870588,33.934764872680084,34.33436148531469
888,35.432099126000004,35.6751216035,34.52753231698497,32.054909759529416,33.99854226513216,34.464918761
889,35.605897019000004,35.735509007000005,34.53970652321156,32.175857844588236,34.00326864950241,34.41801176945837
890,35.5690754315,35.648610060500005,34.52535270357811,32.284676465529415,33.99470078189724,34.44143531991611
891,35.544036752000004,35.660392968500005,34.55757801278054,32.525359689235295,34.00451016923913,34.474410548
892,35.6397728795,35.546982479,34.6070332197801,32.12907276870588,33.9599602433369,34.56631766212696
893,35.6721758765,35.6279899715,34.55931715009174,31.90848979982353,33.88012363097088,34.47509930317414
894,35.706051737,35.7693848675,34.59874793876802,32.505779268588235,33.87740718076171,34.475602166107784
895,35.694268829,35.8371365885,34.59381747548113,32.51184400064706,33.955266251041444,34.524296900263934
896,35.6250442445,35.7929506835,34.6089936041203,32.68009699576471,33.96929940897763,34.49438936643317
897,35.6279899715,35.7399275975,34.63047872628677,32.66762097552942,34.01733352881188,34.57142424903715
898,35.4600835325,35.8047335915,34.592693315326734,32.84783015670588,33.99175530128052,34.5318644140729
899,35.549928206000004,35.8017878645,34.59243215917647,32.579422443588236,33.921588587527474,34.65104098845794
900,35.579385476,35.809152182,34.61318702,32.881099544,34.01603441644537,34.44433454082192
901,35.40853331,35.8194622265,34.60877936452313,32.75997818088236,34.01105611335505,34.63739426201342
902,35.544036752000004,35.7782220485,34.59968577125,32.53003819682353,33.95977410935641,34.689364890325585
903,35.5425638885,35.726671826,34.544739382912624,32.610785772235296,34.04885591491829,34.61735181811488
904,35.474812167500005,35.6574472415,34.574087703231626,32.5665998672353,34.02147163178355,34.62073016198676
905,35.474812167500005,35.717834645,34.591585022000004,32.41706090247059,33.971658697506896,34.67507792606241
906,35.523416663,35.750237642,34.594280551033656,32.59293813217647,34.00148890178532,34.59493993941221
907,35.588222657,35.779694912000004,34.59743871026923,32.673339151470586,33.98637816268591,34.59792100367833
908,35.650082924,35.7870592295,34.58953623110577,32.46297958805882,34.04046205766892,34.58708891236842
909,35.524889526500004,35.7458190515,34.55617909941748,32.429536922705886,34.01817088623681,34.58448053499251
910,35.630935698500004,35.6103156095,34.55581244183719,32.231826657588236,33.99377685904605,34.615436638602304
911,35.623571381000005,35.748764778500004,34.58920578096154,32.59761663976471,34.01469061229686,34.6209065637581
912,35.5101608915,35.773803458,34.57677166783593,32.85025604952941,34.04005628079078,34.5299736259447
913,35.5543467965,35.779694912000004,34.554317350175175,32.743863321411766,34.00196922673367,34.55073588243046
914,35.58527693,35.797369274000005,34.54170982073529,32.73000107670588,33.947313447784495,34.4562206605949
915,35.437990580000005,35.791477820000004,34.52750354337864,32.783717274941175,33.893796277179355,34.38573160958666
916,35.6574472415,35.782640639,34.52686915909974,32.83951280988235,33.8242845078125,34.32254753502841
917,35.5631839775,35.7870592295,34.530939988910895,32.62378162664706,33.84208971115959,34.38830039487788
918,35.6250442445,35.700160283,34.4902247919604,32.46297958805882,33.824146728765655,34.607425926509634
919,35.473339304,35.691323102,34.53803321576923,32.38240529070588,33.81639266218182,34.60777532609772
920,34.085901887,35.7958964105,,33.22782893970589,33.93064450596394,34.51586175030263
921,33.440787674,35.950547078,,33.36298582558824,34.036625308155344,34.486384202119204
922,34.1079948395,35.9196169445,,33.218645202588235,34.02790803771944,34.48790583593377
923,34.3289243645,35.8989968555,,33.32850349188235,33.917966662394136,34.50046360088017
924,34.2022581035,35.9078340365,34.719349854455444,33.45620942123529,34.02845570633028,34.511327752106745
925,34.688303058500004,35.985895802,34.690584552941175,33.001007960705884,33.9995552643125,34.628686630455476
926,35.217061055,35.906361173,34.72480596818308,32.236851721294116,33.956662067646576,34.65666426505852
927,35.293649957,35.844500906,34.74364873694231,32.32747614605883,33.935710779777466,34.65435710556043
928,35.5572925235,35.8695395855,34.75150640396529,32.35017557176471,33.99432577841999,34.66943217114231
929,35.591168384,35.829772271,34.763944765454546,32.30702933511765,33.97388254334214,34.6668007659126
930,35.561711114000005,35.741400461,34.76919125364486,32.317599296705886,33.99527206836576,34.6616019390099
931,35.5955869745,35.809152182,34.77332783649173,32.42173941005883,33.969502105626184,34.672338323054255
932,35.629462835,35.835663725,34.77792953,32.35866619664706,33.95427050124528,34.68081790082044
933,35.6427186065,35.7458190515,34.79681317971963,32.32245108235294,33.99979533210942,34.67351517634439
934,35.4836493485,35.692795965500004,34.6496449375,32.390376081411766,33.97808610081331,34.68579865883033
935,35.655974378,35.9048883095,34.685455522400005,33.19646561105883,34.0033409904712,34.61775024854772
936,35.6869045115,35.912252627,34.73541354891866,33.099083342,33.97547565643353,34.5707793753937
937,35.6957416925,35.9107797635,34.685174912626145,32.62395490470588,34.070620033977335,34.53585165311989
938,35.676594467,35.932872716,34.68979583517142,32.47354954964706,33.975195543714285,34.54079754947369
939,35.7134160545,35.912252627,34.735771309260834,32.32002518952941,33.91664363064534,34.64204312122449
940,35.7075246005,35.794423547,34.66827486791589,32.20375561205883,33.93777041134329,34.67194135730796
941,35.661865832000004,35.903415446000004,34.662823896457944,32.45882091464706,33.935851543017385,34.601244883513516
942,35.650082924,35.868066722,34.58265289225236,32.450676845882356,33.94427325576815,34.56076922036986
943,35.679540194,35.8665938585,34.62655608869231,32.505432712470586,33.92956302015991,34.541166129434785
944,35.6692301495,35.872485312500004,34.60623287654573,32.50283354158824,33.96715174869859,34.57589718109827
945,35.692795965500004,35.7811677755,34.59759199470588,32.497288643705886,33.91936248738516,34.58495088773818
946,35.6515557875,35.753183369,34.63063258766991,32.431096425235296,33.88674220769231,34.60714560171637
947,35.704578873500004,35.7458190515,34.63299022672269,32.76708258129412,33.94181557136691,34.54675506916129
948,35.6397728795,35.782640639,34.61647803368132,32.64509482788235,33.96862429013699,34.5398165975
949,35.5808583395,35.8047335915,34.59775702142857,32.66294246794118,33.96723603004619,34.526254343801526
950,35.514579482,35.70310601,34.57448016722,32.64076287641176,33.98674996968085,34.576347856563245
951,35.629462835,35.753183369,34.66196010413487,32.51704234241176,33.998329528581905,34.636752836
952,35.661865832000004,35.704578873500004,34.6140149801581,32.63868353970588,34.02400527543492,34.585632549942765
953,35.5926412475,35.717834645,34.62254434267968,32.64370860341177,34.01101913893617,34.59213932546774
954,35.6162070635,35.7576019595,34.589667776758894,32.74126415052941,34.00920852659574,34.50144608801272
955,35.647137197,35.660392968500005,34.60526369490099,32.58635356594118,33.95725576747958,34.489430562500004
956,35.6250442445,35.7929506835,34.5840025025,32.656877735882354,34.019882144375,34.53359227412245
957,35.6957416925,35.770857731,34.62186939889566,32.70539559235294,33.99715862168915,34.53523218370024
958,35.653028651,35.822407953500004,34.5793875302,32.641282710588236,33.98852113349271,34.496529669116946
959,35.667757286000004,35.773803458,34.622457518691654,32.60350809376471,33.9657066790625,34.477495051472005
960,35.664811559,35.7782220485,34.600689996363634,32.593977800529416,34.00229679887273,34.55163451552239
961,35.6545015145,35.7399275975,34.611377501985714,32.54182110482353,34.040198332633395,34.520128274212695
962,35.64419147,35.770857731,34.60802691891035,32.650639725764705,34.00498617531157,34.537723997182866
963,35.636827152500004,35.812097909,34.6139725472,32.57405082376471,34.04614324660778,34.605558834446256
964,35.7193075085,35.661865832000004,34.64480151431818,32.384484627411766,34.039913072737434,34.60945704100649
965,35.647137197,35.847446633000004,34.5937043899406,32.43092314717647,33.99955765532468,34.51302729651657
966,35.632408562,35.823880817,34.586052942000684,32.472856437411764,34.04274464857143,34.555222714516134
967,35.623571381000005,35.844500906,34.5771942823301,32.56677314529412,34.03349787988453,34.5019253053214
968,35.664811559,35.785586366000004,34.54474218676471,32.42919036658824,34.02010501167333,34.55485339576007
969,35.650082924,35.726671826,34.55149054894087,32.17793718129412,33.95683412422287,34.64462112419221
970,35.5779126125,35.747291915000005,34.52068795513736,32.36351798229412,34.025740424498274,34.62625133175871
971,35.6338814255,35.776749185,34.541415233406504,32.638856817764704,34.10426496827042,34.643128868467535
972,35.682485921,35.7870592295,34.523870354169816,32.06444005276471,33.93973058620339,34.446472399287416
973,35.6751216035,35.7811677755,34.56790066401013,33.013657259,33.94941443678247,34.57121585633525
974,35.658920105,35.720780372,34.51222096765076,32.447384562764704,33.952870877733815,34.720447294455155
975,35.395277538500004,35.791477820000004,34.58890587662896,33.133045841529416,34.11472083193825,34.65047867031915
976,35.658920105,35.803260728,34.56798144026923,32.395747701235294,34.07679832786847,34.721818073338675
977,35.55581966,35.815043636,34.550453945,31.89999917494118,33.9304793221983,34.585028018738605
978,35.6545015145,35.8047335915,34.553979708967894,31.27515849482353,33.904638967884615,34.58720718857578
979,35.617679927,35.638300016,34.53117909191509,32.253659693,33.91957106941861,34.510074894877086
980,35.5278352535,35.8017878645,34.56003104406015,32.453969129,33.92870718254545,34.528481565493564
981,35.620625654,35.822407953500004,34.58877956771428,32.43196281552941,33.93123700105622,34.598593510091746
982,35.5013237105,35.7988421375,34.57468995285714,32.499541258470586,33.95326397069768,34.587306875696825
983,35.6957416925,35.748764778500004,34.60813982420561,31.77194668947059,33.847028368237986,34.68070654304482
984,35.698687419500004,35.6279899715,34.57641896336449,31.45276850511765,33.86022481545454,34.66033589107535
985,35.6044241555,35.785586366000004,34.550407046380094,32.38535101770589,33.95901790541644,34.66458055489362
986,35.437990580000005,35.8135707725,34.59078250022115,32.35866619664706,33.9154621572935,34.67461450246446
987,35.653028651,35.791477820000004,34.6211948215534,32.53852882170588,33.96313927120419,34.715215265517244
988,35.7251989625,35.8312451345,34.647014324560445,32.19526498717647,33.93673976759364,34.64675559243165
989,35.735509007000005,35.7134160545,34.56429815976485,32.32799598023529,33.985860071428576,34.70041741566319
990,35.55581966,35.756129096,34.53625156188235,32.2366784432353,33.96991344645161,34.69534268382886
991,35.523416663,35.770857731,34.51941180544379,32.486198847941175,33.97879099439759,34.605984958251604
992,35.5720211585,35.894578265,34.57426610217195,32.27809189929412,33.91928123939177,34.63016454335484
993,35.567602568,35.906361173,34.55355553057143,32.43508182058824,33.94032095789474,34.543747442352945
994,35.4983779835,35.803260728,34.54945891106767,32.46523220282353,34.024641089598646,34.61620827846154
995,35.482176485000004,35.7782220485,34.54990442893382,32.42988347882353,34.007103249563656,34.641810179523105
996,35.574966885500004,35.884268220500005,34.556255180865385,32.50179387323529,34.03811280288696,34.61808952117647
997,35.6162070635,35.8518652235,34.58271924170874,32.46696498341176,34.00231817234539,34.65809831815846
998,35.564656841,35.8577566775,34.54686002970588,32.53627620694118,34.00997399393556,34.655268834285714
999,35.567602568,35.9107797635,34.60329983644938,33.05385776864706,34.09067234202361,34.56065093787857
1000,35.664811559,35.9431827605,34.607964558945056,32.760324737,33.9966210246543,34.62233920648844
1001,35.717834645,35.868066722,34.62344789779391,32.82391778458824,34.032462556967396,34.64513699496689
1002,35.710470327500005,35.7664391405,34.64996005156044,32.38171217847059,33.96841655738694,34.62609979589041
1003,35.7222532355,35.93876417,34.65561951607143,32.68148322023529,33.962017791467844,34.609146242222224
1004,35.708997464,35.921089808000005,34.616762962632215,32.621009177705886,33.94720083462521,34.57731728306123
1005,35.567602568,35.926981262,34.57923562803846,32.84592409805882,34.01492740624374,34.64902163711341
1006,35.650082924,35.7428733245,34.599780185576925,32.49902142429412,33.91453491778895,34.63003784541935
1007,35.334890135,35.82093509,34.56229184460916,32.783370718823534,34.04684519936389,34.47252631735562
1008,35.474812167500005,35.7782220485,34.506878252638394,32.64682760847059,34.061888420669504,34.49878852268634
1009,35.455664942,35.847446633000004,34.52481521,32.57959572164706,34.01205745114907,34.341026001503415
1010,35.561711114000005,35.7988421375,34.557833423594175,32.4104763362353,33.93738441774515,34.464639164072125
1011,35.6162070635,35.871012449,34.55716464832727,32.153504975000004,33.92481549701634,34.47398997212436
1012,35.508688028,35.8754310395,34.520887574,32.605933986588234,33.94395417779904,34.529295314893616
1013,35.549928206000004,35.838609452,34.56744717644496,32.56278774994118,34.033778541882846,34.590752363168
1014,35.3363629985,35.832717998,34.54649903375,32.4428793332353,33.99884833051934,34.593372064238956
1015,35.754656232500004,35.73256328,34.62910038135055,31.88388431547059,33.9740777426153,34.69563277127754
1016,35.738454734,35.7811677755,34.64652910130841,32.823744506529415,34.0500619469366,34.568202574548195
1017,35.741400461,35.8754310395,34.659955901671246,32.58773979041177,34.07318450521739,34.60459902436556
1018,35.7428733245,35.8901596745,34.65042491394737,32.76084457117647,34.07273566066038,34.58424654421053
1019,35.7075246005,35.924035535,34.640567362323736,33.07101229647059,34.08780681187568,34.58232270012327
1020,35.750237642,35.841555179000004,34.65452071314286,32.922686278117645,34.08802164892661,34.5950661386755
1021,35.7576019595,35.882795357,34.652812115715875,32.64076287641176,34.06773422143541,34.62198343711581
1022,35.7782220485,35.906361173,34.68360304859813,32.72982779864706,34.08482943631161,34.61271672976778
1023,35.7458190515,35.932872716,34.66401161792453,33.06304150576471,34.12458478551648,34.63943651980061
1024,35.744346188,35.897523992,34.67493398980769,32.98471982317647,34.148857869164424,34.642241990409715
1025,35.697214556,35.8194622265,34.66330143216981,32.78839578252941,34.067785033819746,34.617818802351216
1026,35.6427186065,35.929926989,34.65478814897197,32.969298075941175,34.12367511016622,34.59197602169162
1027,35.7163617815,35.876903903,34.67379868666667,32.98939833076471,34.132318689248,34.587627173415385
1028,35.710470327500005,35.891632538,34.672246455573045,33.004993356058826,34.12964906670213,34.594106993208676
1029,35.6957416925,35.9078340365,34.678037310646616,33.00741924888236,34.14893161865169,34.639667923937594
1030,35.7016331465,35.909306900000004,34.66138399117647,32.817853052529415,34.09765325616702,34.63912637142446
1031,35.76202055,35.9225626715,34.677668769906546,32.75633934164706,34.14775897115073,34.64491702319101
1032,35.405587583,35.862175268,34.57507741435247,32.787356114176475,34.12369562943709,34.65511139647701
1033,35.6957416925,35.9048883095,34.625699540937504,33.02440049864706,34.145891197893604,34.547343953573034
1034,35.729617553000004,35.918144081,34.655296857691454,32.727748461941175,34.15715195915171,34.63433009846737
1035,35.7399275975,35.909306900000004,34.64758522904083,32.54597977823529,34.046980954854995,34.65054429260838
1036,35.726671826,35.928454125500004,34.67011046675,32.91298270682353,34.0913026412766,34.56225582708696
1037,35.7281446895,35.894578265,34.631723003173235,32.56815936976471,34.068495892411576,34.62475047555874
1038,35.685431648000005,35.921089808000005,34.65719109,32.70886115352941,34.088379644744876,34.545512107949264
1039,35.760547686500004,35.8636481315,34.6078342521875,32.705049036235295,34.07205191305794,34.61779461120729
1040,35.5514010695,35.853338087,34.59308716260321,32.588779458764705,34.033240172713754,34.49220855261582
1041,35.600005565000004,35.8312451345,34.59460731988532,32.96513940252941,34.06635873045161,34.466577597627875
1042,35.511633755,35.832717998,34.5873778146875,33.33092938470588,34.11389711201469,34.5022616232304
1043,35.491013666,35.829772271,34.59717469662844,33.076557194352944,34.070344960898524,34.52098281690531
1044,35.5661297045,35.8076793185,34.59566143209091,33.251914589882354,34.099958957295335,34.46267988309657
1045,35.6545015145,35.800315001,34.610574601559634,33.01902887882353,34.093619155611734,34.53068852249423
1046,35.5838040665,35.7811677755,34.60345003749139,32.853375054588234,34.08875352071097,34.586613368298195
1047,35.7193075085,35.7251989625,34.604041789117645,32.68616172782353,34.078985430815045,34.550419513885934
1048,35.6780673305,35.720780372,34.58278229394737,32.517908732705884,34.02220844225322,34.59350586805252
1049,35.679540194,35.770857731,34.59725253184211,32.88595132964706,34.07369596337337,34.56715311947408
1050,35.5985327015,35.803260728,34.584763338421055,32.700023972529415,34.016296255448786,34.56698971550661
1051,35.682485921,35.779694912000004,34.604344096842105,32.65531823335294,34.003131456777254,34.57904482470588
1052,35.673648740000004,35.7811677755,34.56252222244326,32.53731587529412,33.973636612925674,34.528031808448276
1053,35.7251989625,35.803260728,34.57284836078948,32.068598726176475,33.9531224506129,34.56168472147505
1054,35.706051737,35.826826544,34.560995634589275,32.571798209,34.058382180748666,34.5402143114978
1055,35.6044241555,35.835663725,34.53875589333333,32.59103207352941,34.064331765769026,34.59369583236527
1056,35.70310601,35.8312451345,34.52185095641509,32.304256886176475,34.032632022173914,34.59512169194508
1057,35.676594467,35.871012449,34.5114162434375,32.5607084132353,33.968414157339055,34.492205607418654
1058,35.6250442445,35.85039236,34.487546257418224,32.42537824929412,33.99832470090463,34.54485326244344
1059,35.3982232655,35.7517105055,34.4840686840522,32.673685707588234,34.010189007204005,34.543091951494965
1060,35.4777578945,35.809152182,34.4758399937551,32.673685707588234,34.02949055447309,34.52345924042857
1061,35.5101608915,35.748764778500004,34.4907552415625,32.368023211823534,33.973524476405636,34.58662522495532
1062,35.549928206000004,35.782640639,34.48496125647059,32.67403226370588,33.982729595,34.48760975671211
1063,35.5337267075,35.772330594500005,34.51817489193645,32.75235394629412,34.025961702781096,34.51667939257143
1064,35.586749793500005,35.7811677755,34.53651552752336,32.438893937882355,34.03455189795809,34.5624162750237
1065,35.6721758765,35.7870592295,34.568929012202936,32.50318009770589,34.03326656124204,34.574764493913044
1066,35.602951292,35.7576019595,34.55807164192524,32.814387491352946,34.03445098462102,34.54150838658806
1067,35.617679927,35.791477820000004,34.582615434045394,32.80104508082353,34.03232265752075,34.50336825026316
1068,35.661865832000004,35.797369274000005,34.5657826355,32.74871510705883,34.02810894179916,34.50173173526316
1069,35.726671826,35.822407953500004,34.60366945078772,32.342204781058825,34.03666836406691,34.627172008771666
1070,35.6397728795,35.800315001,34.55637758669242,32.475282330235295,34.01300683314286,34.605666014893615
1071,35.594114111,35.8577566775,34.55294825410092,32.577689663,34.06601936797527,34.65427153908727
1072,35.6574472415,35.8312451345,34.54235302453887,32.74680904841176,34.084590199183054,34.578113383346306
1073,35.4807036215,35.812097909,34.568771428684215,32.54130127064706,34.06751165546019,34.61865331752578
1074,35.508688028,35.797369274000005,34.543312333669725,32.05976154517647,34.023796014830644,34.60775833882175
1075,35.6839587845,35.8194622265,34.58081155315888,32.657397570058826,34.09207996038717,34.60526965098814
1076,35.653028651,35.806206455,34.61031594105263,33.193346606,34.07955052700593,34.46853359634836
1077,35.6662844225,35.812097909,34.59606036326611,32.81958583311765,34.04024690478149,34.5046386860695
1078,35.653028651,35.800315001,34.62406840921053,32.525359689235295,34.02806130996875,34.5371894535316
1079,35.682485921,35.7870592295,34.62512641521889,32.65479839917647,34.05597008660834,34.574855976118016
1080,35.6839587845,35.772330594500005,34.6206604385,32.396267535411766,33.9952429475,34.5596838896
1081,35.676594467,35.7281446895,34.62816113225,32.030130997117645,33.93729590133758,34.61728810699102
1082,35.6721758765,35.754656232500004,34.622347078850794,32.63954993,33.988589430382234,34.48854828026846
1083,35.6898502385,35.744346188,34.62828889526316,32.751487556,34.0126514756,34.47956327381093
1084,35.697214556,35.7193075085,34.62021352477064,32.529691640705884,33.98480593981357,34.429116792977325
1085,35.6957416925,35.7193075085,34.62041265648479,32.762577351764705,33.99559907343959,34.38844383058036
1086,35.697214556,35.7222532355,34.58105181636364,32.33406071229412,33.961571363746096,34.379466838289474
1087,35.6250442445,35.617679927,34.516825166176474,32.407184053117646,33.84742415533191,34.43179113912419
1088,35.5808583395,35.70310601,34.50590054189474,32.38743035441176,33.809075396000004,34.435687007903
1089,35.552873933,35.756129096,34.514914294250005,32.39106919364706,33.86118816276047,34.437471726516364
1090,35.636827152500004,35.756129096,34.489660443333335,32.53073130905882,33.87680401341423,34.39427570446064
1091,35.620625654,35.735509007000005,34.487190378899086,32.33856594182353,33.83593133603261,34.386177238373534
1092,35.6191527905,35.753183369,34.50758712636498,32.55620318370588,33.82271860051613,34.40357079434783
1093,35.561711114000005,35.7369818705,34.48957110671476,32.53540981664706,33.88772018573744,34.38212291799278
1094,35.5484553425,35.7251989625,34.52238771275,32.54597977823529,33.9172936447022,34.4235885262574
1095,35.638300016,35.711943191,34.52369951408755,32.40042620882353,33.89133156745781,34.48991241847162
1096,35.576439749,35.697214556,34.47562967660551,32.554297125058824,33.91622334837995,34.47328171191522
1097,35.508688028,35.7428733245,34.47739273732635,32.87607448029412,33.988310614317115,34.435476833328124
1098,35.608842746,35.7369818705,34.4512425069378,32.51375005929412,33.96036032980434,34.49252818650394
1099,35.5013237105,35.673648740000004,34.4287043664486,32.17845701547059,33.90927175396985,34.650108046258936
1100,35.697214556,35.670703013,34.493285021,31.952329148705882,33.92919165518672,34.61181191768053
1101,35.6869045115,35.73256328,34.46774844420909,32.617716894588234,33.921176408222564,34.44089698293737
1102,35.697214556,35.661865832000004,34.51633508681818,31.866556509588236,33.80235540851064,34.571774288953975
1103,35.698687419500004,35.7399275975,34.550453945,32.45292946064706,33.86824472607324,34.477777612310895
1104,35.4306262625,35.7428733245,34.412304803750004,32.67004686835294,33.95619706218109,34.45150326367317
1105,35.617679927,35.7458190515,34.441542903462306,32.380152675941176,33.94010776068757,34.379734708611544
1106,35.653028651,35.800315001,34.481846547561986,32.47389610576471,33.936369323007916,34.41528086911644
1107,35.6780673305,35.7222532355,34.46941392238532,32.128033100352944,33.90485106953782,34.41581202468966
1108,35.617679927,35.700160283,34.44642677335908,32.373914665823534,33.94561718961809,34.50508169902913
1109,35.6692301495,35.673648740000004,34.46462684210811,32.295592983235295,33.94696808897919,34.47118909946385
1110,35.586749793500005,35.7428733245,34.50820710781485,32.59571058111765,33.93954769204173,34.34644163680834
1111,35.582331203,35.7517105055,34.490162748745455,32.75131427794118,33.95661174962274,34.358929090762054
1112,35.493959393000004,35.7310904165,34.43963850071429,32.49451619476471,33.97095379274725,34.444893864813615
1113,35.600005565000004,35.673648740000004,34.466715693280634,32.09025848352941,33.873754301287384,34.29148498015198
1114,35.6780673305,35.760547686500004,34.43954416526316,31.734518628764707,33.84938399787557,34.251459676050864
1115,35.6250442445,35.505742301,34.4079877046204,31.68652060647059,33.823282454687025,34.3104006870511
1116,35.597059838,35.449773488000005,34.47444853852679,32.16199559988235,33.83309700289662,34.38889913698055
1117,35.461556396,35.552873933,34.478706061752064,32.040700958705884,33.8140795872523,34.424808240062696
1118,35.6898502385,35.518998072500004,34.5313952755065,32.264229654588235,33.95136686359176,34.260266685270174
1119,35.6957416925,35.7399275975,34.51305664685124,31.83484662482353,33.88370653078322,34.26244579669492
1120,35.698687419500004,35.7340361435,34.50905365774026,32.27913156764706,33.91072414574838,34.316582784137935
1121,35.698687419500004,35.7841135025,34.52594910982801,31.920792542,33.86950108685942,34.38720460562044
1122,35.6633386955,35.5484553425,34.53984347020343,31.829821561117647,33.89434529625767,34.43614861674053
1123,35.676594467,35.4924865295,34.53749076254546,31.71563132035294,33.891727353512394,34.50584273101695
1124,35.706051737,35.5543467965,34.52681910591837,31.561933682176473,33.801587914882994,34.46089458900281
1125,35.708997464,35.797369274000005,34.54317122783471,31.808854916,33.83600224065116,34.36049630444134
1126,35.708997464,35.546982479,34.54631105567568,31.502499308,33.843521426923076,34.48248585563025
1127,35.70310601,35.3658202685,34.542088700894496,31.596416015882355,33.83709018510026,34.503662163380085
1128,35.58527693,35.514579482,34.48893089927273,31.901731955529414,33.83187165246226,34.486680274902525
1129,35.546982479,35.4718664405,34.496116292888175,31.593123732764706,33.79152184003165,34.5581372019222
1130,35.6397728795,35.6839587845,34.4609297556875,31.640775198941178,33.79426861971154,34.44686042431401
1131,35.558765387,35.594114111,34.45766954766507,31.911955361,33.905537828974495,34.450342568493156
1132,35.5779126125,35.4158976275,34.45715309827137,31.609065314176473,33.88755366446684,34.46923254098876
1133,35.5661297045,35.6721758765,34.46611107907143,31.55153699864706,33.84923989339713,34.46360473572059
1134,35.600005565000004,35.6721758765,34.47033252954054,31.507697649764708,33.88274123930481,34.48619147833837
1135,35.6397728795,35.664811559,34.45485419375,31.719096881529413,33.85405612036113,34.404295865126635
1136,35.52636239,35.698687419500004,34.44174288972249,31.827222390235296,33.922746116477455,34.45220070157143
1137,35.6692301495,35.7016331465,34.43325883027027,31.92425810317647,33.918171041181914,34.40383335509585
1138,35.574966885500004,35.7016331465,34.45518074605505,31.785462378058824,33.943823582336,34.43197008274637
1139,35.6220985175,35.6692301495,34.4414438625,31.441332153235294,33.87526568668731,34.460467694910506
1140,35.520470936,35.6692301495,34.45161251754206,31.764495732941178,33.9008846699425,34.44938363925754
1141,35.611788473000004,35.591168384,34.46313382288336,31.558987955176473,33.87643190216414,34.51499612
1142,35.549928206000004,35.698687419500004,34.47078293975,31.671272137294117,33.88857473304033,34.409851274802435
1143,35.5690754315,35.7222532355,34.44505025666667,31.999114224588237,33.92261454090072,34.45516604713287
1144,35.591168384,35.729617553000004,34.42073910025437,32.032730168,33.92794205864935,34.28806779403537
1145,35.6279899715,35.747291915000005,34.43697416162162,32.25469936135294,33.95987666503627,34.371364479217256
1146,35.682485921,35.7782220485,34.43780487046219,31.792046944294118,33.94163355177914,34.278133731981136
1147,35.6574472415,35.711943191,34.453928270789476,31.47442826247059,33.92346174552578,34.44471533229329
1148,35.602951292,35.6692301495,34.464882054121496,31.75583183,33.91838167235172,34.44225315432974
1149,35.5720211585,35.720780372,34.45280855,31.313626223882356,33.95113681984169,34.46305444516889
1150,35.597059838,35.676594467,34.42842597788991,31.539754090647058,33.9445193680042,34.43334506861852
1151,35.670703013,35.641245743,34.42915930382353,31.59000472770588,33.932046222173916,34.4454702406846
1152,35.600005565000004,35.7222532355,34.4292631904375,32.35693341605882,33.938737655106166,34.25595990716301
1153,35.673648740000004,35.6574472415,34.42159814329763,31.888389545000003,33.933373853652576,34.23231696563381
1154,35.6338814255,35.653028651,34.444407773,31.908836355941176,33.921314840158566,34.441238769534884
1155,35.5896955205,35.6957416925,34.43570033372973,32.31396045747059,33.93198581659193,34.28208275581467
1156,35.611788473000004,35.655974378,34.437862704827275,31.70228890982353,33.85752308606432,34.37961310080189
1157,35.638300016,35.5690754315,34.465714903432435,31.958740436882355,33.89600109404255,34.468513814919355
1158,35.694268829,35.6162070635,34.44825333301835,31.690679279882353,33.90800416311201,34.451374122808716
1159,35.630935698500004,35.710470327500005,34.437458195904306,31.960299939411765,33.9257809042255,34.378425077982385
1160,35.567602568,35.729617553000004,34.447304883564875,32.159742985117646,33.94409912110769,34.2157351733556
1161,35.664811559,35.5572925235,34.46541377297521,31.697956958352943,33.86244917780738,34.386666625387754
1162,35.6162070635,35.6014784285,34.49224465788624,32.061494325764706,33.900354302808815,34.30832689830235
1163,35.605897019000004,35.564656841,34.470035399534545,32.171179337,33.877434825877636,34.44544489398545
1164,35.5160523455,35.502796574,34.477233685149095,32.27064094276471,33.87052336958864,34.34429753044925
1165,35.558765387,35.491013666,34.46883475381028,31.95007653394118,33.88330133,34.3777215486018
1166,35.5720211585,35.655974378,34.46981215238543,32.70175675311765,33.94481846426743,34.30597863313328
1167,35.5337267075,35.638300016,34.46661478563637,32.315173403882355,33.90077427476923,34.22963439129645
1168,35.549928206000004,35.692795965500004,34.49467605875,32.14969285770589,33.922169166768626,34.29404612150125
1169,35.6191527905,35.623571381000005,34.47010885142857,32.20011677282353,33.90509180067866,34.33626833155441
1170,35.331944408,35.6869045115,34.46361860481423,32.478747891411764,33.89534950976888,34.37383018932736
1171,35.479230758,35.552873933,34.464391773142204,32.2013297192353,33.966645495979385,34.31106808431839
1172,35.6338814255,35.620625654,34.46957991795257,32.25972442505883,33.89538373731744,34.238882283707575
1173,35.676594467,35.6545015145,34.502879903440366,31.914034697705883,33.94478753642857,34.26370992936135
1174,35.667757286000004,35.638300016,34.52623760154206,32.319505355352945,33.98792980098929,34.3493905722388
1175,35.694268829,35.591168384,34.5122904152,31.977627745294118,33.934895003394544,34.21938224406199
1176,35.6692301495,35.6633386955,34.548215493448275,32.29386020264706,33.90218768528713,34.22206671426678
1177,35.4041147195,35.6692301495,34.474202264272726,31.943665245764706,33.90505735294118,34.12630648621507
1178,35.6780673305,35.463029259500004,34.476824407625,31.86932895852941,33.97832196389325,34.38509037529086
1179,35.287758503,35.541091025,34.42852007490099,31.924951215411767,33.90989268112877,34.363101928882685
1180,35.682485921,35.323107227,34.39986247647059,31.360238021705882,33.807409244323466,33.92505871274061
1181,35.691323102,35.323107227,34.454117762,31.64181486729412,33.80315826626959,33.881912178924
1182,35.650082924,35.3127971825,34.442897220063635,31.688080109,33.80955914875445,33.52543293258464
1183,35.6869045115,34.669155833000005,34.4353960304,31.77298635782353,33.86367660541624,33.70587142951613
1184,35.6515557875,34.7619462335,34.43784612714286,31.790487441764707,33.86409908525242,33.84603632921788
1185,35.6839587845,34.985821485500004,34.456756022545456,31.727067672235297,33.86405898261055,33.783053096857145
1186,35.682485921,34.954891352000004,34.454558619102045,31.69154567017647,33.88071849413509,33.95012648769679
1187,35.611788473000004,35.1301621085,34.44788539912205,32.41723418052941,33.96515855144231,33.8381321112661
1188,35.685431648000005,34.979930031500004,34.462901798440726,32.47701511082353,33.94730446478118,33.91650828485437
1189,35.682485921,34.9652013965,34.475337198051946,31.86378406064706,33.92280587112103,34.02127213307693
1190,35.650082924,35.352564497,34.46302028089972,32.136177169117644,33.944952703959046,34.162861016983605
1191,35.660392968500005,35.2627198235,34.4554801607375,31.945571304411764,33.922286255821916,34.00468312923703
1192,35.6869045115,35.299541411,34.43336607694845,32.34740312282353,33.97441038446548,33.90036557378641
1193,35.6869045115,35.352564497,34.45288293704546,32.30287066170588,33.98934599020785,33.60772036956341
1194,35.7075246005,35.3658202685,34.44395265720712,32.085406697882355,33.9796759931319,33.7554756637961
1195,35.6957416925,35.2244253725,34.42055391149319,32.118676085176475,33.972101595833806,33.92587100737603
1196,35.6898502385,35.351091633500005,34.40409741707097,32.358319640529416,33.99920285826039,33.687285397401816
1197,35.6839587845,35.376130313000004,34.415931172215906,32.375820724470586,33.965936790555254,33.9731664599375
1198,35.6751216035,35.3186886365,34.410123479547195,31.82444994129412,33.93451822267422,34.33861577427639
1199,35.6751216035,35.3452001795,34.40514267503871,31.940719518764705,33.89421875221477,34.18211222631896
1200,35.650082924,35.4453548975,34.3915185325567,31.75964394729412,33.908040922275866,34.33017698672897
1201,35.524889526500004,35.4836493485,34.41231372914849,32.190586479588234,33.98028041612457,34.2840354648505
1202,35.287758503,35.482176485000004,34.38085332332857,31.994262438941178,33.840594527413494,34.20025921732143
1203,35.582331203,35.334890135,34.40548026115546,31.581860658941178,33.79256275231121,34.41707266603113
1204,35.632408562,35.3717117225,34.39750750775312,31.63557685717647,33.81371338369492,34.397506605072046
1205,35.549928206000004,35.49690512,34.398664504705884,32.0275318262353,33.8272971376969,34.294414296487254
1206,35.470393577,35.576439749,34.419474487184466,32.199770216705886,33.77762352548439,34.04778579600757
1207,35.499850847000005,35.423261945,34.42873474789593,32.42832397629412,33.82979304083067,34.11535060212972
1208,35.524889526500004,35.479230758,34.42660120625882,32.28762219252941,33.82292065429792,34.05605330271218
1209,35.605897019000004,35.49690512,34.40064580331429,32.11382429952941,33.78037595404651,33.91650483915663
1210,35.597059838,35.4836493485,34.407900131274765,32.17689751294118,33.805055713166084,33.77811168772842
1211,35.5720211585,35.5955869745,34.44898491682243,32.17204572729412,33.79221140980711,33.532373004363635
1212,35.6220985175,35.4453548975,34.45081807581442,31.917500258882352,33.72178048207779,33.67176761187809
1213,35.664811559,35.3982232655,34.48078828074286,32.171179337,33.83955092171518,33.837164902800346
1214,35.6338814255,35.3304715445,34.44031492691428,31.962725832235297,33.846959587498695,34.0816684104918
1215,35.630935698500004,35.3982232655,34.44621039933687,32.393148530352946,33.91750526909953,34.01517608992126
1216,35.574966885500004,35.6721758765,34.44139302291837,32.51149744452941,33.94730087640206,33.77787467421442
1217,35.605897019000004,35.574966885500004,34.423551719477224,32.546499612411765,33.92933953607449,33.79586020982825
1218,35.567602568,35.5013237105,34.397072625673076,32.43508182058824,33.91006356949921,33.870568675722545
1219,35.538145298,35.518998072500004,34.41016716655326,32.081941136705886,33.86318333408377,34.189348231761365
1220,35.5160523455,35.552873933,34.41708846298077,32.54095471452941,33.8932026311146,34.1748628424
1221,35.513106618500004,35.396750402,34.41169832659557,32.24378284364706,33.84896091040323,34.26344434822034
1222,35.518998072500004,35.446827761,34.458951775538466,32.375127612235296,33.88460566900248,34.23852574936731
1223,35.630935698500004,35.605897019000004,34.478910449622646,32.37686039282353,33.87318560082485,34.00557512973109
1224,35.602951292,35.5366724345,34.44552815634616,32.362651592,33.90465130469,34.13159309742731
1225,35.4659749865,35.58527693,34.42387129411215,32.82235828205882,33.91786829431655,34.3384877961659
1226,35.6147342,35.653028651,34.46302797755372,32.31188112076471,33.90375127682708,34.362942301864955
1227,35.6427186065,35.638300016,34.49151212975,32.088698981,33.93559216827623,34.469163834046725
1228,35.6780673305,35.697214556,34.510524782322314,32.735199418470586,33.97671340763397,34.457454224829235
1229,35.6721758765,35.691323102,34.51468030131579,31.964112056705883,33.97455951153368,34.436000766341095
1230,35.676594467,35.6810130575,34.604620089183484,32.110878572529415,33.851064366122664,34.43898059551825
1231,35.6957416925,35.5838040665,34.582456905,31.938120347882354,33.782682052903226,34.43530230058823
1232,35.673648740000004,35.647137197,34.500113149260834,32.355893747705885,33.844050987726554,34.52855114355111
1233,35.5779126125,35.511633755,34.4838899322138,32.64821383294118,33.98030945778973,34.44255096794259
1234,35.474812167500005,35.6751216035,34.43852887044248,32.91835432664706,33.943136067933175,34.04981363959698
1235,35.5690754315,35.5720211585,34.43585019583466,32.36871632405882,33.89351274065732,34.19398924919578
1236,35.452719215,35.552873933,34.45605584188729,32.3486160692353,33.882278508125,34.400540860226904
1237,35.096286248,35.6633386955,34.41195352823243,32.238931058,33.841755936932515,34.399538053858265
1238,35.3658202685,35.411479037,34.444902667000854,32.045032910176474,33.86488671261682,34.337872938537814
1239,35.638300016,35.412951900500005,34.4395736963609,31.82444994129412,33.82070125002066,34.28241783624899
1240,35.414424764,35.6515557875,34.394284371376145,32.43854738176471,33.893915825624696,34.186368388128706
1241,35.455664942,35.6191527905,34.459674474295454,32.845577541941175,33.960778625857145,34.33086005908347
1242,35.2244253725,35.650082924,34.43945224972143,33.22713582747059,33.99015125873418,34.20788768671292
1243,35.532253844,35.635354289,34.49505446537775,33.36229271335294,34.00616410441379,34.305551580879715
1244,35.334890135,35.6692301495,34.48040059948758,33.22505649076471,34.038624974899015,34.14537453840272
1245,35.2038052835,35.704578873500004,34.512962442861664,32.9819473742353,34.03041911193133,34.091774747592424
1246,35.452719215,35.661865832000004,34.503697790467534,33.255899985235295,33.948109202352946,33.79116682409449
1247,35.4100061735,35.6721758765,34.48396914795868,32.96843168564706,33.95373378719439,33.9489296994781
1248,35.52636239,35.6780673305,34.453354055,32.718391446764706,33.966254915022674,34.10786221198104
1249,35.337835862,35.629462835,34.43636003036792,33.09405827829412,34.054143502015265,34.29998652344247
1250,35.4777578945,35.6515557875,34.44837313551402,33.24238429664706,33.92945137738355,34.109730618524594
1251,35.682485921,35.6147342,34.53675328798641,32.43941377205883,33.95966140509482,34.388357556160145
1252,35.6839587845,35.660392968500005,34.538089165,32.27999795794118,33.87174916813918,34.13665334653605
1253,35.6662844225,35.4483006245,34.57486115435603,31.897746560176472,33.86904914873418,34.54100212569307
1254,35.682485921,35.688377375,34.531636324631194,32.276359118705884,33.83980032463783,34.22509037571765
1255,35.682485921,35.6662844225,34.510973020625,31.65550383394118,33.81190667251033,34.32753939951033
1256,35.708997464,35.7134160545,34.57923315738318,31.962205998058824,33.887784295260666,34.64914489125
1257,35.700160283,35.741400461,34.577261619285714,32.408396999529415,34.007746108936175,34.50664244885874
1258,35.706051737,35.7870592295,34.592664537926936,31.917846815,34.01852225783158,34.57377364944186
1259,35.7251989625,35.782640639,34.589405003853216,32.359879143058826,34.03583662544148,34.48415112528648
1260,35.6780673305,35.772330594500005,34.58152175357143,32.39886670629412,34.01315720396111,34.49807228058913
1261,35.6839587845,35.7900049565,34.582764570773264,32.73935809188235,34.015813332290506,34.509201736851715
1262,35.620625654,35.8312451345,34.548249761625165,32.67559176623529,33.96364285765553,34.45332690316742
1263,35.5926412475,35.8312451345,34.563411849841536,32.706608538764705,34.02612461429024,34.46549958765507
1264,35.664811559,35.8489194965,34.53563944103332,33.03756963111765,34.100291355138594,34.44681768894992
1265,35.518998072500004,35.829772271,34.54305334750239,32.948851265,34.075390026168726,34.38980668820679
1266,35.586749793500005,35.8371365885,34.530706664,32.8199323892353,34.08863011248796,34.405004295321106
1267,35.744346188,35.7811677755,34.64408431091767,32.448077675,34.08343514,34.586403762796486
1268,35.685431648000005,35.8577566775,34.5965130935849,32.651332838,34.103373967317594,34.56009012801769
1269,35.738454734,35.844500906,34.60371067182076,33.12680783141177,34.1688731975,34.52485970738671
1270,35.726671826,35.8312451345,34.64613835579221,32.7521806682353,34.12497421396104,34.60188834109589
1271,35.6957416925,35.8047335915,34.65386610714286,32.881099544,34.101460778907956,34.54922508600432
1272,35.302487138000004,35.688377375,34.53788393836174,32.32747614605883,34.007080400196294,34.60967437950189
1273,35.579385476,35.7693848675,34.53865381052632,32.38898985694118,34.05900922568194,34.53581521505568
1274,35.6220985175,35.772330594500005,34.5294314575065,32.32054502370588,34.022157096172,34.44284135909503
1275,35.600005565000004,35.73256328,34.55371138914286,32.049018305529415,33.96552744017773,34.47368985197115
1276,35.6780673305,35.8548109505,34.53692499203146,32.23321288205882,33.98069735128571,34.46348453932063
1277,35.574966885500004,35.7016331465,34.54668736285714,31.660875453764707,33.93652227118971,34.48976421644717
1278,35.6279899715,35.664811559,34.529288351000005,31.70332857817647,33.941786534678705,34.523272210142856
1279,35.682485921,35.803260728,34.581547730000004,31.826529278000002,33.961199444,34.509945855557326
1280,35.6869045115,35.754656232500004,34.57586570026818,31.642507979529412,33.96947836642933,34.55468287540248
1281,35.667757286000004,35.7958964105,34.59810262086957,31.783209763294117,33.97781918183325,34.458740430973876
1282,35.694268829,35.7958964105,34.62284008673913,32.14154878894118,33.95928534291139,34.49599142967742
1283,35.7193075085,35.5926412475,34.619286757727274,31.59433667917647,33.96614284793104,34.559167325763475
1284,35.7016331465,35.822407953500004,34.6000949,32.19439859688235,33.98728871525389,34.484009091542596
1285,35.704578873500004,35.70310601,34.62405544793987,32.02285331864706,33.97869148867905,34.48168383354839
1286,35.6898502385,35.788532093,34.60058353417014,32.104120728235294,33.99262455209826,34.51037091158301
1287,35.685431648000005,35.6338814255,34.657163456399836,32.065133165,34.00268858577591,34.530442391508124
1288,35.685431648000005,35.7811677755,34.638757566875,31.80746869152941,33.92341631905602,34.56492344449319
1289,35.708997464,35.4188433545,34.677333448863635,31.44843655364706,33.958234834134615,34.631634104927976
1290,35.685431648000005,35.738454734,34.61554254293801,31.95128948035294,34.003457397448386,34.57153207650265
1291,35.6810130575,35.7752763215,34.632437825951975,31.483438721529414,33.96854424988185,34.514238054785146
1292,35.7399275975,35.457137805500004,34.594654679262135,31.275331772882353,33.935960825839736,34.5517532536084
1293,35.7016331465,35.58527693,34.60759715852604,31.521559894470588,33.927721537808374,34.550785326542055
1294,35.7251989625,35.3982232655,34.5974437910957,31.209139554411767,33.89556094994947,34.499213009976906
1295,35.58527693,35.405587583,34.54265244047847,31.945571304411764,33.907584240582075,34.622225314891566
1296,35.658920105,35.738454734,34.54540613338614,31.832074175882354,33.884795291428574,34.4457715355
1297,35.7193075085,35.8371365885,34.573280864139946,32.41671434635294,34.01703282127586,34.491337525196855
1298,35.6957416925,35.756129096,34.58124509331304,32.288142026705884,33.973341600356946,34.36382221191837
1299,35.5779126125,35.7841135025,34.57007753930481,31.965151725058824,33.96269622218911,34.43367327889169
1300,35.638300016,35.7693848675,34.568510602403244,32.03706211947059,33.96467655704706,34.398606044568965
1301,35.636827152500004,35.5514010695,34.5754608244829,31.554656003705883,33.88194955135325,34.512038270666665
1302,35.6839587845,35.655974378,34.55074482956153,31.685307660058825,33.91688423643473,34.44017531765203
1303,35.650082924,35.73256328,34.54109422763158,31.60507991882353,33.93113263422404,34.51550641637888
1304,35.6191527905,35.756129096,34.52735904169648,32.26041753729412,33.91834496951512,34.40482122741536
1305,35.691323102,35.720780372,34.54364475905882,31.89532066735294,33.93645488208575,34.51092886170016
1306,35.552873933,35.809152182,34.54021823304945,32.24412939976471,33.980101333410005,34.43639730098592
1307,35.5543467965,35.7958964105,34.54058737177125,32.51132416647059,33.9603416601291,34.42541217710025
1308,35.6633386955,35.772330594500005,34.562924265594404,31.705927749058823,33.88091280591904,34.46297777809303
1309,35.632408562,35.638300016,34.55126030803008,31.61253087535294,33.879117636988546,34.593533278843104
1310,35.524889526500004,35.573494022,34.515986280336136,31.496607854,33.82241376840071,34.644706061914725
1311,35.588222657,35.64419147,34.55840200383177,31.845070030294117,33.85218567620267,34.63903433044118
1312,35.538145298,35.574966885500004,34.537744816097316,31.885270539941178,33.88290568901099,34.56381102457143
1313,35.529308117,35.573494022,34.55038297638835,32.16268871211765,33.96612946789243,34.53298448
1314,35.586749793500005,35.6162070635,34.54268976703884,31.98109330647059,33.96503070943294,34.435306452736846
1315,35.6721758765,35.561711114000005,34.54764459425,31.911088970705883,33.8894659396589,34.60312973105121
1316,35.6721758765,35.468920713500005,34.56993581683654,31.69345172882353,33.917172600389236,34.61565712114184
1317,35.579385476,35.532253844,34.57432208840061,32.22558864747059,33.94545627843854,34.53499510645669
1318,35.655974378,35.451246351500004,34.56454080941177,31.984385589588236,33.97739394086709,34.54879205767442
1319,35.3039600015,35.5955869745,34.53887365314286,32.073970346,33.871220465985154,34.51801344453125
1320,35.5631839775,35.679540194,34.53963637211879,32.04572602241176,33.9199379079336,34.52327581325066
1321,35.608842746,35.529308117,34.566883272058824,32.08332736117647,33.93843614440524,34.63036175339223
1322,35.591168384,35.5337267075,34.525751579708185,32.251753634352944,33.92186119665729,34.522799857881914
1323,35.6545015145,35.4070604465,34.561790007988904,31.660702175705882,33.887852186780826,34.48686761964851
1324,35.710470327500005,35.0005501205,34.57890436862857,31.343430050000002,33.85999568764774,34.65374449732189
1325,35.7163617815,35.4836493485,34.60281293795652,31.605773031058824,33.90668793110086,34.62038450830097
1326,35.6515557875,35.6162070635,34.520982089304816,32.20999362217647,33.97574928362985,34.58425177756962
1327,35.7222532355,35.660392968500005,34.591498408964895,31.94487819217647,33.981524560918075,34.534526903703124
1328,35.7251989625,35.579385476,34.556010458930004,31.91386141964706,33.91098181228571,34.58178701593558
1329,35.6869045115,35.685431648000005,34.594655719236364,32.353121298764705,33.9523418065625,34.53882096720859
1330,35.692795965500004,35.714888918,34.588035447219255,32.109665626117646,33.93447096761628,34.497418828851714
1331,35.7369818705,35.7134160545,34.60125682565,32.31136128658824,33.95030517212435,34.521505928085446
1332,35.735509007000005,35.594114111,34.57725453480519,32.01869464523529,33.94743502594595,34.584538380941176
1333,35.711943191,35.4954322565,34.56185212842105,31.884750705764706,33.904286278050584,34.61698075931818
1334,35.617679927,35.6147342,34.54200688272727,32.493996360588234,33.99467498775385,34.55838799835991
1335,35.714888918,35.491013666,34.557435260568425,32.268388328,33.9613285445512,34.59603361331416
1336,35.700160283,35.505742301,34.57579179092632,32.216924744529415,33.97975100906398,34.62266006277533
1337,35.6191527905,35.822407953500004,34.60283489368572,32.62672735364706,33.98646731385535,34.58239376972491
1338,35.6103156095,35.8282994075,34.58522939283637,32.478401335294116,34.00839843344767,34.58871086271137
1339,35.688377375,35.832717998,34.61394040286445,32.671952927,34.04686714858639,34.577855830089284
1340,35.6574472415,35.8518652235,34.59490144817908,32.582888004764705,34.026245319918175,34.57055672364045
1341,35.729617553000004,35.723726099000004,34.60605470170117,32.42485841511765,34.004670074085006,34.625115819796065
1342,35.588222657,35.841555179000004,34.593697614090914,32.83258168752941,34.08133627426181,34.61327469044643
1343,35.6898502385,35.816516499500004,34.60470247778578,32.604894318235296,34.01625386515708,34.643299835850684
1344,35.6397728795,35.8076793185,34.5910184302521,32.483426399,33.96615321913514,34.70238628140449
1345,35.7310904165,35.711943191,34.60130509596639,32.35173507429412,33.96858450605634,34.68156473415778
1346,35.638300016,35.754656232500004,34.57603517877948,32.494862750882355,33.982266474806245,34.64616769086231
1347,35.7193075085,35.856283814,34.60019477054092,32.432136093588234,33.98625181545817,34.67373015820318
1348,35.7222532355,35.5690754315,34.60720892697059,32.55187123223529,33.96310599801029,34.64189643265162
1349,35.605897019000004,35.791477820000004,34.55629405735294,32.55758940817647,33.98622876388215,34.630325795272725
1350,35.679540194,35.862175268,34.56805707013028,32.44305261129412,34.020972064333925,34.58902661518124
1351,35.6780673305,35.620625654,34.571481727210525,32.43993360623529,34.03369974131147,34.63467651501088
1352,35.6515557875,35.8312451345,34.56030004019802,32.62724718782353,34.032497105984895,34.57068013688312
1353,35.6397728795,35.832717998,34.558582509603966,32.77488009394118,34.04139339518156,34.577924302627736
1354,35.6751216035,35.85039236,34.581125709269294,32.92649839541176,33.98036243409404,34.48201404846154
1355,35.6751216035,35.785586366000004,34.56520750312964,32.95716861182353,33.974274685145744,34.511193834085105
1356,35.661865832000004,35.859229541000005,34.567396376990295,32.91540859964706,33.98251595303965,34.45615409912851
1357,35.6456643335,35.859229541000005,34.587291576764706,33.03774290917647,34.0219387214051,34.49774176531792
1358,35.6279899715,35.692795965500004,34.57596432588235,32.909343867588234,34.026525369578415,34.49816947986985
1359,35.7075246005,35.823880817,34.56962967266436,32.78475694329412,34.03445597494618,34.49385185401504
1360,35.679540194,35.714888918,34.55786639529412,32.68772123035294,34.0115015773494,34.58288811371429
1361,35.6869045115,35.6338814255,34.5812416116602,32.38379151517647,34.00110775927336,34.57059662667649
1362,35.670703013,35.717834645,34.57091726751457,32.6962118552353,34.0259975692387,34.44370981667652
1363,35.706051737,35.648610060500005,34.59382105239604,32.51998806941177,34.077068149281125,34.56453166146951
1364,35.664811559,35.7399275975,34.56308133670193,32.54875222717647,34.04536910580645,34.50312887625767
1365,35.70310601,35.70310601,34.56883412367347,32.487065238235296,34.025987233429895,34.524726616706765
1366,35.3893860845,35.797369274000005,34.515796900155344,32.68217633247059,34.04889778327377,34.52938495355609
1367,35.7163617815,35.8047335915,34.56695936771429,32.52709246982353,33.9852713986598,34.53317847277603
1368,35.7369818705,35.7900049565,34.59587736705714,32.34116511270588,33.985861808121825,34.51394894166545
1369,35.7281446895,35.816516499500004,34.608725530563106,32.78354399688236,34.1005323311,34.457612395812916
1370,35.711943191,35.630935698500004,34.585732074235295,32.207567729352945,34.05016119816386,34.51476354347891
1371,35.711943191,35.714888918,34.59327476345874,32.39054935947059,34.01822926900175,34.4779890608
1372,35.7251989625,35.735509007000005,34.6125205659276,32.21640491035294,34.01914333542431,34.50616834564481
1373,35.73256328,35.7458190515,34.592291724671284,32.38309840294118,34.04288486797036,34.534277242181815
1374,35.6957416925,35.7310904165,34.58788505878926,32.49694208758824,34.03600757662831,34.510673064598045
1375,35.698687419500004,35.756129096,34.578464115785266,32.623608348588235,34.0322279228246,34.491902936511806
1376,35.70310601,35.6957416925,34.583022293847726,32.54182110482353,34.0154840103125,34.581299582004625
1377,35.6898502385,35.641245743,34.575217845356036,32.46661842729412,34.03652637360825,34.61086144605263
1378,35.636827152500004,35.714888918,34.562243270705885,32.52518641117647,34.06289281167935,34.629351780408165
1379,35.6721758765,35.6810130575,34.53814247972816,32.119369197411764,34.07502871448726,34.64365059425466
1380,35.5543467965,35.594114111,34.555944438566094,32.47788150111765,34.11995143423349,34.74331426717822
1381,35.5720211585,35.76202055,34.57060022394286,32.35797308441177,34.09119047174709,34.66322048999124
1382,35.744346188,35.6338814255,34.540470174245286,31.803656574235294,34.0874627440201,34.58121863845902
1383,35.7428733245,35.463029259500004,34.56905993904147,31.463511744764705,34.07503973103806,34.62604988156483
1384,35.7664391405,35.706051737,34.59392401349828,31.469749754882354,34.12092405998851,34.69029369824228
1385,35.776749185,35.770857731,34.62040027457692,32.06028137935294,34.14572306,34.718564853006995
1386,35.76202055,35.744346188,34.55970654903846,31.625353451705884,34.131289293626885,34.71638998450116
1387,35.741400461,35.8047335915,34.59694670817615,31.939679850411764,34.21301534289822,34.72926980318253
1388,35.697214556,35.797369274000005,34.584545359417476,31.954755041529413,34.18878349679629,34.736481898867
1389,35.729617553000004,35.73256328,34.5697978095423,32.31569323805883,34.20782534226415,34.72980329078385
1390,35.706051737,35.770857731,34.53280670838599,32.05231058864706,34.16626792998265,34.72789511784841
1391,35.738454734,35.797369274000005,34.570323686306125,32.63209897347059,34.186211129607955,34.69924892281326
1392,35.76202055,35.794423547,34.58995011933005,32.155064477529415,34.1733273322172,34.64576924219969
1393,35.760547686500004,35.682485921,34.59070966631182,32.106546621058826,34.215354055431185,34.71022551876206
1394,35.729617553000004,35.756129096,34.587144665044335,32.06114776964706,34.10218613064045,34.71401231
1395,35.753183369,35.747291915000005,34.604576433384615,32.07501001435294,34.139932073195766,34.69971325653377
1396,35.6338814255,35.7752763215,34.57257528907509,32.61996950935294,34.165310175564336,34.64860301998369
1397,35.73256328,35.7811677755,34.5736488176,32.22801454029412,34.16603827901153,34.61959380212766
1398,35.750237642,35.7811677755,34.55649749546798,32.21519196394118,34.12910860296953,34.610963829811325
1399,35.692795965500004,35.782640639,34.58625465885714,32.71215343664706,34.16926579344337,34.53923145446976
1400,35.6751216035,35.7428733245,34.57166908114144,32.2690814402353,34.105168718584686,34.615883976053674
1401,35.7075246005,35.636827152500004,34.61184161584135,32.33562021482353,34.142141415864444,34.61894414117264
1402,35.7251989625,35.7016331465,34.60042458627427,31.98351919929412,34.106704656744185,34.625818373640776
1403,35.747291915000005,35.711943191,34.56669862367246,31.723602111058824,34.07743080325662,34.61095152757312
1404,35.7399275975,35.5602382505,34.547593161653616,31.666247073588238,34.03504878494662,34.66503555877681
1405,35.7458190515,35.655974378,34.56908962843149,31.118688407705882,34.014692803785344,34.6143596820223
1406,35.7310904165,35.7163617815,34.542814312339495,31.655677112,34.05520162236994,34.561138111433074
1407,35.706051737,35.4924865295,34.538435622463595,31.517227943,34.07793349184332,34.59682448215483
1408,35.756129096,35.395277538500004,34.52887641450368,31.595896181705882,34.03716080581217,34.60647939323248
1409,35.7517105055,35.4483006245,34.54342320047604,31.715284764235296,34.050667124302464,34.67883599582734
1410,35.729617553000004,35.3275258175,34.52905833640371,31.559681067411766,34.04491460696494,34.673042686837064
1411,35.7517105055,35.493959393000004,34.53651040404466,31.95510159764706,34.07931123902439,34.59280071885714
1412,35.7281446895,35.6191527905,34.53285931065385,32.04693896882353,34.105479301087335,34.55995098987952
1413,35.729617553000004,35.6044241555,34.547390198941436,32.38223201264706,34.138389684816055,34.52830517653687
1414,35.710470327500005,35.6515557875,34.5261713699405,32.51964151329412,34.13088493017624,34.5105961323888
1415,35.711943191,35.579385476,34.52657729536486,32.469390876235295,34.10732058780012,34.56034418782609
1416,35.7428733245,35.670703013,34.497404598957814,32.04208718317647,34.101526336870144,34.58387438471358
1417,35.7428733245,35.729617553000004,34.49458374251923,32.19942366058824,34.10643845484188,34.55094231481297
1418,35.6427186065,35.7163617815,34.463408131769235,32.147266964882355,34.10693458070035,34.55754275724138
1419,35.6132613365,35.7664391405,34.45341639842857,32.02579904564706,34.082265755234374,34.48595184176824
1420,35.6751216035,35.764966277,34.4715107083933,32.14518762817647,34.07999066302013,34.50204257027943
1421,35.7075246005,35.803260728,34.461593532239974,32.05854859876471,34.048525584675325,34.46992542692372
1422,35.698687419500004,35.7399275975,34.44669172365994,31.765362123235295,34.05062737079956,34.439284338292495
1423,35.6780673305,35.608842746,34.454525005364054,31.400438531352943,34.0441422729351,34.587797892113144
1424,35.6279899715,35.667757286000004,34.463701555834106,31.831554341705882,33.97489063216064,34.565363390989546
1425,35.635354289,35.579385476,34.44871258674286,31.626046563941177,33.91460520814189,34.75159901894322
1426,35.570548295,35.660392968500005,34.454024246857145,31.520173670000002,33.91558080951848,34.70013238264412
1427,35.579385476,35.660392968500005,34.472186931912816,31.85494687964706,33.92872538779606,34.77368450927273
1428,35.7016331465,35.748764778500004,34.4826704235784,31.58688572264706,34.03267971979382,34.63260101986302
1429,35.5838040665,35.694268829,34.47282079057143,32.635737812705884,34.051930345271565,34.52017704688442
1430,35.667757286000004,35.5896955205,34.51332872735849,31.703501856235295,33.86917106020282,34.60972145882353
1431,35.685431648000005,35.567602568,34.54639112313093,32.22142997405882,33.9603696005531,34.56590763993731
1432,35.664811559,35.698687419500004,34.49004761581633,32.45934074882353,33.94553215590309,34.55205598112867
1433,35.682485921,35.704578873500004,34.48002871988349,31.918020093058825,34.00915224745549,34.60267703454158
1434,35.6692301495,35.6780673305,34.42282636009434,32.057508930411764,34.00827002466321,34.74606353662338
1435,35.638300016,35.738454734,34.48517806913605,32.04607257852941,34.03508809625,34.666745692727275
1436,35.6662844225,35.750237642,34.51615572366185,32.18781403064706,34.023387014,34.64260147420058
1437,35.6545015145,35.6810130575,34.495036162472694,32.29091447564706,34.09786622275476,34.672635125645286
1438,35.611788473000004,35.7752763215,34.49011410021362,32.63608436882353,34.067498720276184,34.67687590903226
1439,35.591168384,35.7458190515,34.45910072075701,31.995821941470588,33.94911557601985,34.48682969048745
1440,35.5396181615,35.660392968500005,34.45684910994609,32.27306683558824,33.90055700269885,34.54161102184211
1441,35.2921770935,35.776749185,34.403832675437556,33.137204514941175,34.14680078702929,34.346782214545456
1442,34.725124646,35.6191527905,34.386200264155846,32.97414986158824,34.09900354009709,34.401507942756936
1443,35.393804675,35.655974378,34.42821123363636,32.21640491035294,33.951781797458565,34.55897261312796
1444,35.561711114000005,35.694268829,34.46210811142857,32.21796441288235,33.95691664942553,34.44514721607625
1445,35.5985327015,35.70310601,34.50276552611046,32.124047705,33.924715143543764,34.4117940982069
1446,35.402641856,35.700160283,34.41048662926641,33.12074309935294,33.98351305878694,34.293372192853596
1447,35.5720211585,35.698687419500004,34.41914738825688,32.76898863994118,33.98087864369713,34.38950493042623
1448,35.544036752000004,35.706051737,34.458744927941176,32.73606580876471,33.91050349799043,34.503017311921504
1449,35.602951292,35.7310904165,34.44003273121849,32.38708379829412,33.92157229358802,34.48263168740181
1450,35.5896955205,35.7369818705,34.44387974855147,32.236505165176474,33.90180577972892,34.4457295579777
1451,35.6073698825,35.7517105055,34.43205064921053,32.324357141,33.88159153820896,34.48097234608565
1452,35.623571381000005,35.697214556,34.42507392736842,32.04537946629412,33.922329253183904,34.419961898083464
1453,35.517525209,35.7576019595,34.41645453821429,32.3986934282353,33.90131289327621,34.529692561262294
1454,35.623571381000005,35.735509007000005,34.39181831388364,32.472163325176474,33.92324525849505,34.32831961259934
1455,35.655974378,35.5838040665,34.411001436446426,31.944704914117647,33.82326667147255,34.34684609494607
1456,35.5926412475,35.5543467965,34.43606574269231,32.09926894258824,33.83012965245399,34.43288134348449
1457,35.655974378,35.549928206000004,34.42962070845185,32.46661842729412,33.90668011571429,34.31620554834753
1458,35.6191527905,35.647137197,34.430497895963306,32.440799996529414,33.883384655610996,34.338919579850874
1459,35.446827761,35.64419147,34.416539095130844,32.02961116294118,33.87232807541158,34.57743702049536
1460,35.685431648000005,35.635354289,34.42314709097248,31.88631020829412,33.85572283854985,34.482817372727276
1461,35.682485921,35.602951292,34.50526316236842,32.04174062705882,33.951289935064665,34.474818150588234
1462,35.629462835,35.661865832000004,34.47750504909091,32.114344133705885,33.87563781824026,34.56847194248503
1463,35.6721758765,35.623571381000005,34.522116395789475,32.077609185235296,33.88352835064992,34.6024556955962
1464,35.6633386955,35.704578873500004,34.505571628943926,32.13444438852942,33.86730487029266,34.57143247440939
1465,35.647137197,35.673648740000004,34.514966588902254,32.39644081347059,33.93780297880597,34.60707408276692
1466,35.6397728795,35.7193075085,34.49263390322676,32.72722862776471,33.944740778857145,34.504110703484166
1467,35.573494022,35.748764778500004,34.48444675657398,32.83292824364706,33.98324717700658,34.56126999241379
1468,35.4541920785,35.7576019595,34.461578435056076,32.63261880764706,33.976027422504195,34.603099562588426
1469,35.6073698825,35.764966277,34.42624104700385,32.50196715129412,33.94279060958951,34.614887840721735
1470,35.4865950755,35.7811677755,34.42182182672897,32.70886115352941,33.981442887839194,34.55180217096519
1471,35.305432865,35.800315001,34.42514252005455,32.727055349705886,33.94446916201005,34.45746053210654
1472,35.451246351500004,35.816516499500004,34.429470945266054,32.86463812841177,33.94695863640128,34.326682842901135
1473,35.390858948,35.803260728,34.43296939447369,32.695518743,33.96783796841092,34.53775626707692
1474,35.4453548975,35.816516499500004,34.428751779500004,32.76275062982353,33.96754135332624,34.449035820763356
1475,35.520470936,35.76202055,34.416331894461386,33.17844469294118,34.000475804000004,34.41987692126538
1476,35.552873933,35.800315001,34.41626379354206,32.866024352882356,33.95844926667373,34.38750836505589
1477,35.602951292,35.797369274000005,34.411308999811325,33.14846758876471,34.0217128625154,34.29087809287045
1478,35.629462835,35.782640639,34.41294551481132,33.01573659570588,34.00234779629118,34.179411825743415
1479,35.6662844225,35.7458190515,34.40120479663552,32.247768239,33.94733978277955,34.40823554112561
1480,35.339308725500004,35.764966277,34.415532375,32.46696498341176,33.941062482297966,34.4967668793977
1481,35.524889526500004,35.773803458,34.43528127785592,32.51236383482353,34.00875082335878,34.40641821951383
1482,35.653028651,35.773803458,34.44957411705189,32.93689507894118,34.01873199874798,34.47525642725953
1483,35.6427186065,35.7841135025,34.4422146202449,32.53956849005883,34.04515054731681,34.415015191203544
1484,35.474812167500005,35.7811677755,34.434811135688314,33.04086191423529,34.067974129129034,34.41723921292818
1485,35.611788473000004,35.7870592295,34.41180419279503,32.11417085564706,33.974408806865675,34.48774241597846
1486,35.564656841,35.738454734,34.40693779977851,31.934308230588236,33.91536014514574,34.478185086122096
1487,35.6103156095,35.7369818705,34.40832509681818,32.09493699111765,33.94703570715274,34.407215667168835
1488,35.673648740000004,35.655974378,34.40670558457143,31.729147008941176,33.90142776796685,34.53261880257895
1489,35.648610060500005,35.7811677755,34.41168725091981,31.739370414411766,33.93771958636364,34.375183535955415
1490,35.4924865295,35.698687419500004,34.38098996290738,32.648387111,33.98897644191444,34.433897710000004
1491,35.546982479,35.688377375,34.35875329164486,31.988544263,33.954724730703,34.44826655704526
1492,35.4807036215,35.7016331465,34.3562755773458,31.987677872705884,33.92815403071707,34.48198830623441
1493,35.390858948,35.714888918,34.375011816902536,32.48602556988235,33.94339682407923,34.38766740669521
1494,35.284812776,35.708997464,34.364818593500004,32.902759301352944,33.97616765850508,34.36802813639932
1495,35.3982232655,35.7163617815,34.365855053000004,32.867064021235294,33.97955513061225,34.40005658147139
1496,35.4041147195,35.708997464,34.382398705175206,33.14101663223529,33.98606469133404,34.46111420551532
1497,35.5661297045,35.6839587845,34.3799836325,32.31309406717647,33.91045147261383,34.51974866140017
1498,35.5396181615,35.670703013,34.383989126290956,32.32678303382353,33.877854789270195,34.453459728743454
1499,35.538145298,35.673648740000004,34.392491282857144,32.347229844764705,33.893814590098906,34.43688306074627
1500,35.6103156095,35.711943191,34.37657654982962,32.40614438476471,33.87621909244346,34.45278317767442
1501,35.4276805355,35.6898502385,34.38164742275,32.38517773964706,33.83797071243524,34.51628086074766
1502,35.692795965500004,35.692795965500004,34.402362325714286,32.30027149082353,33.9237058254775,34.35822192640964
1503,35.6957416925,35.717834645,34.44978156945804,32.19335892852941,33.957375166842105,34.45940274279412
1504,35.670703013,35.6898502385,34.432320601962736,31.699689738941178,33.88836871147208,34.48083237620438
1505,35.692795965500004,35.7075246005,34.426763259386796,31.51358910376471,33.87961893865833,34.50586134259319
1506,35.670703013,35.6545015145,34.44866101722719,31.492969014764707,33.8877853811,34.61080427492466
1507,35.697214556,35.6751216035,34.451866781933965,30.80678790182353,33.810307506135324,34.60459629424702
1508,35.692795965500004,35.6869045115,34.512374306767754,31.461085851941178,33.94408134696101,34.54765817719326
1509,35.70310601,35.6515557875,34.51886710740385,31.468710086529413,33.9615139225213,34.497209143142186
1510,35.6957416925,35.626517108,34.49669469730198,31.827742224411764,33.93622433932687,34.5452158866878
1511,35.698687419500004,35.691323102,34.51299416961165,32.129246046764706,33.96962773124641,34.40597826073095
1512,35.694268829,35.567602568,34.4909521570087,31.957874046588238,33.941401766091374,34.53062527783577
1513,35.4483006245,35.73256328,34.41556751957983,31.964285334764707,33.88056173911525,34.49087426387889
1514,35.5896955205,35.6279899715,34.44709518941025,31.78217009494118,33.88315322909502,34.432594256341275
1515,35.5926412475,35.706051737,34.444667231680675,32.253659693,33.925476868868984,34.3477155391942
1516,35.600005565000004,35.5896955205,34.41779538033614,31.960299939411765,33.81728429616486,34.410968065115206
1517,35.605897019000004,35.685431648000005,34.41013601629703,32.14865318935294,33.9051914907799,34.30201113145455
1518,35.661865832000004,35.694268829,34.41836071940594,31.864477172882353,33.903875207024505,34.371623985831434
1519,35.6839587845,35.714888918,34.4254460192,31.56955791676471,33.978596259275534,34.4285490320827
1520,35.641245743,35.708997464,34.41273896155294,31.358678519176472,33.94935632459906,34.48171457284211
1521,35.670703013,35.676594467,34.419774050741175,31.207926608,33.940981203879005,34.48509424039908
1522,35.6839587845,35.6427186065,34.39268631443851,31.43803987011765,33.92182418669065,34.51237666268351
1523,35.7075246005,35.635354289,34.4138267627,31.626219842,33.95193777977435,34.52858817775657
1524,35.679540194,35.738454734,34.413303077900004,32.06253399411765,33.98413627914591,34.45812210964063
1525,35.679540194,35.753183369,34.409342711600004,32.42780414211765,34.01185825602535,34.433035937082984
1526,35.6721758765,35.7693848675,34.4292645542,31.703155300117647,33.90792071305326,34.550424795877866
1527,35.541091025,35.7664391405,34.402546498592855,32.512537112882356,34.01220365168224,34.47285585875
1528,35.4453548975,35.717834645,34.37881089719451,31.614263655941176,33.942324841272296,34.36568747602978
1529,35.6103156095,35.694268829,34.39268724297082,31.466457471764706,33.95423959160622,34.34844258836272
1530,35.4924865295,35.5484553425,34.37395450342857,31.47979988229412,33.8974012744868,34.30477567060426
1531,35.6147342,35.611788473000004,34.36915565797802,31.750980044352943,33.857536803633295,34.20493487281739
1532,35.600005565000004,35.605897019000004,34.35421578389053,31.438213148176473,33.85057678224956,34.287863318547295
1533,35.5896955205,35.630935698500004,34.39192299852748,31.417073225000003,33.867344848537684,34.298202221576354
1534,35.5602382505,35.658920105,34.39037889929057,31.563839740823532,33.87043583296254,34.311286640895524
1535,35.505742301,35.688377375,34.396680717146225,31.959433549117648,33.838719159095426,34.227722836827375
1536,35.5602382505,35.708997464,34.37860612708655,32.25504591747059,33.83903924693419,34.14785964851064
1537,35.588222657,35.4453548975,34.41989980997759,31.912821751294118,33.823292185238884,34.40757106387609
1538,35.6574472415,35.6692301495,34.41534693930693,32.288142026705884,33.883121619240654,34.514818617962206
1539,35.5425638885,35.708997464,34.4283766399077,32.40371849194118,34.02940674813833,34.452380061845425
1540,35.573494022,35.750237642,34.39601995004673,31.638176028058826,33.963677281476514,34.320573359854016
1541,35.564656841,35.711943191,34.397658397251845,32.50716549305882,34.011464358651686,34.32735985616
1542,35.6250442445,35.64419147,34.38929018758242,32.02926460682353,33.97062020232279,34.35375989041379
1543,35.617679927,35.720780372,34.401186392774726,32.245515624235296,33.94051880833244,34.283265596
1544,35.6103156095,35.714888918,34.38766860872021,32.31811913088235,33.860425871283454,34.346984414833045
1545,35.6073698825,35.6692301495,34.42671964097087,31.960299939411765,33.87505827509783,34.38886419263419
1546,35.6427186065,35.4924865295,34.4498887479901,32.419313517235295,33.88998399392321,34.49340389223881
1547,35.682485921,35.7310904165,34.44780644193439,31.820637824000002,33.939431020745765,34.417174012112675
1548,35.6692301495,35.6692301495,34.43123004652228,32.49122391164706,33.99551738570136,34.517421738432304
1549,35.658920105,35.7517105055,34.44961939496797,32.299058544411764,33.98451334804239,34.53228499792755
1550,35.7016331465,35.667757286000004,34.48364434322353,32.23338616011765,33.95567591843091,34.511766256415825
1551,35.694268829,35.5838040665,34.47074645467533,32.15801020452941,33.96702754903226,34.51468298273349
1552,35.691323102,35.5838040665,34.45450882532468,32.174125064,33.9527985390973,34.45073785755102
1553,35.691323102,35.597059838,34.452846719446065,32.17724406905882,33.974624902926834,34.528543395734374
1554,35.6279899715,35.7310904165,34.47251352653061,32.719084559,34.03924749568715,34.48236606594181
1555,35.611788473000004,35.6103156095,34.46721572669643,32.51080433229412,33.99597887885447,34.52999830736071
1556,35.517525209,35.7193075085,34.4472321251375,32.599869254529416,33.96313968271012,34.422395857947976
1557,35.6397728795,35.73256328,34.4623657976,32.557069574,33.92872108603838,34.46898144465616
1558,35.6397728795,35.773803458,34.46943294990099,32.78319744076471,33.947506215879685,34.32536753379747
1559,35.635354289,35.7841135025,34.435560021660905,32.836220526764706,33.95498218495423,34.345099244984944
1560,35.491013666,35.704578873500004,34.42046064360396,32.9200871072353,34.008558511492204,34.30730577781452
1561,35.641245743,35.6898502385,34.41407875423301,32.704355924,33.97464248680413,34.348734752941176
1562,35.635354289,35.6250442445,34.42253511309147,32.51080433229412,33.989114431039184,34.40164592315789
1563,35.6073698825,35.600005565000004,34.40588301447989,32.45552863152941,33.94941414982989,34.45266688153731
1564,35.6662844225,35.401168992500004,34.4484267568787,32.355027357411764,33.94372561271127,34.453991485454544
1565,35.6515557875,35.493959393000004,34.44865791635165,32.177763903235295,33.95446569438308,34.5074784919471
1566,35.626517108,35.5219437995,34.431458323538465,31.807122135411767,33.97240180726278,34.52426522362958
1567,35.502796574,35.692795965500004,34.436839390186705,32.27185388917647,34.06824533471584,34.47065025488722
1568,35.4483006245,35.6869045115,34.41383322118729,32.56989215035294,34.08470609683168,34.486729042727276
1569,35.582331203,35.754656232500004,34.43948826204327,32.124047705,34.09289478674783,34.39227042619842
1570,35.535199571,35.748764778500004,34.41942521757212,32.21796441288235,34.03751067960091,34.35283895056218
1571,35.600005565000004,35.741400461,34.407394196077924,32.11139840670588,34.02497842363958,34.39733855248908
1572,35.582331203,35.708997464,34.385945222857146,31.99391588282353,34.048064032203584,34.358908461631266
1573,35.523416663,35.76202055,34.414018177227234,32.062187438,34.00275485767442,34.396452607542145
1574,35.3687659955,35.4836493485,34.3855136145055,31.698130236411767,33.94628152533735,34.52750236199656
1575,35.449773488000005,35.7075246005,34.3881407957764,32.11330446535294,33.990622261052636,34.459908935931914
1576,35.458610669,35.635354289,34.39960656546584,32.09216454217647,33.932979492855495,34.500126739190556
1577,35.463029259500004,35.670703013,34.40670558457143,31.835019902882355,33.986085375609754,34.47982774663265
1578,35.523416663,35.760547686500004,34.394258366169815,32.40042620882353,33.99019072328814,34.40138767904085
1579,35.558765387,35.700160283,34.40023968040816,32.04711224688236,33.95308860664384,34.428664191373244
1580,35.449773488000005,35.6780673305,34.391529412816325,31.66746002,33.90572935103691,34.414337858923076
1581,35.479230758,35.7693848675,34.424897969133795,32.09060503964706,33.96240847681075,34.424331123065826
1582,35.5661297045,35.764966277,34.42894518581818,32.0798618,33.99694575783499,34.45223229233304
1583,35.5455096155,35.753183369,34.42373584698971,32.2248955352353,33.97731393429402,34.468537121015494
1584,35.558765387,35.750237642,34.389074383406594,32.47302971547059,33.986814056490815,34.39783187421875
1585,35.5779126125,35.7399275975,34.406662423736265,32.250194131823534,33.99295537654378,34.46793827791631
1586,35.5779126125,35.73256328,34.375524964081634,32.58929929294118,34.00015644793902,34.34211881991327
1587,35.586749793500005,35.741400461,34.39113266663073,32.54407371958823,34.01036622450624,34.40345937674419
1588,35.524889526500004,35.7251989625,34.40412966745455,32.59848303005882,33.97448702381972,34.31115115260067
1589,35.660392968500005,35.700160283,34.49651554174749,32.39557442317647,33.97181592318792,34.36624836078842
1590,35.6721758765,35.6957416925,34.482895248846155,32.27514617229412,33.93668909269896,34.43549925673077
1591,35.6545015145,35.658920105,34.44131889822469,32.07812901941177,33.956529667476744,34.45219905220673
1592,35.670703013,35.6721758765,34.43867934458959,32.358319640529416,33.94832870678717,34.371093215469884
1593,35.623571381000005,35.698687419500004,34.44593878373627,32.64960005741177,33.95681818085897,34.38291911486357
1594,35.517525209,35.7134160545,34.42718267711512,32.22177653017647,33.92942974925444,34.43254863124686
1595,35.532253844,35.711943191,34.4116068782353,32.02614560176471,33.93459446980251,34.43328235547434
1596,35.546982479,35.697214556,34.39339046692308,32.19006664541177,33.94098065693913,34.42223834862442
1597,35.579385476,35.574966885500004,34.425404945882356,31.991143433882353,33.87860062102088,34.51506831919118
1598,35.4807036215,35.3157429095,34.37904294012564,32.05941498905882,33.83438323630542,34.536238370214114
1599,35.564656841,35.6810130575,34.40760926455769,32.15922315094118,33.828633815288285,34.488665248256
1600,35.576439749,35.7075246005,34.38824059454546,32.21796441288235,33.771462740332105,34.35783218951601
1601,35.5425638885,35.648610060500005,34.4124251357353,32.08471358564706,33.74667135674419,34.31596697966489
1602,35.511633755,35.6044241555,34.38779427227273,32.25036740988235,33.78405552225016,34.33518105045381
1603,35.470393577,35.6044241555,34.4312716948301,31.58290032729412,33.732010024910416,34.35069103522621
1604,35.46744785,35.576439749,34.44696041551471,31.939853128470588,33.80247335317602,34.36495792312102
1605,35.4954322565,35.5602382505,34.439259168455884,31.837965629882355,33.76286899061776,34.265285680470015
1606,35.574966885500004,35.4394634435,34.4161617359466,31.89116199394118,33.732748090769235,34.2534702917541
1607,35.5337267075,35.4394634435,34.41380229441748,31.92512449347059,33.70865345114796,34.27823523808423
1608,35.461556396,35.412951900500005,34.409255975600516,32.07137117511765,33.73116802272101,34.35286330592
1609,35.491013666,35.414424764,34.3802264121978,31.997208165941178,33.73504990841907,34.39175821923729
1610,35.5013237105,35.5484553425,34.39075108802484,31.89514738929412,33.70164212619926,34.42549558141746
1611,35.5808583395,35.4424091705,34.365258274899865,31.595029791411765,33.72425711371189,34.510195676
1612,35.463029259500004,35.4865950755,34.34207811948052,31.976588076941177,33.80339288353553,34.443724972359554
1613,35.452719215,35.6662844225,34.389059277114285,31.897746560176472,33.797188270373624,34.409971195066774
1614,35.401168992500004,35.7075246005,34.40136880162471,32.211726402764704,33.78277854919295,34.26733685
1615,35.426207672000004,35.697214556,34.43588166716248,32.46263303194118,33.78715989738318,34.187089405625
1616,35.057991797,35.692795965500004,34.39316667,32.21484540782353,33.719524528387474,34.38559140438283
1617,35.411479037,35.6147342,34.41246073583962,32.110878572529415,33.76114557335617,34.32379836751604
1618,35.5278352535,35.5543467965,34.417592006057696,31.623967227235294,33.754479809622644,34.285207206042
1619,35.520470936,35.3363629985,34.38476693205715,31.689293055411767,33.70650630115183,34.264849487185245
1620,35.3923318115,35.5602382505,34.33163753410526,32.321757970117645,33.80728184554795,34.27540009578125
1621,35.5278352535,35.6191527905,34.374830904429906,32.068078892,33.73906497249862,34.2738454874934
1622,35.597059838,35.4895408025,34.3581637033565,31.670232468941176,33.718663633187774,34.082194744297254
1623,35.538145298,35.4600835325,34.372721211216984,31.794126281,33.71765976944321,34.10905753848101
1624,35.561711114000005,35.337835862,34.36609301013037,31.487597394941176,33.686994123790996,34.2382592131684
1625,35.4041147195,35.5278352535,34.36528530333334,31.93257545,33.75659456662208,34.139925650026065
1626,35.473339304,35.3717117225,34.38790374754717,31.978494135588235,33.753514348316834,34.12154466781086
1627,35.426207672000004,35.6574472415,34.377712394392525,32.244822512,33.7931673992881,34.10026780188433
1628,35.4424091705,35.520470936,34.34548876610433,32.05369681311765,33.777797782032145,34.20665027492377
1629,35.4365177165,35.626517108,34.35898447745529,32.199250382529414,33.845159839698496,34.18440827400722
1630,35.5337267075,35.574966885500004,34.35632553181955,32.11122512864706,33.77581160388677,34.110159443641166
1631,35.5985327015,35.4276805355,34.42726668037383,32.12976588094118,33.79169362324149,34.157938301818184
1632,35.641245743,35.513106618500004,34.384465983324674,31.726028003882355,33.77029429472737,34.20599635410319
1633,35.5779126125,35.461556396,34.386020211415094,32.240490560529416,33.81829438405544,33.84446102375602
1634,35.4335719895,35.4600835325,34.39830179332547,32.49191702388235,33.78459132946447,33.77065431693998
1635,35.511633755,35.393804675,34.42519041114286,32.093897322764704,33.77968426621182,34.17933828026316
1636,35.5337267075,35.4865950755,34.377219145712616,32.15627742394118,33.76929417322982,34.06125337001656
1637,35.493959393000004,35.3599288145,34.397135868285716,32.372701719411765,33.813328978766336,34.24479728252951
1638,35.4954322565,35.5602382505,34.3891663,32.503873209941176,33.764202568966226,34.049075272662115
1639,35.078611886000004,35.4983779835,34.37941250244958,32.45899419270589,33.78957581446809,34.06430962840397
1640,35.5337267075,35.296595684,34.435642619844664,32.20306249982353,33.73004904129103,34.356654018790934
1641,35.424734808500006,35.449773488000005,34.43534819380769,32.401292599117646,33.796981436592844,34.415182352964365
1642,35.289231366500005,35.6692301495,34.4496991715,32.8876841102353,33.91729354283508,34.42771355318219
1643,35.508688028,35.5425638885,34.477858918892856,32.250194131823534,33.79629145194631,34.412744066628896
1644,35.4276805355,35.650082924,34.45950747129121,32.85528111323529,33.87132297432492,34.39852719410117
1645,35.567602568,35.641245743,34.44123964780769,32.63487142241176,33.80590825970199,34.373956911680736
1646,35.5690754315,35.523416663,34.407421888431955,32.37495433417647,33.72618658633314,34.38187711114327
1647,35.5720211585,35.620625654,34.433678801844664,32.769161918,33.86414960706674,34.34828786951542
1648,35.382021767,35.648610060500005,34.43357556481971,32.71561899782353,33.871754384627906,34.32292185681645
1649,35.5396181615,35.661865832000004,34.438290555544555,32.484292789294116,33.8778079525742,34.418842566287054
1650,35.3864403575,35.700160283,34.429858833764705,32.893402286176475,33.96684972736842,34.33425494478328
1651,35.5779126125,35.7016331465,34.469299585769235,32.26440293264706,33.819116981744735,34.41036378778318
1652,35.594114111,35.6869045115,34.475742918231134,32.08488686370588,33.69815723690251,34.36960856091391
1653,35.594114111,35.7163617815,34.40592015641659,32.43057659105882,33.88609374432556,34.35533473466378
1654,35.635354289,35.605897019000004,34.41802498273292,31.976761355,33.692963183589164,34.38990251
1655,35.6044241555,35.700160283,34.42477165150944,32.26336326429412,33.776918150598384,34.23433215110664
1656,35.6103156095,35.626517108,34.4087113372465,32.238931058,33.76740381417693,34.303702340995855
1657,35.6515557875,35.692795965500004,34.49278400378641,32.139816008352945,33.779035641964995,34.35820853935257
1658,35.387913221000005,35.648610060500005,34.363464552871285,32.510111220058825,33.89102227421644,34.36462626957684
1659,35.5572925235,35.6692301495,34.3846423803096,32.47597544247059,33.90198914827711,34.352400916045454
1660,35.5572925235,35.602951292,34.38078318697143,32.35624030382353,33.88925229363637,34.44349079938731
1661,35.573494022,35.55581966,34.39115994689943,32.48065395005882,33.9340661190831,34.50421760746565
1662,35.567602568,35.723726099000004,34.38896521188235,32.48966440911765,33.89528731334489,34.45509587984556
1663,35.5896955205,35.6810130575,34.41587790964696,32.18105618635294,33.89490469529813,34.46708759296703
1664,35.485122212,35.720780372,34.37689482491606,32.40545127252941,33.917195457698504,34.40817157822323
1665,35.570548295,35.7163617815,34.41134214786765,32.45639502182353,33.932680417719496,34.41167764007657
1666,35.520470936,35.698687419500004,34.36487431085562,32.10983890417647,33.903589514200355,34.3874997133694
1667,35.591168384,35.3746574495,34.361592529438504,31.52953068517647,33.849801353562285,34.49279252458365
1668,35.5366724345,35.708997464,34.323042537058825,32.30391033005883,33.87954269858645,34.35131213334988
1669,35.5337267075,35.5985327015,34.351135799778085,32.15870331676471,33.86676918867347,34.45657814083197
1670,35.552873933,35.638300016,34.34484395570042,31.90207851164706,33.81550339702451,34.405395148150575
1671,35.246518325000004,35.6574472415,34.329836137142856,32.42815069823529,33.90326513833997,34.37190872296053
1672,35.541091025,35.670703013,34.371708197837116,31.678376537705883,33.77904817734603,34.18535851118881
1673,35.653028651,35.4600835325,34.36783345622105,31.19804975864706,33.7263079800685,34.40676531088456
1674,35.635354289,35.4924865295,34.394903574626746,31.18245473335294,33.749307149371816,34.284352281875
1675,35.574966885500004,35.5896955205,34.371999886425236,31.698130236411767,33.75162535799569,34.21666655078261
1676,35.6191527905,35.287758503,34.374124600023585,31.432494972235297,33.73387435993304,34.3599389296656
1677,35.576439749,35.1360535625,34.359864164044296,30.951301802882355,33.62792991119653,34.498446390865766
1678,35.658920105,35.6279899715,34.45124903309186,31.517054664941178,33.79785535565746,34.43920048438424
1679,35.608842746,35.1890766485,34.3793295196384,31.592084064411765,33.790270797650756,34.5323633291015
1680,35.623571381000005,35.6692301495,34.46041353147059,31.39298757482353,33.79839577001789,34.418862271258476
1681,35.6147342,35.658920105,34.432887140303926,31.045045232705885,33.80155259247059,34.48044613982444
1682,35.6147342,35.7281446895,34.44995406603581,31.240329605,33.79458499052632,34.51233030371041
1683,35.64419147,35.570548295,34.43235001976982,31.267880816352942,33.82366973042403,34.47647507461539
1684,35.6073698825,35.676594467,34.43758737165049,31.46992303294118,33.830204873099824,34.46973534420118
1685,35.6633386955,35.6839587845,34.42271574019418,31.43665364564706,33.87805687030233,34.45658436472892
1686,35.6574472415,35.661865832000004,34.43616984156184,31.74491531229412,33.8602227712604,34.43883413495652
1687,35.602951292,35.7458190515,34.42982581399475,31.473388594117647,33.80251075337551,34.412575027161196
1688,35.594114111,35.7428733245,34.43131927698427,31.70783380770588,33.8633345172722,34.40214532586588
1689,35.6250442445,35.7222532355,34.418624841573425,31.869848792705884,33.88398708962275,34.410306767709095
1690,35.64419147,35.7251989625,34.44094953833042,31.795859061588235,33.894697737841305,34.367874977805414
1691,35.638300016,35.7075246005,34.43783487532086,32.20860739770588,33.88865923527398,34.39248309772429
1692,35.630935698500004,35.7281446895,34.440769292797206,32.168753444176474,33.92449869383821,34.340355088865095
1693,35.6338814255,35.7576019595,34.43450116241758,31.956834378235296,33.89360264135731,34.38759270737537
1694,35.64419147,35.788532093,34.46775462405594,32.04728552494118,33.9239578833735,34.37127438396436
1695,35.623571381000005,35.697214556,34.40879348997253,31.981959696764708,33.87095873010357,34.40400872851613
1696,35.582331203,35.5514010695,34.41886783555164,31.792393500411766,33.85076554149715,34.440016556216605
1697,35.55581966,35.4865950755,34.4320633157353,32.356760138,33.869455665307555,34.43864170373134
1698,35.2303168265,35.3275258175,34.33810810161765,31.889429213352944,33.7511249680367,34.50405463591219
1699,35.650082924,35.517525209,34.42883497899268,31.81405325776471,33.841583185714285,34.50527900867953
1700,35.6220985175,35.5631839775,34.4507588554703,31.803656574235294,33.78918859037433,34.421436866226415
1701,35.623571381000005,35.514579482,34.387695159688825,31.898959506588238,33.833858888135794,34.4480764879282
1702,35.552873933,35.682485921,34.43874616418972,32.117809694882354,33.90748866722022,34.44712137021277
1703,35.518998072500004,35.6692301495,34.39590458557143,32.1807096302353,33.90372465326686,34.41877807397239
1704,35.5072151645,35.7193075085,34.39865775639091,32.465752037,33.89691916984456,34.37111288863275
1705,35.658920105,35.576439749,34.420657685933016,32.21467212976471,33.95102230983426,34.49188189301059
1706,35.58527693,35.8076793185,34.43703849636364,32.625167851117645,33.97482451755752,34.441352945
1707,35.570548295,35.70310601,34.449162865671326,32.48793162852941,34.031569589,34.45170249158621
1708,35.558765387,35.697214556,34.44507229727273,32.49174374582353,33.926356621592504,34.40368883736101
1709,35.586749793500005,35.773803458,34.459448125142856,32.60818660135294,33.968079673496504,34.43559667060514
1710,35.6633386955,35.7340361435,34.47496228734286,32.422779078411764,33.96916375255759,34.44551064543645
1711,35.660392968500005,35.7576019595,34.47812848337662,32.60506759629412,33.99025290608085,34.550757186450156
1712,35.6751216035,35.704578873500004,34.47637153220779,31.982652809,33.92121023079552,34.44981246869231
1713,35.688377375,35.760547686500004,34.49213991890756,32.30754916929412,33.979544233293055,34.474653295609
1714,35.7075246005,35.6456643335,34.49248747518717,32.19439859688235,33.95214183444898,34.4823967412
1715,35.700160283,35.647137197,34.50235978809124,32.48827818464706,33.971782555412105,34.47554966552756
1716,35.6780673305,35.741400461,34.493320645816326,32.61685050429412,34.011308134232394,34.45705876070626
1717,35.70310601,35.546982479,34.495971633125,32.353121298764705,33.995395747856286,34.45903950462733
1718,35.7163617815,35.523416663,34.52198850227273,31.989237375235295,33.96420487768814,34.48104144648012
1719,35.691323102,35.635354289,34.4523135042125,31.973815628,33.9273426665371,34.437075918067485
1720,35.7016331465,35.623571381000005,34.46430791208556,32.32123813594118,33.92607295074449,34.40249417848276
1721,35.6898502385,35.524889526500004,34.52618453887755,32.27861173347059,33.96939882912387,34.51797250828637
1722,35.7075246005,35.518998072500004,34.5015439667,31.93257545,33.95004095385922,34.46243510882353
1723,35.6839587845,35.5219437995,34.49855080720167,32.3250502532353,34.01158560123675,34.4109865
1724,35.673648740000004,35.6780673305,34.48758122072,32.41550139994118,33.94105897307283,34.38771674211268
1725,35.658920105,35.5484553425,34.458830925200004,31.866903065705884,33.93616548521635,34.467641326863635
1726,35.679540194,35.513106618500004,34.481400225289256,32.24915446347059,33.94936270070322,34.48559908981595
1727,35.682485921,35.474812167500005,34.47379521836,32.67229948311765,34.02908433529837,34.41450566730679
1728,35.664811559,35.698687419500004,34.470168968306126,32.51478972764706,33.96405395540984,34.470696039534886
1729,35.6662844225,35.5955869745,34.47331149897895,32.558282520411765,33.952967899361326,34.46513824654118
1730,35.6780673305,35.470393577,34.462300337,32.45188979229412,33.89979645592058,34.51792788620853
1731,35.6662844225,35.591168384,34.47824326613,32.60021581064706,33.884905229812425,34.46662244078101
1732,35.6633386955,35.64419147,34.4655747838961,32.34982901564706,33.89388963974148,34.47034246390098
1733,35.673648740000004,35.518998072500004,34.4975321039424,32.40042620882353,33.91938449,34.49090561980153
1734,35.7016331465,35.4807036215,34.485128233509094,31.98646492629412,33.8694801088862,34.51508095015119
1735,35.673648740000004,35.4718664405,34.4897784312613,32.13877634,33.93311672921698,34.49982518364865
1736,35.650082924,35.52636239,34.47098874390909,32.00933763005882,33.90267122885246,34.479967469916225
1737,35.6456643335,35.4836493485,34.47129154294118,31.846282976705883,33.88863464207399,34.48424113986249
1738,35.630935698500004,35.579385476,34.498866033063635,32.38413807129412,33.90446929576087,34.54256219392912
1739,35.6427186065,35.535199571,34.501270605355536,32.06946511647059,33.889461975241005,34.54065220620636
1740,35.6191527905,35.748764778500004,34.48146944104278,32.24326300947059,33.87337608767568,34.4658098925886
1741,35.538145298,35.5219437995,34.45891178829412,32.06097449158823,33.86372398698885,34.5456404857486
1742,35.608842746,35.567602568,34.48548634149733,32.08627308817647,33.874345456703296,34.516538147990765
1743,35.64419147,35.55581966,34.49904951603581,32.00812468364706,33.868928104915994,34.51671774350669
1744,35.660392968500005,35.401168992500004,34.47263527538254,31.981266584529415,33.93272584585279,34.51352906661243
1745,35.676594467,35.49690512,34.47859407543636,31.963765500588238,33.86964237240224,34.517216217739
1746,35.630935698500004,35.449773488000005,34.48060847241867,32.01782825494118,33.869756936763636,34.51058203366973
1747,35.670703013,35.670703013,34.483491018395725,32.17637767876471,33.8824050962123,34.444708230442615
1748,35.667757286000004,35.586749793500005,34.47788634845828,31.856159826058825,33.91165573119565,34.428140008456374
1749,35.667757286000004,35.482176485000004,34.48787632600947,32.108452679705884,33.87580503548387,34.51659199918736
1750,35.6515557875,35.3599288145,34.49163561224545,32.10775956747059,33.904561758991285,34.5584169975643
1751,35.650082924,35.457137805500004,34.50442565615652,32.05144419835294,33.89845394827077,34.5654609979822
1752,35.6545015145,35.520470936,34.502760680026086,31.97520185247059,33.88386816759777,34.53681953594695
1753,35.670703013,35.524889526500004,34.48480688147273,32.21380573947059,33.899982579474326,34.51062873334356
1754,35.660392968500005,35.3127971825,34.50009671821739,32.13097882735294,33.86127341460259,34.57740787013699
1755,35.6662844225,35.5455096155,34.53492984488713,32.26648226935294,33.882476163208686,34.586590547086494
1756,35.676594467,35.458610669,34.50797547065,32.05872187682353,33.892188667062385,34.56228200960725
1757,35.629462835,35.5219437995,34.477063145850586,32.03619572917647,33.92026003091892,34.553623028377956
1758,35.648610060500005,35.5219437995,34.4688639759335,32.11728986070588,33.89135771106487,34.57278202896552
1759,35.6073698825,35.541091025,34.49302469089109,32.28831530476471,33.90913302821298,34.503590338641686
1760,35.5985327015,35.52636239,34.47052912611279,32.27982467988235,33.88033285989124,34.55656609949619
1761,35.638300016,35.641245743,34.45959964967915,32.31534668194118,33.88678781847826,34.491409122604004
1762,35.670703013,35.535199571,34.464996610562665,32.38569757382353,33.918490825513516,34.464305990721805
1763,35.6456643335,35.5307809805,34.464758350123766,32.320198467588234,33.89090121402313,34.49680128062361
1764,35.582331203,35.355510224,34.46063919325941,32.13808322776471,33.89841659784894,34.49277585643536
1765,35.524889526500004,35.128689245000004,34.42174585118616,32.022333484470586,33.86963089266917,34.49592358920236
1766,35.5455096155,35.4158976275,34.434103457987646,32.06253399411765,33.890042068364316,34.452352999682304
1767,35.5808583395,35.4924865295,34.43201518294118,32.01696186464706,33.929439173416775,34.48383707519939
1768,35.586749793500005,35.667757286000004,34.43667443741177,32.297499041882354,33.92733685254054,34.428151724
1769,35.6132613365,35.698687419500004,34.463826584144385,32.23425255041177,33.969287412567326,34.375966732045455
1770,35.617679927,35.6338814255,34.432776865685994,32.036888841411766,33.98537784869826,34.3730338988
1771,35.576439749,35.4541920785,34.45403359837143,32.01626875241177,33.939505585992414,34.4425152495295
1772,35.573494022,35.632408562,34.446164299100005,31.998940946529412,33.90408354104673,34.44556536427493
1773,35.491013666,35.5926412475,34.40917355103961,32.13773667164706,33.92913619498099,34.46876123513714
1774,35.4777578945,35.6250442445,34.39994739285263,32.27185388917647,33.908321826,34.44258593575343
1775,35.4453548975,35.726671826,34.3993272398,32.47562888635294,33.934263604302544,34.44572445767123
1776,35.517525209,35.714888918,34.38866370806,32.217617856764704,34.000381598708486,34.4970261609538
1777,35.558765387,35.7399275975,34.44358455636364,32.382925124882355,33.991654998258184,34.441999711407185
1778,35.567602568,35.635354289,34.456961028930436,32.396267535411766,33.983707548330344,34.467817485624536
1779,35.5661297045,35.714888918,34.44876189472728,32.36507748482353,34.02820839250923,34.502029978948926
1780,35.574966885500004,35.653028651,34.446991908114285,32.40510471641176,33.952548610693434,34.45310829573117
1781,35.611788473000004,35.6545015145,34.46104857242124,32.365250762882354,33.94256183160333,34.42585007077377
1782,35.579385476,35.7369818705,34.43549898964639,32.23771811158824,33.96346751549296,34.418746972629215
1783,35.602951292,35.7664391405,34.45499828577086,32.20011677282353,33.973683133526976,34.42316004678652
1784,35.623571381000005,35.729617553000004,34.470426377845456,32.66224935570588,33.99002548678572,34.37930072586467
1785,35.623571381000005,35.708997464,34.48234551116522,32.38673724217647,33.908698968417355,34.42224440986993
1786,35.655974378,35.7576019595,34.47361311887273,32.22957404282353,33.90435171126341,34.34077761498898
1787,35.647137197,35.7811677755,34.45733658520252,32.33163481947059,33.88323194414294,34.306865965982404
1788,35.641245743,35.817989363,34.46205611180918,32.43317576194118,33.8806385918171,34.29053920929619
1789,35.6220985175,35.7811677755,34.459678412433156,32.244822512,33.85049216180723,34.32488091723589
1790,35.412951900500005,35.46744785,34.408055535841584,32.071024619,33.812138151220715,34.45410899495536
1791,35.5808583395,35.691323102,34.42150856411,32.049364861647064,33.961400557891565,34.328858447644905
1792,35.6103156095,35.505742301,34.42777325842484,31.701942353705885,33.91944410741327,34.387501716510066
1793,35.636827152500004,35.7634934135,34.445166569963995,32.23199993564706,33.94090054018692,34.31538858092776
1794,35.5101608915,35.785586366000004,34.40539087168067,32.34930918147059,33.97390311648352,34.23884072755118
1795,35.588222657,35.738454734,34.4176315790594,32.18313552305882,33.9881629963273,34.33060732442794
1796,35.5425638885,35.8076793185,34.39370147882353,32.66658130717647,34.05130843268293,34.18952282603199
1797,35.579385476,35.6574472415,34.404444718470586,32.22108341794118,33.99110401481121,34.33655851958779
1798,35.458610669,35.747291915000005,34.40380936558824,32.45708813405882,33.97441058327273,34.33015900435459
1799,35.517525209,35.7340361435,34.40745870652407,32.380325954,34.00006899583231,34.40300665408385
1800,35.535199571,35.573494022,34.39139110470588,32.072757399588234,33.950997760604196,34.4130768337894
1801,35.5425638885,35.4070604465,34.38707435306502,32.05542959370588,33.96462689591267,34.45843197634646
1802,35.5631839775,35.3540373605,34.38486429782353,32.03117066547059,33.990863999243444,34.44630016877974
1803,35.5278352535,35.513106618500004,34.40389600461765,32.108106123588236,33.97735184705,34.484504051288056
1804,35.452719215,35.502796574,34.39779350066574,32.11988903158824,33.9646600745,34.468180932606636
1805,35.443882034,35.538145298,34.40970907092437,32.16615427329412,34.01155429902174,34.51027126007837
1806,35.4541920785,35.384967494,34.38452887700416,31.856852938294118,33.95312730866258,34.50361612532498
1807,35.5572925235,35.5543467965,34.36965105522507,31.982652809,33.952785155415896,34.50080959650078
1808,35.4217890815,35.5690754315,34.35332140049505,32.14362812564706,34.00017704133581,34.506629371286174
1809,35.457137805500004,35.5985327015,34.363807133097595,32.23927761411765,34.007358817211305,34.50310348346754
1810,35.4865950755,35.641245743,34.32870316521978,32.38673724217647,33.96707906777109,34.42044192
1811,35.4453548975,35.5661297045,34.34889100486563,32.05179075447059,33.96234082919726,34.47269106611977
1812,35.5484553425,35.544036752000004,34.37552690961165,31.858065884705884,33.90724033259813,34.44660436924696
1813,35.538145298,35.6220985175,34.391181912959055,31.80816180376471,33.90430734343283,34.388449604
1814,35.544036752000004,35.6132613365,34.365484875861206,32.15870331676471,33.86687641682288,34.34897263590588
1815,35.5631839775,35.588222657,34.404035682283656,32.180016518,33.96084428542553,34.29663679567398
1816,35.6073698825,35.567602568,34.41251532631068,32.31777257476471,33.97328869846333,34.32280622849188
1817,35.660392968500005,35.676594467,34.471304074556215,32.423992024823534,33.957493746335615,34.28558025851508
1818,35.679540194,35.6250442445,34.44895141003077,31.942625577411768,33.95258783668919,34.321983398284424
1819,35.694268829,35.6191527905,34.484619821871924,32.08020835611765,33.88816872511758,34.366630107800894
1820,35.6810130575,35.6191527905,34.48522037490611,31.509603708411767,33.94699170663982,34.40273942974829
1821,35.676594467,35.3098514555,34.47899490163226,31.62708623229412,33.87077817402786,34.564748236129034
1822,35.591168384,35.402641856,34.44553178160971,31.87885925176471,33.92131022963554,34.46148084491199
1823,35.5690754315,35.5955869745,34.46166277502206,31.723255554941176,33.9401538611,34.476091567194494
1824,35.523416663,35.6515557875,34.452896718482684,32.927018229588235,33.90249130831733,34.231377466112086
1825,35.5013237105,35.6220985175,34.474185011478994,33.261098327,33.987450995670955,34.45171139346479
1826,35.579385476,35.5307809805,34.491554990857146,33.179484361294115,33.84371035060896,34.4577863969616
1827,35.1831851945,35.586749793500005,34.39604914870009,32.60628054270588,33.9210656836002,34.30760531252544
1828,35.1949681025,35.283339912500004,34.355822306875,32.254872639411765,33.99374442784114,34.341989869896196
1829,35.1419450165,35.1802394675,34.35525926133995,32.19682448970588,33.90402944192688,34.38821568353489
1830,34.954891352000004,34.863573815,34.30609001554157,31.71545804229412,33.86165952046859,34.248262862773245
1831,35.333417271500004,34.9946586665,34.290068353503344,32.877287426705884,33.88664201121063,34.302898403036934
1832,35.390858948,35.049154616,34.29270374471572,33.30996273958824,33.89902496612,34.4274425675
1833,35.412951900500005,35.278921322,34.29026092243369,32.66727441941177,34.03747970700974,34.44310683762759
1834,35.252409779000004,35.40853331,34.28463097881188,32.46887104205882,34.144241557732585,34.17232944811254
1835,35.2126424645,35.412951900500005,34.29457131457944,31.857719328588235,33.974018415023515,34.2537700698052
1836,35.1507821975,35.4777578945,34.31657041934267,31.834673346764706,33.88012626040493,34.12876444164147
1837,34.867992405500004,35.502796574,34.36158499108911,32.1188493632353,33.88701339067928,34.137537720782916
1838,34.857682361,34.610241293,34.32801557638298,31.49695441011765,33.94072891729802,34.073846541820814
1839,34.168382243,33.113811977,34.173023559200004,30.926523040470588,33.75836838777277,31.31665885325228
1840,,,,,,
1841,,,,,,
1842,,,,,,
1843,,,,,,
1844,,,,,,
1845,,,,,,
1846,,,,,,
1847,,,,,,
1848,,,,,,
1849,,,,,,
1850,,,,,,
1851,,,,,,
1852,,,,,,
1853,,,,,,
1854,,,,,,
1855,,,,,,
1856,35.384967494,34.1138862935,34.013240621,31.809548028235294,33.9804771303923,31.703940215298015
1857,35.594114111,34.7531090525,34.1644327868,31.257137576705883,33.82467513359785,33.136017950694274
1858,35.535199571,34.64264429,34.26432877957143,31.848882147588235,33.88313941332156,34.38539402528967
1859,35.564656841,34.816442183,34.29902766446027,31.676123922941176,33.76283431407364,34.351566520338984
