frame,left_eye_temp,right_eye_temp,forehead_temp,nose_temp,left_cheek_temp,right_cheek_temp
0,36.5441110685,36.144965060000004,34.904170105986296,35.01068688694118,34.599766333281856,34.330923612206185
1,36.5441110685,36.4763593475,34.894445033960004,34.94050927311765,34.59166958832536,34.32807443251613
2,36.541165341500005,36.421863398,34.89645288909091,34.96632770388236,34.58706453528302,34.33720144247887
3,36.536746751,36.421863398,34.898372669960004,34.94050927311765,34.61489803882261,34.326964078546766
4,36.541165341500005,36.445429214,34.89271687412,34.94050927311765,34.59108257870515,34.341631111612905
5,36.541165341500005,36.354111677,34.88898435607673,34.98036322664706,34.59468300704114,34.34954549145878
6,36.541165341500005,36.159693695,34.89858371800587,34.95350512752941,34.607885633380285,34.335247076226416
7,36.5441110685,36.274577048,34.89153981070625,34.98036322664706,34.58935693150812,34.35086227873684
8,36.536746751,36.144965060000004,34.89584377916774,34.98036322664706,34.60193677658613,34.32529965787234
9,36.536746751,36.2289182795,34.894211359454545,34.96632770388236,34.601431450533646,34.32450998518942
10,36.541165341500005,36.354111677,34.88164238320026,34.98036322664706,34.5822832901325,34.33361531951636
11,36.536746751,36.354111677,34.89034065434,34.94050927311765,34.60423797594937,34.32486997297455
12,36.541165341500005,36.445429214,34.88162130242,34.94050927311765,34.592722935233645,34.322890710147995
13,36.545583932,36.230391143,34.901309643284456,34.93583076552941,34.619844030169496,34.33297954891147
14,36.545583932,36.405661899500004,34.89500167478621,34.885233572352945,34.61368706625,34.373778220472104
15,36.545583932,36.3290729975,34.89409154672,34.94328172205883,34.59215964398714,34.38004767004348
16,36.541165341500005,36.4321734425,34.88947589724138,34.87397049852941,34.61820788384676,34.33302598294118
17,36.541165341500005,36.298142864,34.895473859589444,34.912958061764705,34.60588199652174,34.35030541557761
18,36.5264367065,36.348220223,34.898032972539184,34.88471373817647,34.6339188516707,34.33934191728467
19,36.541165341500005,36.430700579,34.90094490680352,34.8848870162353,34.61212757166537,34.37892054204725
20,36.522018116,36.2760499115,34.904765041524925,34.879342118352945,34.632469827741936,34.360713927864694
21,36.535273887500004,36.3938789915,34.90556024384,34.96286214270589,34.61469413613953,34.35613203701493
22,36.529382433500004,36.3379101785,34.907641890920004,34.87379722047059,34.643522921287285,34.35285813279886
23,36.535273887500004,36.280468502000005,34.90981222655484,34.94692056129412,34.63080112322581,34.370849112859155
24,36.501398027,36.368840312,34.91497374530612,34.852310741176474,34.66887402591987,34.34281519440641
25,36.530855297,36.3379101785,34.91967944572132,34.92370130141177,34.63556689396104,34.350441215409596
26,36.536746751,36.2996157275,34.91651339554252,34.935310931352944,34.62400247002324,34.35067201470333
27,36.536746751,36.277522775,34.91626383900294,34.95125251276471,34.62073660334906,34.35898244817234
28,36.536746751,36.3379101785,34.91267406416422,34.948999898000004,34.62244036921863,34.361517675323036
29,36.551475386,36.227445416,34.92273311237537,34.97221915788236,34.644751725850554,34.35350463115274
30,36.551475386,36.2907785465,34.91699331196481,35.01259294558824,34.610298602863814,34.37139367965763
31,36.5323281605,36.306980045,34.91978477065831,34.98868057347059,34.64312249243507,34.3457150084
32,36.5470567955,36.474886484,34.911979012138616,35.022643073,34.60636970028147,34.36100304232819
33,36.5617854305,36.418917671,34.934221671636365,35.052100343,34.626181514301415,34.36330233755682
34,36.5617854305,36.304034318,34.918043729034096,35.021776682705884,34.603413179262674,34.37276893260099
35,36.5617854305,36.460157849,34.92374519852,34.956450854529415,34.64005205024,34.358846582820334
36,36.55736684,36.362948858,34.91728106985161,35.02194996076471,34.618505051475665,34.35359748480519
37,36.560312567000004,36.4144990805,34.91834533250968,35.064922919352945,34.610033332443756,34.35426080701805
38,36.5676768845,36.427754852,34.91052691809091,35.02212323882353,34.59488917590491,34.366022113906254
39,36.563258294,36.3113986355,34.90659983999375,35.037891542176475,34.599954877326205,34.35841035328691
40,36.5617854305,36.451320668,34.89571352694215,34.99214613464706,34.58907545047836,34.35977151977465
41,36.5558939765,36.3909332645,34.912155754428156,34.981402895,34.6077679939151,34.34547867012987
42,36.569149748,36.473413620500004,34.903540678748385,34.96754065029412,34.584365834013404,34.32341017027368
43,36.5706226115,36.407134763,34.90608433776875,35.02784141476471,34.58153285656776,34.34261499136977
44,36.5588397035,36.4704678935,34.90152080651026,34.94726711741177,34.594624904657536,34.32880700064609
45,36.5647311575,36.306980045,34.906923513625806,35.01605850676471,34.60013264499176,34.32799669294118
46,36.5647311575,36.3762046295,34.905286350738635,35.01588522870588,34.597794932972974,34.32421098768673
47,36.5647311575,36.398297582,34.90954500909091,34.96615442582353,34.58606392353408,34.32145817747839
48,36.5588397035,36.457212122,34.902627013863636,34.96494147941176,34.58821934947123,34.32684189324168
49,36.572095475,36.473413620500004,34.91679774602273,35.01779128735294,34.58755779459588,34.34194844960675
50,36.572095475,36.4616307125,34.921254969794724,35.01779128735294,34.58873886455538,34.34391143346648
51,36.572095475,36.4233362615,34.921874661875,35.07479976870589,34.594452102839014,34.36191589701863
52,36.5706226115,36.4086076265,34.92123404543871,35.00947394052941,34.60145951752351,34.34794747228933
53,36.572095475,36.4351191695,34.92191185539773,35.063016860705886,34.59825600680916,34.36293128061602
54,36.5558939765,36.466049303,34.92844786209901,34.95159906888235,34.62432791057692,34.333502011533476
55,36.572095475,36.4763593475,34.91667346073639,35.081557613,34.60509712583398,34.35456562533518
56,36.5382196145,36.4527935315,34.92588262902697,35.04672872317647,34.61034722197399,34.33405026233051
57,36.572095475,36.473413620500004,34.93512647406452,35.06873503664706,34.59952104058961,34.34605794997886
58,36.572095475,36.4233362615,34.935375910625,35.068388480529414,34.60384256879154,34.3585073054471
59,36.572095475,36.3379101785,34.93859315034091,35.04898133794118,34.61541188933535,34.35052284058824
60,36.572095475,36.473413620500004,34.93152638102273,35.011206721117645,34.59661446006182,34.356713497136816
61,36.580932656,36.4969794365,34.93609571327097,35.01103344305882,34.61296215534351,34.34773348647059
62,36.5765140655,36.429227715500005,34.94007066303125,35.02836124894118,34.623210201939955,34.3837171864159
63,36.580932656,36.3644217215,34.9459437062375,35.034252702941174,34.63170301828572,34.39613985370957
64,36.539692478,36.3997704455,34.9348604084,34.988160739294116,34.644426073024356,34.37711600407849
65,36.5824055195,36.473413620500004,34.94265676586,35.02350946329412,34.62013734973872,34.40040057992903
66,36.5323281605,36.401243309,34.9501781888,34.976031275176474,34.6462778865322,34.375812089466955
67,36.577986929,36.467522166500004,34.948017989,35.02524224388235,34.61550760879421,34.38542636464516
68,36.577986929,36.35116595,34.948600799503225,35.05885818729412,34.62445009382353,34.35452882037578
69,36.5824055195,36.5028708905,34.94485687550968,35.006528213529414,34.61923303375,34.33969996330262
70,36.5824055195,36.495506573,34.93977609033125,34.959916415705884,34.60976385100918,34.36470677661451
71,36.58682411,36.398297582,34.93024546746088,35.013112779764704,34.620120917021616,34.36159062695653
72,36.580932656,36.3703131755,34.93711780727273,35.006528213529414,34.61039486170616,34.36127802109765
73,36.572095475,36.407134763,34.945711510674485,35.01571195064706,34.62258728625592,34.352136106628734
74,36.583878383,36.4881422555,34.93500769475,35.00514198905883,34.57747984560063,34.34643860958963
75,36.5500025225,36.4704678935,34.94299061492,34.96130264017647,34.6245730698316,34.37370647799718
76,36.575041202,36.4262819885,34.92810364709375,35.04898133794118,34.58302568263686,34.37113242422858
77,36.5794597925,36.477832211,34.9364568023871,34.96996654311765,34.621024275321105,34.363703249133195
78,36.5794597925,36.3997704455,34.93539253972904,35.00739460382353,34.598387913062204,34.394997227104895
79,36.577986929,36.4763593475,34.935031450612904,35.032000088176474,34.62320340238022,34.38771366452565
80,36.5558939765,36.418917671,34.92977505433408,35.051233952705886,34.59961224119816,34.346551886318025
81,36.58682411,36.380623220000004,34.93747329387939,35.022643073,34.60833903669279,34.35179229193301
82,36.58682411,36.295197137,34.94909492145162,35.039451044705885,34.617200774878626,34.365614939819324
83,36.585351246500004,36.483723665,34.92941527667273,35.096979360235295,34.594923512600005,34.3668134770436
84,36.535273887500004,36.483723665,34.93812034628,34.916596901000005,34.66371153943662,34.346501373049044
85,36.5824055195,36.362948858,34.93227765216864,35.079304998235294,34.586823225062695,34.343629953271694
86,36.583878383,36.4557392585,34.930239299168754,35.05262017717647,34.578773447428574,34.34213805418572
87,36.572095475,36.413026217,34.93738803221291,35.040317435,34.611857431159535,34.35868736073022
88,36.583878383,36.427754852,34.925482433579546,35.0380648202353,34.58222729264297,34.348996626392186
89,36.542638205,36.4086076265,34.935049776564284,35.02801469282353,34.63875281718175,34.36317404822335
90,36.569149748,36.41008049,34.923829168668966,35.01848439958824,34.5925533562212,34.3874743760515
91,36.580932656,36.407134763,34.918851905806896,35.000290203411765,34.60103221113164,34.35757917783448
92,36.5441110685,36.463103576,34.90897728716,35.046902001235296,34.58647848437014,34.37366630730548
93,36.5735683385,36.483723665,34.91747488654831,35.00635493547059,34.59069321040435,34.35581218649635
94,36.591242700500004,36.4645764395,34.920442057898434,35.072373875882356,34.5883833471564,34.382111102
95,36.5882969735,36.542638205,34.92411257797883,35.03581220547059,34.61565129975213,34.3854676987234
96,36.569149748,36.427754852,34.91411970547429,35.037025151882354,34.57231418601421,34.40289875760766
97,36.560312567000004,36.427754852,34.926950693920794,35.061284080117645,34.61912019161291,34.390557645625435
98,36.5558939765,36.348220223,34.92914479577713,34.94813350770588,34.63305249375,34.34539365636364
99,36.58682411,36.4586849855,34.92602173965909,34.996304808058824,34.60980371946401,34.36310080938776
100,36.583878383,36.523490979500004,34.91770898732955,34.93461781911765,34.623013763226815,34.3603454525
101,36.492560846,36.46899503,34.92232804332653,34.772082999941176,34.6652850016529,34.377569659542935
102,36.4940337095,36.349693086500004,34.91960213763637,34.909839056705884,34.64826693241065,34.375146435147364
103,36.3614759945,36.3261272705,34.90414663493507,34.67366106252941,34.67228297505774,34.397263575997194
104,36.401243309,36.362948858,34.91619681281492,34.82978459352941,34.675775108869836,34.40447426976744
105,36.467522166500004,36.4233362615,34.92093118618182,34.897709592588235,34.66022001273973,34.36137035751528
106,36.4527935315,36.362948858,34.93030962149351,34.87085149347059,34.6646742016498,34.34464066055135
107,36.4233362615,36.333491588,34.91371429672143,34.83065098382353,34.65344453426595,34.357444357727275
108,36.192096692,36.2642670035,34.917689369774806,34.94050927311765,34.680054578597286,34.389311768
109,36.192096692,36.3467473595,34.90884364551948,34.838275218411766,34.676345212689654,34.37576224548117
110,36.2760499115,36.46899503,34.91009759857143,34.86703937617647,34.62353435218355,34.35521145079826
111,36.2760499115,36.424809125,34.92051441422681,34.83636915976471,34.658516670031695,34.36405908269231
112,36.342328769,36.424809125,34.920828569257026,34.87379722047059,34.65767256859155,34.374812222573986
113,36.498452300000004,36.501398027,34.929558099800005,34.908279554176474,34.68839304051447,34.38742515513939
114,36.473413620500004,36.4233362615,34.927587510013794,34.86114792217647,34.68471975710408,34.38278317641854
115,36.498452300000004,36.501398027,34.93224853046,34.85872202935294,34.6855319262614,34.380542708227054
116,36.501398027,36.498452300000004,34.9233720731,34.88506029429412,34.6632945083871,34.3701645425
117,36.4704678935,36.415971944,34.9403372786,34.892684528882356,34.67112891429245,34.357601275242104
118,36.4822508015,36.5205452525,34.93385044485714,34.96910015282353,34.628051611630774,34.38763197326446
119,36.4999251635,36.442483487000004,34.95001156181819,34.92803325288236,34.672011751250004,34.36312128516349
120,36.477832211,36.501398027,34.925495028075865,35.00288937429412,34.604421034818735,34.351651258248474
121,36.417444807500004,36.336437315,34.935471374,34.981576173058826,34.688243149240215,34.40370392542397
122,36.4969794365,36.367367448500005,34.93207050848485,34.984175343941175,34.65969132125,34.40971671963483
123,36.4940337095,36.427754852,34.922366462848274,34.90429415882353,34.651504306093024,34.394998657625
124,36.4881422555,36.491087982500005,34.92488701841429,35.00288937429412,34.6306448507657,34.4110686940725
125,36.489615119,36.427754852,34.92848501353571,35.033559590705885,34.62510800895313,34.41997660310559
126,36.4969794365,36.293724273500004,34.947436396746156,35.03962432276471,34.65953003217323,34.38652566167488
127,36.524963843,36.237755460500004,34.94376305,35.08294383747059,34.623575332608695,34.39803343029412
128,36.5087623445,36.312871499,34.93946027440769,35.032693200411764,34.64282897507837,34.37781969341326
129,36.52790957,36.4144990805,34.9444394762,35.04863478182353,34.6273719012199,34.36378069741039
130,36.524963843,36.342328769,34.942768552423075,35.05521934805883,34.62186577920499,34.36260047905782
131,36.5500025225,36.342328769,34.9463160134,35.04499594258824,34.62617605244095,34.34645720580783
132,36.4616307125,36.227445416,34.939351912934654,35.06665569994118,34.660442883795625,34.36170230987342
133,36.536746751,36.477832211,34.939863499405945,35.104776872882354,34.60864800669812,34.3824349693492
134,36.548529659,36.3732589025,34.9524038492,35.047248557352944,34.632686250613204,34.37596220323303
135,36.4851965285,36.355584540500004,34.94658498517228,35.050367562411765,34.627579822931594,34.38715675770515
136,36.5146537985,36.3909332645,34.936480558250004,35.07497304676471,34.60442325275701,34.3947671227514
137,36.5441110685,36.460157849,34.93638368674682,35.08692923282353,34.625370102233965,34.39685029516129
138,36.5264367065,36.271631321,34.947216629038195,35.04014415694118,34.64526322903226,34.41884811791947
139,36.5558939765,36.424809125,34.94113351528996,35.077745495705884,34.62858565458751,34.42549059902153
140,36.510235208000005,36.445429214,34.92489499470588,34.893377641117645,34.61332000993228,34.40796542753989
141,36.4645764395,36.495506573,34.945338780157144,34.86686609811765,34.654458703101604,34.39073240229787
142,36.3644217215,36.524963843,34.93395564939286,34.78750474717647,34.63096998023042,34.39859282567124
143,36.4704678935,36.411553353500004,34.947857038019805,34.895976812,34.66344304673406,34.382277436311476
144,36.4321734425,36.5205452525,34.93685802859863,34.815922348823534,34.65617264781417,34.380041802464454
145,36.523490979500004,36.460157849,34.932935866760005,34.90273465629412,34.63468346835731,34.41691023700535
146,36.5500025225,36.460157849,34.930800554950494,34.90273465629412,34.628869969367685,34.40460092595142
147,36.539692478,36.3968247185,34.94105018496464,34.92491424782353,34.64289450619305,34.408659609404516
148,36.510235208000005,36.479305074500004,34.92185978573575,34.87119804958824,34.60821282568551,34.388129400069204
149,36.551475386,36.427754852,34.92433383435985,34.96875359670588,34.60496325125858,34.388324507997275
150,36.5647311575,36.5028708905,34.91403872062619,34.99543841776471,34.61282530371451,34.38752185758856
151,36.5588397035,36.480777938,34.92982501545237,34.93825665835294,34.6203773772441,34.400151403853464
152,36.554421113000004,36.5058166175,34.91100169658444,35.02091029241176,34.60979163373832,34.39994493579568
153,36.566204021000004,36.4027161725,34.94199707438134,35.10668293152941,34.60802228530644,34.40063898342542
154,36.548529659,36.374731766000004,34.9433048258,35.0144990042353,34.609299493401416,34.43406218514286
155,36.5558939765,36.2200810985,34.94916720095335,35.043782996176475,34.6443907684585,34.42847576390117
156,36.551475386,36.3703131755,34.93904470180198,35.00999377470588,34.636282938239276,34.41928233763329
157,36.560312567000004,36.230391143,34.94574612111765,35.05487279194118,34.619216938802126,34.43796907533864
158,36.560312567000004,36.237755460500004,34.95103940066937,34.98001667052941,34.640522651902955,34.42706358507895
159,36.560312567000004,36.305507181500005,34.94134082328844,34.98001667052941,34.618001048560316,34.423475797445654
160,36.4763593475,36.3231815435,34.94373554554622,34.96476820135294,34.657629754874904,34.36978027146533
161,36.4439563505,36.41008049,34.93388377698727,35.03841137635294,34.628437625115566,34.40304040070872
162,36.5470567955,36.239228324,34.93975640982759,35.033213034588236,34.624120941179044,34.383749400667575
163,36.5470567955,36.274577048,34.94262750897959,35.046208889,34.64402847889868,34.40503994731238
164,36.5617854305,36.239228324,34.93952907129064,35.06734881217647,34.635572809867455,34.40305721630449
165,36.577986929,36.4203905345,34.95813766338776,35.133367752588235,34.639078296199564,34.3950126930501
166,36.542638205,36.4203905345,34.960457561509436,35.080171388529415,34.673266536779664,34.4074082591028
167,36.5588397035,36.5117080715,34.96239461888679,35.06111080205883,34.632349534740484,34.366403843350064
168,36.5087623445,36.5117080715,34.96231178867002,35.087449067,34.65805238651526,34.39515995550796
169,36.6413200595,36.4881422555,34.95401609011542,35.18535117023529,34.580252433188605,34.39854296343949
170,36.6148085165,36.454266395000005,34.95402333213166,35.12453057158824,34.62987425007979,34.39189011408163
171,36.6295371515,36.4881422555,34.955509310173746,35.15779995888236,34.64176553875487,34.416634545975015
172,36.563258294,36.407134763,34.9498688440177,35.15034900235294,34.64837661325967,34.38323650837439
173,36.55736684,36.4439563505,34.93588324254273,35.10235098005882,34.66207581446783,34.378728059926935
174,36.55736684,36.448374941000004,34.94265166460102,35.13128841588235,34.62812777685661,34.377952940299004
175,36.5617854305,36.4645764395,34.93975370301263,35.14064543105883,34.59786411977654,34.38551186
176,36.591242700500004,36.498452300000004,34.94733615405772,35.209783376529415,34.61630994677785,34.37403830250386
177,36.4645764395,36.4851965285,34.9515531368303,35.118119283411765,34.632554158619826,34.400999907302946
178,36.5058166175,36.3938789915,34.96010597229202,35.18067266264706,34.64174947620899,34.412012383676704
179,36.398297582,36.489615119,34.95033187890435,35.18015282847059,34.66537664590164,34.40262910614148
180,36.398297582,36.457212122,34.94304634698814,35.18015282847059,34.6390643503393,34.39931829399133
181,36.398297582,36.4527935315,34.949029388036706,35.14878949982353,34.652757540874774,34.393626823877554
182,36.3202358165,36.4527935315,34.94608908802263,35.13371430870588,34.630680051792396,34.388089315296035
183,36.4557392585,36.545583932,34.95149154060079,35.21342221576471,34.6174480237896,34.40479535390048
184,36.4557392585,36.5647311575,34.94153952418478,35.166637139882354,34.62031747960455,34.38498170106468
185,36.4969794365,36.491087982500005,34.95429458834052,35.26245990641176,34.62267204618469,34.40506291324266
186,36.529382433500004,36.415971944,34.961106219151105,35.152948173235295,34.63481660982285,34.415364193139936
187,36.6000798815,36.504343754000004,34.95684987954203,35.257954676882356,34.61715444730632,34.43317570936379
188,36.5382196145,36.429227715500005,34.955287971624124,35.196440966000004,34.635792539512195,34.409794694545454
189,36.5676768845,36.386514674,34.96051424969231,35.193668517058825,34.62968029572954,34.41882533632378
190,36.6324828785,36.486669392,34.98316469344498,35.21012993264706,34.660276794422735,34.403382490909095
191,36.533801024,36.3467473595,34.970006691633394,35.18725722888235,34.6557267322058,34.40996229505166
192,36.541165341500005,36.365894585,34.974562047399374,35.16836992047059,34.65937573577617,34.3981319216763
193,36.541165341500005,36.365894585,34.964625058608696,35.16836992047059,34.65972776870797,34.40384515308357
194,36.541165341500005,36.442483487000004,34.96665773418233,35.19314868288235,34.63937889834306,34.39544912030875
195,36.3762046295,36.354111677,34.96976572761619,35.105643263176475,34.65988841625442,34.414473596622074
196,36.451320668,36.4881422555,34.97434275583152,35.20354536641177,34.6471548260424,34.40074772740657
197,36.395351855,36.460157849,34.97371558111842,35.02974747341177,34.647033037020265,34.40036988086908
198,36.536746751,36.4969794365,34.962749853963814,35.04828822570588,34.65210953891892,34.40762973421849
199,36.548529659,36.498452300000004,34.96801322681819,35.013805892,34.649760564285714,34.372996972307696
200,36.498452300000004,36.498452300000004,34.95998927682513,35.11552011252941,34.653915049130696,34.39340791643564
201,36.395351855,36.274577048,34.953781367913045,34.976724387411764,34.69671004669554,34.39455884421875
202,36.5205452525,36.405661899500004,34.9596975381579,35.04776839152942,34.68011280310469,34.40850619553504
203,36.5146537985,36.342328769,34.950212342156526,34.976724387411764,34.68449131304721,34.39896421121465
204,36.535273887500004,36.427754852,34.96409028894737,35.080171388529415,34.63400779113139,34.40424366784228
205,36.501398027,36.401243309,34.951945625,34.993705637176475,34.63584645846154,34.40448582209106
206,36.501398027,36.421863398,34.967982395345395,35.080171388529415,34.64811544346864,34.39332969448276
207,36.5087623445,36.380623220000004,34.94411351963703,35.02836124894118,34.60737332874922,34.4075425451
208,36.457212122,36.3585302675,34.94119144915007,35.03563892741177,34.619852533649635,34.40185628490385
209,36.5470567955,36.5588397035,34.947206846782606,35.09004823788236,34.617503881189194,34.372770992
210,36.41008049,36.386514674,34.93239976123077,34.96996654311765,34.655045437,34.39625560800864
211,36.5470567955,36.491087982500005,34.95751689128261,35.0203904582353,34.64230814097297,34.377466017824
212,36.3820960835,36.4321734425,34.95198477607656,35.16091896394118,34.628497527,34.409899486373625
213,36.365894585,36.4321734425,34.95312308950912,35.10460359482353,34.62642300945055,34.41198590447568
214,36.575041202,36.554421113000004,34.95271564262514,35.16940958882353,34.59655274540508,34.37208139050775
215,36.516126662000005,36.3644217215,34.96805336142164,35.18881673141176,34.6084738568,34.37740008504918
216,36.5264367065,36.395351855,34.95062512668966,35.202678976117646,34.603535982885084,34.37451564964305
217,36.551475386,36.510235208000005,34.96337969690789,35.23733458788235,34.60149762714286,34.38672232763499
218,36.5028708905,36.436592033000004,34.95287319911463,35.179979550411765,34.61061308378641,34.3915866254969
219,36.183259511,36.274577048,34.948517556736846,35.119852064,34.63277787908434,34.36405886896435
220,36.3231815435,36.2171353715,34.955080843210524,35.131461693941176,34.618330642377714,34.34999491690722
221,36.044810342,36.212716781000005,34.95631882056149,35.135793645411766,34.669387438071254,34.3574324558
222,36.044810342,36.2554298225,34.957882166658166,35.05054084047059,34.62737702900378,34.342220259409764
223,36.035973161,36.189150965,34.96755096446429,35.093513799058826,34.652114699568806,34.34389218246154
224,36.280468502000005,36.318762953000004,34.945372669051835,35.078611886000004,34.60867488524284,34.34711613154481
225,36.1670580125,36.1552751045,34.946740769022554,35.12227795682353,34.62018195268571,34.35343621823337
226,36.430700579,36.415971944,34.956154997198645,35.19384179511765,34.63809818685069,34.34914572249724
227,36.392406128000005,36.457212122,34.935003136816974,35.11170799523529,34.636767170437956,34.3478302688367
228,36.467522166500004,36.29225141,34.960179879421055,35.11794600535294,34.67001926669104,34.38097797072785
229,36.165585149,36.473413620500004,34.952199566982756,34.94969301023529,34.67965100136113,34.357365423002186
230,36.3320187245,36.256902686000004,34.9570808962069,35.068041924411766,34.66565430845283,34.36750085319149
231,36.306980045,36.32170868,34.95035573435898,35.14151182135294,34.66296026912645,34.376671343784366
232,36.524963843,36.430700579,34.95853118708621,35.175994155058824,34.632990524425736,34.37179082928125
233,36.524963843,36.6265914245,34.95341429230769,35.01293950170589,34.66321540016627,34.36064636009677
234,36.451320668,36.474886484,34.95457909741379,35.06284358264706,34.65760501258182,34.367160412982074
235,36.5735683385,36.5824055195,34.95905600051724,35.072720432000004,34.64706905048474,34.362657536393975
236,36.2554298225,36.3261272705,34.94868227178435,35.09022151594118,34.63677405372149,34.36909860111172
237,36.4144990805,36.1493836505,34.96325840324077,35.12123828847059,34.64463464608108,34.363489377671385
238,36.479305074500004,36.477832211,34.9663674134375,35.13406086482353,34.64890958479436,34.35451986800652
239,36.2966700005,36.243646914500005,34.949796242051285,35.03841137635294,34.65573249020359,34.35562636398707
240,36.3703131755,36.395351855,34.95757239048696,35.08692923282353,34.62468685513514,34.34928778827882
241,36.3703131755,36.4586849855,34.94515618584616,34.87449033270588,34.67683117403141,34.35104015209303
242,36.3703131755,36.483723665,34.95262280362069,34.92439441364706,34.694747598438795,34.34972722954925
243,36.3703131755,36.5470567955,34.96592909585771,34.87449033270588,34.694031242917156,34.33293061919373
244,36.342328769,36.3172900895,34.95601760696915,35.02368274135294,34.673345232436674,34.3468380359799
245,36.413026217,36.541165341500005,34.9630699221802,35.05608573835294,34.65053674271945,34.32428832702422
246,36.560312567000004,36.442483487000004,34.96460904922283,35.05695212864706,34.66476284267671,34.33398048748058
247,36.457212122,36.5941884275,34.957150102373625,34.82441297370588,34.64262754339966,34.31874538682981
248,36.336437315,36.585351246500004,34.96638797451151,35.12660990829412,34.64896648709906,34.37740071526917
249,36.41008049,36.4822508015,34.959629417897666,35.12660990829412,34.648591062816905,34.37014447623979
250,36.479305074500004,36.457212122,34.98324540489511,35.24738471529412,34.641841544490525,34.366426713963286
251,36.492560846,36.386514674,34.98489459726294,35.22208611870588,34.66697406790888,34.395190673642176
252,36.5264367065,36.507289481,34.99695684144397,35.17859332594118,34.6709592686839,34.369108025111586
253,36.327600134,36.4203905345,34.97075371507786,35.06717553411765,34.69575133971497,34.385051210064375
254,36.4527935315,36.5706226115,34.97530236927437,35.140125596882356,34.67462160390752,34.3788763734149
255,36.404189036000005,36.598607018,34.96771186391609,35.02974747341177,34.66899708124551,34.36209807470556
256,36.371786039,36.424809125,34.96517041059187,35.016751619000004,34.70845605682276,34.372747579933296
257,36.442483487000004,36.4439563505,34.97536443890819,34.961129362117646,34.728506842447516,34.35794498912611
258,36.448374941000004,36.4144990805,34.970196324891305,35.15346800741177,34.66970551411483,34.39942042901877
259,36.501398027,36.4439563505,34.97042604800334,35.16369141288236,34.69202281286486,34.38832236351145
260,36.365894585,36.52790957,34.97419729123922,35.18223216517647,34.64734143194067,34.38274508488865
261,36.193569555500005,36.52790957,34.96566618512202,35.17287515,34.658528112058825,34.391202074096256
262,36.289305683,36.318762953000004,34.96181750580645,35.16733025211765,34.65853850043165,34.38626523665399
263,36.3320187245,36.239228324,34.982994264758624,35.227631016588234,34.69583742398076,34.41656546419534
264,36.383568947,36.2642670035,34.98258972413913,35.244958822470586,34.68420331667897,34.427307611057536
265,36.365894585,36.483723665,34.967690027931035,35.17114236941177,34.66367503858781,34.40915933731826
266,36.4410106235,36.3820960835,34.9574707869279,35.140125596882356,34.654352351941924,34.40096483679339
267,36.5205452525,36.4410106235,34.97386399238685,35.23802770011765,34.650678090909096,34.41682571914405
268,36.262794140000004,36.197988146,34.952685203894234,35.14965589011765,34.65491965022575,34.416836641088
269,36.5058166175,36.405661899500004,34.96465859551186,35.20129275164706,34.63168261498182,34.39687918394137
270,36.41008049,36.271631321,34.95696290296238,35.12955563529412,34.650192379269626,34.40429936801099
271,36.448374941000004,36.242174051,34.96184166711599,35.22364562123529,34.64913727383784,34.42167436830499
272,36.585351246500004,36.383568947,34.97184246645013,35.22191284064706,34.629102153155664,34.410988816369425
273,36.374731766000004,36.507289481,34.94996847791855,35.10824243405882,34.667498303997576,34.37458640239734
274,36.429227715500005,36.227445416,34.948576329411765,35.19886685882353,34.65947701571429,34.40136525125205
275,36.5735683385,36.563258294,34.956282961958046,35.150522280411764,34.62085300833735,34.367196353529415
276,36.5323281605,36.52790957,34.955672606713286,35.150522280411764,34.63933231853659,34.383708254365736
277,36.5323281605,36.52790957,34.96211158502717,35.09178101847059,34.63207349933015,34.372714050828606
278,36.616281380000004,36.5500025225,34.957474304738916,35.188643453352945,34.602675444448465,34.36741887465623
279,36.5706226115,36.3732589025,34.95504699258741,35.13717986988235,34.62823202186158,34.379991525659165
280,36.6206999705,36.5706226115,34.94979909884274,35.098885418882354,34.61605216480243,34.36893845782609
281,36.52790957,36.3408559055,34.95616093893947,35.024202575529415,34.63946444234875,34.36502311345277
282,36.622172834,36.541165341500005,34.95373469648305,35.19661424405882,34.59722736097214,34.37765562608929
283,36.6324828785,36.495506573,34.9632375785,35.17945971623529,34.609671324122964,34.391112782435236
284,36.536746751,36.3968247185,34.977349950573284,35.17945971623529,34.614409313360994,34.38791625745981
285,36.610389926,36.427754852,34.97616815028176,35.12453057158824,34.637783411043735,34.38162187014737
286,36.622172834,36.483723665,34.971625061680676,35.20666437147059,34.596157862118496,34.39620908
287,36.566204021000004,36.4586849855,34.97350259028415,35.137526426,34.6358838899823,34.37811308560543
288,36.5441110685,36.510235208000005,34.97017028764835,35.184658058000004,34.60658079400736,34.389028222085564
289,36.5441110685,36.330545861000004,34.96595471551845,35.14497738252941,34.628533022934135,34.38911809347826
290,36.466049303,36.4763593475,34.94892209968788,35.074279934529415,34.600336768724674,34.34557094615056
291,36.5117080715,36.1464379235,34.95063691731895,35.10460359482353,34.61936786622196,34.3804539208095
292,36.589769837,36.371786039,34.97591575647059,35.1500024462353,34.60125360040146,34.38170485238144
293,36.5441110685,36.268685594000004,34.96011857344118,35.063016860705886,34.63250616819495,34.387040440701945
294,36.572095475,36.529382433500004,34.96710570486364,35.10200442394118,34.63604302226506,34.382103546211965
295,36.4527935315,36.4645764395,34.95464587475,34.98452190005882,34.64178049213645,34.38413756172249
296,36.4527935315,36.5588397035,34.961104994890626,35.04776839152942,34.625791501442194,34.36011147579968
297,36.451320668,36.4557392585,34.96289186785825,35.008954106352945,34.64253983159575,34.36419030826087
298,36.4851965285,36.383568947,34.96047119671775,34.94986628829412,34.65149026421493,34.37066322856693
299,36.495506573,36.368840312,34.9589231611187,34.99803758864706,34.66414013567568,34.380598304401914
300,36.457212122,36.4321734425,34.95834206077143,34.98521501229412,34.61304599177738,34.383777371818184
301,36.4704678935,36.454266395000005,34.96322417007878,35.06353669488235,34.63415480715398,34.376617648448004
302,36.5087623445,36.3084529085,34.96319369639419,35.03962432276471,34.61750218909201,34.38361157461416
303,36.591242700500004,36.5941884275,34.97328503636184,35.10304409229412,34.62538336336842,34.35369966872805
304,36.539692478,36.368840312,34.96932930531469,35.022643073,34.64874615307143,34.40932000364026
305,36.6059713355,36.355584540500004,34.98460344531469,35.143937714176474,34.635678406699085,34.362957246695096
306,36.513180935,36.305507181500005,34.95411435409428,35.087968901176474,34.63119644099526,34.38669831389371
307,36.610389926,36.436592033000004,34.959122714088984,35.154507675764705,34.60291455767922,34.391703317424486
308,36.639847196000005,36.4469020775,35.000478419234284,35.181885609058824,34.64408252922242,34.38211180436696
309,36.5529482495,36.5264367065,34.97951926371341,35.13787298211765,34.646433116152956,34.381543638478604
310,36.554421113000004,36.5175995255,34.97924029230812,35.098538862764705,34.637423121185634,34.37528021343512
311,36.541165341500005,36.4851965285,34.98036433740385,35.15121539264706,34.633931084469474,34.37121769819525
312,36.539692478,36.529382433500004,34.99002607019231,35.175820877,34.629625788303954,34.3634385446549
313,36.575041202,36.4557392585,34.98397508153504,35.20753076176471,34.64360834610909,34.39255839430068
314,36.548529659,36.417444807500004,34.97726490794045,35.25067699841176,34.62662989216135,34.39557221964968
315,36.589769837,36.585351246500004,34.97950697902098,35.2295370752353,34.62290597530894,34.38806666689691
316,36.4999251635,36.5382196145,34.97463241306626,35.154507675764705,34.63908664869565,34.382310685306976
317,36.535273887500004,36.4881422555,34.98989181270936,34.93704371194118,34.62489894662651,34.36521036527273
318,36.4498478045,36.513180935,34.97931156689826,34.98746762705883,34.636002823414636,34.374127049565665
319,36.5824055195,36.669304466,34.992853578150374,34.94882661994118,34.62085961125582,34.367000864884794
320,36.530855297,36.477832211,34.97368523399295,34.86894543482353,34.63326058555426,34.40570289945789
321,36.5735683385,36.5205452525,34.987291174725215,34.96563459164706,34.641816739677225,34.38072320334527
322,36.4203905345,36.6118627895,34.981676192537826,35.01467228229412,34.60948011858277,34.39128734538922
323,36.524963843,36.5794597925,35.00086603179966,34.91607706682353,34.64165412966386,34.36175716245103
324,36.287832819500004,36.642792923,34.97745450675195,34.772256278,34.63858059548743,34.330459080535434
325,36.365894585,36.6442657865,34.9825270939104,35.02957419535294,34.61093208924666,34.352249712989796
326,36.3438016325,36.589769837,34.997113439,34.89996220735294,34.665047181173684,34.347627956415664
327,36.5500025225,36.5470567955,34.99369759597623,34.99353235911765,34.64528906037152,34.37771022851719
328,36.523490979500004,36.5175995255,35.01423814541848,34.93392470688235,34.67351777490385,34.37486761130841
329,36.415971944,36.595661291,34.98198083192628,34.965807869705884,34.66453584023781,34.35640387772871
330,36.5205452525,36.6118627895,35.00875840181969,35.09022151594118,34.60270529202454,34.354528623584
331,36.471940757,36.595661291,34.99125041081886,34.95541118617647,34.62333398822496,34.347553142048
332,36.43953776,36.371786039,35.013551950017245,35.01155327723529,34.677523355298945,34.383822760523884
333,36.489615119,36.4586849855,35.01641514587285,34.95471807394118,34.64894156862233,34.39087249696664
334,36.5117080715,36.479305074500004,34.998397473846154,35.063016860705886,34.66383343989773,34.36471595582938
335,36.5117080715,36.3349644515,34.99542704578977,35.03044058564706,34.66423463329377,34.368334105202315
336,36.566204021000004,36.4144990805,35.012701244375,35.04967445017647,34.65655947512339,34.352218113092626
337,36.4144990805,36.554421113000004,34.98673250802139,35.05885818729412,34.64284767736479,34.365787566710395
338,36.569149748,36.4380648965,35.00794854898263,35.05885818729412,34.66479588894198,34.37281811256791
339,36.5735683385,36.507289481,35.01595439507837,35.026455190294115,34.67718285024125,34.36902635218014
340,36.495506573,36.5264367065,35.01384825479199,34.99665136417647,34.66772886609632,34.36072261471421
341,36.445429214,36.407134763,35.00137152514423,34.95679741064706,34.690046793448275,34.37324193920998
342,36.577986929,36.277522775,35.016185251426336,35.270084141,34.633312672553195,34.380603671048746
343,36.5382196145,36.362948858,34.99902308797203,35.131461693941176,34.651020764881515,34.372841101427106
344,36.598607018,36.430700579,35.00494353384615,35.22243267482353,34.6277096601049,34.37948489279485
345,36.5706226115,36.405661899500004,35.00367283736677,35.105643263176475,34.643054844285714,34.359655241352854
346,36.542638205,36.504343754000004,34.982831876394194,35.1264366302353,34.623697909522726,34.378525920408165
347,36.577986929,36.41008049,35.00941438601399,35.21862055752941,34.61180673649143,34.376565304439254
348,36.5617854305,36.6295371515,34.997039304114026,35.131808250058825,34.62766488368899,34.3759604671152
349,36.577986929,36.639847196000005,35.006011655524475,35.06145735817647,34.661954412845624,34.35607882410714
350,36.575041202,36.603025608500005,35.002380041818185,35.077745495705884,34.655826082054794,34.35431203575301
351,36.55736684,36.6737230565,34.993011056483056,35.040317435,34.666075818036234,34.373238248096435
352,36.451320668,36.5794597925,34.99605843503722,35.02108357047059,34.680164294165664,34.36759365736761
353,36.551475386,36.585351246500004,35.019697346,35.10113803364706,34.68689024185207,34.36653931488279
354,36.5175995255,36.524963843,35.00497602049628,35.04811494764706,34.673912737853826,34.36414735625
355,36.5058166175,36.415971944,35.003275547403845,35.04811494764706,34.68376029215457,34.3702658346918
356,36.603025608500005,36.6265914245,35.00544155451645,35.10616309735294,34.66135635128409,34.40086753560482
357,36.598607018,36.622172834,35.01557897398602,35.15312145129412,34.658938368491434,34.41360196704016
358,36.545583932,36.639847196000005,35.00212283915254,35.11274766358824,34.63124259372941,34.389064574125875
359,36.572095475,36.628064288000004,35.01685647246385,35.15710684664706,34.63408435389412,34.40057192587456
360,36.480777938,36.6059713355,35.004927290521096,35.15710684664706,34.624412157207104,34.40253362972973
361,36.533801024,36.6059713355,35.013617469429285,35.17616743311765,34.64007069144038,34.4066637121194
362,36.566204021000004,36.429227715500005,35.000947675880894,35.20371864447059,34.6125836783253,34.413074255022096
363,36.585351246500004,36.548529659,35.00135375900744,35.19904013688235,34.60912275043632,34.39246615665853
364,36.5971341545,36.55736684,35.007386352487394,35.22433873347059,34.61379265205026,34.39330800899563
365,36.5882969735,36.577986929,35.008216563846155,35.14480410447059,34.61739520142857,34.37004576318549
366,36.535273887500004,36.577986929,34.99727986425424,35.142031655529415,34.61150579147541,34.373012762857144
367,36.5441110685,36.666358739,34.99503634445599,35.08415678388236,34.62486195175258,34.38675821486487
368,36.563258294,36.5706226115,35.00081439232613,35.11777272729412,34.64358888179335,34.371208304035434
369,36.492560846,36.572095475,34.99540673314685,35.07878516405883,34.605273646875744,34.375707063750625
370,36.5941884275,36.595661291,34.993549561055694,35.092647408764705,34.606257987852835,34.37490513554656
371,36.287832819500004,36.430700579,34.98278763846154,35.13735314794118,34.633692988825665,34.38423531350689
372,36.3349644515,36.401243309,35.00223328728507,35.13735314794118,34.654872482313955,34.3737853319375
373,36.2701584575,36.333491588,35.004950242492164,35.13735314794118,34.656079679,34.37828108854954
374,36.5087623445,36.5971341545,34.99616140552739,35.10096475558824,34.58102523637717,34.35691022711814
375,36.5941884275,36.628064288000004,34.99746232241758,35.167503530176475,34.60357634003638,34.37455453370874
376,36.5617854305,36.6295371515,34.99367563300504,35.07809205182353,34.58708829859857,34.36751831142061
377,36.4940337095,36.501398027,34.994153325054945,35.12470384964706,34.596406407987615,34.391963605763344
378,36.5647311575,36.523490979500004,34.99373223258475,35.19540129764706,34.56656610227864,34.38214364807693
379,36.5676768845,36.619227107,34.993691492028816,35.11118816105883,34.594391135616924,34.36069613428572
380,36.545583932,36.575041202,34.99212345512712,35.16854319852941,34.566062643485225,34.3665951205935
381,36.529382433500004,36.5529482495,34.99332371818968,35.208050595941174,34.576849219781025,34.375124748846154
382,36.4498478045,36.4351191695,34.989797416085025,35.19141590229412,34.603145566817645,34.38324817915174
383,36.5146537985,36.566204021000004,34.99408932430672,35.20025308329412,34.61181445903226,34.377612624748814
384,36.327600134,36.604498472,34.98767048041958,35.20025308329412,34.60837101888138,34.387084097293666
385,36.4616307125,36.4851965285,34.9908303961665,35.18517789217647,34.605602536815134,34.38239571330435
386,36.471940757,36.563258294,34.98555596157165,35.142724767764705,34.6279334217491,34.39341592696629
387,36.471940757,36.5735683385,34.98436526452542,35.178766604,34.63198408614525,34.38620619534884
388,36.523490979500004,36.473413620500004,34.99719665162712,35.24253292964706,34.59383816861879,34.393906757926
389,36.3968247185,36.604498472,34.989396732541294,35.166290583764706,34.608763897612306,34.38579655305201
390,36.4469020775,36.604498472,34.98870480302966,35.15208178294118,34.61708816673207,34.411316405667314
391,36.516126662000005,36.491087982500005,34.99867783638983,35.252756335117645,34.58216059760291,34.396983955888125
392,36.424809125,36.6177542435,34.99439267303332,35.20961009847059,34.61204338481177,34.38916980525301
393,36.424809125,36.639847196000005,34.99202577895103,35.19106934617647,34.61812801811299,34.38881036765957
394,36.513180935,36.5971341545,34.98293638484262,35.20475831282353,34.60295954108499,34.37942932903226
395,36.542638205,36.636901469,34.98193923184874,35.28377310764706,34.57936964866426,34.41095454058909
396,36.330545861000004,36.603025608500005,34.987793624762716,35.217580889176475,34.592941974116194,34.40906664833902
397,36.418917671,36.6383743325,34.98130303984746,35.18552444829412,34.59688697547921,34.40075194347041
398,36.535273887500004,36.6324828785,34.97818060597508,35.15762668082353,34.598257341317506,34.38198288020619
399,36.535273887500004,36.642792923,34.97579924191379,35.130941859764704,34.59573603066351,34.38019493854402
400,36.479305074500004,36.653102967500004,34.972279274759906,35.09472674547059,34.602061380546196,34.378702456414345
401,36.495506573,36.6589944215,34.987092917054355,35.235948363411765,34.59804776850909,34.39795935850144
402,36.413026217,36.463103576,34.99115687167109,35.248770939764704,34.58779160377698,34.40427144041177
403,36.5588397035,36.603025608500005,34.98037063169231,35.24080014905883,34.57389822290057,34.41029560061741
404,36.566204021000004,36.551475386,34.994153325054945,35.281867049,34.565248538655155,34.397157215998
405,36.551475386,36.647211513500004,34.984148911694916,35.306819089470594,34.55576537007417,34.40786545149254
406,36.5647311575,36.603025608500005,34.995012463635305,35.23265608029412,34.573251168880596,34.39874883869301
407,36.636901469,36.603025608500005,34.99093114546419,35.306819089470594,34.58654836307692,34.41766720118321
408,36.6295371515,36.676668783500006,35.00086483492308,35.15693356858824,34.5789470198155,34.39335350963303
409,36.64573865,36.598607018,35.008676263948274,35.28463949794118,34.5927092895539,34.418831834505816
410,36.6236456975,36.5470567955,35.009929486034785,35.25518222794118,34.598207487116724,34.42405264357143
411,36.6089170625,36.572095475,35.00588564669975,35.26835136041176,34.59018734972973,34.421549112870416
412,36.5882969735,36.5500025225,35.00423162811671,35.22485856764706,34.6030791332353,34.42511035339207
413,36.6236456975,36.6236456975,34.995035105558316,35.18517789217647,34.57531591761877,34.41630068177866
414,36.580932656,36.5500025225,35.00067493944068,35.254315837647056,34.58378433419395,34.42546800789575
415,36.601552745,36.598607018,34.99893458646154,35.174088096411765,34.60433058588235,34.409650897787614
416,36.601552745,36.6148085165,34.998644551338984,35.174088096411765,34.60583589232239,34.41965217508876
417,36.6148085165,36.6295371515,34.99711397585566,35.201466029705884,34.58600681504295,34.41375060613346
418,36.566204021000004,36.6442657865,34.991762867076275,35.20094619552941,34.59790873954459,34.417976348526366
419,36.572095475,36.5706226115,35.0034273984035,35.16542419347059,34.58699883183353,34.40042087334311
420,36.601552745,36.695816009,35.00208470863524,35.094553467411764,34.636205446587255,34.40233968498484
421,36.589769837,36.695816009,34.99567834123077,35.16438452511765,34.6179045045599,34.41090023575788
422,36.5676768845,36.633955742,35.00023847579005,35.120891732352945,34.60220235456835,34.395919552635235
423,36.467522166500004,36.6089170625,34.9940216872608,35.018657677647056,34.667990389607475,34.40244399946761
424,36.535273887500004,36.6177542435,35.00120053030769,35.16057240782353,34.62344559103617,34.37238127645455
425,36.5087623445,36.595661291,34.99240360430508,35.10079147752941,34.64032059758495,34.37272314223565
426,36.392406128000005,36.4940337095,34.98424431664835,35.081557613,34.667561222548166,34.37802863404192
427,36.545583932,36.6501572405,34.98974282721154,35.149829168176474,34.61467583509025,34.37909830471312
428,36.333491588,36.604498472,34.98959415177719,35.10356392647059,34.67640189138686,34.39957568942589
429,36.405661899500004,36.642792923,35.004490345076924,35.15364128547059,34.643920285606434,34.37792942957113
430,36.398297582,36.713490371,34.98833638583379,35.19904013688235,34.62765043348139,34.377019426032554
431,36.541165341500005,36.663413012,35.00253742130701,35.25154338870588,34.620723902254596,34.38537632357853
432,36.5617854305,36.695816009,34.99781389563578,35.171662203588234,34.62455397628728,34.382765708
433,36.554421113000004,36.722327552,34.99713861615385,35.161958632294116,34.64603611583229,34.39129990572756
434,36.495506573,36.7385290505,34.99479145568238,35.122451234882355,34.6312280097597,34.372940500186914
435,36.522018116,36.740001914000004,35.00348450032358,35.116906337,34.62978824429096,34.387079342674774
436,36.471940757,36.6943431455,35.001400826142245,35.14584377282353,34.6444992818136,34.41114606755602
437,36.598607018,36.5470567955,35.007711284413794,35.18881673141176,34.59380061153846,34.40407116394829
438,36.542638205,36.653102967500004,34.99709982238829,35.13804626017647,34.6086247355,34.394251843771315
439,36.5146537985,36.6324828785,35.00609875282328,35.09680608217647,34.645638425173466,34.393445039392674
440,36.545583932,36.427754852,35.000670742941814,35.19782719047059,34.64506418926498,34.38340819166667
441,36.3850418105,36.566204021000004,34.98685418289655,35.09230085264706,34.67588044008552,34.410252531078484
442,36.55736684,36.67519592,34.98352616830769,35.159706017529416,34.59800362563327,34.38893671522547
443,36.604498472,36.495506573,35.005233399513045,35.152948173235295,34.649600243476634,34.39368381541284
444,36.560312567000004,36.653102967500004,34.99520836769231,35.10841571211765,34.66708678898959,34.383257532061634
445,36.536746751,36.681087374,34.99455346196429,35.12297106905883,34.624134465085575,34.36765371914894
446,36.479305074500004,36.6589944215,34.982805622142855,35.10304409229412,34.65108161515567,34.36931032682678
447,36.530855297,36.6560486945,34.978708939538464,35.12123828847059,34.61103605597772,34.354452723293505
448,36.569149748,36.6295371515,34.98176376753846,35.10096475558824,34.63800589495887,34.34241443767661
449,36.504343754000004,36.6295371515,34.97462676790451,35.05885818729412,34.66048758258064,34.34411603241706
450,36.548529659,36.6442657865,34.9778141479469,35.05833835311765,34.66926187198292,34.37663766220422
451,36.560312567000004,36.607444199,34.98802953044142,35.069947983058825,34.67103812064982,34.38784525304957
452,36.548529659,36.575041202,34.993596526554725,35.12626335217647,34.679679335978264,34.381369076438794
453,36.5558939765,36.589769837,34.983794724615386,35.04083726917647,34.684393340547444,34.36941160243849
454,36.5706226115,36.6236456975,34.997410645172415,35.15849307111765,34.670880161,34.36788772792111
455,36.5558939765,36.5882969735,34.99741228086957,35.14965589011765,34.66091481103572,34.3985585572829
456,36.5558939765,36.628064288000004,35.001364312124224,35.180326106529414,34.6809916582515,34.37254305532941
457,36.560312567000004,36.541165341500005,34.98576369180737,35.068041924411766,34.67146195703257,34.36834006702387
458,36.58682411,36.663413012,34.97879286338462,35.02021718017647,34.68775348256717,34.36314493773404
459,36.554421113000004,36.519072389,34.984975446313,34.96875359670588,34.70932342893045,34.37117770322382
460,36.5765140655,36.6148085165,34.981444856923076,34.99734447641177,34.655868575106894,34.364611438618525
461,36.6059713355,36.5500025225,34.993204685865386,34.92959275541177,34.67725572891078,34.37066792622785
462,36.510235208000005,36.513180935,34.99329558164597,34.94796022964706,34.69853180577804,34.40968650833945
463,36.533801024,36.5647311575,34.98989854243479,34.89233797276471,34.689741469052635,34.37129987478125
464,36.52790957,36.52790957,34.98154451649039,34.916596901000005,34.65464167641638,34.375319928061174
465,36.5529482495,36.539692478,34.97122883233593,34.97533816294118,34.66406466321387,34.38531519053175
466,36.5529482495,36.551475386,34.981566927972025,34.97533816294118,34.675153956779944,34.376528313366634
467,36.4763593475,36.610389926,34.977803277807546,35.053833123588234,34.65305375069767,34.35358415238798
468,36.539692478,36.5382196145,34.994250648506785,35.04308988394118,34.65520815058237,34.361767702134024
469,36.467522166500004,36.5735683385,34.98520789389578,34.96684753805882,34.66761501637576,34.37201240123093
470,36.5028708905,36.489615119,34.98508505375,34.96944670894118,34.68852704235023,34.3756915456135
471,36.513180935,36.4645764395,34.989569734278845,34.92889964317647,34.68635941671233,34.37755944906542
472,36.457212122,36.542638205,35.00026058323077,35.07982483241177,34.683078406996664,34.38389469081559
473,36.309925772,36.4498478045,34.98997717135903,34.93739026805883,34.678954408808586,34.37201485291365
474,36.5146537985,36.1788409205,34.99766264233898,34.93236520435294,34.7029007723,34.35044431256986
475,36.592715564,36.265739867,35.004536005338984,34.99405219329412,34.690826080280274,34.374742139966614
476,36.5470567955,36.287832819500004,35.005455539831935,35.02870780505882,34.716402919025754,34.3660213966026
477,36.429227715500005,36.327600134,35.0031030839,35.07029453917647,34.681049777272726,34.3611022858445
478,36.4557392585,36.401243309,35.00311854850095,34.81609562688235,34.6969059932353,34.364754509902916
479,36.58682411,36.327600134,35.01929024422425,34.84849862388236,34.70122024068966,34.330158154504346
480,36.58682411,36.268685594000004,35.0156060585,35.041357103352944,34.674518732045954,34.350723383286336
481,36.5735683385,36.3703131755,35.01168705046452,35.01848439958824,34.70016689306593,34.34283580294976
482,36.5882969735,36.168530876000005,35.01697821338462,34.989720241823534,34.678194001769725,34.3522200483297
483,36.575041202,36.2053524635,35.02884950041727,34.94796022964706,34.71806237450317,34.363640015592104
484,36.55736684,36.392406128000005,35.02899041332143,35.043782996176475,34.68872008347826,34.341903925050616
485,36.533801024,36.417444807500004,35.023334046,35.010513608882356,34.67752219328076,34.346463109518204
486,36.523490979500004,36.2966700005,35.01837851288299,34.9526387372353,34.7066301134644,34.33615848412155
487,36.545583932,36.195042419,35.012895898250214,35.019004233764704,34.66848234413462,34.32391821659299
488,36.572095475,36.1788409205,35.0138858822255,35.06734881217647,34.68455322764324,34.34256646085246
489,36.404189036000005,36.0845776565,35.025372447169495,34.86686609811765,34.72976049006169,34.324769570447764
490,36.355584540500004,36.23333687,35.016429959155175,34.95766380094118,34.72499915899509,34.31749427171103
491,36.295197137,36.305507181500005,35.01983278172414,34.86686609811765,34.724391814405216,34.330658345074795
492,36.1906238285,36.1876781015,35.0353505019813,35.059724577588234,34.720733073007224,34.350713718395546
493,36.0639575675,36.1876781015,35.04356528784616,35.021776682705884,34.73040071997801,34.32841156552836
494,36.551475386,36.156747968000005,35.011698235030266,35.1323280842353,34.670633700566256,34.35877756554839
495,36.6560486945,36.2024067365,35.02925589439509,35.060937524,34.726288787019655,34.355991557385764
496,36.6383743325,36.569149748,35.02901289292308,35.10685620958824,34.675457863993365,34.38635834980679
497,36.639847196000005,36.6059713355,35.018599918294115,35.08554300835294,34.67002485441432,34.37189643720859
498,36.5941884275,36.4144990805,35.00941686310508,35.03407942488236,34.68506081975864,34.36502541446043
499,36.633955742,36.5588397035,35.027541936783216,34.95627757647059,34.67580213977766,34.378765910708665
500,36.5824055195,36.566204021000004,35.02560414232813,35.19228229258824,34.6949379265923,34.395324421003515
501,36.580932656,36.530855297,35.02531031740546,35.19262884870588,34.66978208992126,34.40036120180723
502,36.628064288000004,36.633955742,35.03844893328197,35.22243267482353,34.66786697241301,34.40023100735078
503,36.5676768845,36.631010015,35.02461411091912,35.155200788,34.6769267485567,34.39719697625
504,36.6206999705,36.542638205,35.02502299409364,35.246518325000004,34.64894322208646,34.388402251103415
505,36.575041202,36.58682411,35.0103613342246,35.19262884870588,34.643409193144834,34.40180879163636
506,36.64573865,36.633955742,35.033548682159804,35.20961009847059,34.62680087299312,34.394076569442234
507,36.5706226115,36.591242700500004,35.02873401518537,35.24443898829412,34.635267253471504,34.4093714504
508,36.5765140655,36.591242700500004,35.021343112498094,35.175647598941175,34.649283017893545,34.39373846330165
509,36.6206999705,36.563258294,35.019194849103336,35.197653912411766,34.63979358645162,34.4038381408983
510,36.653102967500004,36.569149748,35.03354784304088,35.25050372035294,34.632678814483945,34.40355158618287
511,36.4616307125,36.533801024,35.02518596553846,35.22312578705883,34.69715480534032,34.38463246025654
512,36.109616336,36.404189036000005,35.03070149858621,35.27805493170588,34.684239374867474,34.387342870284535
513,36.2024067365,36.491087982500005,35.0289239047069,35.26436596505882,34.66066562465144,34.39271776484375
514,36.6089170625,36.3084529085,35.0399021612332,35.32882540294118,34.62440365146026,34.42481711552148
515,35.906361173,36.242174051,35.01751344494828,35.22676462629412,34.70641248443379,34.4208982521855
516,36.5323281605,36.5617854305,35.04634472621344,35.32501328564706,34.66118250156012,34.42314774152457
517,36.5382196145,36.483723665,35.0408083895,35.23698803176471,34.679407107624314,34.43208599227964
518,36.495506573,36.6324828785,35.03067875184292,35.273549702176474,34.679086273505156,34.429435420443546
519,36.421863398,36.622172834,35.02239031464513,35.24547865664706,34.660361343695655,34.43265855156375
520,36.4086076265,36.4616307125,35.026228497070974,35.20753076176471,34.669134383531556,34.43607729626195
521,36.371786039,36.5500025225,35.03712308360577,35.201985863882356,34.65842433925615,34.42539508726185
522,36.492560846,36.653102967500004,35.04091950283151,35.23490869505883,34.632649230645164,34.44268927085799
523,36.492560846,36.479305074500004,35.04043090676426,35.175647598941175,34.67891456219112,34.44169855424301
524,36.306980045,36.5058166175,35.016019347881354,35.11482700029412,34.68934738927262,34.42635838676546
525,36.454266395000005,36.480777938,35.030498345,35.30664581141177,34.63319364615385,34.42945048720326
526,36.283414229,36.513180935,35.00182327369492,35.19834702464706,34.66425117920299,34.422625426642824
527,36.52790957,36.5175995255,35.03518758990385,35.29105078611765,34.60654171712553,34.420579554001975
528,36.349693086500004,36.368840312,35.01280089820667,35.21567483052941,34.62072983866998,34.4300609915
529,36.4999251635,36.4410106235,35.04694844122352,35.299021576823534,34.61246855,34.42411111892181
530,36.43953776,36.4940337095,35.0250787174026,35.20718420564706,34.62294223655825,34.40996967660485
531,36.43953776,36.4940337095,35.030494594392664,35.201119473588236,34.65246338,34.424103588388064
532,36.4881422555,36.6383743325,35.012864832835135,35.27458937052941,34.6202596369287,34.38786271855953
533,36.457212122,36.5558939765,35.01388690511841,35.30577942111765,34.591926555565216,34.3879897832
534,36.504343754000004,36.5175995255,35.02906983243172,35.31323037764706,34.59514466542147,34.417476206900865
535,36.466049303,36.648684377,35.018936160241594,35.29503618147059,34.59881938095588,34.3944545841989
536,36.523490979500004,36.504343754000004,35.020065561875,35.267658248176474,34.59990446916364,34.401684096830294
537,36.405661899500004,36.3526388135,35.01277672534759,35.225031845705885,34.62238595694737,34.419539416274695
538,36.563258294,36.380623220000004,35.03101842391949,35.39397795305882,34.55802996570397,34.40451369726619
539,36.498452300000004,36.580932656,35.01840160169806,35.32189428058824,34.58866564318426,34.38810399157844
540,36.516126662000005,36.530855297,35.029503441339955,35.25448911570588,34.59141576731995,34.390243622563126
541,36.460157849,36.5617854305,35.02109531813559,35.23317591447059,34.60833808666667,34.403181174974165
542,36.5117080715,36.58682411,35.02613488286546,35.27181692158824,34.593764270381065,34.41669550949721
543,36.5146537985,36.5941884275,35.02700609893931,35.235948363411765,34.61025717768724,34.40719603928741
544,36.489615119,36.6265914245,35.01877418369231,35.214808440235295,34.602327846858174,34.40125398137132
545,36.417444807500004,36.5971341545,35.024989669084746,35.18136577488235,34.59561601684211,34.408112910819675
546,36.5175995255,36.5146537985,35.03525682707692,35.2796144342353,34.6033378654256,34.37910182101942
547,36.4351191695,36.5735683385,35.02389594523177,35.17044925717647,34.60599108039711,34.38292864900145
548,36.454266395000005,36.5264367065,35.0044777565,35.202678976117646,34.61072936292597,34.382041812228415
549,36.454266395000005,36.551475386,35.010751397387324,35.22607151405882,34.617021086519465,34.38616702446574
550,36.355584540500004,36.566204021000004,34.99844822154687,35.202678976117646,34.61627285081276,34.38746081310345
551,36.4851965285,36.577986929,35.024227329537815,35.2059712592353,34.64890023609756,34.37268497013373
552,36.523490979500004,36.6236456975,35.0144990042353,35.19228229258824,34.60037353695627,34.36642942844679
553,36.4822508015,36.572095475,35.04370109188811,35.20406520058824,34.64242151832461,34.41386893443269
554,36.4410106235,36.598607018,35.03790579448434,35.17945971623529,34.629336008462886,34.383497047843704
555,36.489615119,36.653102967500004,35.024540394938214,35.176513989235296,34.5873685892353,34.3689479543695
556,36.529382433500004,36.6059713355,35.030294095824345,35.26159351611765,34.58824379561478,34.379096927604564
557,36.4439563505,36.628064288000004,35.024706938450635,35.176513989235296,34.61423967172335,34.36008876789396
558,36.541165341500005,36.569149748,35.03231342042903,35.20077291747059,34.6126960655,34.37363619358013
559,36.4881422555,36.628064288000004,35.02620765021008,35.14463082641176,34.6040023584588,34.37267969729423
560,36.4469020775,36.583878383,35.00816197808403,35.236814753705886,34.6092713585,34.350893593685704
561,36.4469020775,36.6354286055,35.01073937247676,35.20337208835294,34.60876328562282,34.35549578
562,36.377677493,36.610389926,34.99987657191651,35.16490435929412,34.60076527963856,34.36171268275795
563,36.491087982500005,36.563258294,35.02312463252597,35.21255582547059,34.61603313304348,34.35827927333012
564,36.4351191695,36.5323281605,35.01859893932203,35.243399319941176,34.6001358640801,34.37843478794643
565,36.504343754000004,36.474886484,35.02787858194623,35.26003401358824,34.644983328808934,34.356066105819075
566,36.536746751,36.554421113000004,35.03147681071888,35.24894421782353,34.626073441256935,34.35580828094256
567,36.5175995255,36.604498472,35.03623407251211,35.243572598,34.63223809150702,34.38017303249622
568,36.504343754000004,36.554421113000004,35.04116964707774,35.27718854141177,34.640993508991286,34.37260231014349
569,36.529382433500004,36.519072389,35.046980055897436,35.31704249494118,34.6532238841599,34.39310932411271
570,36.513180935,36.554421113000004,35.029194680508475,35.23265608029412,34.657547500212104,34.395400487076465
571,36.5470567955,36.4439563505,35.02494007426253,35.28966456164706,34.63950510137546,34.37764506224852
572,36.55736684,36.5588397035,35.03901082753316,35.25882106717647,34.62797973234307,34.38898042820918
573,36.4999251635,36.580932656,35.02182502886571,35.264192687000005,34.672321390373135,34.3661812811133
574,36.3909332645,36.5588397035,35.01866974512821,35.196440966000004,34.64393611592341,34.36455630273973
575,36.5470567955,36.530855297,35.01911432075451,35.24201309547059,34.59000271783313,34.35531421372058
576,36.5470567955,36.417444807500004,35.02632435608799,35.26367285282353,34.606211778472314,34.37990833273006
577,36.55736684,36.519072389,35.01915170891647,35.293476678941175,34.61580626379462,34.36238686596751
578,36.523490979500004,36.498452300000004,35.04257035618037,35.25726156464706,34.644142736736974,34.384984546203476
579,36.498452300000004,36.580932656,35.02295918615385,35.23646819758824,34.649985492881356,34.380670968800004
580,36.542638205,36.560312567000004,35.03226913815385,35.2428794857647,34.628165292881356,34.378060153446896
581,36.55736684,36.5205452525,35.03697228738983,35.2929568447647,34.62221771591241,34.38097737463847
582,36.5558939765,36.5824055195,35.03104754833898,35.25916762329412,34.644596383713434,34.372008360218146
583,36.477832211,36.504343754000004,35.03856611098097,35.23490869505883,34.660721173701866,34.36663659060266
584,36.477832211,36.504343754000004,35.03112777384615,35.19886685882353,34.66593268933086,34.37740935789047
585,36.5558939765,36.507289481,35.040067797118645,35.21082304488235,34.663911173472556,34.376282933172206
586,36.5323281605,36.5676768845,35.029518583422636,35.23369574864706,34.649600464602415,34.37948166219276
587,36.542638205,36.535273887500004,35.03658282384615,35.28637227852941,34.63360191668241,34.36486063217004
588,36.448374941000004,36.415971944,35.03116374120879,35.22018006005882,34.676564782727276,34.375427895720655
589,36.522018116,36.367367448500005,35.03742206230769,35.253969281529415,34.66931791845694,34.37087628127219
590,36.398297582,36.3614759945,35.03042641027473,35.19696080017647,34.68797139674334,34.39885850367883
591,36.5382196145,36.563258294,35.03184248014888,35.258647789117646,34.64020607329246,34.379606071681145
592,36.5175995255,36.442483487000004,35.0259781777069,35.25448911570588,34.64915477358696,34.398380132637975
593,36.5175995255,36.535273887500004,35.03094615666852,35.275975595,34.63608808421575,34.39909605616202
594,36.4881422555,36.362948858,35.03204804222812,35.22433873347059,34.67763360711723,34.41992474934947
595,36.5676768845,36.491087982500005,35.032833322977666,35.31375021182353,34.62723476919708,34.39697441439922
596,36.5676768845,36.457212122,35.02587204298077,35.26505907729412,34.63249275197098,34.40755457806037
597,36.592715564,36.566204021000004,35.037374855144236,35.32778573458823,34.63515939240752,34.429140663118545
598,36.541165341500005,36.398297582,35.04209201826303,35.30733892364706,34.63655276236507,34.437842656763976
599,36.589769837,36.6000798815,35.03349274421336,35.25934090135294,34.63686695617434,34.40717505181056
600,36.592715564,36.4881422555,35.02335432759615,35.313057099588235,34.62675239707169,34.4224493784
601,36.5676768845,36.585351246500004,35.028090779663465,35.25968745747059,34.648011580511884,34.41099510757397
602,36.5794597925,36.684033101000004,35.02115583640986,35.23178969,34.62929486821965,34.38845187136095
603,36.529382433500004,36.5264367065,35.02738267221154,35.25085027647059,34.65253301893617,34.41057424540275
604,36.5028708905,36.5617854305,35.02332285615385,35.22780429464706,34.642222970286056,34.39017261972603
605,36.545583932,36.6825602375,35.023269583553855,35.15260161711765,34.67217177995232,34.386087095111556
606,36.563258294,36.636901469,35.01457252188081,35.14168509941177,34.66827317833935,34.39956194
607,36.4851965285,36.603025608500005,35.010029082147334,35.13943248464706,34.66941108334895,34.37550357822473
608,36.551475386,36.603025608500005,35.007089511316615,35.15242833905882,34.6496062813658,34.373625810140844
609,36.5676768845,36.607444199,35.014651540323094,35.20059963941176,34.63680924728905,34.377587394068556
610,36.535273887500004,36.6501572405,35.01736426307693,35.16923631076471,34.6591191942994,34.375789797969965
611,36.5087623445,36.6148085165,35.01830316110577,35.15364128547059,34.68389140320188,34.39772897587349
612,36.6148085165,36.5175995255,35.0053657839185,35.17426137447059,34.657989876672566,34.37658269501071
613,36.575041202,36.551475386,34.99930037867374,35.12349090323529,34.69601308479218,34.385025970448226
614,36.5794597925,36.5175995255,35.00225999651724,35.17426137447059,34.68482255235223,34.38552574347826
615,36.6265914245,36.4969794365,35.01977739292935,35.22520512376471,34.64458458922156,34.37141273190678
616,36.563258294,36.4969794365,35.014477182110944,35.19574785376471,34.64455289062347,34.3698581932577
617,36.589769837,36.569149748,35.024250208768585,35.20510486894118,34.66130778091912,34.38029582256465
618,36.5500025225,36.530855297,35.026675849891106,35.21498171829412,34.665876903816034,34.390557116000004
619,36.592715564,36.5146537985,35.020589455226386,35.22018006005882,34.66459424604369,34.39434806183182
620,36.548529659,36.4616307125,35.019423530296855,35.23300263641177,34.65384022656826,34.382526912173915
621,36.566204021000004,36.5146537985,35.02517895972174,35.219833503941175,34.646779602486085,34.392273247550804
622,36.603025608500005,36.4144990805,35.04289307066214,35.187430506941176,34.66326969939796,34.39592450083333
623,36.530855297,36.592715564,35.0335046666648,35.115693390588234,34.68545269676259,34.400495545084745
624,36.5617854305,36.583878383,35.0146851661153,35.03841137635294,34.66248774714286,34.38256004370058
625,36.575041202,36.622172834,35.02560432425297,35.022643073,34.69352193321387,34.385778126833856
626,36.545583932,36.5558939765,35.02508091603448,35.06024441176471,34.68887463045481,34.390779213715184
627,36.5117080715,36.5529482495,35.007730944438265,35.0763592712353,34.66653622740073,34.391187465961536
628,36.575041202,36.5735683385,35.00811289321267,35.06076424594118,34.65851664235922,34.39412061749089
629,36.566204021000004,36.451320668,35.024035889570655,35.08883529147059,34.713829828121355,34.40212514374805
630,36.5647311575,36.507289481,35.01356480167832,35.01501883841176,34.67705439904762,34.38444754187692
631,36.548529659,36.473413620500004,35.01726780041107,35.115000278352944,34.66588121415049,34.357737496068644
632,36.575041202,36.504343754000004,35.01355348905956,35.13198152811765,34.6633501428877,34.37634935945585
633,36.583878383,36.495506573,35.01227925255071,35.06578930964706,34.665924459745455,34.36921222735703
634,36.5882969735,36.5146537985,35.01438547723124,35.145497216705884,34.667627470295656,34.370917502643394
635,36.566204021000004,36.483723665,35.0117564308215,35.0645763632353,34.686945055380924,34.379972320184336
636,36.580932656,36.554421113000004,35.00527443358242,35.04742183541177,34.6744581416,34.37263442129231
637,36.5647311575,36.554421113000004,35.00613983167343,35.14220493358824,34.67870434495667,34.36664409390207
638,36.542638205,36.554421113000004,35.004143788959276,35.06578930964706,34.67609343303739,34.36504285666667
639,36.542638205,36.5441110685,35.00226756206594,34.98608140258823,34.66335562594974,34.37033156825773
640,36.5264367065,36.5087623445,35.00137966431035,35.06319013876471,34.66547063652328,34.3523192025924
641,36.539692478,36.575041202,35.011099169219065,35.06319013876471,34.666124224746355,34.361491863137665
642,36.5824055195,36.5765140655,35.01872397533913,35.065616031588235,34.68852036622951,34.382266635018276
643,36.5441110685,36.389460401,35.0117566906087,35.062497026529414,34.69122021142857,34.3996218125
644,36.541165341500005,36.5588397035,35.00294211109463,35.11517355641177,34.6771743677791,34.387393060673816
645,36.541165341500005,36.5264367065,35.007115852163686,35.14151182135294,34.6855357543943,34.393671079164086
646,36.5558939765,36.551475386,35.00527759797443,35.18656411664706,34.681154282,34.382778059056605
647,36.5558939765,36.551475386,35.004730857267084,35.20510486894118,34.673970183949734,34.40417409014085
648,36.554421113000004,36.533801024,34.999958714951404,35.175647598941175,34.66227649368229,34.384163094299566
649,36.5706226115,36.533801024,35.01455927486445,35.20441175670588,34.68589379336898,34.3899866990257
650,36.551475386,36.5323281605,35.01261554707417,35.20406520058824,34.67714633797605,34.40000077207427
651,36.569149748,36.516126662000005,35.0209328938977,35.278921322,34.680042681967215,34.39211317108819
652,36.569149748,36.604498472,35.013439963180126,35.1824054432353,34.67593769193549,34.37981947197512
653,36.569149748,36.523490979500004,35.02314162741486,35.23040346552941,34.6886822988024,34.399765449688985
654,36.5765140655,36.5117080715,35.02418363333168,35.219140391705885,34.71430177563892,34.41470184132995
655,36.5794597925,36.5676768845,35.02319806504348,35.23144313388235,34.69552035219252,34.4055132665
656,36.5794597925,36.6442657865,35.00364024588235,35.161265520058826,34.693767779242684,34.39450791868283
657,36.5794597925,36.529382433500004,35.02631455882609,35.193668517058825,34.687885830955636,34.39240717625
658,36.583878383,36.6206999705,35.01918504565218,35.20406520058824,34.68618306692443,34.407310809328656
659,36.583878383,36.6206999705,35.023774928694586,35.234735417,34.68899362552291,34.399011509944756
660,36.563258294,36.563258294,35.02049916004785,35.303700084411766,34.693390892880146,34.418934047603734
661,36.5794597925,36.710544644,35.01442907935228,35.31634938270588,34.63184789010539,34.412051843429424
662,36.592715564,36.654575831,35.01307510340517,35.257434842705884,34.62998974085561,34.41633259189587
663,36.5500025225,36.495506573,34.99873251152038,35.28273343929412,34.64000230178158,34.40286300529561
664,36.583878383,36.6913974185,35.005915765218056,35.25033044229412,34.64052621439275,34.39980396876325
665,36.583878383,36.6943431455,35.012208720327365,35.28134721482353,34.61386338027795,34.41130972117826
666,36.577986929,36.616281380000004,35.01555062279919,35.34771271135294,34.647052129671536,34.410155678174405
667,36.591242700500004,36.6972888725,35.02619826075862,35.277535097529416,34.67368639557895,34.401189080871305
668,36.5735683385,36.742947641,35.02281720464532,35.276668707235295,34.66677054593968,34.40120589073025
669,36.442483487000004,36.726746142500005,35.03149872250784,35.228150850764706,34.67525832945214,34.41064163403309
670,36.536746751,36.6442657865,35.03940623141481,35.18361838964706,34.69285514116012,34.39829924119388
671,36.4969794365,36.6943431455,35.03411509445141,35.160745685882354,34.695604700957446,34.39130187810505
672,36.477832211,36.601552745,35.01799375657935,35.15676029052941,34.69067473738975,34.384688922602116
673,36.4940337095,36.368840312,35.033961708809784,35.05677885058824,34.739742860761794,34.42877726620902
674,36.539692478,36.580932656,35.031389848056264,35.175994155058824,34.70807718599758,34.41327544842598
675,36.4940337095,36.3349644515,35.02705582872666,35.05677885058824,34.71215294683641,34.42449375273585
676,36.5558939765,36.507289481,35.031726940497535,35.09593969188235,34.676264760866985,34.40113765690464
677,36.5323281605,36.601552745,35.036129767762844,35.150175724294115,34.71921318706282,34.39287432241063
678,36.522018116,36.548529659,35.04196421028213,35.125916796058824,34.72116267751748,34.376500737408776
679,36.542638205,36.4881422555,35.04073243641148,35.224165455411764,34.6970665519349,34.39425921852988
680,36.545583932,36.3879875375,35.04142282951319,35.15173522682353,34.72340644872005,34.389534427650666
681,36.533801024,36.572095475,35.035207814498435,35.11759944923529,34.7391317052219,34.377220890632515
682,36.533801024,36.4144990805,35.03458786901401,35.01657834094118,34.74449305821886,34.400552240337596
683,36.530855297,36.479305074500004,35.01930950733542,35.124010737411766,34.68898290710572,34.402192162824974
684,36.507289481,36.2996157275,35.00994749317308,34.96216903047059,34.690163981844314,34.4182448236906
685,36.5323281605,36.389460401,35.022756962131666,35.013979170058825,34.720509048280256,34.39496397513706
686,36.5264367065,36.4086076265,35.03594963289655,34.987294349,34.70784102651801,34.38605090295329
687,36.522018116,36.507289481,35.00833962768179,34.98746762705883,34.692605620952385,34.39000665744616
688,36.467522166500004,36.301088591,35.001250020124694,34.892684528882356,34.69790230112529,34.40294125113433
689,36.477832211,36.433646306,35.01089345005085,34.98642795870588,34.70811056249567,34.392840659228426
690,36.504343754000004,36.429227715500005,35.02188532188586,35.06734881217647,34.710435196495084,34.38226945304656
691,36.504343754000004,36.4822508015,35.0428269793002,35.01259294558824,34.72062963333727,34.37734456008342
692,36.495506573,36.35116595,35.02793866769231,35.06734881217647,34.689674345206896,34.38486287166667
693,36.529382433500004,36.457212122,35.04351931217391,35.125570239941176,34.7205164790099,34.3863615345334
694,36.5175995255,36.467522166500004,35.02980577595611,35.14653688505882,34.703933306203275,34.3895084477997
695,36.5323281605,36.457212122,35.04377104596552,35.17148892552941,34.721972784604965,34.39156189211499
696,36.52790957,36.448374941000004,35.04454012739902,35.15156194876471,34.68969456705408,34.37634226302115
697,36.5175995255,36.513180935,35.02952490073276,35.216714498882354,34.6945147002174,34.398168279868756
698,36.5117080715,36.583878383,35.05068371886997,35.19158918035294,34.71977156662811,34.40918354731855
699,36.5117080715,36.52790957,35.043195444137936,35.15710684664706,34.69735064857143,34.40463840772932
700,36.52790957,36.583878383,35.04171411590517,35.22971035329412,34.71291146326966,34.39084578062532
701,36.489615119,36.365894585,35.032502575272524,35.112227829411765,34.710965774418604,34.418681105850744
702,36.5175995255,36.4616307125,35.04515226953261,35.07601271511765,34.74803888833816,34.41915941760243
703,36.523490979500004,36.5647311575,35.04276592930947,35.146710163117646,34.72976187791715,34.40574270754774
704,36.4498478045,36.4969794365,35.02072646216346,35.128689245000004,34.70858391654811,34.42153166411735
705,36.498452300000004,36.625118561,35.01339958482759,35.118119283411765,34.70825052833724,34.3965741121291
706,36.519072389,36.433646306,35.01920850768319,35.155200788,34.683241890918794,34.408324428337494
707,36.5441110685,36.575041202,35.03597054576572,35.196787522117646,34.693788941391304,34.39207640522541
708,36.533801024,36.6206999705,35.0317141884326,35.17772693564706,34.654923901381736,34.378732995663015
709,36.523490979500004,36.41008049,35.027128323270475,35.12037189817647,34.68934910644893,34.41079057446495
710,36.554421113000004,36.6059713355,35.03229902451411,35.205278147,34.64701711834292,34.3766006151551
711,36.529382433500004,36.6177542435,35.03075752158371,35.205451425058826,34.65125592809745,34.36882691197605
712,36.536746751,36.563258294,35.02795892517241,35.18136577488235,34.66135930769231,34.37033838625816
713,36.510235208000005,36.603025608500005,35.02500657831731,35.21082304488235,34.646190072500005,34.36105943052415
714,36.492560846,36.5558939765,35.03528940927602,35.129902191411766,34.670085975625355,34.36886409023512
715,36.474886484,36.654575831,35.014828008480606,35.075839437058825,34.67663344769231,34.355961663837974
716,36.5146537985,36.548529659,35.02851192551407,35.174088096411765,34.667761567784225,34.36416467040561
717,36.5117080715,36.542638205,35.019786610454545,35.181885609058824,34.663995299170985,34.38128008194472
718,36.548529659,36.595661291,35.03649119177717,35.205451425058826,34.66453797772021,34.36304264143641
719,36.551475386,36.541165341500005,35.02554007002482,35.17738037952941,34.67149592794974,34.369974182544354
720,36.5441110685,36.454266395000005,35.029848471968855,35.078958442117646,34.67610642479775,34.37842369132778
721,36.535273887500004,36.560312567000004,35.025163935528845,35.12193140070588,34.646800430961214,34.365364912686566
722,36.563258294,36.604498472,35.02438241530996,35.086062842529415,34.65103433677089,34.37851275667004
723,36.545583932,36.46899503,35.029471654833145,35.086062842529415,34.66409795,34.35947487159862
724,36.52790957,36.5264367065,35.00965817294828,35.10858899017647,34.63031531170984,34.36145053035553
725,36.548529659,36.530855297,35.03369801398276,35.160745685882354,34.67551185233314,34.37956555990849
726,36.5500025225,36.480777938,35.02805930822115,35.14584377282353,34.66292096970123,34.3865102790207
727,36.572095475,36.46899503,35.04589902991866,35.22433873347059,34.66201179713783,34.37026375092228
728,36.5529482495,36.492560846,35.02643852894231,35.13284791841177,34.655698039191094,34.36569753738058
729,36.5735683385,36.3909332645,35.03075228698276,35.193668517058825,34.65798298680473,34.37476770988283
730,36.5500025225,36.604498472,35.0234620358944,35.126783186352945,34.66820381818501,34.38394499819847
731,36.583878383,36.3408559055,35.04339750550056,35.25067699841176,34.653581568185054,34.40121019470588
732,36.536746751,36.2789956385,35.037827165233594,35.23144313388235,34.67202944917993,34.403037945829595
733,36.5706226115,36.466049303,35.03240649662186,35.23646819758824,34.652190297690446,34.404824943356786
734,36.5500025225,36.2701584575,35.05886311373428,35.20787731788236,34.6646647506659,34.40133814790966
735,36.5824055195,36.4439563505,35.0373429614096,35.193668517058825,34.66373797935006,34.3991819399711
736,36.533801024,36.433646306,35.02974747341177,35.15433439770588,34.64937397285136,34.39044362369458
737,36.5617854305,36.5794597925,35.039069245593225,35.13943248464706,34.644078788992076,34.377211805234836
738,36.5382196145,36.480777938,35.02489196135484,35.093860355176474,34.63833511221714,34.39535938102169
739,36.5617854305,36.548529659,35.05396084785146,35.13943248464706,34.65286347874363,34.3859969546383
740,36.583878383,36.398297582,35.06865404798913,35.31877527552941,34.62306247676234,34.424677381022455
741,36.583878383,36.566204021000004,35.055658085451064,35.211342879058826,34.62954835082847,34.4063108917192
742,36.5706226115,36.5735683385,35.054339485359804,35.14255148970588,34.636719456657225,34.36538357520423
743,36.539692478,36.539692478,35.04126118157038,35.14619032894118,34.626052645581396,34.372157653727925
744,36.533801024,36.539692478,35.04987257096774,35.09645952605882,34.643568037142856,34.375707347652174
745,36.6000798815,36.591242700500004,35.04721063454546,35.16871647658824,34.64931510674888,34.38440939021898
746,36.554421113000004,36.429227715500005,35.05797931510593,35.171662203588234,34.65758782090909,34.38660337445498
747,36.585351246500004,36.498452300000004,35.065709335158374,35.21654122082353,34.64576829808995,34.40029389584466
748,36.601552745,36.498452300000004,35.06779755791855,35.216367942764705,34.65885796092562,34.3964030185879
749,36.519072389,36.256902686000004,35.06066556032815,35.199386693,34.67081492062069,34.391989188130395
750,36.5028708905,36.495506573,35.05277752162069,35.17235531582353,34.66036506750704,34.363658062576505
751,36.52790957,36.35116595,35.033580515930524,35.109108824352944,34.6612364501031,34.38028769797583
752,36.5647311575,36.489615119,35.054699884134614,35.21030321070588,34.63422792714286,34.35203451559009
753,36.5647311575,36.5882969735,35.04489949804812,35.17738037952941,34.618497905184775,34.341032868256335
754,36.516126662000005,36.566204021000004,35.038586612355935,35.17304842805883,34.63805062630316,34.345456697469345
755,36.5205452525,36.417444807500004,35.04012765426891,35.20094619552941,34.6201585739,34.35056133076923
756,36.507289481,36.5588397035,35.03595454101891,35.16923631076471,34.625042990000004,34.357149798147965
757,36.491087982500005,36.483723665,35.041066348644065,35.16577074958823,34.66279025559558,34.374184366462885
758,36.551475386,36.4822508015,35.04586820671486,35.21186271323529,34.646279992550745,34.3721471064669
759,36.5470567955,36.566204021000004,35.04599858799692,35.21186271323529,34.62847069367559,34.36637596297688
760,36.3762046295,36.551475386,35.01508870859678,35.16542419347059,34.69332148790698,34.37415105550884
761,36.466049303,36.5765140655,35.04560463730769,35.21012993264706,34.66428770036626,34.370922158781084
762,36.4763593475,36.5323281605,35.02547606031165,35.09368707711765,34.658219590984636,34.39401464544132
763,36.492560846,36.554421113000004,35.034221760430675,35.154854231882354,34.652794780968975,34.3708974166087
764,36.466049303,36.510235208000005,35.02089303961803,34.97187260176471,34.679294992784534,34.387055466468084
765,36.492560846,36.542638205,35.021334204805676,35.11881239564706,34.67692958604178,34.38367401297608
766,36.492560846,36.542638205,35.01867695115996,35.025762078058825,34.6463825222335,34.369921530588236
767,36.507289481,36.5971341545,35.037703702936234,35.1058165412353,34.67554817332969,34.37927823810345
768,36.535273887500004,36.6206999705,35.03506133388235,35.073413544235294,34.67554817332969,34.38162482325714
769,36.5500025225,36.5529482495,35.03309751588235,35.01068688694118,34.65968661862069,34.35484814507042
770,36.5087623445,36.5529482495,35.02805844990909,35.04482266452941,34.6523533005157,34.35030829586104
771,36.4262819885,36.360003131,35.030117327419674,35.00704804770589,34.66355369147321,34.38716585560628
772,36.622172834,36.5588397035,35.048715340921056,35.325186563705884,34.60373368406877,34.38620463130137
773,36.536746751,36.498452300000004,35.03406127194286,35.170969091352944,34.64812809808896,34.37316482
774,36.583878383,36.483723665,35.05116878830769,35.23542852923529,34.669242240992,34.37226212984308
775,36.575041202,36.6089170625,35.038656853602944,35.118119283411765,34.69317874456897,34.3583589115007
776,36.504343754000004,36.6324828785,35.043517338751926,35.068041924411766,34.68725283585273,34.354642827153846
777,36.5676768845,36.545583932,35.04267874685315,35.13371430870588,34.669196632542935,34.405643182111
778,36.5735683385,36.604498472,35.04476686312064,35.21099632294118,34.66725606465116,34.38177598709206
779,36.625118561,36.653102967500004,35.05424192038793,35.18569772635294,34.67283882955631,34.379172847671235
780,36.591242700500004,36.569149748,35.047439456909274,35.21446188411765,34.7166647106921,34.38848017111332
781,36.5323281605,36.471940757,35.032304864291966,35.09559313576471,34.684971402920205,34.38890771467474
782,36.5146537985,36.4439563505,35.05869360029781,35.110668326882355,34.696062333810055,34.36919301622356
783,36.5735683385,36.591242700500004,35.04707330461539,35.13371430870588,34.66171424791779,34.38421708517276
784,36.495506573,36.3909332645,35.03560219565736,34.98278911947059,34.694224020354895,34.38403907795919
785,36.495506573,36.43953776,35.05650816020376,35.01259294558824,34.73283037754759,34.374336300883094
786,36.522018116,36.6059713355,35.032921912764834,35.07133420752941,34.67412281249719,34.36832529504478
787,36.491087982500005,36.6678316025,35.033032547734976,35.02472240970588,34.686618211191714,34.387535450211054
788,36.5676768845,36.519072389,35.04042174035165,35.11915895176471,34.654076232261424,34.39115357363905
789,36.592715564,36.616281380000004,35.03525659431433,35.16022585170588,34.6779602837,34.37511094594595
790,36.607444199,36.5676768845,35.04359209662014,35.208916986235295,34.67160620232063,34.37423623101797
791,36.607444199,36.491087982500005,35.048156064474576,35.208916986235295,34.68157755367721,34.38115880231785
792,36.5146537985,36.548529659,35.03750484820339,35.158839627235295,34.66696695945671,34.37412154354919
793,36.5500025225,36.5441110685,35.05742497216351,35.24755799335294,34.69938347358134,34.38760940505917
794,36.5205452525,36.3938789915,35.064532309491526,35.292783566705886,34.69672756931663,34.39021504756836
795,36.5205452525,36.46899503,35.061452989822044,35.245305378588235,34.698557776311894,34.3849774877551
796,36.575041202,36.6089170625,35.049062793438914,35.25674173047059,34.66147488744186,34.357163703851924
797,36.4439563505,36.448374941000004,35.03927207637182,35.12955563529412,34.711588606290235,34.3680079010382
798,36.5500025225,36.542638205,35.05458067412587,35.197653912411766,34.69311882567416,34.362290272260694
799,36.4144990805,36.433646306,35.062625261485415,35.174088096411765,34.71437084309496,34.392386626921095
800,36.5264367065,36.577986929,35.082657532634826,35.32553311982353,34.675749937477065,34.37649837079461
801,36.5264367065,36.595661291,35.058283301234376,35.27441609247059,34.640176928923076,34.36995849423835
802,36.510235208000005,36.5558939765,35.071528713384616,35.27441609247059,34.70894845443299,34.392669591523315
803,36.519072389,36.55736684,35.06729930415967,35.31219070929412,34.6722703695702,34.37616016908622
804,36.575041202,36.52790957,35.06387808607832,35.33818241811765,34.64971471628687,34.418111183334986
805,36.522018116,36.598607018,35.0736435943077,35.14653688505882,34.7208042464,34.41762142878318
806,36.563258294,36.6413200595,35.082899605731896,35.20961009847059,34.71766648955125,34.38833034293741
807,36.52790957,36.669304466,35.07847706640199,35.151042114588236,34.72378978504259,34.39032343181818
808,36.603025608500005,36.6059713355,35.07355718923478,35.16369141288236,34.70688919314286,34.40710443228916
809,36.489615119,36.5382196145,35.063724783031674,35.207357483705884,34.707933787251264,34.3774110898051
810,36.5558939765,36.64573865,35.04532062630014,35.15329472935294,34.689816182505695,34.38790281280525
811,36.5117080715,36.6295371515,35.06445317020979,35.24582521276471,34.71399253815117,34.39944587317406
812,36.5117080715,36.6295371515,35.05639260160247,35.173221706117644,34.69309135562753,34.38075097984947
813,36.530855297,36.572095475,35.04919238173077,35.26349957476471,34.6648273127781,34.38421502979592
814,36.530855297,36.592715564,35.04439761493213,35.278921322,34.637170232857144,34.39875542220588
815,36.530855297,36.5028708905,35.048717015478566,35.29399651311765,34.644485369375005,34.38579599656535
816,36.530855297,36.619227107,35.05241352506934,35.281000658705885,34.64237465823798,34.39111539540786
817,36.471940757,36.6589944215,35.0349169355,35.212035991294115,34.655066841577145,34.384729526
818,36.510235208000005,36.535273887500004,35.04879755818182,35.24703815917647,34.62763711920917,34.3860304518481
819,36.575041202,36.5882969735,35.06113301719457,35.27545576082353,34.656395397077524,34.40587342994036
820,36.5175995255,36.5882969735,35.061213594127615,35.3120174312353,34.674546563649805,34.41479612665706
821,36.563258294,36.6589944215,35.04381050063025,35.26090040388235,34.622536993673805,34.37421674904478
822,36.5647311575,36.610389926,35.05280689385208,35.35117827252941,34.64866280146425,34.40339239965418
823,36.613335653,36.660467285,35.055441710989015,35.313057099588235,34.621897593822354,34.40751393580629
824,36.575041202,36.681087374,35.057267583574664,35.319814943882356,34.626518538765716,34.413584444470246
825,36.5382196145,36.604498472,35.04912818375374,35.30283369411765,34.63521472455995,34.41268432839363
826,36.4557392585,36.666358739,35.04595309757983,35.3120174312353,34.652280486589056,34.39178514810496
827,36.5058166175,36.6855059645,35.05296836286834,35.27181692158824,34.63442087336042,34.403892310204085
828,36.5146537985,36.6619401485,35.046247145194805,35.31271054347059,34.63270879110848,34.404602474785214
829,36.529382433500004,36.6206999705,35.05093981684133,35.276668707235295,34.62179865809745,34.398949770148114
830,36.5146537985,36.678141647000004,35.04717592059091,35.26384613088236,34.64291361361143,34.41970021006079
831,36.5558939765,36.633955742,35.057477787296094,35.31045792870589,34.62208175516874,34.40220649308038
832,36.585351246500004,36.548529659,35.06755570161017,35.385833884294115,34.62830140496429,34.419582144242135
833,36.536746751,36.554421113000004,35.0520944691675,35.34234109152941,34.61241735261283,34.40812297627748
834,36.536746751,36.592715564,35.04753107104895,35.35013860417647,34.60285420828775,34.414813222523506
835,36.5558939765,36.5529482495,35.039610747985904,35.33142457382353,34.622432732481755,34.39864861866864
836,36.5824055195,36.577986929,35.054587336095665,35.33211768605882,34.649426192231985,34.40205436986425
837,36.5558939765,36.5735683385,35.04542480049451,35.361401678,34.64512603802198,34.39264745885947
838,36.5264367065,36.5824055195,35.05648956015385,35.362441346352945,34.633781683489524,34.41513923221801
839,36.55736684,36.585351246500004,35.05570785819749,35.37803637164706,34.605648531255305,34.416514284
840,36.436592033000004,36.5676768845,35.04436770292669,35.31842871941176,34.63214882562946,34.38155425560761
841,36.486669392,36.569149748,35.05353544076923,35.31842871941176,34.61329074278169,34.394634896446995
842,36.460157849,36.572095475,35.056562253014704,35.305259586941176,34.617783427733485,34.38172258032401
843,36.539692478,36.5500025225,35.06695194952562,35.300581079352945,34.66301973955632,34.39678441593765
844,36.542638205,36.5794597925,35.06893743706871,35.281000658705885,34.6478189895054,34.396185131
845,36.483723665,36.5647311575,35.05673553107353,35.28463949794118,34.624581030631155,34.40199503109635
846,36.530855297,36.592715564,35.06300242086765,35.304739752764704,34.6292422526097,34.39869177338575
847,36.4498478045,36.595661291,35.061159245387095,35.26159351611765,34.66541881590294,34.399553256874086
848,36.5617854305,36.5264367065,35.08529906074682,35.40714708552942,34.640526889913744,34.43097626124654
849,36.467522166500004,36.5794597925,35.064832429700004,35.25587534017647,34.65502781587629,34.4026075432
850,36.5264367065,36.6177542435,35.076158911868134,35.27528248276471,34.64065802836571,34.42088699287791
851,36.5706226115,36.6059713355,35.062868056949156,35.36781296617647,34.620960466250004,34.39737959441882
852,36.483723665,36.5647311575,35.064876637603746,35.34892565776471,34.642469365593826,34.41584017584924
853,36.4822508015,36.318762953000004,35.051545448287264,35.31600282658824,34.70621177857143,34.4039637591458
854,36.4351191695,36.483723665,35.05987145137143,35.29053095194118,34.685455972043506,34.41077269778828
855,36.4645764395,36.592715564,35.04768541087928,35.237854422058824,34.68109360397965,34.40257602047985
856,36.522018116,36.5941884275,35.0606563022324,35.27632215111765,34.701415446857766,34.40217210143969
857,36.522018116,36.466049303,35.0585586842503,35.23976048070588,34.692669163886414,34.40905579382098
858,36.6295371515,36.523490979500004,35.09150136507836,35.285679166294116,34.6961776851749,34.422435941101696
859,36.5558939765,36.52790957,35.06978914483824,35.270430697117646,34.68717196443094,34.416660181742984
860,36.5470567955,36.535273887500004,35.074615881786315,35.37075869317647,34.63748602355727,34.43200260552764
861,36.4881422555,36.5382196145,35.066946406105984,35.28463949794118,34.63844988330606,34.40338224103921
862,36.5264367065,36.504343754000004,35.074292027396694,35.37734325941177,34.62396563019544,34.43628374
863,36.5676768845,36.529382433500004,35.080491540371426,35.41078592476471,34.637218826711866,34.41770629708502
864,36.542638205,36.489615119,35.07885736325,35.38722010876471,34.659575644966516,34.41114018690859
865,36.398297582,36.355584540500004,35.043345325872934,35.26401940894118,34.69427688741611,34.40724464645728
866,36.5205452525,36.510235208000005,35.06374761540024,35.347539433294116,34.66653923750838,34.40957295233103
867,36.55736684,36.5588397035,35.068567439836066,35.19557457570588,34.68500785183717,34.41515542540334
868,36.539692478,36.577986929,35.07956986722198,35.339395364529416,34.664165369984154,34.4205274278215
869,36.516126662000005,36.427754852,35.07338229737223,35.258647789117646,34.68776444377276,34.4194949991564
870,36.519072389,36.2996157275,35.08039708684132,35.33229096411765,34.664798645925515,34.44524448820924
871,36.519072389,36.474886484,35.07933363923675,35.33229096411765,34.674510824176664,34.42263619067373
872,36.510235208000005,36.324654407000004,35.08713258393389,35.346673043,34.71141054156146,34.41568330765243
873,36.519072389,36.2819413655,35.066166706824355,35.33229096411765,34.70259889306378,34.43166730472103
874,36.535273887500004,36.3762046295,35.06658862456357,35.26627202370588,34.716398206616546,34.39507115236842
875,36.633955742,36.3997704455,35.07676708727273,35.34736615523529,34.684108152462315,34.4064437965407
876,36.601552745,36.3997704455,35.075428120454546,35.321721002529415,34.68930669115044,34.40826688086957
877,36.601552745,36.5588397035,35.08214101573328,35.274762648588236,34.71198410118148,34.402337983814135
878,36.625118561,36.339383042,35.08758702115703,35.32847884682353,34.71526979284414,34.39832044160742
879,36.6589944215,36.349693086500004,35.09925155227293,35.352564497,34.72281240867742,34.426662331645694
880,36.6737230565,36.6265914245,35.09428563715691,35.231616411941175,34.71773144882353,34.39014922120278
881,36.6913974185,36.5794597925,35.098939178816174,35.36452068305883,34.68554261710021,34.41982797858987
882,36.67519592,36.5971341545,35.08210844,35.30318025023529,34.68934332183835,34.40478782626866
883,36.684033101000004,36.566204021000004,35.10565730848361,35.205797981176474,34.71932005914692,34.39754091316633
884,36.653102967500004,36.545583932,35.107234592288115,35.18517789217647,34.74022842194519,34.39597033840625
885,36.529382433500004,36.436592033000004,35.06299206980626,35.279441156176475,34.70937657681529,34.42038364752321
886,36.6737230565,36.4999251635,35.09279374880054,35.24859766170589,34.70975632229491,34.40372904266927
887,36.6148085165,36.589769837,35.09349119589011,35.30664581141177,34.70955479935419,34.42592194970156
888,36.5441110685,36.457212122,35.07852524697059,35.23265608029412,34.72738775150313,34.451507107804154
889,36.6000798815,36.442483487000004,35.093135892655795,35.19973324911765,34.729487877416624,34.42092335475036
890,36.585351246500004,36.4616307125,35.08687020053719,35.29416979117647,34.720196338407646,34.423904736967934
891,36.6118627895,36.563258294,35.085909931404956,35.19037623394118,34.72293517189441,34.40962431202375
892,36.589769837,36.676668783500006,35.08369184495868,34.98954696376471,34.74314993761737,34.39956904871034
893,36.5882969735,36.371786039,35.08398350582353,35.21879383558824,34.728574539407965,34.42192865103656
894,36.585351246500004,36.604498472,35.08067772051948,35.017098175117646,34.739491942453306,34.41696030927937
895,36.6059713355,36.413026217,35.08796571884298,35.23213624611765,34.7232770664486,34.39876818827112
896,36.5941884275,36.519072389,35.08252549472857,35.10962865852942,34.70867883364929,34.38934678407132
897,36.631010015,36.572095475,35.074724165,35.04274332782353,34.72088744263054,34.37605378388583
898,36.5794597925,36.477832211,35.060514271036645,35.11188127329412,34.72435058635037,34.39358077080078
899,36.6619401485,36.554421113000004,35.07261340957466,35.3061259772353,34.70518434015385,34.41001069640876
900,36.5971341545,36.342328769,35.0605994897541,35.19990652717647,34.697763721595095,34.39792126678829
901,36.647211513500004,36.554421113000004,35.0727772366529,35.22329906511765,34.70600402908608,34.41088118380091
902,36.631010015,36.580932656,35.063081090368854,35.232482802235296,34.69117748081208,34.39442389837117
903,36.5882969735,36.448374941000004,35.0467612128125,35.232482802235296,34.68288432726791,34.410385621759026
904,36.660467285,36.583878383,35.073918561103234,35.19037623394118,34.717175858857146,34.38789805271195
905,36.648684377,36.479305074500004,35.05554239012295,35.20995665458824,34.683558020470464,34.39314752947369
906,36.633955742,36.3379101785,35.06386889433319,35.20839715205882,34.739320124858516,34.414792522196194
907,36.545583932,36.4822508015,35.051629346,35.17044925717647,34.72802044542373,34.4059988177989
908,36.64573865,36.6089170625,35.08032197405406,35.237854422058824,34.7102944342069,34.39108901367287
909,36.64573865,36.577986929,35.073494057272725,35.27025741905882,34.681915440933686,34.39586990912093
910,36.6236456975,36.4881422555,35.07181537635392,35.403161690176475,34.67857496672586,34.428647147251574
911,36.610389926,36.433646306,35.06747137470588,35.33246424217647,34.696807657419356,34.400967325990734
912,36.6236456975,36.5588397035,35.09060320609146,35.32206755864706,34.68215699571116,34.409406875950495
913,36.610389926,36.477832211,35.08447551731287,35.38340799147059,34.68520795712105,34.41202545349626
914,36.529382433500004,36.398297582,35.08277055941176,35.345979930764706,34.69176176824453,34.430838052289396
915,36.58682411,36.548529659,35.08990920512295,35.3179088852353,34.70112587066957,34.405865633243245
916,36.545583932,36.548529659,35.090394794,35.31669593882353,34.675723618226336,34.3998965162187
917,36.580932656,36.516126662000005,35.09283468909091,35.36677329782353,34.67505522696496,34.40456058098214
918,36.604498472,36.569149748,35.09766308458678,35.32691934429412,34.681387344792334,34.39596887723214
919,36.539692478,36.498452300000004,35.08709535063199,35.30595269917647,34.68544248634904,34.404812215572065
920,36.513180935,36.4410106235,35.073524328567984,35.3061259772353,34.68233375087379,34.40885879196771
921,36.592715564,36.516126662000005,35.0876231827027,35.335409969176474,34.695121573722076,34.394374273698496
922,36.580932656,36.542638205,35.082171593569086,35.36504051723529,34.6706437499731,34.40269595770093
923,36.5971341545,36.647211513500004,35.08939204652377,35.354643833705886,34.66192033285564,34.39073240229787
924,36.575041202,36.4586849855,35.07255851643684,35.29832846458824,34.68759542134976,34.40542163159333
925,36.583878383,36.407134763,35.08962972054054,35.33714274976471,34.700766115522065,34.385317561898304
926,36.6295371515,36.4086076265,35.08778978405738,35.27718854141177,34.70294965070557,34.40323220503748
927,36.651630104,36.660467285,35.09167986069672,35.26904447264706,34.70862240573822,34.382753696880734
928,36.642792923,36.548529659,35.09224288856447,35.27718854141177,34.70490413511041,34.38370891070757
929,36.6354286055,36.5028708905,35.07956390081499,35.35706972652941,34.69335097053809,34.41062103498519
930,36.5647311575,36.6089170625,35.095320305,35.24235965158824,34.73550569947123,34.39341757691924
931,36.6089170625,36.5175995255,35.08737062247934,35.347539433294116,34.69613121928923,34.4100585392783
932,36.589769837,36.3879875375,35.086193954669426,35.39224517247059,34.681573850300474,34.40900687026087
933,36.566204021000004,36.6383743325,35.0857910895082,35.30352680635294,34.6905833161242,34.39694828558987
934,36.5470567955,36.305507181500005,35.07822556114754,35.29070423,34.72921521886463,34.396363431611256
935,36.5470567955,36.348220223,35.07323310592611,35.29070423,34.71397389622788,34.395670136829885
936,36.580932656,36.4380648965,35.09208502224321,35.27129708741177,34.737624259899555,34.37863697047022
937,36.5617854305,36.539692478,35.078417127190086,35.275109204705885,34.698349977058825,34.37924988985915
938,36.5382196145,36.5117080715,35.0858780126,35.267658248176474,34.69657325222345,34.39397693326379
939,36.5382196145,36.513180935,35.09086082400945,35.34026175482353,34.70458980311897,34.391894790806376
940,36.601552745,36.5205452525,35.103440156428576,35.3620947902353,34.69792933138614,34.40562314016997
941,36.5382196145,36.5117080715,35.08530672009091,35.34026175482353,34.711463536043595,34.395807766166506
942,36.5529482495,36.583878383,35.083212831028575,35.31530971435294,34.69330174554032,34.378641022234696
943,36.560312567000004,36.436592033000004,35.08821234968887,35.37249147376471,34.70318810378319,34.38951728383721
944,36.591242700500004,36.52790957,35.095715679256756,35.397616792294116,34.677062784421054,34.39196707121127
945,36.5175995255,36.4586849855,35.07607854602555,35.31530971435294,34.71216978209678,34.388563021337795
946,36.569149748,36.436592033000004,35.079356142880755,35.297808630411765,34.68861598055617,34.39973643222763
947,36.607444199,36.5087623445,35.085880563012985,35.326746066235295,34.69620594816054,34.39546564114538
948,36.569149748,36.523490979500004,35.09749164712084,35.3797691522353,34.687238212590984,34.395038718551824
949,36.5264367065,36.430700579,35.07363795352459,35.2501571642353,34.72091193964516,34.378843151387
950,36.591242700500004,36.471940757,35.084266847159384,35.33038490547059,34.690623187959865,34.39753071
951,36.591242700500004,36.479305074500004,35.07576701624085,35.30785875782353,34.6766184497187,34.38854171730899
952,36.591242700500004,36.501398027,35.07728734364871,35.2619400722353,34.679268618995536,34.38420989030928
953,36.591242700500004,36.354111677,35.07938338592857,35.34060831094118,34.680418124088085,34.40922806095376
954,36.6265914245,36.6265914245,35.08037824020661,35.31773560717647,34.68047713273021,34.4076711827907
955,36.6265914245,36.628064288000004,35.07446785132232,35.287585224941175,34.68858287181629,34.39524858449471
956,36.631010015,36.636901469,35.07937810816007,35.30283369411765,34.670613192673684,34.3945195224
957,36.5941884275,36.575041202,35.056936302313815,35.30283369411765,34.68424037029126,34.396730636
958,36.6206999705,36.607444199,35.08957456658642,35.27788165364706,34.70050106078346,34.3831523868066
959,36.589769837,36.4380648965,35.0868514345114,35.36538707335294,34.69728277467742,34.39080657228256
960,36.604498472,36.405661899500004,35.079525606875,35.375263922705884,34.68293976477759,34.4000617962096
961,36.589769837,36.5058166175,35.08727656947298,35.3238003392353,34.68560349482392,34.39873013681621
962,36.5882969735,36.405661899500004,35.07908840066177,35.26956430682353,34.728600767058175,34.39824670219911
963,36.604498472,36.4233362615,35.086286280026314,35.37630359105883,34.67955359767442,34.40011993421898
964,36.604498472,36.4969794365,35.07333491385566,35.35429727758824,34.685805740342076,34.410684735116625
965,36.604498472,36.5087623445,35.08405592111235,35.37665014717647,34.69909573623729,34.406024616735905
966,36.607444199,36.548529659,35.064082305960135,35.3238003392353,34.69867784425275,34.38578440063694
967,36.5941884275,36.4380648965,35.08337937421304,35.37231819570589,34.6994381716423,34.384422809098005
968,36.5941884275,36.457212122,35.080407676791445,35.3238003392353,34.740757348969424,34.37665128492552
969,36.595661291,36.492560846,35.07657387416765,35.34961877,34.705936279061454,34.401726406826235
970,36.592715564,36.5382196145,35.088825256061774,35.318255441352946,34.71087409608477,34.37999833173653
971,36.6206999705,36.5028708905,35.08168385844286,35.33437030082353,34.70888263970297,34.37755782486726
972,36.603025608500005,36.5028708905,35.08228703111429,35.35447055564706,34.70622053069768,34.38311207405726
973,36.628064288000004,36.377677493,35.07116236152066,35.309938094529414,34.70450779762376,34.38047178421503
974,36.628064288000004,36.463103576,35.081012108,35.360015453529414,34.7007733028,34.38618851801078
975,36.6089170625,36.421863398,35.062256087514285,35.31167087511765,34.69968718891815,34.40415180196266
976,36.616281380000004,36.43953776,35.055735840785125,35.36608018558824,34.67388480992576,34.40971001483317
977,36.598607018,36.3938789915,35.05613442805542,35.298155186529414,34.70013698562181,34.41069618389205
978,36.566204021000004,36.4969794365,35.06642584129172,35.289491283588234,34.682175390542454,34.401659495035595
979,36.560312567000004,36.598607018,35.06468598812965,35.32033477805882,34.66602441547278,34.40776021019589
980,36.566204021000004,36.572095475,35.06047462404286,35.34580665270588,34.65218383295374,34.41676758093915
981,36.6089170625,36.486669392,35.065860035385356,35.297808630411765,34.66405386779251,34.38832367149782
982,36.583878383,36.5087623445,35.0589006227371,35.34580665270588,34.66121407160622,34.40096950749397
983,36.580932656,36.429227715500005,35.06503158525424,35.34216781347059,34.6859315856595,34.40589408291825
984,36.554421113000004,36.55736684,35.05512386831212,35.31513643629412,34.6543793,34.40218746852475
985,36.5882969735,36.55736684,35.06048445063407,35.36174823411765,34.66063565066972,34.394794015394865
986,36.5882969735,36.429227715500005,35.07536557461225,35.36486723917647,34.66726529179105,34.42580184059897
987,36.563258294,36.35116595,35.07103356269231,35.360535287705886,34.68667029425814,34.43426030192688
988,36.566204021000004,36.415971944,35.07011512029276,35.31097776288235,34.6702484617092,34.42030015033898
989,36.566204021000004,36.3113986355,35.06705904466634,35.28793178105882,34.665645172054795,34.433786245674106
990,36.5617854305,36.507289481,35.062193789926475,35.294689625352945,34.67294874331935,34.4400584820326
991,36.5706226115,36.486669392,35.0772108879507,35.294689625352945,34.67835371526531,34.44031093890425
992,36.585351246500004,36.5794597925,35.07566262271309,35.33402374470588,34.664096113682355,34.41438561616046
993,36.5500025225,36.6000798815,35.056608197954546,35.281000658705885,34.67559971904762,34.43389910604607
994,36.5706226115,36.451320668,35.0663975509964,35.25882106717647,34.68981037494737,34.413894441491955
995,36.585351246500004,36.429227715500005,35.06338962695008,35.332637520235295,34.6810861161302,34.44591180821429
996,36.5971341545,36.504343754000004,35.07228576839481,35.363134458588235,34.67402642245041,34.42485940901688
997,36.5735683385,36.480777938,35.06493735919118,35.21931366976471,34.672269887257144,34.435812070297125
998,36.5971341545,36.501398027,35.07283265017143,35.33644963752941,34.65036286159592,34.41693639104962
999,36.585351246500004,36.569149748,35.076723508787516,35.31045792870589,34.65635481658986,34.41475741362807
1000,36.5735683385,36.4557392585,35.061723051200005,35.28204032705882,34.637012251123984,34.427022566797206
1001,36.592715564,36.433646306,35.05196716234322,35.27216347770588,34.65285659298627,34.427611916731145
1002,36.592715564,36.421863398,35.077699523975994,35.28204032705882,34.65100447864191,34.41807492991379
1003,36.5765140655,36.4027161725,35.06793713244286,35.13943248464706,34.655624319931505,34.416261018165315
1004,36.6059713355,36.5264367065,35.07071453218572,35.27216347770588,34.649278810270275,34.398934661291236
1005,36.5765140655,36.417444807500004,35.05125827554816,35.21359549382353,34.65422494431894,34.417883537933925
1006,36.592715564,36.5028708905,35.07900271955774,35.26020729164706,34.65545885128855,34.38126860540939
1007,36.5765140655,36.5588397035,35.0693676841733,35.275975595,34.649323065665335,34.38914234770872
1008,36.592715564,36.563258294,35.06970763471312,35.2619400722353,34.65037052039757,34.399025455338986
1009,36.5765140655,36.4940337095,35.08680400666337,35.278574765882354,34.657998079286926,34.409776228396005
1010,36.572095475,36.5824055195,35.066738250193744,35.258647789117646,34.65666919595279,34.42253810484472
1011,36.607444199,36.477832211,35.07139634259091,35.261766794176474,34.657707481252075,34.418814531853286
1012,36.5706226115,36.401243309,35.064174755234376,35.302140581882355,34.67590688207613,34.41818300677559
1013,36.5470567955,36.4881422555,35.074337520300524,35.105123429,34.727378560600116,34.39008688025497
1014,36.577986929,36.407134763,35.084792136764705,35.274762648588236,34.70026345033695,34.400614673928224
1015,36.5794597925,36.3938789915,35.08563805764253,35.17339498417647,34.676064720124366,34.41665444702495
1016,36.5765140655,36.5264367065,35.08648042704054,35.228150850764706,34.64766245325222,34.38008911100586
1017,36.548529659,36.371786039,35.08113970709343,35.15346800741177,34.63809009712797,34.40091938401674
1018,36.548529659,36.4822508015,35.081953104125,35.14878949982353,34.67004526303601,34.39420536552204
1019,36.5765140655,36.448374941000004,35.06729017768182,35.14878949982353,34.66994784450472,34.393894010000004
1020,36.5676768845,36.560312567000004,35.08508761642975,35.18708395082353,34.67329443032621,34.39901770833008
1021,36.5676768845,36.4262819885,35.076387248421874,35.150522280411764,34.67953737572816,34.40486791787153
1022,36.607444199,36.4469020775,35.09387281788251,35.274762648588236,34.66982402235361,34.42772742552011
1023,36.607444199,36.489615119,35.08478740239151,35.23421558282353,34.650845461761364,34.39227142937559
1024,36.5941884275,36.4469020775,35.09134772103424,35.23421558282353,34.65885349086578,34.38821727436865
1025,36.591242700500004,36.4822508015,35.08559746717143,35.33142457382353,34.66914222687067,34.407547906787286
1026,36.591242700500004,36.427754852,35.091188985102946,35.35689644847059,34.67234091100406,34.41298089514537
1027,36.5676768845,36.367367448500005,35.08002523986364,35.385487328176474,34.671575224026206,34.42912813123692
1028,36.569149748,36.513180935,35.08625353741345,35.32293394894118,34.666357802618386,34.384690489862386
1029,36.5617854305,36.536746751,35.08294240542052,35.279441156176475,34.68337882090344,34.40059797261827
1030,36.5617854305,36.474886484,35.09542988205639,35.32120116835294,34.67611092970754,34.37561529718504
1031,36.5706226115,36.5558939765,35.09392622947983,35.32120116835294,34.67805694182753,34.40025629871249
1032,36.554421113000004,36.489615119,35.082584392902284,35.26263318447059,34.63589296586089,34.387504539615385
1033,36.58682411,36.566204021000004,35.08691000243684,35.32570639788236,34.64932869832036,34.38708334933856
1034,36.604498472,36.566204021000004,35.08370139195917,35.370931971235294,34.62443922689852,34.38943834220703
1035,36.569149748,36.530855297,35.08883529147059,35.27614887305882,34.64625029454444,34.358889231525424
1036,36.569149748,36.5765140655,35.08055251842739,35.24894421782353,34.64329816946726,34.37858138728355
1037,36.5824055195,36.603025608500005,35.100161182669495,35.31842871941176,34.67007346353273,34.413951260196264
1038,36.529382433500004,36.684033101000004,35.07166371990357,35.18569772635294,34.67200545145188,34.37664541797563
1039,36.529382433500004,36.6707773295,35.08071597671429,35.19921341494118,34.67978038246257,34.37806265888412
1040,36.6000798815,36.6413200595,35.090760603235296,35.150522280411764,34.705612582752295,34.38032751483277
1041,36.5676768845,36.689924555000005,35.07916296703954,35.239067368470586,34.67046948963607,34.36293970071023
1042,36.5882969735,36.585351246500004,35.087066709630534,35.284812776,34.693775805484954,34.39406142448616
1043,36.530855297,36.5441110685,35.08440831654839,35.253102891235294,34.71262620385925,34.36942189150522
1044,36.530855297,36.377677493,35.07761413975807,35.20995665458824,34.7241570956243,34.38196048469027
1045,36.5706226115,36.554421113000004,35.09123333603466,35.231616411941175,34.685221850242065,34.3681607208
1046,36.554421113000004,36.516126662000005,35.08807391818182,35.265752189529415,34.67736528971143,34.36489805043176
1047,36.5087623445,36.595661291,35.07624084503381,35.223818899294116,34.68079226838674,34.35611342471
1048,36.46899503,36.492560846,35.08185226555164,35.223818899294116,34.6721342721266,34.378669509370766
1049,36.5117080715,36.613335653,35.06414407057812,35.20510486894118,34.66771223168874,34.36188408980861
1050,36.5323281605,36.636901469,35.06467175368182,35.20510486894118,34.67948657541315,34.349511063647356
1051,36.460157849,36.613335653,35.06408317386927,35.16611730570588,34.66920465720442,34.35355612675676
1052,36.601552745,36.516126662000005,35.086599848405406,35.31600282658824,34.65091244582711,34.36487045907241
1053,36.471940757,36.5470567955,35.058360012875,35.17460793058824,34.7018198024917,34.36738020528134
1054,36.607444199,36.598607018,35.095154636187274,35.28065410258824,34.68034474666667,34.36415699384615
1055,36.523490979500004,36.529382433500004,35.087232469426475,35.18205888711765,34.714824144892006,34.37012164356311
1056,36.451320668,36.460157849,35.06739664414063,35.12660990829412,34.68847545673971,34.35612901973529
1057,36.4999251635,36.460157849,35.084735408828784,35.211689435176474,34.66999746928572,34.35748789591796
1058,36.516126662000005,36.293724273500004,35.07211789693182,35.046902001235296,34.6942341482239,34.35864707209701
1059,36.563258294,36.3762046295,35.084772097805526,35.24149326129412,34.65266195659393,34.35706554638656
1060,36.501398027,36.473413620500004,35.07476096164063,35.09420691129412,34.654462476167666,34.35838234363024
1061,36.554421113000004,36.333491588,35.05535849559091,35.26748497011765,34.67561980071661,34.350675702271865
1062,36.52790957,36.3261272705,35.05636982128616,35.09559313576471,34.68117042739326,34.34773104352601
1063,36.598607018,36.477832211,35.073110307632355,35.239413924588234,34.66085567461662,34.336452647610365
1064,36.539692478,36.5117080715,35.06541107484598,35.15624045635294,34.658222345734494,34.35120116180086
1065,36.539692478,36.445429214,35.06913032721875,35.12886252305883,34.65511896026712,34.368868364690265
1066,36.4645764395,36.395351855,35.0710634605625,35.12019862011765,34.688816078370785,34.36631932951825
1067,36.454266395000005,36.4321734425,35.07344139249475,35.177553657588234,34.6697601658217,34.35602720306569
1068,36.516126662000005,36.463103576,35.06246814685294,35.28134721482353,34.63753107391921,34.35573663461538
1069,36.5500025225,36.5146537985,35.07231874195455,35.261420238058825,34.67177891739321,34.3609088835996
1070,36.530855297,36.5441110685,35.07060149871833,35.285679166294116,34.64444779632653,34.35718447943842
1071,36.5146537985,36.4469020775,35.069515913093966,35.26072712582353,34.661395796321074,34.370284805129685
1072,36.5146537985,36.5382196145,35.0798437619476,35.28394638570588,34.660624279304635,34.353805860938735
1073,36.542638205,36.5382196145,35.07689148241597,35.330211627411764,34.64002692352181,34.372165085442916
1074,36.542638205,36.3703131755,35.079712814272725,35.299714689058824,34.66437069276018,34.376742944693675
1075,36.5146537985,36.287832819500004,35.08538848333079,35.288451615235296,34.67397760959776,34.381353738081394
1076,36.5941884275,36.418917671,35.06757997977461,35.288451615235296,34.65237556253773,34.3787670443695
1077,36.542638205,36.280468502000005,35.08633636409334,35.32587967594118,34.69157663219269,34.411546808508234
1078,36.569149748,36.5117080715,35.084332902565095,35.33991519870588,34.66977763891258,34.389199012899525
1079,36.572095475,36.5323281605,35.086004258042855,35.36625346364706,34.65854860318182,34.38193912923729
1080,36.5470567955,36.548529659,35.074794040505594,35.320854612235294,34.650475533081206,34.37763923852928
1081,36.577986929,36.58682411,35.081634324640625,35.31634938270588,34.64924847261931,34.367857604769306
1082,36.554421113000004,36.471940757,35.091087906235295,35.31409676794118,34.67938565617647,34.378717337752164
1083,36.554421113000004,36.4027161725,35.08042199729218,35.34563337464706,34.662680258294245,34.37197713822785
1084,36.554421113000004,36.401243309,35.09541344,35.249290773941176,34.63392265874261,34.35054755317583
1085,36.5765140655,36.483723665,35.08301559909091,35.31080448482353,34.62244179448276,34.38810326461539
1086,36.595661291,36.4262819885,35.102357812910945,35.34095486705883,34.60969697388044,34.38991804738255
1087,36.595661291,36.52790957,35.093030081386416,35.29105078611765,34.616476497386934,34.414463132826285
1088,36.595661291,36.548529659,35.08409759247934,35.329171959058826,34.63135127612311,34.369879363917995
1089,36.580932656,36.6442657865,35.07913271827198,35.22087317229412,34.63319217079552,34.3439674625107
1090,36.5706226115,36.619227107,35.08593288398529,35.329171959058826,34.636919152833876,34.34848492868101
1091,36.6177542435,36.607444199,35.099567670384616,35.26869791652941,34.63697441723451,34.374728847914646
1092,36.6206999705,36.5205452525,35.088649178000004,35.35516366788235,34.62342006826307,34.38575937257323
1093,36.554421113000004,36.5470567955,35.09748858555102,35.29018439582353,34.674647451479224,34.35892869808572
1094,36.535273887500004,36.595661291,35.101727660375005,35.325186563705884,34.63719659925801,34.37251253637205
1095,36.535273887500004,36.6354286055,35.097609097625,35.27216347770588,34.651001780705094,34.36096788769231
1096,36.522018116,36.619227107,35.06102577408575,35.30768547976471,34.663633215115105,34.38778830995229
1097,36.572095475,36.479305074500004,35.10841310152543,35.29261028864706,34.66692153923206,34.3813717268777
1098,36.522018116,36.672250193,35.06746992605067,35.25726156464706,34.65520282359664,34.37674779602273
1099,36.539692478,36.5529482495,35.09485876684874,35.29676896205883,34.65831020177273,34.35826671025371
1100,36.542638205,36.52790957,35.087925581661764,35.36763968811765,34.651850731162796,34.3553909398497
1101,36.554421113000004,36.5706226115,35.11556737018182,35.31444332405883,34.657559568859504,34.38361959615055
1102,36.536746751,36.6354286055,35.11675203701429,35.28498605405883,34.64600988306561,34.385580702810394
1103,36.523490979500004,36.6354286055,35.114848481045215,35.23733458788235,34.65896921281564,34.400123526364936
1104,36.523490979500004,36.607444199,35.11608326622059,35.17807349176471,34.676810825876515,34.38662574708232
1105,36.523490979500004,36.551475386,35.1144515645,35.26904447264706,34.66254875040678,34.39148952148045
1106,36.498452300000004,36.607444199,35.11317461908855,35.23698803176471,34.64095171758011,34.38933409468498
1107,36.536746751,36.607444199,35.11864571865714,35.26904447264706,34.63922207241801,34.38628833597122
1108,36.523490979500004,36.64573865,35.117941709202725,35.235948363411765,34.65940726685083,34.391788792054
1109,36.535273887500004,36.551475386,35.11933135468182,35.249464052,34.66392081760358,34.38917831363851
1110,36.554421113000004,36.607444199,35.12001090222059,35.235948363411765,34.65614417347052,34.38386904882555
1111,36.523490979500004,36.551475386,35.12009052761429,35.235948363411765,34.68533527530782,34.39594674846821
1112,36.523490979500004,36.607444199,35.121584844588234,35.225378401823534,34.65940726685083,34.38573572028722
1113,36.523490979500004,36.5706226115,35.12009052761429,35.26904447264706,34.65940726685083,34.38755329218631
1114,36.523490979500004,36.551475386,35.12009052761429,35.26904447264706,34.66338814904202,34.38399509
1115,36.523490979500004,36.551475386,35.121584844588234,35.26904447264706,34.66338814904202,34.38354458244487
1116,36.523490979500004,36.607444199,35.121584844588234,35.26904447264706,34.65940726685083,34.38259403899136
1117,36.523490979500004,36.5706226115,35.11785936632353,35.26904447264706,34.65940726685083,34.38755329218631
1118,36.523490979500004,36.551475386,35.12370204036579,35.26904447264706,34.66401071790359,34.39648920296548
1119,36.498452300000004,36.6354286055,35.116227664602945,35.235948363411765,34.66182160713418,34.38386904882555
1120,36.5058166175,36.551475386,35.12149325475714,35.235948363411765,34.67571911947368,34.39152726333022
1121,36.491087982500005,36.6354286055,35.11785936632353,35.235948363411765,34.66371872846898,34.39839442625
1122,36.523490979500004,36.5706226115,35.11652397963053,35.225378401823534,34.67650015687783,34.39163911719466
1123,36.554421113000004,36.5706226115,35.11633249407792,35.31860199747059,34.63389476960135,34.396713633246755
1124,36.498452300000004,36.6354286055,35.116227664602945,35.235948363411765,34.649586236081774,34.38386904882555
1125,36.4881422555,36.604498472,35.128739366752555,35.23265608029412,34.66861340961434,34.381699308796605
1126,36.5323281605,36.6059713355,35.133894867355416,35.288451615235296,34.66667522078947,34.38940073757433
1127,36.4763593475,36.672250193,35.100730601818185,35.25656845241177,34.66792490961383,34.38536533948326
1128,36.536746751,36.5971341545,35.119230554268356,35.24599849082353,34.678409039225514,34.376683601176474
1129,36.473413620500004,36.663413012,35.11232807291687,35.28550588823529,34.68269143180888,34.38202849991461
1130,36.522018116,36.6295371515,35.130422928078126,35.302140581882355,34.69597298456485,34.39959071026748
1131,36.5323281605,36.660467285,35.12919422677143,35.323107227,34.664286709639796,34.39561617438318
1132,36.560312567000004,36.5765140655,35.1321406030569,35.309938094529414,34.673609667312185,34.40202329593205
1133,36.5028708905,36.628064288000004,35.127916345454544,35.34303420376471,34.666579361445514,34.40950478133829
1134,36.5735683385,36.707598917,35.12840518260849,35.323280505058825,34.685519700895355,34.41204305346154
1135,36.5441110685,36.6501572405,35.13433475594877,35.35273777505883,34.67923966979522,34.417909374698795
1136,36.577986929,36.6737230565,35.13560366342857,35.325186563705884,34.68968996363637,34.422847736923075
1137,36.601552745,36.6000798815,35.13121073257143,35.33038490547059,34.68466546766571,34.414917462146526
1138,36.589769837,36.6737230565,35.13861439485714,35.27060397517647,34.729321867433534,34.4154556115568
1139,36.5647311575,36.610389926,35.12168587314286,35.29884829876471,34.688353846896554,34.41134552740426
1140,36.5971341545,36.689924555000005,35.13212763714286,35.223472343176475,34.69548600083563,34.40574772800189
1141,36.607444199,36.684033101000004,35.123041926844266,35.307165645588235,34.68130084033223,34.40975252770175
1142,36.585351246500004,36.575041202,35.12704310344118,35.359668897411765,34.690565780313406,34.41899958523338
1143,36.563258294,36.585351246500004,35.12405340285714,35.29330340088235,34.7394044860277,34.4326214572321
1144,36.583878383,36.6089170625,35.131909414594595,35.33367718858824,34.68809631269858,34.43610786393925
1145,36.530855297,36.598607018,35.120794696640004,35.27874804394118,34.762041379720934,34.40063658065945
1146,36.603025608500005,36.6148085165,35.140124918542845,35.27874804394118,34.74518304976695,34.397776270984004
1147,36.585351246500004,36.6206999705,35.13241313702267,35.161612076176475,34.74244454292531,34.37778890456106
1148,36.592715564,36.6059713355,35.1448800122541,35.287238668823534,34.72786052742367,34.40813824920328
1149,36.592715564,36.479305074500004,35.14054727172131,35.368332800352945,34.70606743325041,34.41694410387553
1150,36.580932656,36.6560486945,35.14316301290984,35.27805493170588,34.743179504235044,34.39025643705233
1151,36.5058166175,36.4469020775,35.139709206285715,35.244612266352945,34.78375686777251,34.39438954705268
1152,36.6265914245,36.70465319,35.14197155458108,35.285679166294116,34.70906386694268,34.409236924269344
1153,36.6619401485,36.7061260535,35.14307575142857,35.3201615,34.73915462457085,34.393246835666986
1154,36.6324828785,36.5676768845,35.139665010004684,35.248077827529414,34.74477804939535,34.394409180603205
1155,36.607444199,36.613335653,35.13926470747899,35.41078592476471,34.66604847923615,34.43284942670583
1156,36.572095475,36.5706226115,35.13541885744982,35.33627635947059,34.70772654629226,34.4327663482663
1157,36.523490979500004,36.6148085165,35.127733894019535,35.324840007588236,34.701606316195594,34.417792349395846
1158,36.5676768845,36.560312567000004,35.11815476415715,35.32501328564706,34.67928707137211,34.435511294667286
1159,36.55736684,36.6206999705,35.11025613513637,35.249464052,34.69371342643216,34.39924162784895
1160,36.603025608500005,36.625118561,35.11905322277966,35.27216347770588,34.691653275806274,34.41530676171564
1161,36.541165341500005,36.5706226115,35.09363981946524,35.2929568447647,34.745542529686986,34.40848493434442
1162,36.551475386,36.572095475,35.104674556314286,35.33298407635294,34.742496565625984,34.38657916099108
1163,36.5765140655,36.5824055195,35.10487235262905,35.318255441352946,34.70096404984059,34.37909794071357
1164,36.5676768845,36.2819413655,35.104344629812545,35.326052954,34.732775680928,34.38693513540541
1165,36.5941884275,36.3143443625,35.10408355606848,35.278921322,34.730204346931636,34.37453812682109
1166,36.55736684,36.569149748,35.10985444509091,35.314270046000004,34.781098259206956,34.37294148886386
1167,36.5765140655,36.607444199,35.11131310742769,35.335756525294116,34.706846032307695,34.39043532157457
1168,36.577986929,36.622172834,35.10704330689854,35.3797691522353,34.68299278847568,34.380994421176474
1169,36.5676768845,36.583878383,35.101280420340025,35.382714879235294,34.67884109960591,34.38750336005756
1170,36.575041202,36.4233362615,35.10775147955882,35.37197163958824,34.67119667403182,34.381454599507485
1171,36.5941884275,36.471940757,35.09841033627066,35.35291105311765,34.66643542595051,34.374066665080136
1172,36.607444199,36.5558939765,35.10989616152345,35.35343088729412,34.70768360891089,34.38749108542274
1173,36.577986929,36.4498478045,35.10457412335041,35.30231385994118,34.73603600069002,34.37550126313136
1174,36.5706226115,36.577986929,35.10173949467769,35.26557891147059,34.73703035822555,34.368112899794724
1175,36.589769837,36.5382196145,35.08658587240779,35.23820097817647,34.68105805766439,34.388738872987375
1176,36.591242700500004,36.4527935315,35.11107622512184,35.33367718858824,34.68705654922098,34.36695153911197
1177,36.6118627895,36.418917671,35.11224255906966,35.317389051058825,34.69766643380098,34.38659049061997
1178,36.622172834,36.504343754000004,35.109303860000004,35.332637520235295,34.66958653161153,34.389061067829786
1179,36.619227107,36.5676768845,35.11092098143094,35.34823254552941,34.66188039519397,34.3777592198827
1180,36.603025608500005,36.489615119,35.1105314638111,35.30733892364706,34.68839172849228,34.38222090897959
1181,36.603025608500005,36.522018116,35.117274214752065,35.25570206211765,34.72675798330097,34.38573873701668
1182,36.603025608500005,36.374731766000004,35.120724872000004,35.14913605594118,34.76511158456726,34.37705157765063
1183,36.591242700500004,36.4763593475,35.1060005813674,34.96459492329412,34.76203976071244,34.37546654329154
1184,36.603025608500005,36.342328769,35.106284821609144,35.11707961505883,34.763569295359005,34.392257495
1185,36.6206999705,36.411553353500004,35.127586771022436,35.201985863882356,34.77862566586584,34.39824406986161
1186,36.6059713355,36.457212122,35.12428012194215,35.107202765705885,34.75680081521127,34.390084908962365
1187,36.480777938,36.389460401,35.10521269345455,35.111014883,34.7780111545627,34.40110077481366
1188,36.603025608500005,36.3791503565,35.1302602994,35.242186373529414,34.7976329144397,34.40532849322664
1189,36.6118627895,36.4645764395,35.12119767032307,35.098538862764705,34.7953925088125,34.397021031226764
1190,36.548529659,36.368840312,35.115364055753076,35.07965155435294,34.77555436468899,34.404020835063875
1191,36.5882969735,36.35116595,35.15308819590909,35.140818709117646,34.77574580795632,34.3953717211951
1192,36.5882969735,36.4262819885,35.137523765,35.19158918035294,34.7635280842939,34.4008649425449
1193,36.6148085165,36.405661899500004,35.15312820737262,35.053833123588234,34.77881181523268,34.41382762577079
1194,36.6000798815,36.448374941000004,35.16204516903424,35.238720812352945,34.78803115925117,34.417943076264876
1195,36.595661291,36.486669392,35.15548210628099,35.16802336435294,34.780677047329846,34.424690550438775
1196,36.5941884275,36.5794597925,35.153669285906325,35.156413734411764,34.78764183092836,34.43011104863888
1197,36.604498472,36.5647311575,35.17012391878031,35.20163930776471,34.80779385049921,34.420171185802786
1198,36.631010015,36.4380648965,35.15877600329634,35.317389051058825,34.7696460622257,34.42935100722307
1199,36.622172834,36.4233362615,35.155211607933886,35.04638216705882,34.820746526226415,34.40892607179332
1200,36.6295371515,36.6413200595,35.16250899641429,35.10928210241177,34.79695315373418,34.40328516553626
1201,36.610389926,36.572095475,35.163706242986486,35.35100499447059,34.73844309254255,34.42825661369017
1202,36.589769837,36.463103576,35.16341063825,35.32622623205882,34.7481543117938,34.427966920265305
1203,36.642792923,36.566204021000004,35.17956274643243,35.22832412882353,34.78652995672387,34.410990894803625
1204,36.5205452525,36.5087623445,35.14472104556636,35.355510224,34.708125540031546,34.4325463292607
1205,36.524963843,36.383568947,35.153023795250334,35.355510224,34.71271550501548,34.43000571847682
1206,36.541165341500005,36.5558939765,35.15115413272727,35.270084141,34.73219501127962,34.41038105442375
1207,36.5647311575,36.5558939765,35.14474587168033,35.24599849082353,34.71484703013825,34.41414763153846
1208,36.523490979500004,36.5117080715,35.1520699470082,35.270430697117646,34.74356612440625,34.41857200868582
1209,36.5558939765,36.653102967500004,35.15828065557377,35.280134268411764,34.71793080592284,34.40659758760137
1210,36.585351246500004,36.595661291,35.15536117760817,35.24721143723529,34.725994610977196,34.41037852193858
1211,36.5941884275,36.6619401485,35.139259522213116,35.330211627411764,34.675055142272,34.39013551404818
1212,36.575041202,36.5264367065,35.138636820091236,35.32345378311765,34.69875972289593,34.43230661090481
1213,36.575041202,36.6413200595,35.13589802595041,35.370238859,34.684593742830806,34.4213364021205
1214,36.5706226115,36.6000798815,35.11712144970194,35.337835862,34.680601344955946,34.42096400047266
1215,36.642792923,36.6442657865,35.13323546067448,35.377689815529415,34.660835282408875,34.41002144561053
1216,36.607444199,36.703180326500004,35.13489022639433,35.38756666488236,34.67114515512987,34.41942846836481
1217,36.5205452525,36.651630104,35.13981868742857,35.29988796711765,34.710440807058205,34.45328011451185
1218,36.598607018,36.7296918695,35.147369465,35.32691934429412,34.70149777866321,34.44095216581633
1219,36.622172834,36.7061260535,35.138546209985535,35.34390059405882,34.66888530705102,34.431494689225715
1220,36.663413012,36.6913974185,35.14889378648649,35.390165835764705,34.65254550516467,34.43758737165049
1221,36.6118627895,36.7002345995,35.14592226114286,35.30907170423529,34.687269510643645,34.42915667265231
1222,36.5058166175,36.6943431455,35.15090982267447,35.25085027647059,34.726134874347146,34.43753737470109
1223,36.591242700500004,36.6089170625,35.15878377728245,35.33090473964706,34.7175689037057,34.430735970593034
1224,36.560312567000004,36.6560486945,35.143555853161594,35.29763535235294,34.70732220891304,34.43675097472236
1225,36.560312567000004,36.70465319,35.143555853161594,35.349445491941175,34.69814934894131,34.43520250016276
1226,36.175895193500004,36.4321734425,35.132584421198345,35.35637661429412,34.72837054207254,34.410208960153376
1227,36.3143443625,36.206825327000004,35.13856366420737,35.35637661429412,34.73466685887436,34.38893761006767
1228,36.3143443625,36.4822508015,35.1507821975,35.32120116835294,34.736393625892546,34.38899505469388
1229,36.041864615,36.5205452525,35.13823329046218,35.30907170423529,34.73680825983146,34.40622613851393
1230,36.1582208315,36.5500025225,35.15347543361429,35.30907170423529,34.75601624040956,34.40386231643211
1231,36.489615119,36.371786039,35.12157040475,35.35793611682353,34.72405377394485,34.429697227284976
1232,36.6000798815,36.504343754000004,35.137603595,35.322414114764705,34.751967078882195,34.41030750608567
1233,36.5941884275,36.5735683385,35.14669655802416,35.271643643529416,34.73161151290426,34.40580900179576
1234,36.6177542435,36.607444199,35.13897514419672,35.145150660588236,34.76134067132492,34.40205367888025
1235,36.6148085165,36.429227715500005,35.156154081122224,35.280134268411764,34.76894351153355,34.42263018799394
1236,36.6324828785,36.585351246500004,35.15141878246147,35.17738037952941,34.7640070394487,34.40466561249373
1237,36.628064288000004,36.4410106235,35.149499966563944,35.218274001411764,34.748750740743134,34.43116519418954
1238,36.660467285,36.575041202,35.15955749347899,35.33038490547059,34.753035602614176,34.432411109122256
1239,36.5588397035,36.610389926,35.147848642925624,35.15277489517647,34.77787572363064,34.42415673889468
1240,36.6089170625,36.442483487000004,35.14975490615126,35.181885609058824,34.78570704398744,34.42261266039572
1241,36.6884516915,36.535273887500004,35.163791477381196,35.131461693941176,34.77252198898911,34.42120308072688
1242,36.663413012,36.4851965285,35.16411715520968,35.131461693941176,34.781052692916454,34.41965541837321
1243,36.651630104,36.2848870925,35.16442478163636,35.287585224941175,34.76508678371429,34.433550552998945
1244,36.695816009,36.3467473595,35.15599867086644,35.25327616929412,34.74295363933858,34.41862473188499
1245,36.7238004155,36.318762953000004,35.155509156115706,35.11725289311765,34.76592381900896,34.41439369762947
1246,36.692870282,36.4616307125,35.14087433103448,35.220006782,34.753638065488374,34.412989565174236
1247,36.692870282,36.427754852,35.16178717684448,35.10027164335294,34.78169297775246,34.401195384615384
1248,36.734110460000004,36.4881422555,35.16089883568182,35.249290773941176,34.73177609148607,34.388419027522836
1249,36.648684377,36.2348097335,35.14444036375207,35.062497026529414,34.76029002599585,34.38728439601942
1250,36.678141647000004,36.401243309,35.13311451070115,35.102177702,34.740148006407466,34.395330604789194
1251,36.7061260535,36.3467473595,35.14766319244118,35.19401507317647,34.74720073950052,34.38440962166846
1252,36.731164733,36.5558939765,35.1448907435,35.19401507317647,34.74313669625384,34.39959862996852
1253,36.6442657865,36.522018116,35.1526351078349,35.26020729164706,34.750101091830985,34.38160828869565
1254,36.647211513500004,36.522018116,35.15093822117585,35.09126118429412,34.760754212616526,34.391320006922676
1255,36.639847196000005,36.5617854305,35.13994677540389,35.178766604,34.7611619815065,34.389337508924086
1256,36.6206999705,36.6383743325,35.143820132636556,35.07445321258824,34.7885895951164,34.38622827447189
1257,36.647211513500004,36.636901469,35.14128529639063,35.135273811235294,34.761473692904204,34.39026881854431
1258,36.6206999705,36.2996157275,35.126872713350004,35.18309855547059,34.756165509711636,34.386699668695655
1259,36.6913974185,36.206825327000004,35.132392018341775,35.105123429,34.74448397570997,34.36147883761488
1260,36.6413200595,36.2230268255,35.12660963339503,35.29746207429412,34.71522994594173,34.392211227036654
1261,36.5706226115,36.245119778,35.13199101544938,35.26384613088236,34.7495285244586,34.37759217492746
1262,36.676668783500006,36.4851965285,35.139250614287796,35.158839627235295,34.74264833142711,34.3918997452093
1263,36.681087374,36.6236456975,35.139105363494686,35.21550155247059,34.752756565867216,34.40763797685985
1264,36.669304466,36.304034318,35.1352985652437,35.30733892364706,34.752181694,34.423845716446806
1265,36.7355833235,36.466049303,35.14985979813636,35.307165645588235,34.736615288657966,34.423656434676694
1266,36.610389926,36.32170868,35.145796719749704,35.24547865664706,34.75412164615625,34.39934560196514
1267,36.695816009,36.519072389,35.14289717068182,35.05591246029412,34.759126838397535,34.3998036475
1268,36.713490371,36.3585302675,35.13583171022661,35.2295370752353,34.76120166652289,34.41257096557621
1269,36.7473662315,36.3202358165,35.1527460155,35.32154772447059,34.74915557678948,34.406625940095694
1270,36.657521558,36.3202358165,35.14360404650948,35.303700084411766,34.76077831068323,34.40686183772152
1271,36.654575831,36.2495383685,35.143804692636365,35.21394204994118,34.7674780711465,34.40667507118268
1272,36.6913974185,36.29225141,35.1498002885,35.18656411664706,34.77121042114496,34.4072690706937
1273,36.4999251635,36.283414229,35.130062509123974,35.24166653935294,34.75575578899839,34.413334140414015
1274,36.651630104,36.3585302675,35.133271574257535,35.246171768882355,34.735380140000004,34.409983100537694
1275,36.714963234500004,36.421863398,35.149377522125,35.26661857982353,34.75980915258521,34.437468525056296
1276,36.554421113000004,36.3879875375,35.14540604285124,35.25812795494118,34.753297077627664,34.43411983744681
1277,36.603025608500005,36.357057404,35.136987959774196,35.26679185788235,34.76145952050756,34.437107395840165
1278,36.737056187,36.354111677,35.14137004839572,35.282906717352944,34.72794532601827,34.42849228429283
1279,36.6825602375,36.4940337095,35.143313738136364,35.31271054347059,34.79342210499733,34.4440202572962
1280,36.7326375965,36.501398027,35.13844562856499,35.27874804394118,34.7417787350792,34.43201124166838
1281,36.516126662000005,36.362948858,35.136014181122995,35.315829548529415,34.78485069864425,34.43716813037417
1282,36.4763593475,36.109616336,35.1335554704853,35.34615320882353,34.74926368455135,34.4213337821464
1283,36.7061260535,36.377677493,35.14053424092272,35.38618044041176,34.72056404386777,34.42955007752107
1284,36.686978828,36.5058166175,35.134609470187826,35.30300697217647,34.74755464372474,34.4231876285
1285,36.6118627895,36.365894585,35.146447461487604,35.34424715017647,34.72405288911765,34.42860548132548
1286,36.647211513500004,36.6501572405,35.13751947032822,35.330211627411764,34.71795953708854,34.431922658121
1287,36.563258294,36.560312567000004,35.1308281140732,35.252756335117645,34.724150119774436,34.435593671057696
1288,36.5765140655,36.510235208000005,35.14882939264699,35.335409969176474,34.72075701674419,34.45558404041729
1289,36.6089170625,36.6324828785,35.15421308260685,35.362441346352945,34.716144159362166,34.44540367746356
1290,36.628064288000004,36.745893368000004,35.168947514,35.262979740588236,34.739218178429034,34.433146686714906
1291,36.6383743325,36.631010015,35.16552485977143,35.23196296805882,34.72724163086351,34.445304416011425
1292,36.603025608500005,36.6265914245,35.16388454571875,35.299368132941176,34.739903928552415,34.45304504060694
1293,36.591242700500004,36.6884516915,35.16118429596875,35.32657278817647,34.70356690305352,34.43284040854276
1294,36.591242700500004,36.669304466,35.161399088562504,35.323973617294115,34.71717333568297,34.45811148802885
1295,36.6118627895,36.6501572405,35.15404309232521,35.251196832588235,34.69619536790698,34.43836667831013
1296,36.6118627895,36.664885875500005,35.14843828569355,35.28966456164706,34.70040943819398,34.435099342053235
1297,36.622172834,36.6236456975,35.15305695335,35.33333063247059,34.68906527968872,34.4437621505664
1298,36.5175995255,36.7473662315,35.14416965407813,35.274762648588236,34.67700561947486,34.44063741246753
1299,36.5794597925,36.678141647000004,35.15358352611765,35.30733892364706,34.68623971894975,34.44196839992345
1300,36.5735683385,36.686978828,35.14598496235294,35.227631016588234,34.68143113524927,34.438332618105576
1301,36.5735683385,36.6118627895,35.14592344089655,35.27840148782353,34.675932853531094,34.44128991232525
1302,36.601552745,36.6148085165,35.16321059773608,35.27025741905882,34.66260145992912,34.43950536839269
1303,36.583878383,36.67519592,35.15977876268579,35.27025741905882,34.6855647275537,34.44044199426758
1304,36.577986929,36.6501572405,35.154790272372885,35.354643833705886,34.64772683233293,34.44399437882353
1305,36.580932656,36.519072389,35.154981387087915,35.31669593882353,34.64747684575392,34.43433236509194
1306,36.5529482495,36.5441110685,35.1515357340678,35.300927635470586,34.641845268209764,34.44612181535817
1307,36.5588397035,36.5971341545,35.154426373474806,35.279787712294116,34.63491582649215,34.4270260425119
1308,36.5735683385,36.5117080715,35.153114622602146,35.329518515176474,34.65575391283423,34.437685489008146
1309,36.545583932,36.5500025225,35.153114622602146,35.33229096411765,34.64099382176614,34.426041782116755
1310,36.5794597925,36.6148085165,35.154949539551666,35.381155376705884,34.63678854178182,34.437618252208175
1311,36.5470567955,36.5441110685,35.15902771538462,35.354643833705886,34.664853851668695,34.448445029281295
1312,36.5117080715,36.560312567000004,35.14425031684884,35.31097776288235,34.666525719607144,34.41852903696412
1313,36.541165341500005,36.510235208000005,35.15254227813912,35.36885263452941,34.67128843585947,34.44873809681478
1314,36.492560846,36.631010015,35.13904921707627,35.336969471705885,34.65807946468635,34.43695570034782
1315,36.569149748,36.686978828,35.14777822166102,35.263326296705884,34.666272929561615,34.43629684641791
1316,36.5146537985,36.7120175075,35.12452418018443,35.256395174352946,34.70009448016185,34.43434774251503
1317,36.5146537985,36.619227107,35.140397765954546,35.26436596505882,34.69767269101085,34.43323461003926
1318,36.548529659,36.5117080715,35.15907115001978,35.29399651311765,34.75845484954875,34.45813651295163
1319,36.548529659,36.6737230565,35.1671800778,35.23698803176471,34.76206924918736,34.42738412053571
1320,36.5028708905,36.430700579,35.1377105339375,35.27545576082353,34.74150910372093,34.42322083937074
1321,36.6118627895,36.55736684,35.164692182079236,35.347539433294116,34.716635385511815,34.43880347801187
1322,36.5588397035,36.583878383,35.159455727,35.299541411,34.74092325358745,34.455312615120484
1323,36.6059713355,36.5971341545,35.155714328784505,35.26956430682353,34.721742515,34.435243511201634
1324,36.524963843,36.287832819500004,35.149482612058826,35.25656845241177,34.77145770856832,34.43554238828811
1325,36.6855059645,36.604498472,35.15964778082645,35.32068133417647,34.728629439944505,34.443189114830005
1326,36.613335653,36.681087374,35.1642016205,35.28134721482353,34.77404136894562,34.44669192440295
1327,36.6855059645,36.5941884275,35.16480259281513,35.276668707235295,34.7297097202596,34.4505714498835
1328,36.6737230565,36.554421113000004,35.16470644377119,35.299021576823534,34.74178542451613,34.448226308
1329,36.566204021000004,36.197988146,35.140906371617874,35.20042636135294,34.82664685570747,34.44314990264706
1330,36.474886484,36.427754852,35.13311098264423,35.02108357047059,34.84591774944099,34.421962506554536
1331,36.209771054,36.2701584575,35.135458650719606,35.00878082829412,34.88378178321145,34.4263903926205
1332,36.513180935,36.4233362615,35.142402112068964,34.83723555005882,34.88145806188341,34.356102026670854
1333,36.539692478,36.354111677,35.14733449878822,34.83723555005882,34.879672555581394,34.35714221941924
1334,36.686978828,36.510235208000005,35.16460644263158,35.04343644005883,34.81500813688712,34.382913522258065
1335,36.676668783500006,36.398297582,35.15639615547826,35.04343644005883,34.823756886696835,34.39877158046181
1336,36.676668783500006,36.4203905345,35.15340773678261,35.06752209023529,34.82831346281,34.396429290840786
1337,36.6501572405,36.566204021000004,35.14387322424495,35.13111513782353,34.782704989038166,34.399556928645374
1338,36.613335653,36.227445416,35.14327777407848,35.10772259988235,34.77929921577042,34.42068367672169
1339,36.6501572405,36.467522166500004,35.15035312311534,35.23213624611765,34.75446044272165,34.41584277615639
1340,36.654575831,36.362948858,35.15695060019231,35.26661857982353,34.77926374788069,34.43595217259589
1341,36.529382433500004,36.271631321,35.14049754719828,35.26661857982353,34.78436856053798,34.44111915714286
1342,36.686978828,36.479305074500004,35.16782922875,35.43001978929412,34.7336262378481,34.440832274164514
1343,36.554421113000004,36.5617854305,35.158015243743314,35.31340365570588,34.756740664192186,34.42855526075314
1344,36.6265914245,36.349693086500004,35.1472663878022,35.382714879235294,34.73992030187432,34.462722054326925
1345,36.684033101000004,36.377677493,35.15741117533861,35.37370442017647,34.719674968628986,34.452580732689036
1346,36.6354286055,36.569149748,35.15708044237143,35.237681144,34.74088843886117,34.428960303185484
1347,36.5558939765,36.6295371515,35.15764153322857,35.31478988017647,34.73091680583146,34.41617435618653
1348,36.563258294,36.510235208000005,35.14940384930482,35.39484434335294,34.708463940635106,34.44773969823009
1349,36.55736684,36.5323281605,35.16795347068216,35.31375021182353,34.70077770027107,34.4522741777551
1350,36.6619401485,36.622172834,35.1857825972389,35.33627635947059,34.732434535173574,34.43376284607632
1351,36.5882969735,36.6177542435,35.17648632299061,35.33246424217647,34.726860164616255,34.43563920759353
1352,36.6295371515,36.625118561,35.16814276604053,35.307165645588235,34.73452449395506,34.43439572482622
1353,36.5765140655,36.5794597925,35.16528877448344,35.320854612235294,34.739232073265306,34.44427747278705
1354,36.601552745,36.613335653,35.17067641160653,35.234735417,34.76946910287819,34.420054334331944
1355,36.4086076265,36.474886484,35.166275348511654,35.179979550411765,34.76123915691508,34.45335134643496
1356,36.5441110685,36.4851965285,35.1678667900053,35.33159785188235,34.74631599740304,34.422924433877554
1357,36.507289481,36.466049303,35.15624205338574,35.286892112705885,34.72776564262069,34.42894678937126
1358,36.5824055195,36.417444807500004,35.1629946906875,35.335756525294116,34.730719218219484,34.42871213821411
1359,36.5500025225,36.3231815435,35.14700721121849,35.23629491952941,34.73899232766996,34.451546004248044
1360,36.6148085165,36.560312567000004,35.16604595591696,35.29763535235294,34.695727870108385,34.434113946216215
1361,36.607444199,36.5824055195,35.158406432088235,35.223818899294116,34.69433533746907,34.42717086203455
1362,36.6265914245,36.657521558,35.15228311554286,35.22624479211765,34.685748973833604,34.431562734676476
1363,36.6295371515,36.625118561,35.15723474235715,35.24149326129412,34.692737745868854,34.42897062936817
1364,36.5470567955,36.601552745,35.147417715191175,35.281867049,34.67606821225166,34.42973272014793
1365,36.5470567955,36.572095475,35.14327467499271,35.3002345232353,34.69034396852893,34.443440702142524
1366,36.333491588,36.5441110685,35.137859008080646,35.20683764952941,34.73174045909836,34.414320265870906
1367,36.2465926415,36.5441110685,35.13165080924193,35.26800480429412,34.69984020281214,34.436472813150274
1368,36.333491588,36.4704678935,35.139954154396186,35.261766794176474,34.73356243595027,34.42394453775489
1369,36.5765140655,36.657521558,35.1538295012931,35.24599849082353,34.71775783634518,34.411691308654405
1370,36.533801024,36.681087374,35.14405669312009,35.22919051911765,34.72524081551549,34.42593227950715
1371,36.533801024,36.681087374,35.14700721121849,35.19990652717647,34.733679089810266,34.415979590810814
1372,36.625118561,36.6265914245,35.152356637793105,35.335063413058826,34.70955390661847,34.431347646540246
1373,36.513180935,36.684033101000004,35.13685596997579,35.201985863882356,34.72583607923205,34.43039940713239
1374,36.592715564,36.67519592,35.15541899,35.22329906511765,34.757455796,34.422847736923075
1375,36.5470567955,36.5617854305,35.14340151485,35.16940958882353,34.755028964000005,34.42450126351351
1376,36.5794597925,36.678141647000004,35.15405396670262,35.26211335029412,34.76742396179775,34.418877926741246
1377,36.5205452525,36.466049303,35.1308494448,35.27268331188235,34.75757141549808,34.436755267151106
1378,36.542638205,36.725273279,35.139010069471404,35.25448911570588,34.742288673717105,34.41389797129173
1379,36.569149748,36.436592033000004,35.16721669135593,35.33818241811765,34.778256773609144,34.44956314050633
1380,36.610389926,36.631010015,35.16735646224419,35.27129708741177,34.76873126577406,34.4194899807457
1381,36.55736684,36.592715564,35.14767247519433,35.26401940894118,34.71398896815775,34.42967389275962
1382,36.548529659,36.523490979500004,35.16494725607088,35.27632215111765,34.75941609636665,34.437444780283286
1383,36.591242700500004,36.592715564,35.16461631265088,35.347885989411765,34.69923872997284,34.43098021572227
1384,36.664885875500005,36.6118627895,35.17340027349451,35.39311156276471,34.704054669929846,34.458287486939554
1385,36.5882969735,36.695816009,35.1517240131433,35.352217940882355,34.69568077328027,34.447262712941175
1386,36.5676768845,36.603025608500005,35.16629761855769,35.24755799335294,34.77871841415385,34.45955989286503
1387,36.651630104,36.631010015,35.18673739470589,35.31842871941176,34.73911726089435,34.45149867811492
1388,36.6295371515,36.681087374,35.181706251068114,35.264885799235294,34.789232836649745,34.46137223123288
1389,36.6295371515,36.657521558,35.17511231995604,35.336103081411764,34.74937863753846,34.44579211443114
1390,36.5941884275,36.651630104,35.16209770382134,35.287585224941175,34.7842690796622,34.450607310134714
1391,36.5735683385,36.6000798815,35.17078713797628,35.30231385994118,34.78560222481633,34.448159532117465
1392,36.58682411,36.5765140655,35.16386020961207,35.36781296617647,34.74684745926872,34.45319918588116
1393,36.591242700500004,36.542638205,35.164521349166904,35.37266475182353,34.74976163545455,34.42599945881818
1394,36.603025608500005,36.5735683385,35.16658346135326,35.30387336247059,34.728989223623856,34.45154733563183
1395,36.592715564,36.429227715500005,35.17346181652735,35.345979930764706,34.76903552422783,34.453380948085105
1396,36.5765140655,36.5706226115,35.152822489982164,35.26869791652941,34.77475619251856,34.475052291322356
1397,36.6442657865,36.46899503,35.16995844494089,35.33662291558824,34.754702013590034,34.447163323944956
1398,36.5794597925,36.510235208000005,35.14672928345517,35.39553745558824,34.7690541149442,34.500961395185975
1399,36.6442657865,36.5441110685,35.16302582881158,35.37127852735294,34.75077187389222,34.47085253866379
1400,36.601552745,36.541165341500005,35.15297362275862,35.29798190847059,34.79295606916621,34.48923207801592
1401,36.585351246500004,36.4498478045,35.14544677578947,35.31063120676471,34.81940415780475,34.49357755554945
1402,36.580932656,36.4410106235,35.13805843020736,35.33298407635294,34.781415261109245,34.501404515572275
1403,36.610389926,36.4527935315,35.16388068880423,35.38219504505882,34.758902095070184,34.46361777093533
1404,36.560312567000004,36.5529482495,35.130551927653194,35.36763968811765,34.76148688317425,34.45482298901483
1405,36.58682411,36.483723665,35.162573718736844,35.38219504505882,34.781030855956345,34.48078114659794
1406,36.6206999705,36.563258294,35.16114926756806,35.36330773664706,34.749549148880135,34.48059721647059
1407,36.6206999705,36.563258294,35.153985143153506,35.38410110370588,34.744589389522766,34.482192854363056
1408,36.636901469,36.5765140655,35.16124143291487,35.369025912588235,34.782625111623204,34.49304211688679
1409,36.6707773295,36.5765140655,35.1623896059276,35.411479037,34.73717281679822,34.46096005193038
1410,36.601552745,36.5529482495,35.14888971476923,35.38912616741177,34.75838349611487,34.48480373096257
1411,36.5735683385,36.595661291,35.160396723125004,35.34979204805882,34.78427254256104,34.458045398
1412,36.5824055195,36.522018116,35.15802062923077,35.396403845882354,34.78125509463606,34.50069138605966
1413,36.598607018,36.4233362615,35.16241089543269,35.34840582358824,34.80124919694581,34.49750303350769
1414,36.583878383,36.501398027,35.150672980926906,35.28307999541177,34.80556764896476,34.46215677684154
1415,36.628064288000004,36.6295371515,35.17251339405263,34.98642795870588,34.83172661554717,34.44059596669604
1416,36.628064288000004,36.64573865,35.15983859926995,35.19748063435294,34.78139230086957,34.4329460446843
1417,36.5323281605,36.67519592,35.155730165026085,35.02316290717647,34.79839645798077,34.4189153700108
1418,36.628064288000004,36.6295371515,35.17308696395994,35.22867068494118,34.80795191930172,34.41238056833333
1419,36.628064288000004,36.6413200595,35.183332104158566,35.18691067276471,34.80694772822211,34.423127309051324
1420,36.616281380000004,36.598607018,35.17927625062937,35.24391915411765,34.804543665620095,34.4221077381857
1421,36.6206999705,36.6265914245,35.1705174588983,35.36573362947059,34.75136046521418,34.3951639657714
1422,36.6206999705,36.616281380000004,35.17511231995604,35.323973617294115,34.79755158102429,34.4381698334066
1423,36.64573865,36.622172834,35.16934338245059,35.343207481823534,34.781319576845426,34.469439080810815
1424,36.633955742,36.651630104,35.16274120874456,35.31288382152941,34.78019502791711,34.49175333925778
1425,36.6236456975,36.591242700500004,35.15693414682425,35.28810505911765,34.82885914173913,34.48532405740625
1426,36.6442657865,36.6236456975,35.154734169606684,35.24547865664706,34.793061061891606,34.43348121642458
1427,36.6383743325,36.591242700500004,35.16101923367996,35.24547865664706,34.85952595577509,34.43261425640737
1428,36.6501572405,36.636901469,35.16177865487461,35.30629925529412,34.76713472992046,34.46885093587057
1429,36.6501572405,36.539692478,35.167722868325356,35.367119853941176,34.784369578478625,34.50793896638056
1430,36.672250193,36.5588397035,35.189211526109894,35.37803637164706,34.83708977003501,34.53370280686553
1431,36.684033101000004,36.529382433500004,35.188167253360774,35.41511787623529,34.80312295479592,34.502672062541386
1432,36.6825602375,36.6148085165,35.18617707961538,35.38167521088236,34.81081973,34.49752073515418
1433,36.6059713355,36.5087623445,35.17408190790967,35.416504100705886,34.78686511070574,34.49784145690867
1434,36.642792923,36.5558939765,35.18278707900445,35.482523041117645,34.77384097163037,34.516668681585905
1435,36.669304466,36.516126662000005,35.165955773580905,35.37509064464706,34.762007051921,34.48075591217765
1436,36.6678316025,36.6825602375,35.15753444970822,35.40922642223529,34.75462419916268,34.48677212017258
1437,36.657521558,36.595661291,35.16983550126957,35.40922642223529,34.76475742008414,34.488007922145634
1438,36.6354286055,36.742947641,35.144786861930015,35.388259777117646,34.78736302124179,34.47634195976238
1439,36.710544644,36.703180326500004,35.16246365638009,35.43903024835294,34.72483844977488,34.467372118645535
1440,36.676668783500006,36.4822508015,35.17844769338462,35.43937680447059,34.75771230051343,34.505870253955514
1441,36.6913974185,36.6354286055,35.17463755076923,35.445788092647064,34.747127705422535,34.47804696540068
1442,36.6884516915,36.7061260535,35.17213607870968,35.42135588635294,34.73624666503899,34.489649275742245
1443,36.613335653,36.7591491395,35.16025768820757,35.35914906323529,34.82215500195006,34.48011187150915
1444,36.610389926,36.6589944215,35.17315217761755,35.393804675,34.77866809030853,34.49727056156419
1445,36.6354286055,36.6884516915,35.186771296934786,35.364000848882355,34.844052132677966,34.48964061764532
1446,36.647211513500004,36.6884516915,35.18017971644523,35.364000848882355,34.838009538750725,34.46648384144858
1447,36.64573865,36.560312567000004,35.185538574222825,35.40489447076471,34.82399497118484,34.50831856148947
1448,36.631010015,36.663413012,35.174020291953966,35.340088476764706,34.821612061221906,34.49259998842629
1449,36.616281380000004,36.686978828,35.17742558250128,35.329518515176474,34.85130137390851,34.49527057291152
1450,36.616281380000004,36.737056187,35.16669741051151,35.303700084411766,34.84979214160735,34.47517645019115
1451,36.647211513500004,36.678141647000004,35.17944776602434,35.38028898641176,34.82126525629201,34.50619627778006
1452,36.6324828785,36.714963234500004,35.162574808158105,35.23854753429412,34.80790058236032,34.4846025063845
1453,36.654575831,36.701707463000005,35.17439009531429,35.30283369411765,34.82053300950986,34.48440739173347
1454,36.678141647000004,36.676668783500006,35.17985330170751,35.337835862,34.82678999323077,34.51640093764531
1455,36.613335653,36.716436098,35.14588126573685,35.244958822470586,34.82452541801812,34.482637058574404
1456,36.6678316025,36.701707463000005,35.17289843637945,35.423088666941176,34.82041510389202,34.5037618832366
1457,36.603025608500005,36.6943431455,35.16364361203854,35.45497182976471,34.76851011693069,34.54184611660321
1458,36.631010015,36.4233362615,35.19190560115601,35.48546876811765,34.793696866301374,34.54786077827208
1459,36.642792923,36.628064288000004,35.17998552551724,35.53415990264706,34.66121705554252,34.53266763175617
1460,36.647211513500004,36.529382433500004,35.186926196464896,35.49725167611765,34.693984103428576,34.53695628681666
1461,36.647211513500004,36.6678316025,35.18120130757228,35.50972769635294,34.68820769323741,34.53854327739668
1462,36.6354286055,36.654575831,35.176775741896186,35.48269631917647,34.68478195435661,34.5228761060697
1463,36.6354286055,36.4410106235,35.17769235246082,35.51146047694118,34.67560796456099,34.546646190731224
1464,36.6383743325,36.4410106235,35.18296174725962,35.560844723705884,34.66300292394083,34.55116421046467
1465,36.5971341545,36.698761736,35.1535192593007,35.326399510117646,34.80334317044963,34.47436945165919
1466,36.6354286055,36.653102967500004,35.16931781019068,35.37370442017647,34.766890134232504,34.49680476072692
1467,36.583878383,36.734110460000004,35.14728726716102,35.37786309358824,34.80142202611047,34.51767850350947
1468,36.6236456975,36.631010015,35.175932375824175,35.45410543947059,34.78352972545455,34.52751986952096
1469,36.601552745,36.726746142500005,35.15531038266968,35.39519089947059,34.80676832526812,34.497989074796116
1470,36.585351246500004,36.529382433500004,35.18930156854187,35.41459804205883,34.738436501933215,34.51872899719008
1471,36.607444199,36.529382433500004,35.18410834829615,35.45063987829412,34.75866843317073,34.53140397495806
1472,36.625118561,36.666358739,35.176353385642635,35.38808649905882,34.72017820369041,34.49769740357385
1473,36.583878383,36.4410106235,35.177183972030036,35.48980071958824,34.67637872800937,34.50452666878184
1474,36.5971341545,36.5647311575,35.174924351391304,35.437990580000005,34.70359036586207,34.51489890128713
1475,36.6089170625,36.457212122,35.176057889517246,35.44960020994118,34.72606727864,34.486114205878934
1476,36.554421113000004,36.703180326500004,35.153321617327585,35.432099126000004,34.70464317944706,34.48917626659114
1477,36.589769837,36.654575831,35.152646428775284,35.43903024835294,34.71323715597633,34.46437242514993
1478,36.6236456975,36.6265914245,35.170075145314684,35.43781730194118,34.721241948627004,34.46840675762761
1479,36.6000798815,36.6177542435,35.15458917519068,35.370931971235294,34.77247194424172,34.44330117714286
1480,36.628064288000004,36.5087623445,35.166877063348416,35.414424764,34.769967584232745,34.469913605103656
1481,36.636901469,36.684033101000004,35.16208776761171,35.378382927764704,34.77149705292065,34.419426892665015
1482,36.67519592,36.6796145105,35.165371573993326,35.32189428058824,34.786344254056445,34.416735439664976
1483,36.70465319,36.710544644,35.17317774137134,35.34771271135294,34.77108311577802,34.39876617680238
1484,36.7002345995,36.7061260535,35.185318767552445,35.38254160117647,34.773143506717226,34.42241054835405
1485,36.67519592,36.678141647000004,35.18950472212808,35.24547865664706,34.804543179611144,34.39880035242662
1486,36.67519592,36.64573865,35.1736528473222,35.264539243117646,34.80231681235294,34.436146301966716
1487,36.6177542435,36.591242700500004,35.19531167106491,35.31271054347059,34.82393822,34.406018609762505
1488,36.575041202,36.6707773295,35.188963121495945,35.294343069235296,34.826237324000004,34.425369238345866
1489,36.625118561,36.592715564,35.18149466644335,35.284812776,34.84324470062666,34.453422872553844
1490,36.6295371515,36.6324828785,35.17176016175824,35.25223650094118,34.831377589827134,34.435697268541034
1491,36.625118561,36.585351246500004,35.17993194654945,35.3002345232353,34.8505348286039,34.44310617528273
1492,36.616281380000004,36.575041202,35.178224533171914,35.301274191588234,34.82486456415842,34.448226308
1493,36.633955742,36.5529482495,35.18144842809686,35.34303420376471,34.80216408935741,34.44653373558011
1494,36.6413200595,36.474886484,35.170408140348954,35.376476869117646,34.82738298661847,34.46220015552343
1495,36.613335653,36.625118561,35.155209598748755,35.34234109152941,34.8253446432687,34.446847077598385
1496,36.6295371515,36.625118561,35.160721351433416,35.38964600158823,34.77451771001106,34.45275774182274
1497,36.5706226115,36.619227107,35.154602639860144,35.308378592000004,34.82775515011673,34.436000211384155
1498,36.6265914245,36.530855297,35.16954287963801,35.365906907529414,34.81071247440932,34.45871452147178
1499,36.569149748,36.5971341545,35.156338531556244,35.358455951,34.778646340579066,34.476612404545456
1500,36.5470567955,36.524963843,35.17312692153846,35.344766984352944,34.822393079921525,34.45521999570348
1501,36.5470567955,36.6383743325,35.1561267175963,35.40732036358824,34.75064335776418,34.454925816788034
1502,36.563258294,36.442483487000004,35.172814631725736,35.38843305517647,34.79883553886207,34.465446579811044
1503,36.5706226115,36.460157849,35.17175912182453,35.45705116647059,34.74384863486207,34.4782614051365
1504,36.542638205,36.585351246500004,35.154644019876734,35.38600716235294,34.761425760465116,34.44100850571728
1505,36.523490979500004,36.5647311575,35.15628956425108,35.36763968811765,34.79948620716453,34.46454795905997
1506,36.5824055195,36.489615119,35.1530554151772,35.415637710411765,34.77484317706516,34.46657321041096
1507,36.592715564,36.4351191695,35.171462912842614,35.41927654964706,34.77437586626629,34.458562829245
1508,36.491087982500005,36.5676768845,35.14076680555164,35.36070856576471,34.78831099628866,34.422727845714284
1509,36.58682411,36.4027161725,35.17957856721154,35.44509498041177,34.751320938584584,34.48763392575836
1510,36.560312567000004,36.572095475,35.164886737796614,35.41009281252941,34.7634020696763,34.43699172560496
1511,36.5765140655,36.471940757,35.16750207405833,35.400389241235295,34.78073066763701,34.43213258
1512,36.572095475,36.5264367065,35.16694435912173,35.37820964970588,34.77425097017406,34.451616076627495
1513,36.607444199,36.5617854305,35.183692791525424,35.48079026052941,34.73084572828225,34.46104870762876
1514,36.530855297,36.6059713355,35.1717316797145,35.37509064464706,34.82109315491487,34.44147013576435
1515,36.5794597925,36.539692478,35.17536602209559,35.420316218,34.77513551003386,34.48877178162328
1516,36.4763593475,36.3850418105,35.159987594375,35.29728879623529,34.869738085451345,34.44629876104486
1517,36.6324828785,36.533801024,35.167389342331255,35.17512776476471,34.83779870375,34.42206393522629
1518,36.5765140655,36.4586849855,35.16546960331645,35.34182125735294,34.812187974587054,34.420439295577324
1519,36.707598917,36.5882969735,35.18883455247934,35.28741194688235,34.79257779278997,34.41097750661515
1520,36.5765140655,36.2230268255,35.171954610312504,35.33800914005882,34.843980065271495,34.42327391135663
1521,36.6442657865,36.280468502000005,35.187930456750244,35.42967323317647,34.78210103882353,34.448335240893684
1522,36.664885875500005,36.327600134,35.18571477009643,35.38219504505882,34.7890963382353,34.42876562495008
1523,36.6206999705,36.501398027,35.178209245454546,35.408186753882354,34.77043823652174,34.41193616609279
1524,36.6354286055,36.5205452525,35.16672824,35.41234542729412,34.750848413933404,34.425382016224695
1525,36.653102967500004,36.5470567955,35.17835439090909,35.285679166294116,34.822771305605905,34.411692503677315
1526,36.692870282,36.492560846,35.193228220351976,35.41581098847059,34.749132246925015,34.422827333226614
1527,36.625118561,36.401243309,35.19848380499255,35.32847884682353,34.830524577571886,34.44326605408451
1528,36.628064288000004,36.522018116,35.179472010909095,35.34424715017647,34.774883466035014,34.43242717070677
1529,36.6589944215,36.5205452525,35.199884846246334,35.34840582358824,34.7792598942347,34.46346814619336
1530,36.603025608500005,36.580932656,35.18594807334311,35.34840582358824,34.795357373709926,34.42662431
1531,36.6324828785,36.533801024,35.18040278905746,35.29503618147059,34.78191321788991,34.45555555732143
1532,36.664885875500005,36.405661899500004,35.19208346200461,35.358109394882355,34.791671229814725,34.4474681739391
1533,36.664885875500005,36.551475386,35.199089041142855,35.31669593882353,34.787129535255815,34.45917466630015
1534,36.678141647000004,36.5706226115,35.18826434196364,35.363134458588235,34.78010134304574,34.48949839441654
1535,36.70465319,36.460157849,35.195810355821116,35.328305568764705,34.79393396066937,34.46525775339286
1536,36.678141647000004,36.6943431455,35.175054987980005,35.23490869505883,34.76047337,34.4398545460844
1537,36.6825602375,36.5941884275,35.18691364324572,35.38462093788235,34.75084253702321,34.45855027370511
1538,36.676668783500006,36.3879875375,35.186065273869715,35.37630359105883,34.74896357576159,34.46208596042076
1539,36.6913974185,36.560312567000004,35.191352023571895,35.39657712394118,34.73917895795181,34.47432849929155
1540,36.676668783500006,36.524963843,35.188053220244115,35.39657712394118,34.716812951467894,34.4671181312938
1541,36.642792923,36.501398027,35.18194611885714,35.335063413058826,34.743765120851066,34.45633140691504
1542,36.642792923,36.5794597925,35.18398872520585,35.335063413058826,34.74729589515547,34.460590831555756
1543,36.660467285,36.5735683385,35.182995712601084,35.38462093788235,34.71627997713269,34.475902562207445
1544,36.604498472,36.471940757,35.19246252909091,35.299021576823534,34.75955190141271,34.44911347916141
1545,36.631010015,36.524963843,35.17793170080457,35.38531405011765,34.73146264780192,34.458798427855875
1546,36.642792923,36.510235208000005,35.18850265255314,35.34823254552941,34.75884743416211,34.47597130912544
1547,36.6236456975,36.516126662000005,35.18334510539429,35.362441346352945,34.74198517351351,34.47565204213793
1548,36.6560486945,36.6206999705,35.176524838214284,35.410612646705886,34.72252521941958,34.446759175486385
1549,36.6442657865,36.628064288000004,35.18113565428572,35.32189428058824,34.71596147911469,34.451003929420544
1550,36.616281380000004,36.545583932,35.18017467878299,35.306472533352945,34.788141796326535,34.4659273281629
1551,36.616281380000004,36.516126662000005,35.18495228857143,35.38150193282353,34.76405858169896,34.48177464223738
1552,36.616281380000004,36.5323281605,35.18537849866057,35.31704249494118,34.74140583851704,34.42644896910714
1553,36.6059713355,36.577986929,35.18132517830857,35.23144313388235,34.74963333486239,34.499285576
1554,36.6206999705,36.6000798815,35.182765651563635,35.28671883464706,34.75199976739547,34.47148091786885
1555,36.633955742,36.5470567955,35.19940467040976,35.35291105311765,34.75334099950788,34.489487175917475
1556,36.622172834,36.589769837,35.17839710514286,35.323627061176474,34.73693340630912,34.449069792411066
1557,36.6148085165,36.5205452525,35.18918651615568,35.267311692058826,34.73650063675676,34.47159039730465
1558,36.58682411,36.6059713355,35.16249455778593,35.176860545352945,34.76677929815075,34.44788525277311
1559,36.589769837,36.5735683385,35.18415779,35.186217560529414,34.74920672343299,34.46172358829561
1560,36.580932656,36.6383743325,35.153162129375005,35.17131564747059,34.75437204232061,34.41690769627135
1561,36.6148085165,36.5175995255,35.17010554168274,35.282906717352944,34.73092688060576,34.43300436943541
1562,36.6148085165,36.530855297,35.17540005885714,35.282906717352944,34.7462762181216,34.430644940167134
1563,36.589769837,36.5617854305,35.1576164254972,35.11240110747059,34.78782556005642,34.373660578582594
1564,36.598607018,36.5617854305,35.164217512277894,35.132674640352946,34.81044350905172,34.36188201815509
1565,36.5558939765,36.575041202,35.16129171271661,35.08866201341176,34.827958329595376,34.37013000427306
1566,36.58682411,36.580932656,35.15056822217313,34.99214613464706,34.801166918247425,34.302111913903225
1567,36.616281380000004,36.577986929,35.150304442244305,34.90498727105882,34.80460273513436,34.29381863818182
1568,36.58682411,36.5529482495,35.15508526929412,35.219833503941175,34.734365854394014,34.385958553949315
1569,36.591242700500004,36.535273887500004,35.1534141425641,35.289144727470585,34.73846808794643,34.403951510093655
1570,36.6000798815,36.5588397035,35.182751999352945,35.27701526335294,34.7500566858552,34.44757662384963
1571,36.58682411,36.6059713355,35.16805765896875,35.252063222882356,34.7225863067766,34.432017624800004
1572,36.5824055195,36.522018116,35.17596390300103,35.30439319664706,34.725859533867926,34.479892522401144
1573,36.577986929,36.601552745,35.1873599955233,35.253969281529415,34.7221445573913,34.43638734430067
1574,36.589769837,36.5558939765,35.19264923435986,35.27874804394118,34.72486822718406,34.46618068207224
1575,36.5706226115,36.560312567000004,35.18270464157839,35.20250569805882,34.64606198430939,34.442552473351135
1576,36.5706226115,36.541165341500005,35.17875126167188,35.275975595,34.61348224876392,34.42711843194839
1577,36.58682411,36.5735683385,35.18111051580645,35.232829358352944,34.7373398950931,34.431547379917355
1578,36.58682411,36.5735683385,35.17417380383871,35.232829358352944,34.72432640730664,34.44498370377359
1579,36.5500025225,36.524963843,35.18348610209678,35.22867068494118,34.74833830723748,34.43123623797316
1580,36.5882969735,36.592715564,35.14839962419118,35.20943682041177,34.763278117622164,34.456732214988335
1581,36.580932656,36.5500025225,35.15896649152836,35.156413734411764,34.7972949575,34.44890110008811
1582,36.5971341545,36.6148085165,35.166056915365466,35.23300263641177,34.72693811401154,34.458657546495644
1583,36.5971341545,36.563258294,35.19144065630252,35.27112380935294,34.74821698807732,34.45654332223609
1584,36.5971341545,36.6148085165,35.17904864967151,35.21567483052941,34.746804459520334,34.43135826326181
1585,36.622172834,36.681087374,35.180776448984375,35.28325327347059,34.73823827887324,34.44607602279759
1586,36.6177542435,36.666358739,35.19326744443326,35.281000658705885,34.78513527046512,34.44393322636573
1587,36.6177542435,36.6560486945,35.18939883739063,35.26956430682353,34.759171917338364,34.424458883307985
1588,36.622172834,36.5765140655,35.20627072892391,35.32501328564706,34.77164466519068,34.455996196608695
1589,36.6324828785,36.628064288000004,35.19545529901039,35.30421991858824,34.76830611645464,34.434537585063296
1590,36.625118561,36.647211513500004,35.2025352507786,35.26557891147059,34.776485546176474,34.45977197624161
1591,36.639847196000005,36.6442657865,35.19620992858824,35.26557891147059,34.7707152410549,34.433279471
1592,36.625118561,36.604498472,35.194714706629036,35.31686921688235,34.75015857943072,34.44268904421294
1593,36.610389926,36.625118561,35.187904692596774,35.29798190847059,34.71390667194521,34.46181091769231
1594,36.610389926,36.569149748,35.19336209879661,35.328998681,34.760923099312976,34.45578089973206
1595,36.6118627895,36.666358739,35.19701855952941,35.331078017705885,34.77163925703349,34.46499707276074
1596,36.631010015,36.6295371515,35.204909749110236,35.331078017705885,34.769075085057096,34.47258562241697
1597,36.625118561,36.660467285,35.212656491771426,35.30664581141177,34.78220566872038,34.458989219706716
1598,36.625118561,36.6354286055,35.21311939172857,35.30664581141177,34.78861188663196,34.46149190795043
1599,36.613335653,36.660467285,35.202548818677684,35.31167087511765,34.776936170335645,34.48102737621622
1600,36.660467285,36.6265914245,35.20219717082645,35.329171959058826,34.774160430497645,34.45449155690341
1601,36.660467285,36.6089170625,35.205389051322314,35.31184415317647,34.75610410985646,34.46342674599357
1602,36.610389926,36.7002345995,35.18102024165762,35.20943682041177,34.77865976085851,34.44428916198547
1603,36.6442657865,36.6501572405,35.197261906311475,35.33800914005882,34.75901947040773,34.465969916050774
1604,36.67519592,36.6943431455,35.20614644669422,35.27770837558823,34.771916979602096,34.451822031098594
1605,36.678141647000004,36.748839095,35.19550274850117,35.27181692158824,34.776105928447656,34.47606758798468
1606,36.6825602375,36.713490371,35.20575422409091,35.32276067088235,34.75860018975385,34.46139119626001
1607,36.642792923,36.6118627895,35.183482549468714,35.220699894235295,34.79190888268626,34.45468229936118
1608,36.6619401485,36.5647311575,35.200554368567566,35.31964166582353,34.765041938767624,34.47039850812409
1609,36.583878383,36.642792923,35.19185060904959,35.31634938270588,34.78215416956706,34.46140910935065
1610,36.548529659,36.5087623445,35.18116186686364,35.270430697117646,34.793588732352944,34.472471119195234
1611,36.5941884275,36.516126662000005,35.202077807342135,35.35793611682353,34.773042452257,34.47679418930091
1612,36.6206999705,36.539692478,35.19868532942857,35.382021767,34.75783215908228,34.48747999766234
1613,36.6206999705,36.585351246500004,35.197899389661764,35.35013860417647,34.77924410294825,34.47446953306562
1614,36.585351246500004,36.580932656,35.177600915240646,35.336103081411764,34.746138548770055,34.45900518760039
1615,36.585351246500004,36.539692478,35.17589758864062,35.29988796711765,34.770530812580475,34.4782008764
1616,36.591242700500004,36.504343754000004,35.186207536178905,35.25258305705883,34.755388211415244,34.490396115237175
1617,36.58682411,36.575041202,35.188771895618075,35.262979740588236,34.77929370060848,34.448371914277566
1618,36.58682411,36.6059713355,35.17637966830445,35.262979740588236,34.741730517845696,34.462633766401495
1619,36.601552745,36.516126662000005,35.186463590122955,35.262979740588236,34.76564850089645,34.45387041087786
1620,36.591242700500004,36.530855297,35.17138185941177,35.24981060811765,34.774514027574085,34.44289032572545
1621,36.5824055195,36.463103576,35.17961461631818,35.31357693376471,34.74957186062992,34.46677934651345
1622,36.610389926,36.5588397035,35.2021580372541,35.305432865,34.77500682431193,34.437108610810014
1623,36.5765140655,36.523490979500004,35.174566094545455,35.27926787811765,34.756002724033266,34.45840715394737
1624,36.5941884275,36.4321734425,35.178657122857146,35.2560486182353,34.73957925988372,34.450778603759105
1625,36.5882969735,36.4233362615,35.18431734094263,35.23386902670588,34.7679182766962,34.44488462655835
1626,36.5882969735,36.471940757,35.185251342594846,35.23386902670588,34.768710236966825,34.4504391956
1627,36.6000798815,36.5558939765,35.19570587565574,35.257434842705884,34.772358014254316,34.44736482180189
1628,36.628064288000004,36.529382433500004,35.18960354063755,35.23612164147059,34.74550017812533,34.42251187786446
1629,36.6619401485,36.5441110685,35.21022412175583,35.320854612235294,34.74863799750655,34.43865482161694
1630,36.631010015,36.3762046295,35.19584973389847,35.322414114764705,34.74394552046536,34.47027356306444
1631,36.631010015,36.4439563505,35.20414658062472,35.344420428235296,34.7519500387669,34.46473731608971
1632,36.6000798815,36.4027161725,35.194515017768595,35.28654555658824,34.73336142404459,34.46603896704225
1633,36.6000798815,36.3349644515,35.194579094836065,35.294689625352945,34.74047268747994,34.4457559680833
1634,36.639847196000005,36.4940337095,35.205426371891896,35.33731602782353,34.73236481995838,34.441425661624464
1635,36.6737230565,36.591242700500004,35.21108304152893,35.323627061176474,34.73649509065831,34.44223119205279
1636,36.601552745,36.491087982500005,35.198338866830866,35.258994345235294,34.7231171182194,34.44922674358491
1637,36.633955742,36.342328769,35.203343600000004,35.26696513594118,34.74077204472669,34.45813716519626
1638,36.633955742,36.483723665,35.20646200432432,35.262979740588236,34.7449845473871,34.44203363272225
1639,36.6059713355,36.5765140655,35.18540430884,35.28827833717647,34.74573709962675,34.447865606734695
1640,36.6059713355,36.6177542435,35.19573399152,35.271990199647064,34.71901783859008,34.44180176534515
1641,36.569149748,36.4144990805,35.21012915,35.319295109705884,34.733809461810345,34.45399479047438
1642,36.604498472,36.4999251635,35.21759225167213,35.31530971435294,34.737597316068744,34.46836015415547
1643,36.604498472,36.5175995255,35.19923737043318,35.31530971435294,34.74367593301887,34.47924617619789
1644,36.5824055195,36.5676768845,35.20846935125,35.292783566705886,34.7636641888854,34.46151106744143
1645,36.604498472,36.5941884275,35.208997259314515,35.31530971435294,34.742480219646204,34.46394045698945
1646,36.639847196000005,36.5706226115,35.217007835000004,35.3355832472353,34.741881102607316,34.47902791818012
1647,36.610389926,36.436592033000004,35.215198355,35.29174389835294,34.73330280990836,34.46691549215084
1648,36.5794597925,36.4940337095,35.21620255532787,35.290357673882355,34.755120382225805,34.46103043836081
1649,36.603025608500005,36.430700579,35.22286245354453,35.317389051058825,34.74735294271351,34.47093797267658
1650,36.604498472,36.5558939765,35.22149162,35.27528248276471,34.77124505828358,34.45145918385164
1651,36.5794597925,36.4616307125,35.20996872971429,35.275109204705885,34.76361929203884,34.45046668073969
1652,36.604498472,36.5676768845,35.21875122622951,35.335409969176474,34.744425752761195,34.44459950425309
1653,36.572095475,36.5765140655,35.20064914742857,35.272336755764705,34.76170010923563,34.42975923746835
1654,36.6059713355,36.595661291,35.21176877665323,35.33471685694118,34.72165526852648,34.43720304306591
1655,36.6089170625,36.5735683385,35.22019007168,35.31167087511765,34.73120263680211,34.43102534197864
1656,36.604498472,36.533801024,35.22300348241804,35.32068133417647,34.71830163730769,34.445839613904404
1657,36.601552745,36.4469020775,35.22592583063232,35.30300697217647,34.72631700212697,34.452844009109754
1658,36.601552745,36.545583932,35.202248575777986,35.260553847764704,34.753144065103015,34.45226147293948
1659,36.595661291,36.5882969735,35.201201260832,35.239413924588234,34.73206429171115,34.43005576352372
1660,36.598607018,36.628064288000004,35.20947275364977,35.249464052,34.72982621545314,34.415445580039005
1661,36.5558939765,36.5941884275,35.214293234857145,35.258647789117646,34.7464757232207,34.427113169388335
1662,36.5617854305,36.5205452525,35.207705426048,35.299714689058824,34.717687293946284,34.43886641019409
1663,36.5617854305,36.4469020775,35.197497403197346,35.258647789117646,34.717972520699156,34.454223663254496
1664,36.6059713355,36.631010015,35.19875296362378,35.24669160305882,34.72919301162867,34.40165334836207
1665,36.592715564,36.583878383,35.206496885,35.274242814411764,34.723557368173076,34.438779953994334
1666,36.5588397035,36.5794597925,35.2077114570082,35.27874804394118,34.73254675347826,34.40441660427952
1667,36.5882969735,36.625118561,35.20840137460789,35.29590257176471,34.740527381536054,34.417155563616205
1668,36.592715564,36.362948858,35.20493474713115,35.286025722411765,34.74373415942857,34.425152585605574
1669,36.575041202,36.451320668,35.20284826159447,35.27285658994118,34.74786217089852,34.4390502380531
1670,36.5500025225,36.6560486945,35.193683128614055,35.23057674358824,34.735802906375,34.42718461354537
1671,36.551475386,36.598607018,35.2050862897253,35.248770939764704,34.74255011607419,34.431059925164014
1672,36.542638205,36.569149748,35.186334488,35.24738471529412,34.72930133168399,34.42573917017282
1673,36.405661899500004,36.457212122,35.192972564199614,35.14965589011765,34.829207000000004,34.43008132689349
1674,36.3644217215,36.287832819500004,35.16307585655242,35.095419857705885,34.797375884065936,34.424553482744706
1675,36.55736684,36.457212122,35.19138430571429,35.22173956258824,34.75074794381558,34.419937048027144
1676,36.548529659,36.536746751,35.170856591428574,35.21099632294118,34.7255106596348,34.417634869467115
1677,36.575041202,36.5175995255,35.17827300995968,35.15346800741177,34.772016788,34.44316410189513
1678,36.6059713355,36.580932656,35.17946258657803,35.18985639976471,34.748263183440976,34.424142867794046
1679,36.55736684,36.52790957,35.18902454324324,35.201985863882356,34.76231640173913,34.45062506555705
1680,36.5617854305,36.4851965285,35.177279105000004,35.18257872129412,34.74981727712307,34.45049437949296
1681,36.5058166175,36.486669392,35.153308957463345,35.120891732352945,34.75872535617582,34.46039424134551
1682,36.636901469,36.622172834,35.194706554210526,35.303700084411766,34.73517989132912,34.42845452248835
1683,36.616281380000004,36.5382196145,35.17871141473537,35.273203146058826,34.7462408574421,34.44295173054755
1684,36.631010015,36.6324828785,35.181377045000005,35.26627202370588,34.724267088060955,34.44046913435439
1685,36.5588397035,36.5146537985,35.19006521,35.16767680823529,34.76975233361702,34.45562054823476
1686,36.545583932,36.510235208000005,35.185047223476374,35.05695212864706,34.79704318596154,34.47017475569784
1687,36.545583932,36.495506573,35.16830563990038,35.060590967882355,34.75837266388204,34.47244982652791
1688,36.607444199,36.622172834,35.16723204769087,35.195228019588235,34.715696428282506,34.47267471777672
1689,36.542638205,36.572095475,35.176286264324325,35.045342498705885,34.76187609714286,34.4320281953931
1690,36.607444199,36.664885875500005,35.17629103368421,35.195228019588235,34.73624411574468,34.44385149259259
1691,36.542638205,36.560312567000004,35.16404486765808,35.14029887494118,34.756969918688,34.44760615494737
1692,36.6118627895,36.592715564,35.18181848332433,35.14428427029412,34.74538626028571,34.4402227221747
1693,36.598607018,36.6884516915,35.18184154100133,35.20319881029412,34.74683937983598,34.43302031279165
1694,36.5765140655,36.589769837,35.17928706942623,35.16715697405883,34.780573804107604,34.443228501516856
1695,36.575041202,36.6148085165,35.17558721243243,35.216714498882354,34.740505482885624,34.437606733653034
1696,36.5941884275,36.6501572405,35.154783184936335,35.208570430117646,34.721331518082195,34.42275756053679
1697,36.604498472,36.6354286055,35.17209486630642,35.16854319852941,34.75307899406123,34.43685848600282
1698,36.6059713355,36.703180326500004,35.174260327924934,35.18899000947059,34.74269639046106,34.41987632705882
1699,36.636901469,36.6383743325,35.18376791036236,35.21064976682353,34.74293608786039,34.42178496821735
1700,36.622172834,36.6884516915,35.16525031738568,35.20995665458824,34.744522441639006,34.43463146480326
1701,36.622172834,36.523490979500004,35.16598621506813,35.18795034111765,34.752070103143154,34.41841566119025
1702,36.6000798815,36.498452300000004,35.16885528329198,35.21948694782353,34.751138426194146,34.44541585805998
1703,36.283414229,36.477832211,35.14800465214533,35.22988363135294,34.76251403756743,34.4362638737227
1704,36.418917671,36.298142864,35.15852489769988,35.22988363135294,34.78393723635029,34.426500643879095
1705,36.610389926,36.607444199,35.1730661094934,35.25188994482353,34.76342373107499,34.43700817106963
1706,36.610389926,36.529382433500004,35.15905586679631,35.23265608029412,34.7691856546122,34.4463295472
1707,36.6265914245,36.451320668,35.16523808,35.279441156176475,34.762596963099895,34.45815777943744
1708,36.5971341545,36.5529482495,35.16432740223141,35.228150850764706,34.73811949244844,34.45115755256637
1709,36.6324828785,36.5735683385,35.16711353520661,35.26315301864706,34.7586332411048,34.44556783162524
1710,36.6265914245,36.610389926,35.1602151801728,35.24114670517647,34.74949909294118,34.43467710334623
1711,36.5676768845,36.5146537985,35.163096634752065,35.16455780317647,34.78025071820473,34.436072149869126
1712,36.603025608500005,36.539692478,35.157245755504135,35.20406520058824,34.754503322975886,34.42991921227685
1713,36.569149748,36.591242700500004,35.17230088332742,35.220699894235295,34.71765151132154,34.43683117788434
1714,36.575041202,36.6118627895,35.16996890648649,35.16369141288236,34.72443603449351,34.42937137390126
1715,36.591242700500004,36.592715564,35.176908499678355,35.205278147,34.7236441668666,34.435731527839536
1716,36.554421113000004,36.413026217,35.166128262398125,35.123144347117645,34.750818273152404,34.45209044872979
1717,36.554421113000004,36.513180935,35.16923265853396,35.05747196282353,34.739468372672,34.43490260128388
1718,36.539692478,36.6324828785,35.15356098588235,35.17963299429412,34.730493371826725,34.43530776476728
1719,36.585351246500004,36.5529482495,35.17956876463115,35.155374066058826,34.72495136794117,34.44984926787343
1720,36.548529659,36.5941884275,35.167866724234194,35.227631016588234,34.73729286006329,34.44355565482886
1721,36.572095475,36.5824055195,35.18625295316792,35.18067266264706,34.729035274915944,34.44980984910405
1722,36.541165341500005,36.551475386,35.16354872514286,35.18067266264706,34.72108944563381,34.45492038203406
1723,36.572095475,36.5558939765,35.172661550810815,35.16611730570588,34.704337238478374,34.436334701586716
1724,36.569149748,36.5382196145,35.17267937727071,35.10148458976471,34.705867050883725,34.433426849643816
1725,36.577986929,36.5558939765,35.18239913073771,35.22035333811765,34.668534841902705,34.46075523756623
1726,36.577986929,36.613335653,35.18129917803279,35.212035991294115,34.66440608475375,34.44621260085913
1727,36.577986929,36.52790957,35.18674528532787,35.22451201152941,34.670612859258064,34.46121458784137
1728,36.575041202,36.6825602375,35.17461897745902,35.20718420564706,34.67864762,34.45821443325823
1729,36.5382196145,36.5323281605,35.170360505000005,35.10165786782353,34.678328562311066,34.46820670130916
1730,36.585351246500004,36.678141647000004,35.17706298864865,35.23178969,34.68705417529103,34.443182507345846
1731,36.589769837,36.6796145105,35.174675594346354,35.15416111964706,34.67306330341232,34.43343087349933
1732,36.603025608500005,36.6884516915,35.17394827459017,35.216714498882354,34.65408028069828,34.451961187438094
1733,36.5794597925,36.6884516915,35.17892488987705,35.24114670517647,34.68407681668246,34.44090252802752
1734,36.603025608500005,36.669304466,35.17462925243243,35.22312578705883,34.673118922543175,34.42788701671763
1735,36.58682411,36.67519592,35.18176102070248,35.252756335117645,34.67577195466454,34.463988873668875
1736,36.5117080715,36.6177542435,35.14487490625807,35.21619466470588,34.67781525461207,34.44326061601981
1737,36.58682411,36.529382433500004,35.18596259424286,35.26401940894118,34.68130094682263,34.46245971541915
1738,36.5676768845,36.5264367065,35.189881268375004,35.255528784058825,34.697097524876476,34.457154512360056
1739,36.530855297,36.5588397035,35.16136588877049,35.248077827529414,34.67707980692142,34.44512241208812
1740,36.560312567000004,36.507289481,35.198371446906414,35.26817808235295,34.65280790947369,34.43778419517524
1741,36.592715564,36.5971341545,35.16809943764706,35.25760812076471,34.64948789818182,34.44827331428192
1742,36.6059713355,36.566204021000004,35.1878472335124,35.26817808235295,34.668755953347755,34.45055418968877
1743,36.413026217,36.479305074500004,35.15810525831933,35.11863911758824,34.704158968916204,34.414581136963854
1744,36.43953776,36.4439563505,35.15132266001681,35.20475831282353,34.69131860521445,34.43024952190523
1745,36.6148085165,36.6059713355,35.17780344803667,35.199386693,34.72982297576355,34.41597214182078
1746,36.603025608500005,36.572095475,35.170119744802314,35.20839715205882,34.69294101164894,34.41408442962963
1747,36.6177542435,36.604498472,35.197013844480196,35.31808216329412,34.654427198,34.437133912658226
1748,36.598607018,36.616281380000004,35.1788083380307,35.27770837558823,34.68968470354511,34.44021456348254
1749,36.566204021000004,36.5971341545,35.17199738286364,35.16091896394118,34.70992644944291,34.43569165492438
1750,36.5706226115,36.4851965285,35.160474030323066,35.222605952882354,34.68126752,34.43313329444495
1751,36.5706226115,36.589769837,35.15646776735484,35.16854319852941,34.68483629065181,34.42929735912449
1752,36.5824055195,36.619227107,35.17989291138235,35.228497406882354,34.716731755071145,34.419295206728364
1753,36.580932656,36.7061260535,35.182162372625,35.25812795494118,34.70887871113549,34.41469033907693
1754,36.5824055195,36.6059713355,35.16463647985097,35.25085027647059,34.68949414272677,34.444520823357465
1755,36.5647311575,36.5500025225,35.18936325379414,35.19384179511765,34.69622534100279,34.44950869188525
1756,36.575041202,36.591242700500004,35.18589248516286,35.18483133605883,34.72702725957012,34.43310962114079
1757,36.535273887500004,36.6589944215,35.20538777189436,35.222952509,34.730116641374046,34.44610735567844
1758,36.535273887500004,36.6177542435,35.18335775653379,35.19470818541177,34.69494993069665,34.43470902531739
1759,36.542638205,36.5205452525,35.19388693478003,35.13562036735294,34.7086803678022,34.434637909618104
1760,36.5264367065,36.591242700500004,35.18304834692712,35.14584377282353,34.6997326380593,34.456759693950275
1761,36.536746751,36.5500025225,35.17249476169938,35.09645952605882,34.72578829544102,34.45705298729946
1762,36.5500025225,36.5676768845,35.189542149725824,35.21394204994118,34.71779038693877,34.44730411906648
1763,36.5500025225,36.5676768845,35.16842656078987,35.21498171829412,34.69399241816685,34.42340807878525
1764,36.5617854305,36.6089170625,35.180340546367646,35.164731081235296,34.69440492157143,34.42431471817607
1765,36.5824055195,36.5058166175,35.192980905714286,35.198693580764704,34.71391187870968,34.42622903098811
1766,36.580932656,36.648684377,35.17161494593583,35.19089606811765,34.71335449006494,34.41168647407979
1767,36.529382433500004,36.5441110685,35.19110485397541,35.20753076176471,34.71028343544586,34.40847863168
1768,36.592715564,36.6177542435,35.17066044287168,35.18535117023529,34.72064916377683,34.42035603483395
1769,36.580932656,36.5117080715,35.17860965952869,35.131461693941176,34.73697656996805,34.42446671187757
1770,36.5794597925,36.5765140655,35.18272399481818,35.18691067276471,34.73130255643436,34.43135899449315
1771,36.585351246500004,36.5117080715,35.171579375659825,35.1882968972353,34.71585284954099,34.42654749245283
1772,36.5323281605,36.4969794365,35.147410435603305,35.174088096411765,34.769220506943235,34.444999106613054
1773,36.6118627895,36.6148085165,35.17115693059318,35.315482992411766,34.711063275127074,34.44110934162214
1774,36.5971341545,36.495506573,35.1682601777,35.26159351611765,34.65520670327087,34.4511174845
1775,36.5882969735,36.577986929,35.15595256207813,35.315482992411766,34.69341381436065,34.44482576498205
1776,36.636901469,36.5146537985,35.18705672141429,35.317215773,34.68074364906404,34.42987947899045
1777,36.530855297,36.651630104,35.17158266611861,35.28117393676471,34.71442449170811,34.43837246015929
1778,36.529382433500004,36.535273887500004,35.16972353885484,35.23646819758824,34.72444167137595,34.44207235007809
1779,36.6000798815,36.666358739,35.17971344482143,35.23889409041177,34.72664402097895,34.42157581561321
1780,36.5500025225,36.631010015,35.17129666125833,35.229363797176475,34.72576139286464,34.40915313372568
1781,36.5794597925,36.628064288000004,35.178990871720515,35.268871194588236,34.69954465769231,34.42586969056604
1782,36.5706226115,36.5323281605,35.172356114339934,35.16594402764706,34.682763513384366,34.43125870217693
1783,36.5941884275,36.433646306,35.19632724207627,35.27406953635294,34.70120205421801,34.45365408275
1784,36.575041202,36.5529482495,35.182377036996144,35.294343069235296,34.699752781733615,34.438412399577835
1785,36.575041202,36.5529482495,35.196454603625,35.23490869505883,34.710598292682405,34.4245160805084
1786,36.592715564,36.5941884275,35.18419661442623,35.24201309547059,34.69319403249867,34.40625556883082
1787,36.5382196145,36.725273279,35.17966539588235,35.187603785,34.71816821029953,34.411377941163636
1788,36.554421113000004,36.6589944215,35.1762115919076,35.23196296805882,34.67573349836334,34.412419478173604
1789,36.5794597925,36.7179089615,35.16537838727273,35.21584810858823,34.69706012558578,34.40389244410959
1790,36.524963843,36.648684377,35.16086286161885,35.18517789217647,34.69459787887324,34.42739984722892
1791,36.572095475,36.4999251635,35.158285533412815,35.19002967782353,34.680447512682655,34.41742117767528
1792,36.575041202,36.5529482495,35.162089493328125,35.24391915411765,34.69365723645639,34.43087369130794
1793,36.5765140655,36.411553353500004,35.16973736917355,35.29209045447059,34.66627414354348,34.432622199271435
1794,36.5735683385,36.4645764395,35.17135185787958,35.255355506,34.68896690727575,34.433210285
1795,36.583878383,36.548529659,35.173855899721374,35.28152049288235,34.67010881505728,34.44341441140884
1796,36.566204021000004,36.6972888725,35.16216599783992,35.216714498882354,34.71416547665072,34.416849831949115
1797,36.5441110685,36.5558939765,35.16576571828571,35.16854319852941,34.70971314492936,34.42124226066911
1798,36.5617854305,36.622172834,35.16692298657258,35.17980627235294,34.69226651521459,34.42808354808415
1799,36.603025608500005,36.554421113000004,35.176761873125,35.23698803176471,34.73249604835917,34.41011139340858
1800,36.589769837,36.554421113000004,35.174241084299766,35.226937904352944,34.73281549090048,34.406039336803985
1801,36.580932656,36.591242700500004,35.16755104190228,35.22018006005882,34.67632624410084,34.409097762258064
1802,36.5529482495,36.595661291,35.16119801618125,35.19297540482353,34.69242879894737,34.39303850661661
1803,36.5676768845,36.591242700500004,35.163331968314054,35.193668517058825,34.71640733994574,34.38572003589107
1804,36.5441110685,36.5617854305,35.16751142954946,35.26280646252941,34.66553104833511,34.412163956147545
1805,36.5588397035,36.4969794365,35.16433861696986,35.22711118241177,34.694319862585104,34.4095553150623
1806,36.554421113000004,36.4469020775,35.16356411742316,35.23976048070588,34.70085857793978,34.42469786415949
1807,36.5146537985,36.5175995255,35.17421024324012,35.17374154029412,34.75051775789305,34.376582984357796
1808,36.5205452525,36.5175995255,35.176684403193974,35.17374154029412,34.71094495225197,34.387763339045904
1809,36.535273887500004,36.5500025225,35.179851871842104,35.24010703682353,34.668482655408646,34.40681153144793
1810,36.535273887500004,36.698761736,35.18488062404,35.20475831282353,34.68529501219815,34.386724651243476
1811,36.504343754000004,36.348220223,35.173641518000004,35.25847451105882,34.708294580885145,34.4214356414632
1812,36.489615119,36.398297582,35.16386489057028,35.21012993264706,34.76539329458774,34.40632027850814
1813,36.504343754000004,36.4940337095,35.17900202070697,35.23126985582353,34.73667419743896,34.3996218125
1814,36.5500025225,36.569149748,35.16619875897821,35.24201309547059,34.71168084937234,34.405855841572716
1815,36.5205452525,36.3379101785,35.1637602980123,35.2796144342353,34.713784303271176,34.41693047490661
1816,36.545583932,36.522018116,35.16948119132718,35.22832412882353,34.72610137068638,34.404293052535344
1817,36.5500025225,36.474886484,35.17005401135634,35.30179402576471,34.67857673683812,34.43739576795689
1818,36.516126662000005,36.5617854305,35.166823172972975,35.24565193470588,34.744280577302526,34.40114935306729
1819,36.5470567955,36.5617854305,35.157308072779884,35.247731271411766,34.723113713500545,34.38641495528598
1820,36.5558939765,36.639847196000005,35.17709273098504,35.26090040388235,34.703259816449005,34.43038571176471
1821,36.489615119,36.3025614545,35.173686861440004,35.270777253235295,34.76476029079002,34.42009495688167
1822,36.589769837,36.427754852,35.178445223870966,35.217580889176475,34.79413443790625,34.40772780948219
1823,36.5765140655,36.2038796,35.1610273223967,35.3296917932353,34.718733457015844,34.43280399738969
1824,36.613335653,36.3909332645,35.17424677454545,35.319295109705884,34.70314522996832,34.411167249168585
1825,36.5971341545,36.365894585,35.16585925182258,35.319295109705884,34.67660768502326,34.40795871286296
1826,36.575041202,36.507289481,35.146324479696396,35.16854319852941,34.795716334002115,34.36309411423666
1827,36.5882969735,36.415971944,35.16777023157895,35.30283369411765,34.654340322381216,34.432158228192776
1828,36.5882969735,36.580932656,35.170916244615384,35.30266041605883,34.67775560652174,34.4026970220055
1829,36.592715564,36.631010015,35.167127390000005,35.25951417941177,34.732617540710926,34.412241544135405
1830,36.592715564,36.6619401485,35.15977039281854,35.304739752764704,34.64389417940283,34.40487912637748
1831,36.572095475,36.262794140000004,35.1690973883871,35.28897144941177,34.71878971611082,34.4228909173412
1832,36.6177542435,36.569149748,35.165144041976774,35.25726156464706,34.74551022668721,34.402391124094706
1833,36.572095475,36.354111677,35.1677692232,35.25951417941177,34.71420532619718,34.42123616862243
1834,36.651630104,36.236282597,35.182651977058825,35.348752379705886,34.716592914688924,34.40388249896488
1835,36.625118561,36.253956959,35.17346369176742,35.279094600058826,34.77467730199699,34.40087545910698
1836,36.5765140655,36.524963843,35.157562758125,35.23525525117647,34.72729879869566,34.39575323698096
1837,36.603025608500005,36.560312567000004,35.17267718447581,35.27684198529412,34.71465427963378,34.41385508982063
1838,36.591242700500004,36.541165341500005,35.168348338346775,35.26003401358824,34.75203695757544,34.43145248132597
1839,36.6089170625,36.580932656,35.175374443076926,35.260553847764704,34.72160828078534,34.39974790215641
1840,36.592715564,36.6000798815,35.166372258611894,35.299021576823534,34.7135332024081,34.400339634061375
1841,36.58682411,36.4586849855,35.1700717082353,35.20371864447059,34.7554249003417,34.39508692464131
1842,36.6118627895,36.395351855,35.167941656,35.20683764952941,34.77969131754698,34.389638445181646
1843,36.585351246500004,36.271631321,35.165236454053655,35.22087317229412,34.766885013983575,34.41165829528242
1844,36.580932656,36.3820960835,35.154420678228966,35.187777063058824,34.72482900655975,34.395041736020794
1845,36.607444199,36.519072389,35.16334485676471,35.20441175670588,34.75110060227273,34.399393773524594
1846,36.631010015,36.569149748,35.17367534748727,35.190549512000004,34.73811644975584,34.40350650658251
1847,36.601552745,36.619227107,35.15608033583012,35.190549512000004,34.720583945015356,34.40371883964051
1848,36.585351246500004,36.427754852,35.17254935530876,35.29607584982353,34.73497910136653,34.424980389954754
1849,36.585351246500004,36.4527935315,35.161612076176475,35.294343069235296,34.73486447409453,34.44304311622951
1850,36.504343754000004,36.262794140000004,35.147296072903224,35.21619466470588,34.7684585851334,34.41895821312844
1851,36.5971341545,36.551475386,35.16110280016129,35.288798171352944,34.73585964284385,34.37906225213699
1852,36.6206999705,36.551475386,35.156243296976854,35.25414255958824,34.76208515392392,34.40495129771905
1853,36.595661291,36.5117080715,35.17074321358561,35.35239121894118,34.72685072814853,34.38556638889095
1854,36.6148085165,36.427754852,35.16212471,35.357243004588234,34.70356798272823,34.40387253988052
1855,36.6000798815,36.529382433500004,35.1949681025,35.249464052,34.67210156,34.38351276925022
1856,36.5087623445,36.5647311575,35.180523861875,35.258647789117646,34.669222999413684,34.414953355619375
1857,36.684033101000004,36.642792923,35.18279050558824,35.30179402576471,34.688326192481675,34.42564713620342
1858,36.585351246500004,36.542638205,35.170400256413934,35.24166653935294,34.739195258475995,34.401645471612056
1859,36.6913974185,36.67519592,35.18000675936315,35.27095053129412,34.697238847789585,34.40735965900306
1860,36.6884516915,36.6089170625,35.180493656387945,35.24634504694118,34.73364483275591,34.39421075483871
1861,36.6560486945,36.603025608500005,35.18315631482353,35.259860735529415,34.72924708432171,34.41382557484915
1862,36.622172834,36.6089170625,35.17319916588235,35.27840148782353,34.6961974240848,34.3898274313698
1863,36.613335653,36.6501572405,35.18644872589721,35.24738471529412,34.67416308572991,34.391039052413205
1864,36.5558939765,36.625118561,35.169353238235296,35.16005257364706,34.70855274104922,34.37945165830287
1865,36.5941884275,36.5058166175,35.17199212176581,35.274242814411764,34.705762427352944,34.39181667317782
1866,36.5941884275,36.507289481,35.17357844570248,35.23820097817647,34.719955877024,34.38507137260009
1867,36.5470567955,36.6206999705,35.15772042141273,35.21948694782353,34.72345107783019,34.38148619787367
1868,36.6118627895,36.245119778,35.158815684833726,35.240626871,34.79483507621228,34.43329371819457
1869,36.551475386,36.535273887500004,35.16586648629154,35.24894421782353,34.76726193861012,34.39519533518072
1870,36.519072389,36.52790957,35.18042612882353,35.247731271411766,34.709406762584095,34.397487557273934
1871,36.548529659,36.5676768845,35.17611458585044,35.331078017705885,34.657529279936305,34.39680858560626
1872,36.554421113000004,36.542638205,35.189104119411766,35.33644963752941,34.65287250875,34.4093905534617
1873,36.5470567955,36.625118561,35.163998054000004,35.21099632294118,34.656804007768244,34.39742577754941
1874,36.58682411,36.628064288000004,35.17197203455079,35.314270046000004,34.63204755873954,34.40893661137521
1875,36.4822508015,36.6236456975,35.149013705483874,35.25674173047059,34.67645837476822,34.38770669889039
1876,36.554421113000004,36.5028708905,35.167142358125005,35.274762648588236,34.67775315000558,34.408315617407084
1877,36.5617854305,36.342328769,35.16622023090909,35.27441609247059,34.710847450970235,34.4205198256062
1878,36.6000798815,36.46899503,35.177837915,35.319295109705884,34.66841137911765,34.41202883740329
1879,36.613335653,36.539692478,35.167271084,35.33991519870588,34.68187720269911,34.412975142575895
1880,36.595661291,36.368840312,35.191164623157896,35.286892112705885,34.73147999401575,34.40626960181081
1881,36.5205452525,36.489615119,35.16404139028572,35.31444332405883,34.746585481606765,34.39784892125
1882,36.58682411,36.3850418105,35.181224341712685,35.27649542917647,34.702349109205684,34.42192546536225
1883,36.601552745,36.4999251635,35.173253292105265,35.237854422058824,34.7199394421209,34.38712808471654
1884,36.580932656,36.491087982500005,35.18037290207075,35.237854422058824,34.723991219979965,34.39087475065857
1885,36.5765140655,36.383568947,35.14551170685714,35.299021576823534,34.7283532959322,34.4000840672161
1886,36.55736684,36.280468502000005,35.154318963388434,35.21654122082353,34.734665399590554,34.431365527742855
1887,36.5765140655,36.162639422,35.171348122711564,35.26592546758824,34.76460151594595,34.42012150590308
1888,36.5824055195,36.245119778,35.172702185,35.281867049,34.75138421235234,34.415946620502325
1889,36.613335653,36.2789956385,35.1784853822324,35.28671883464706,34.740418318148336,34.43398374723658
1890,36.5971341545,36.298142864,35.19247103238154,35.26436596505882,34.75838514723982,34.42701166859633
1891,36.6177542435,36.4527935315,35.18568462864865,35.32258739282353,34.761225716778,34.421494523728974
1892,36.563258294,36.3820960835,35.17399513995313,35.203891922529415,34.78046706014278,34.44322244994637
1893,36.619227107,36.357057404,35.18242595885246,35.26349957476471,34.767601339052476,34.4405025289083
1894,36.5882969735,36.108143472500004,35.18145708065106,35.24443898829412,34.75711107554545,34.435303853771764
1895,36.583878383,36.2053524635,35.18760720628572,35.231616411941175,34.79817693342533,34.438619140805756
1896,36.583878383,36.2583755495,35.18070779736866,35.231616411941175,34.78515211896389,34.44161333552555
1897,36.585351246500004,36.243646914500005,35.19233856702703,35.26748497011765,34.77905179143734,34.462805827879656
1898,36.542638205,36.197988146,35.18090518800469,35.22919051911765,34.78096538391304,34.43078510199807
1899,36.566204021000004,36.4144990805,35.181411224864995,35.22919051911765,34.8042515875692,34.45415756912162
1900,36.580932656,36.136127879,35.18603778961592,35.26557891147059,34.794895012406094,34.4548488598648
1901,36.604498472,36.2200810985,35.18774581619576,35.241839817411766,34.799642165633806,34.43635542408163
1902,36.585351246500004,36.147910787,35.180496567058825,35.26800480429412,34.770422713234694,34.46094892260745
1903,36.6177542435,36.305507181500005,35.208399701336695,35.23958720264706,34.7980685202626,34.46284036277696
1904,36.613335653,36.162639422,35.18584747787485,35.28550588823529,34.77375919993878,34.44355279881731
1905,36.636901469,36.474886484,35.19253073202038,35.255528784058825,34.775134061527424,34.453300867594315
1906,36.6089170625,36.5146537985,35.193897258029935,35.228497406882354,34.78737679596413,34.41458184500748
1907,36.636901469,36.274577048,35.18386386689706,35.24894421782353,34.791897437996965,34.46000334801793
1908,36.653102967500004,36.268685594000004,35.19429739963115,35.26471252117647,34.802336917614106,34.47079158295067
1909,36.603025608500005,36.2672127305,35.16917287016393,35.21931366976471,34.811493542082694,34.44210381658824
1910,36.672250193,36.3762046295,35.17951510840164,35.287758503,34.759573453401224,34.45566610369535
1911,36.672250193,36.3762046295,35.18357452756757,35.18725722888235,34.79424291072186,34.42234419384616
1912,36.603025608500005,36.357057404,35.16297880516129,35.241839817411766,34.75978553526904,34.46118806285984
1913,36.672250193,36.491087982500005,35.19424017894737,35.31773560717647,34.75365941074733,34.46867278951521
1914,36.639847196000005,36.427754852,35.18080285790984,35.26627202370588,34.76843680580091,34.437819506043795
1915,36.64573865,36.315817226,35.193673548586105,35.30387336247059,34.75250655231892,34.46772469403218
1916,36.672250193,36.529382433500004,35.19022846594595,35.308378592000004,34.74797169232534,34.44928015514748
1917,36.636901469,36.17442233,35.18965613577869,35.33003834935295,34.74120988606378,34.45191305401055
1918,36.636901469,36.4086076265,35.20119799368421,35.285679166294116,34.759091120625655,34.47352441625176
1919,36.628064288000004,36.2053524635,35.180767214843094,35.332637520235295,34.72836790544685,34.44613117973254
1920,36.6825602375,36.4027161725,35.199265313907844,35.25968745747059,34.7410479876161,34.47900695896104
1921,36.6265914245,36.3703131755,35.204021454736846,35.278921322,34.767630507212274,34.4651298255514
1922,36.6206999705,36.4586849855,35.191251683522374,35.236814753705886,34.73786234409589,34.45533491534586
1923,36.631010015,36.3997704455,35.19377425139344,35.279787712294116,34.73947199692067,34.46795778101663
1924,36.639847196000005,36.3290729975,35.190131735,35.28671883464706,34.71647834933126,34.44587957284123
1925,36.639847196000005,36.389460401,35.20653270615385,35.23924064652941,34.74124878661467,34.433490901213794
1926,36.572095475,36.305507181500005,35.179327311598364,35.17668726729412,34.76626204850693,34.41181292985955
1927,36.633955742,36.23333687,35.1812443545946,35.25327616929412,34.715548310047545,34.42521491590304
1928,36.585351246500004,36.342328769,35.18298695,35.23317591447059,34.721093651157894,34.402527129810785
1929,36.604498472,36.4616307125,35.19934203135135,35.24409243217647,34.725219226566544,34.412689764556966
1930,36.5676768845,36.46899503,35.16817969454546,35.26609874564706,34.721949894648795,34.42664324749277
1931,36.6118627895,36.4262819885,35.20119693817014,35.24790454947059,34.75256715724722,34.428680542964706
1932,36.6177542435,36.4027161725,35.16517698344,35.230923299705886,34.71352008055324,34.42380523700416
1933,36.566204021000004,36.2731041845,35.17730957774194,35.14099198717647,34.74597351401179,34.425442296322274
1934,36.633955742,36.619227107,35.17266804760546,35.23733458788235,34.6846417242982,34.38422894494118
1935,36.566204021000004,36.5824055195,35.16803267528689,35.14757655341177,34.7299548499228,34.3726865690411
1936,36.633955742,36.6148085165,35.175563313433784,35.24894421782353,34.66932659978261,34.38227437901144
1937,36.591242700500004,36.392406128000005,35.1676168395082,35.232829358352944,34.722839570174145,34.38409647334901
1938,36.55736684,36.243646914500005,35.162031575,35.212035991294115,34.719152444607275,34.41528760035169
1939,36.55736684,36.3791503565,35.17207900756757,35.15676029052941,34.71212723052464,34.40123042378802
1940,36.5735683385,36.404189036000005,35.169138416970355,35.11863911758824,34.710694312468355,34.393179729972374
1941,36.583878383,36.473413620500004,35.18323905709962,35.17079581329412,34.70131811686415,34.39206727277676
1942,36.5794597925,36.3762046295,35.178516470000005,35.20770403982353,34.716038338933885,34.37462693563197
1943,36.5117080715,36.280468502000005,35.1642998114,35.13544708929412,34.71714657087756,34.39229238044529
1944,36.589769837,36.3349644515,35.17491687010898,35.131634972,34.717453481937504,34.41259190507777
1945,36.6059713355,36.3320187245,35.18312062728288,35.17512776476471,34.70490588652666,34.394646104148016
1946,36.6413200595,36.545583932,35.17699842486759,35.20666437147059,34.6865637855814,34.38161938491147
1947,36.575041202,36.367367448500005,35.17079597110656,35.11326749776471,34.731771027473094,34.386074765755595
1948,36.6118627895,36.433646306,35.18060185368421,35.17772693564706,34.68875802680628,34.41282889429752
1949,36.575041202,36.3968247185,35.178079804262296,35.18292527741177,34.73487591496191,34.389063996570094
1950,36.5971341545,36.633955742,35.17827648303905,35.147923109529415,34.71225293764051,34.37073945204461
1951,36.580932656,36.6383743325,35.184303646207496,35.202678976117646,34.71470036065591,34.3798810654039
1952,36.580932656,36.648684377,35.19083214585608,35.202678976117646,34.70207884411215,34.390765047345255
1953,36.5529482495,36.5706226115,35.184091265,35.17270187194118,34.729361713541344,34.37995688699195
1954,36.592715564,36.657521558,35.18696838228214,35.22364562123529,34.68047758884984,34.43575738998603
1955,36.603025608500005,36.436592033000004,35.1782915288436,35.28117393676471,34.656945657536944,34.456713951918836
1956,36.622172834,36.5617854305,35.1828026000764,35.16940958882353,34.681714957927234,34.42371722700358
1957,36.5971341545,36.371786039,35.18556035275676,35.16940958882353,34.68931814010135,34.44530688213393
1958,36.6089170625,36.473413620500004,35.17903546521489,35.16940958882353,34.67745156746171,34.43275795067024
1959,36.607444199,36.613335653,35.19652413315574,35.17547432088235,34.707032033244595,34.41865479927978
1960,36.607444199,36.236282597,35.182738140551415,35.15173522682353,34.71921335545455,34.45374938048583
1961,36.604498472,36.3526388135,35.16351534001613,35.205797981176474,34.71422914026101,34.40059168174387
1962,36.633955742,36.3084529085,35.178346197214076,35.23629491952941,34.70867807201309,34.40869771449542
1963,36.613335653,36.404189036000005,35.177178712727276,35.21272910352941,34.7135753480717,34.4013689424351
1964,36.5971341545,36.2289182795,35.193565936448,35.15086883652941,34.7575525014557,34.42538712208518
1965,36.6206999705,36.2848870925,35.20033667,35.24235965158824,34.74741051960021,34.404822903463284
1966,36.551475386,36.209771054,35.18465269237705,35.19574785376471,34.73530871167899,34.42659617507164
1967,36.58682411,36.059538977,35.18370261894737,35.134927255117645,34.78311125085624,34.40242973985896
1968,36.607444199,36.136127879,35.20750890415833,35.274242814411764,34.74579625946027,34.443005241243974
1969,36.610389926,36.094887701000005,35.20361372795998,35.29416979117647,34.80732884009375,34.41040883659356
1970,36.603025608500005,36.168530876000005,35.19953276210744,35.24911749588235,34.750848111387015,34.423278299205045
1971,36.6148085165,36.253956959,35.20619566852459,35.19696080017647,34.75383991927456,34.42562910097151
1972,36.647211513500004,36.407134763,35.205594045714285,35.21810072335294,34.7361788663996,34.4456640967036
1973,36.6442657865,36.171476603,35.21160410428571,35.27147036547059,34.70104099752888,34.43129684248276
1974,36.6442657865,36.230391143,35.206185888817735,35.26973758488236,34.699061431215526,34.42382445418182
1975,36.6442657865,36.336437315,35.20043032199429,35.30283369411765,34.70280021222608,34.43311974078253
1976,36.6089170625,36.380623220000004,35.20220135317019,35.27458937052941,34.70345929903226,34.440246041757064
1977,36.6089170625,36.489615119,35.204168928419314,35.261420238058825,34.739767570719756,34.422407165458694
1978,36.55736684,36.230391143,35.174537065454544,35.27060397517647,34.692114991847134,34.410200371854515
1979,36.473413620500004,36.5264367065,35.14698362,35.23525525117647,34.64745897695039,34.41193936650117
1980,36.5735683385,36.345274496,35.18213314914286,35.27095053129412,34.681322692596154,34.42506102975043
1981,36.6000798815,36.430700579,35.1900378926008,35.22399217735294,34.616597544088116,34.395456106340845
1982,36.542638205,36.669304466,35.17518109657143,35.22399217735294,34.61774696891641,34.39183300158952
1983,36.5765140655,36.669304466,35.17518109657143,35.17703382341177,34.61109556991808,34.39780268807496
1984,36.58682411,36.7061260535,35.182521275,35.17148892552941,34.662485408267095,34.39472784629193
1985,36.636901469,36.3879875375,35.200695905,35.306472533352945,34.63407343500274,34.40117219513158
1986,36.607444199,36.601552745,35.18968028108197,35.265752189529415,34.63057993304348,34.40366957566489
1987,36.607444199,36.401243309,35.184285530463704,35.27095053129412,34.63534902567016,34.405248632223234
1988,36.569149748,36.4940337095,35.176888421818184,35.27112380935294,34.619873045098686,34.41790878144248
1989,36.5765140655,36.554421113000004,35.19482668000937,35.202332420000005,34.636671315082495,34.396158169813994
1990,36.575041202,36.554421113000004,35.18299531314286,35.22520512376471,34.60820515764321,34.38423028998657
1991,36.580932656,36.421863398,35.214460260903984,35.253969281529415,34.71332901347732,34.404056240241935
1992,36.479305074500004,36.6560486945,35.17918311048156,35.299368132941176,34.682731302044836,34.411248963135435
1993,36.5529482495,36.510235208000005,35.19458936617143,35.19973324911765,34.745212374698795,34.3918381744306
1994,36.5529482495,36.536746751,35.18587222182202,35.19158918035294,34.70589797143154,34.39820799475279
1995,36.542638205,36.64573865,35.188115097304724,35.175301042823534,34.70493179984733,34.399266485922425
1996,36.560312567000004,36.513180935,35.17486713752049,35.23976048070588,34.718162018545456,34.442261472900356
1997,36.601552745,36.345274496,35.212123455457146,35.225898236,34.69438150489465,34.42502953162416
1998,36.539692478,36.451320668,35.17521906180645,35.181712331,34.76894863430793,34.42483211378243
1999,36.501398027,36.6118627895,35.17868611965574,35.18985639976471,34.748499620752355,34.40512245002833
2000,36.595661291,36.417444807500004,35.19876442844393,35.18552444829412,34.798030598238455,34.405243428912215
2001,36.595661291,36.479305074500004,35.19986959906558,35.181712331,34.77005322369703,34.40427277730751
2002,36.592715564,36.479305074500004,35.191695760689655,35.18552444829412,34.758914784285714,34.40124271625873
2003,36.575041202,36.516126662000005,35.19714117979508,35.155200788,34.79892849701818,34.39445958714485
2004,36.583878383,36.5588397035,35.199481716451615,35.1882968972353,34.755553702226806,34.38598852500468
2005,36.622172834,36.407134763,35.200100808636364,35.216367942764705,34.714463345414536,34.41347625369053
2006,36.5470567955,36.327600134,35.188253745409035,35.216367942764705,34.76513578170213,34.402216857714286
2007,36.604498472,36.3614759945,35.202569978629036,35.208916986235295,34.769355869876925,34.40105551153846
2008,36.6000798815,36.3349644515,35.187700050588234,35.17634071117647,34.73868244773671,34.39065227091778
2009,36.6206999705,36.4557392585,35.204180098225805,35.18656411664706,34.77001957213896,34.417023422
2010,36.585351246500004,36.466049303,35.16516683036735,35.05244689911765,34.73493020575788,34.36823849023077
2011,36.585351246500004,36.355584540500004,35.17333932516364,35.10841571211765,34.746182513068014,34.39473861363509
2012,36.5941884275,36.268685594000004,35.17726696116364,35.170622535235296,34.743097309468354,34.40315360769231
2013,36.6059713355,36.368840312,35.185962470835776,35.07410665647059,34.7678452097855,34.39707067994112
2014,36.6265914245,36.5558939765,35.1941162300973,35.146363607,34.757604252932175,34.38944131239962
2015,36.554421113000004,36.4616307125,35.18429153897235,35.05573918223529,34.773547017280656,34.382402982597405
2016,36.598607018,36.3732589025,35.19972464,35.165077637352944,34.76904275763636,34.41378396153846
2017,36.569149748,36.4586849855,35.19469971404,35.10408376064706,34.76424767486487,34.37516772681796
2018,36.6413200595,36.404189036000005,35.1953077391901,35.16923631076471,34.74417119475443,34.40596849054813
2019,36.6206999705,36.535273887500004,35.20967747598954,35.14428427029412,34.783847073369564,34.403824663436204
2020,36.6413200595,36.5617854305,35.20445334344,35.20319881029412,34.72717448489796,34.407287273094795
2021,36.6206999705,36.4144990805,35.20225800163369,35.20319881029412,34.73985026592631,34.38171057487871
2022,36.592715564,36.398297582,35.2170041876834,35.232482802235296,34.722514269000534,34.41983784160177
2023,36.639847196000005,36.536746751,35.22312058351351,35.232482802235296,34.690701329237946,34.413460109788765
2024,36.6324828785,36.536746751,35.228319786015035,35.25674173047059,34.714054914010525,34.41913531929072
2025,36.545583932,36.5971341545,35.235900935000004,35.23698803176471,34.723702143429776,34.42567910787851
2026,36.545583932,36.554421113000004,35.239108559140575,35.24790454947059,34.72724264805785,34.41774292300136
2027,36.5706226115,36.529382433500004,35.240517770000004,35.28394638570588,34.690875860982096,34.425855555622775
2028,36.5824055195,36.5765140655,35.22514032058824,35.21550155247059,34.70344913609626,34.43091600968877
2029,36.6059713355,36.6324828785,35.22831345636364,35.30196730382353,34.67628964931565,34.43076141992
2030,36.610389926,36.628064288000004,35.22047136522971,35.246864881117645,34.68504001661972,34.435696971438915
2031,36.6324828785,36.545583932,35.222260263155,35.26661857982353,34.70001177080386,34.437812904657896
2032,36.6324828785,36.585351246500004,35.221913470749094,35.24409243217647,34.70469732766901,34.440290773336294
2033,36.619227107,36.619227107,35.21438312136364,35.24443898829412,34.690526446211045,34.43815526638355
2034,36.6324828785,36.5647311575,35.22592596048941,35.30300697217647,34.672978544114834,34.438692631895876
2035,36.6148085165,36.67519592,35.21063590457882,35.21862055752941,34.70253653382227,34.420575533563536
2036,36.622172834,36.6295371515,35.22886500909091,35.23334919252942,34.70721702150883,34.43529084075523
2037,36.6324828785,36.523490979500004,35.2373683982353,35.270777253235295,34.700670905943944,34.45169217901654
2038,36.6324828785,36.4410106235,35.22987482347507,35.22364562123529,34.70318550264626,34.45555296142665
2039,36.5971341545,36.577986929,35.21767591262808,35.15468095382353,34.75973181044456,34.39715762572388
2040,36.622172834,36.577986929,35.21547238166835,35.14064543105883,34.74414278209081,34.40366918776234
2041,36.583878383,36.530855297,35.20901471433923,35.17512776476471,34.74753122711591,34.381866648556304
2042,36.6295371515,36.6295371515,35.21093394284,35.17824676982353,34.72851043110048,34.40907088164522
2043,36.6206999705,36.610389926,35.217234333058826,35.223472343176475,34.697157873992715,34.41358305061243
2044,36.642792923,36.4969794365,35.215157936829094,35.228497406882354,34.680522313239436,34.413050476825255
2045,36.622172834,36.477832211,35.21030439889829,35.162305188411764,34.74902289514107,34.41183045429226
2046,36.6413200595,36.477832211,35.211496904,35.18899000947059,34.72735582333874,34.424278314536316
2047,36.6148085165,36.421863398,35.20947315290797,35.24391915411765,34.73045202461702,34.42372446659813
2048,36.6148085165,36.522018116,35.19928906319086,35.225724957941175,34.718195159202935,34.42966944235456
2049,36.647211513500004,36.5824055195,35.22054096789015,35.20753076176471,34.74416257234043,34.42054316903409
2050,36.628064288000004,36.548529659,35.197363399369145,35.21376877188236,34.73691363393189,34.393366101935484
2051,36.6089170625,36.3467473595,35.19954770495968,35.20337208835294,34.745072794126905,34.440223434647116
2052,36.64573865,36.377677493,35.198327615000004,35.24080014905883,34.72560345674912,34.44332530916171
2053,36.604498472,36.545583932,35.19693846656,35.17911316011765,34.75622687432474,34.43007062684619
2054,36.554421113000004,36.398297582,35.18516032481567,35.16836992047059,34.74316663971444,34.42076563182198
2055,36.589769837,36.360003131,35.180714584758064,35.180845940705886,34.73284669161057,34.449252076198725
2056,36.541165341500005,36.360003131,35.18416617189753,35.16490435929412,34.730619677111804,34.428201329056606
2057,36.566204021000004,36.566204021000004,35.18846861,35.09871214082353,34.75305628871034,34.41627746127298
2058,36.560312567000004,36.566204021000004,35.18799753296992,35.09871214082353,34.7502457591679,34.41081259175694
2059,36.536746751,36.539692478,35.18154063719771,35.08692923282353,34.737914689911065,34.39128178100947
2060,36.585351246500004,36.5824055195,35.18776215741936,35.03927776664706,34.714758514366196,34.41203365858568
2061,36.5558939765,36.4410106235,35.18822303771429,35.03875793247059,34.74525453465438,34.4225842550805
2062,36.554421113000004,36.5470567955,35.201369344476895,35.040317435,34.78559049469388,34.386788068969814
2063,36.5028708905,36.486669392,35.194845223602286,34.985388290352944,34.77434509286922,34.38300238476888
2064,36.430700579,36.460157849,35.18822303771429,34.96528803552941,34.75986662911431,34.36850096821612
2065,36.474886484,36.460157849,35.18525614678368,34.99266596882353,34.731468824436476,34.396471483486664
2066,36.5441110685,36.460157849,35.18561947174573,35.003062652352945,34.719457686127704,34.39885240619403
2067,36.4940337095,36.418917671,35.19176668470588,35.07220059782353,34.74010988788589,34.40304058111378
2068,36.5058166175,36.491087982500005,35.18670025454546,35.096286248,34.71634758187755,34.42223743721565
2069,36.504343754000004,36.262794140000004,35.185418438750006,34.942761887882355,34.75034031219185,34.40063314633318
2070,36.522018116,36.460157849,35.203503752389764,35.015538672588235,34.74728909672815,34.37255538289178
2071,36.5382196145,36.539692478,35.202332420000005,35.02056373629412,34.75861756199,34.397277366853935
2072,36.5500025225,36.539692478,35.20634046045906,35.03459925905882,34.77196256914956,34.40088212585569
2073,36.4969794365,36.4469020775,35.19852875529412,34.96338197688235,34.770282506538265,34.4164305502094
2074,36.5500025225,36.539692478,35.20755302611431,35.0822507252353,34.77179397074447,34.397551367150356
2075,36.46899503,36.492560846,35.184020043396316,35.07064109529412,34.8038418431887,34.393325602118324
2076,36.486669392,36.492560846,35.188075721176475,35.07012126111765,34.7750802807438,34.40134120379458
2077,36.542638205,36.5175995255,35.191854732500005,35.12695646441176,34.76810930648312,34.40668072946277
2078,36.530855297,36.4822508015,35.210580983508066,35.09091462817647,34.77223514003075,34.39968750016848
2079,36.560312567000004,36.5323281605,35.205130434556416,35.13908592852941,34.756317763456536,34.40568908777887
2080,36.5558939765,36.466049303,35.19387424709389,35.16611730570588,34.78996221263666,34.41653983918919
2081,36.619227107,36.583878383,35.20990786684211,35.110668326882355,34.76048856199072,34.43342000788136
2082,36.5441110685,36.6236456975,35.20633255027027,35.131461693941176,34.81257628975659,34.406047643509275
2083,36.580932656,36.529382433500004,35.19924566,35.178420047882355,34.775170997347374,34.42021462625
2084,36.6354286055,36.6059713355,35.191621919525346,35.16542419347059,34.74300701364486,34.420205181911356
2085,36.6413200595,36.585351246500004,35.20212529351352,35.21376877188236,34.72080545119632,34.42697932515332
2086,36.616281380000004,36.603025608500005,35.20102853,35.17374154029412,34.723373457936674,34.41261646692521
2087,36.619227107,36.5647311575,35.20238283894737,35.21896711364706,34.70235497243243,34.4217596107786
2088,36.6059713355,36.5824055195,35.20276901423714,35.093340521,34.73492322615144,34.41119803713148
2089,36.604498472,36.6354286055,35.18342011358871,35.21342221576471,34.70102268624025,34.411281704812644
2090,36.625118561,36.5824055195,35.20183609987705,35.18015282847059,34.719337411269514,34.40972754406497
2091,36.569149748,36.5941884275,35.17349000762808,35.152948173235295,34.69805272563581,34.419050803191304
2092,36.5941884275,36.577986929,35.18803303483607,35.135793645411766,34.7212632519149,34.41066163023508
2093,36.5941884275,36.598607018,35.191219955241934,35.17824676982353,34.68489981662539,34.41701574937393
2094,36.5735683385,36.6383743325,35.194070658790324,35.15693356858824,34.71872349877863,34.40260841574754
2095,36.598607018,36.6383743325,35.20415584299041,35.15693356858824,34.710802996394456,34.38039885112314
2096,36.6089170625,36.6413200595,35.18472593189401,35.15658701247059,34.72644835876582,34.40659819404741
2097,36.580932656,36.5500025225,35.191114373629034,35.14376443611765,34.70451220823896,34.42365155798166
2098,36.5971341545,36.64573865,35.214160565,35.15121539264706,34.74956040344719,34.40657608268523
2099,36.589769837,36.5765140655,35.20421931425346,35.15121539264706,34.73999941367102,34.411659386737966
2100,36.6206999705,36.619227107,35.212194313356584,35.13111513782353,34.73080153091571,34.39544793179098
2101,36.530855297,36.592715564,35.1942414525759,35.13856609435294,34.738890194536744,34.41442323051213
2102,36.5765140655,36.533801024,35.19942741733641,35.160399129764706,34.73704970704558,34.40701298257065
2103,36.628064288000004,36.642792923,35.209633628648646,35.145497216705884,34.74403639802508,34.39422485779784
2104,36.628064288000004,36.642792923,35.20043195096774,35.169929423,34.71966089469325,34.40504489460416
2105,36.585351246500004,36.642792923,35.20275474645162,35.20181258582353,34.724244656668354,34.406810386764576
2106,36.628064288000004,36.539692478,35.208394938285714,35.170969091352944,34.71634175696683,34.42382803186219
2107,36.5647311575,36.463103576,35.20628745014821,35.16265174452941,34.68829756566862,34.42124470218085
2108,36.5558939765,36.55736684,35.20590830252122,35.10650965347059,34.678513394794955,34.40842591730515
2109,36.5470567955,36.55736684,35.21133796554719,35.09836558470588,34.695119805404474,34.41441951881197
2110,36.5205452525,36.551475386,35.20326945681452,35.137526426,34.66679210405546,34.41207454826404
2111,36.577986929,36.5941884275,35.21140566971429,35.11829256147059,34.69883532744186,34.4137679407247
2112,36.5441110685,36.619227107,35.209064030810815,35.13544708929412,34.68357885943516,34.406742257176475
2113,36.5323281605,36.619227107,35.21953936934612,35.096112969941174,34.69751439103947,34.40035760443093
2114,36.583878383,36.6972888725,35.217761827949474,35.03962432276471,34.70503803511811,34.39503077664482
2115,36.592715564,36.622172834,35.22164696486487,35.069601426941176,34.69132353763525,34.389584326370105
2116,36.533801024,36.516126662000005,35.188317690602354,35.05764524088235,34.69927321436788,34.42141661449393
2117,36.577986929,36.6177542435,35.21647733951152,35.09438018935294,34.71286439204691,34.401953684664036
2118,36.5558939765,36.686978828,35.21481251,35.09438018935294,34.680820142633294,34.39222360490566
2119,36.5558939765,36.529382433500004,35.21954576375,35.0881421792353,34.80078988783899,34.406551737078345
2120,36.55736684,36.4380648965,35.208798290765,35.0881421792353,34.75187384850319,34.3820093705999
2121,36.5647311575,36.5529482495,35.21710880879574,34.99855742282353,34.776414951411766,34.37404361745386
2122,36.5588397035,36.495506573,35.21227290965818,35.04239677170588,34.76595311806103,34.38696288764706
2123,36.577986929,36.566204021000004,35.21646754353868,35.04863478182353,34.7644135143949,34.38869584326364
2124,36.5794597925,36.5058166175,35.22545651,35.04308988394118,34.75860971731241,34.39163322588728
2125,36.577986929,36.4969794365,35.20842131732324,35.06353669488235,34.73565961054187,34.39640097974301
2126,36.542638205,36.5058166175,35.21002144285714,35.01571195064706,34.74740234538424,34.39506327595715
2127,36.542638205,36.548529659,35.232789644895135,35.01571195064706,34.7678999418001,34.376097960383
2128,36.5706226115,36.536746751,35.21997596358326,35.00566182323529,34.778914803348016,34.39029413951013
2129,36.6177542435,36.5588397035,35.22522847070316,35.03113369788235,34.76120418013359,34.39064516867437
2130,36.5706226115,36.5647311575,35.216459171321084,35.01501883841176,34.73918479931172,34.37797624141433
2131,36.566204021000004,36.5558939765,35.21409404,34.918156403529416,34.783063476522585,34.38655050922701
2132,36.5882969735,36.510235208000005,35.22287697753846,35.056259016411765,34.766274921030046,34.39677896934743
2133,36.535273887500004,36.498452300000004,35.20881620396973,35.07289371005882,34.74200366171,34.35198034313461
2134,36.3172900895,36.237755460500004,35.195205049652515,34.94692056129412,34.75776616932936,34.348710702366866
2135,36.636901469,36.3113986355,35.219165145714285,35.099405253058826,34.72260782591062,34.395151709056606
2136,36.566204021000004,36.569149748,35.186795546979596,34.919196071882354,34.7718871392782,34.39760635197525
2137,36.604498472,36.283414229,35.1907537687594,35.026108634176474,34.7236066877626,34.37989756053296
2138,36.648684377,36.492560846,35.21677417317447,35.106336375411765,34.72480988081654,34.435651537903226
2139,36.64573865,36.6206999705,35.219093210989016,34.99855742282353,34.79801068051307,34.416446962275565
2140,36.6177542435,36.603025608500005,35.208077383792435,34.981402895,34.76604395812406,34.44215128386563
2141,36.6413200595,36.513180935,35.21591590058313,35.07098765141177,34.775465539224655,34.441268885229064
2142,36.633955742,36.601552745,35.208350504528624,34.975511441,34.76030210680233,34.4241639150252
2143,36.5794597925,36.424809125,35.189278957834645,34.98122961694118,34.77691973662531,34.42736895130476
2144,36.519072389,36.501398027,35.201599463474906,34.87449033270588,34.82875935070367,34.44587525828169
2145,36.628064288000004,36.6148085165,35.20500808034805,35.21186271323529,34.714296317524855,34.45445015411817
2146,36.6206999705,36.6206999705,35.204796731044574,35.118465839529414,34.73925609657895,34.438344732881816
2147,36.631010015,36.6354286055,35.210688730970816,35.113094219705886,34.75409991434204,34.44504919867708
2148,36.554421113000004,36.628064288000004,35.20960582,35.092647408764705,34.7744819384,34.45582105519671
2149,36.591242700500004,36.569149748,35.226568808,35.08866201341176,34.77277791715625,34.47917699925259
2150,36.5617854305,36.639847196000005,35.214780492161296,35.16594402764706,34.75189681916667,34.48156345304721
2151,36.563258294,36.548529659,35.22780897783784,35.17738037952941,34.7390008545055,34.48810900811982
2152,36.591242700500004,36.52790957,35.23141730079774,35.179979550411765,34.7745905137468,34.49555621008654
2153,36.613335653,36.619227107,35.2427997572973,35.19730735629412,34.76063611734807,34.48665496377359
2154,36.5558939765,36.601552745,35.24915647609083,35.15606717829412,34.794542636818186,34.51292203414439
2155,36.569149748,36.642792923,35.23520371206154,35.12695646441176,34.770981173727456,34.50088688310757
2156,36.6059713355,36.642792923,35.23317849429281,35.157280124705885,34.74994051510806,34.474912585857076
2157,36.6118627895,36.583878383,35.245117338213404,35.16438452511765,34.79996297775913,34.483109706082615
2158,36.560312567000004,36.548529659,35.225469815000004,35.15277489517647,34.75830065615655,34.51132724590118
2159,36.492560846,36.6442657865,35.233202200767224,35.050367562411765,34.792658165,34.4903165501411
2160,36.563258294,36.653102967500004,35.22527379617512,35.03338631264706,34.85532088664387,34.47187191795937
2161,36.563258294,36.6413200595,35.22543996864865,35.03338631264706,34.84335339027819,34.4950102827054
2162,36.5706226115,36.6884516915,35.22599746048842,35.04222349364706,34.817546830625,34.49402083371932
2163,36.480777938,36.67519592,35.221375633343506,34.96632770388236,34.80947601196598,34.48067805225532
2164,36.536746751,36.6884516915,35.22543965795892,35.00600837935294,34.82382591677966,34.48244816150418
2165,36.536746751,36.6913974185,35.20977157488865,35.01848439958824,34.79977835708455,34.488136517444396
2166,36.58682411,36.651630104,35.2277630712379,35.07324026617647,34.80323301216683,34.50198130349551
2167,36.560312567000004,36.64573865,35.21717495164835,35.07324026617647,34.80511072741379,34.49237835406897
2168,36.592715564,36.474886484,35.218632628928574,35.12297106905883,34.83480009181241,34.49980232379883
2169,36.5971341545,36.701707463000005,35.218803685077894,35.10616309735294,34.837536070119675,34.49907175054442
2170,36.601552745,36.589769837,35.22332510365838,35.062150470411765,34.819315816828194,34.477902807800284
2171,36.6059713355,36.6678316025,35.21663770942085,35.03477253711765,34.828366712490386,34.484980789929544
2172,36.616281380000004,36.52790957,35.216397491233685,35.07618599317647,34.82715029871622,34.50337236367584
2173,36.601552745,36.663413012,35.20143675976352,35.115000278352944,34.838787313121585,34.49544087928672
2174,36.6059713355,36.5882969735,35.21551687389895,35.09871214082353,34.86231299799611,34.49530445426237
2175,36.5617854305,36.501398027,35.19372441320683,35.04066399111765,34.857321875207376,34.50922348681277
2176,36.548529659,36.591242700500004,35.18514022662849,35.142031655529415,34.835452841894316,34.50938141
2177,36.551475386,36.6707773295,35.193204593936,35.10495015094118,34.894525745634255,34.567355301619315
2178,36.541165341500005,36.6059713355,35.19851451346198,35.019697346,34.913380867455686,34.51163916615385
2179,36.541165341500005,36.6707773295,35.194710097445515,35.060937524,34.896171974037266,34.52129792402985
2180,36.569149748,36.498452300000004,35.19990601376,35.164731081235296,34.847017884106954,34.554880937305796
2181,36.457212122,36.6560486945,35.18397108137363,35.07462649064706,34.87297507138298,34.53700538707386
2182,36.566204021000004,36.653102967500004,35.194179407851614,35.14619032894118,34.842738380982,34.555754261630184
2183,36.5971341545,36.592715564,35.20942116949033,35.170622535235296,34.84446618677913,34.5471263645
2184,36.585351246500004,36.692870282,35.20207863428923,35.108762268235296,34.89550476946071,34.52866214115069
2185,36.598607018,36.740001914000004,35.20300865645913,35.12730302052941,34.90546394540284,34.546543790912395
2186,36.536746751,36.720854688500005,35.20300865645913,35.065616031588235,34.91879831154176,34.52958850084154
2187,36.6148085165,36.703180326500004,35.20644321714586,35.10269753617647,34.922900123290326,34.529038813073754
2188,36.530855297,36.7532576855,35.192470823116885,35.11257438552941,34.86845223768621,34.507070194031364
2189,36.583878383,36.778296365,35.18918185303571,35.07098765141177,34.91722427456829,34.51069037440811
2190,36.583878383,36.766513457,35.20665749535714,35.10391048258823,34.88001578101021,34.50584811888489
2191,36.580932656,36.7562034125,35.20359640467636,35.10391048258823,34.9142510870705,34.525068806796554
2192,36.442483487000004,36.720854688500005,35.18821435386909,35.05764524088235,34.916319952307695,34.4950281944403
2193,36.6324828785,36.710544644,35.21717983431452,35.09524657964706,34.89351971270142,34.53203393409655
2194,36.5706226115,36.7296918695,35.20530190286291,35.030787141764705,34.92966423826632,34.4736468910693
2195,36.5824055195,36.7326375965,35.2051283023263,35.099405253058826,34.903547145897704,34.502065631111115
2196,36.5706226115,36.737056187,35.211231731718364,35.14133854329412,34.845153407258486,34.53075938394631
2197,36.4616307125,36.728219006,35.20363760365539,34.843646838235294,35.038535452000005,34.481205285139666
2198,36.5146537985,36.737056187,35.2050376794898,34.983482231705885,34.95295854691798,34.46368932721038
2199,36.415971944,36.7120175075,35.19737762573733,34.94951973217647,34.97752772741985,34.48536032109091
2200,36.2789956385,36.70465319,35.17809329497143,34.82268019311765,35.01838148825381,34.47145019714417
2201,36.35116595,36.636901469,35.19780296880646,34.893377641117645,34.95193054963153,34.47897886221277
2202,36.445429214,36.7120175075,35.18934042049499,34.861667756352944,34.96643268320861,34.44667577535559
2203,36.374731766000004,36.695816009,35.17395541113301,34.90065531958824,34.90417441019082,34.48410020665718
2204,36.5765140655,36.707598917,35.18796225971429,35.0262819122353,34.81033224796931,34.46555830284519
2205,36.466049303,36.6383743325,35.18975878113479,34.96875359670588,34.86313125717449,34.462583916316795
2206,36.577986929,36.6972888725,35.20403524025291,35.01034033082353,34.87708941549568,34.49170117544828
2207,36.5175995255,36.707598917,35.18924932904828,34.99301252494118,34.85207296073733,34.46482498317416
2208,36.563258294,36.6737230565,35.20806676856,35.032693200411764,34.8605866821988,34.478617196393444
2209,36.563258294,36.728219006,35.207881789574195,35.01016705276471,34.84179812909275,34.48509646647469
2210,36.58682411,36.698761736,35.21403642459821,35.04170365947059,34.817538508317426,34.51158784082645
2211,36.6324828785,36.714963234500004,35.22752896104058,35.05244689911765,34.839509491353844,34.516666332265
2212,36.498452300000004,36.728219006,35.202740894144,34.97811061188236,34.87685473109157,34.48817256853271
2213,36.575041202,36.7002345995,35.211231944428576,35.034425981,34.8456054802444,34.491124721336384
2214,36.5647311575,36.6943431455,35.22340482062968,35.02697502447059,34.86386663080517,34.51334210216578
2215,36.5558939765,36.7002345995,35.20886339691244,35.042916605882354,34.85659317210926,34.495813395743525
2216,36.575041202,36.6619401485,35.20786658582194,35.05591246029412,34.862046566555385,34.49098905537301
2217,36.545583932,36.6619401485,35.211789515898616,35.07064109529412,34.866728375366954,34.49293035815685
2218,36.489615119,36.6972888725,35.19562044603687,35.05539262611765,34.83749467229358,34.49932462163579
2219,36.585351246500004,36.6855059645,35.198310520736,35.161265520058826,34.79943592403093,34.49236681194923
2220,36.591242700500004,36.541165341500005,35.21491803241379,35.18517789217647,34.82063477857143,34.507447106894666
2221,36.622172834,36.663413012,35.208223874,35.08242400329412,34.85824388082569,34.47836078738755
2222,36.6118627895,36.714963234500004,35.21013859655,35.050367562411765,34.86667496612245,34.48535156490463
2223,36.6118627895,36.692870282,35.208886662575,35.050367562411765,34.882443266843424,34.47814114156209
2224,36.603025608500005,36.722327552,35.20984521164315,35.022643073,34.89442170739086,34.47301196393309
2225,36.6118627895,36.6619401485,35.21287408416331,35.063016860705886,34.90030631801412,34.474007288607595
2226,36.580932656,36.6972888725,35.231240271764705,35.10737604376471,34.91710457840366,34.540900688544724
2227,36.5441110685,36.6884516915,35.22236879351152,35.05175378688235,34.88228881142423,34.53179593329892
2228,36.580932656,36.6972888725,35.23083173,35.10737604376471,34.87252681351268,34.53306215509487
2229,36.580932656,36.669304466,35.23623839818182,35.10737604376471,34.9076688025,34.54316365140504
2230,36.569149748,36.709071780500004,35.22834248545455,35.00982049664706,34.91416150497181,34.5532837045035
2231,36.613335653,36.6972888725,35.236281941818184,35.10737604376471,34.89905298829042,34.52308892835443
2232,36.5676768845,36.710544644,35.22950749117647,35.00982049664706,34.91416150497181,34.55320130654545
2233,36.619227107,36.6972888725,35.238905452907424,35.089528403705884,34.917308466223375,34.53614919253057
2234,36.5794597925,36.669304466,35.22115734831059,35.08727578894118,34.88389827548387,34.54351108511822
2235,36.6236456975,36.6972888725,35.22969233818182,35.10824243405882,34.84878536828427,34.52788996698043
2236,36.6089170625,36.709071780500004,35.22238812728739,35.14532393864706,34.85246930777834,34.52350478464319
2237,36.6236456975,36.633955742,35.23231947090909,35.10824243405882,34.86129024840943,34.52794896212766
2238,36.5706226115,36.686978828,35.22623915705883,35.089528403705884,34.85246930777834,34.51480755037037
2239,36.6236456975,36.669304466,35.23078355933586,35.14532393864706,34.85913566655771,34.524088202422305
2240,36.6089170625,36.7326375965,35.232198231764706,35.12626335217647,34.87015532595466,34.52870117827491
2241,36.5794597925,36.669304466,35.223712345454544,35.08727578894118,34.85061799796883,34.54654275743321
2242,36.619227107,36.6972888725,35.22995909115275,35.089528403705884,34.900580170322584,34.515022948114755
2243,36.6059713355,36.709071780500004,35.23231947090909,35.070814373352945,34.86445997768672,34.51849894527514
2244,36.598607018,36.613335653,35.235389063167155,35.13510053317647,34.8781173781466,34.54626837890943
2245,36.6059713355,36.6589944215,35.23725569705883,35.12626335217647,34.87959111080803,34.5522832286494
2246,36.591242700500004,36.709071780500004,35.232198231764706,35.02836124894118,34.933470629507696,34.50946040382625
2247,36.5529482495,36.653102967500004,35.22237118906072,35.062150470411765,34.88382472672585,34.55344926798323
2248,36.642792923,36.6589944215,35.235520757879506,35.12539696188235,34.86836611713433,34.51053249390872
2249,36.591242700500004,36.669304466,35.22866749087558,35.05175378688235,34.8626668608855,34.52989217727189
2250,36.6177542435,36.784187819,35.23137046888994,35.11205455135294,34.85101381337424,34.517340565646066
2251,36.5941884275,36.6943431455,35.22749295764706,35.09178101847059,34.84210495720339,34.55201281880777
2252,36.6265914245,36.5617854305,35.25077782571429,35.17010270105882,34.83064787210878,34.55349340035568
2253,36.6059713355,36.601552745,35.24215842545541,35.17010270105882,34.84438333693972,34.56406950462922
2254,36.616281380000004,36.64573865,35.226632934969416,35.17131564747059,34.79629896373976,34.54941819777578
2255,36.616281380000004,36.607444199,35.236036950337244,35.17131564747059,34.83010386176378,34.5493719598989
2256,36.6059713355,36.642792923,35.24813136058824,35.199386693,34.858456238432204,34.54794371659751
2257,36.631010015,36.566204021000004,35.25226245636364,35.155200788,34.855282760497154,34.55068853512401
2258,36.6089170625,36.566204021000004,35.24908395819355,35.180845940705886,34.84423683407976,34.551249812369406
2259,36.636901469,36.639847196000005,35.26311948095825,35.239413924588234,34.798130866163326,34.524882927862066
2260,36.603025608500005,36.6295371515,35.25523793818182,35.236814753705886,34.834600080177175,34.54165770854622
2261,36.5706226115,36.707598917,35.25740409982448,35.15710684664706,34.815043320745545,34.53787839208935
2262,36.5706226115,36.663413012,35.24820918347723,35.134580699,34.83836739909516,34.536598118
2263,36.601552745,36.663413012,35.258570307058825,35.14619032894118,34.830195084528306,34.53411462671309
2264,36.5735683385,36.595661291,35.26097929470588,35.17287515,34.826073785486365,34.53437822660971
2265,36.592715564,36.684033101000004,35.24703663473607,35.194534907352946,34.804906296132074,34.519130473684214
2266,36.560312567000004,36.58682411,35.24303120545455,35.09091462817647,34.80076331348387,34.526708210707355
2267,36.592715564,36.569149748,35.24406173818182,35.10113803364706,34.81487726553125,34.53727584866848
2268,36.55736684,36.539692478,35.26854736346191,35.12453057158824,34.86204807947692,34.51446094557968
2269,36.5529482495,36.5735683385,35.2650788,35.14584377282353,34.83744137957447,34.502298483905754
2270,36.575041202,36.6177542435,35.25933104,35.139259206588235,34.85818898963955,34.480919424699955
2271,36.572095475,36.560312567000004,35.263092441764705,35.15277489517647,34.80675462598131,34.507200058592964
2272,36.5647311575,36.636901469,35.26070197255693,35.083636949705884,34.85755454438951,34.48878842792656
2273,36.5205452525,36.666358739,35.22512365089443,35.03303975652941,34.808188010468754,34.471647167311076
2274,36.595661291,36.5264367065,35.252391302217745,35.093340521,34.800370418590674,34.484950239700275
2275,36.603025608500005,36.610389926,35.263067084,35.11552011252941,34.82891907926188,34.4954102155457
2276,36.572095475,36.610389926,35.25916482848672,35.05365984552941,34.82530344761369,34.46961988615737
2277,36.5647311575,36.686978828,35.24799465406117,35.03407942488236,34.80048847031348,34.45630834882217
2278,36.563258294,36.653102967500004,35.2516467965797,35.003062652352945,34.78234666467818,34.4424296590069
2279,36.5441110685,36.686978828,35.250783737696004,34.967367372235294,34.76411381531411,34.43837904661731
2280,36.5175995255,36.536746751,35.24719064386824,34.89060519217647,34.827737757871446,34.47285156392515
2281,36.5882969735,36.669304466,35.25405245499765,35.002022984,34.79729871672282,34.457560680671506
2282,36.5441110685,36.589769837,35.252010121541744,34.98001667052941,34.79020367339856,34.469068843203665
2283,36.5588397035,36.628064288000004,35.261805921480075,34.87587655717647,34.81572613562154,34.47298395837242
2284,36.583878383,36.6324828785,35.253273351764705,34.989373685705885,34.766364824,34.46764109071429
2285,36.5676768845,36.6206999705,35.21668974487395,34.941895497588234,34.75663887168517,34.40497886469912
2286,36.5175995255,36.653102967500004,35.21290377899194,34.936004043588234,34.77184706566905,34.419863476312386
2287,36.604498472,36.5941884275,35.23168109176959,34.97395193847059,34.751529930310625,34.45459848828125
2288,36.6206999705,36.5146537985,35.254767234270886,35.13648675764706,34.7159256009932,34.47562480616264
2289,36.6000798815,36.5441110685,35.24359513823529,34.97187260176471,34.68713768216075,34.47742414244549
2290,36.545583932,36.5558939765,35.24569525422059,35.01727145317647,34.7276091489689,34.42639615928979
2291,36.577986929,36.592715564,35.245041895244555,35.09490002352941,34.707812151325435,34.425843293483624
2292,36.5205452525,36.541165341500005,35.236300647729706,34.903947602705884,34.759484248656875,34.4304739780397
2293,36.601552745,36.653102967500004,35.22956595491176,35.10027164335294,34.751834605844564,34.44992510110646
2294,36.5676768845,36.613335653,35.22491053060685,35.046035610941175,34.740119959719046,34.4353717734264
2295,36.5676768845,36.5470567955,35.228511846720586,35.02402929747059,34.73379106021739,34.429054286818186
2296,36.545583932,36.6324828785,35.20270486824138,35.07809205182353,34.75721475069896,34.46640831741034
2297,36.591242700500004,36.5146537985,35.2312373661875,35.053486567470586,34.74029672377419,34.42443991514149
2298,36.5794597925,36.653102967500004,35.21528137849098,35.05608573835294,34.753604266908894,34.426736656567506
2299,36.569149748,36.6206999705,35.21726467668203,34.995958251941175,34.764165264759384,34.421127204034065
2300,36.6059713355,36.6501572405,35.21814872012797,35.02957419535294,34.78010641717721,34.39140499163847
2301,36.6000798815,36.467522166500004,35.24047174724566,35.11673305894118,34.781921594323,34.45919549404816
2302,36.563258294,36.636901469,35.2053436076,35.01259294558824,34.756591158515334,34.41658941582418
2303,36.575041202,36.613335653,35.22577673060286,35.04828822570588,34.73404231134426,34.443083976935256
2304,36.6148085165,36.5500025225,35.260005936125,35.135273811235294,34.72753021836887,34.45478935499537
2305,36.523490979500004,36.589769837,35.232843446000004,35.01519211647059,34.86758366454976,34.4408577459366
2306,36.613335653,36.5146537985,35.26869544112857,35.20025308329412,34.784611112119,34.46142632664112
2307,36.536746751,36.336437315,35.22794575771803,35.101311311705885,34.86360424606405,34.468489207717234
2308,36.631010015,36.4881422555,35.25377124946219,35.10269753617647,34.853623701036106,34.44422973053175
2309,36.636901469,36.466049303,35.25712927709677,35.09801902858824,34.86686994097782,34.44686191119186
2310,36.592715564,36.46899503,35.2522241495093,35.09992508723529,34.83446146071749,34.4546486275906
2311,36.569149748,36.289305683,35.25602067016129,35.05140723076471,34.878970920574886,34.474598682795275
2312,36.6501572405,36.501398027,35.25739928909043,35.15693356858824,34.80923172519863,34.444411821669924
2313,36.625118561,36.554421113000004,35.256527598235294,35.06630914382353,34.84467523647059,34.43100689558038
2314,36.639847196000005,36.480777938,35.26495843804684,35.03719842994118,34.86254009795918,34.447619362763746
2315,36.6324828785,36.5617854305,35.2428447895726,35.192802126764704,34.783353847323944,34.47825988620306
2316,36.6324828785,36.41008049,35.251505579022044,35.132674640352946,34.80211664748421,34.462006219791256
2317,36.5441110685,36.395351855,35.25107262875636,35.087622345058826,34.85959352141956,34.437901680693074
2318,36.5382196145,36.301088591,35.25966323580645,35.058165075058824,34.87726565167702,34.45743593724138
2319,36.6118627895,36.498452300000004,35.25278617745,35.10027164335294,34.80161666900308,34.47549747745079
2320,36.6324828785,36.5146537985,35.26238320956606,35.106336375411765,34.81252102989335,34.460492392096924
2321,36.604498472,36.5706226115,35.25273411524394,35.031480254,34.84330280383576,34.439450964780534
2322,36.589769837,36.563258294,35.2662874262,35.11292094164706,34.82285073088034,34.487160394472795
2323,36.6206999705,36.563258294,35.27298117829752,35.099231975,34.82868208009434,34.48304452192417
2324,36.607444199,36.535273887500004,35.281460563756575,35.13666003570589,34.83413938009303,34.486843484335665
2325,36.5824055195,36.429227715500005,35.257998876875,35.028881083117646,34.79291285150242,34.494124969645135
2326,36.607444199,36.5617854305,35.261105602799255,35.09247413070588,34.79896585306723,34.4819924202468
2327,36.607444199,36.4999251635,35.284104513770494,35.077745495705884,34.80833761804145,34.47352599292059
2328,36.55736684,36.5706226115,35.26064332741804,35.044476108411764,34.81557864942813,34.46400992429768
2329,36.607444199,36.480777938,35.27680726655738,35.136140201529415,34.801639596694564,34.48296050391837
2330,36.5824055195,36.504343754000004,35.256044705,35.08588956447059,34.75713799657143,34.425236829891304
2331,36.55736684,36.486669392,35.246745980716625,35.093513799058826,34.738871372000006,34.43454817123162
2332,36.5882969735,36.5205452525,35.272770753125,35.084849896117646,34.71348879925624,34.450197247733456
2333,36.575041202,36.445429214,35.256245199654394,35.04066399111765,34.74863744203282,34.43240815753425
2334,36.5882969735,36.5205452525,35.264961288731996,35.084849896117646,34.7394018579013,34.43120237112226
2335,36.563258294,36.5500025225,35.26006039081031,35.03130697594118,34.79093955531915,34.42931957654016
2336,36.5500025225,36.566204021000004,35.24978504250241,35.0763592712353,34.7651517879462,34.42813425195632
2337,36.5470567955,36.4851965285,35.25085716283159,35.05833835311765,34.80039267722368,34.445609061348925
2338,36.523490979500004,36.424809125,35.26767686482742,34.98608140258823,34.817559527724136,34.41412073484404
2339,36.5617854305,36.664885875500005,35.26366149032787,34.96216903047059,34.82579299361702,34.41185994323144
2340,36.5824055195,36.554421113000004,35.26733684857143,35.03061386370588,34.7910061589858,34.41746256493724
2341,36.5941884275,36.589769837,35.27201628451613,35.03338631264706,34.7874885865285,34.40206981321379
2342,36.575041202,36.4851965285,35.27497924616176,35.046035610941175,34.8293866175,34.44312109923218
2343,36.592715564,36.4557392585,35.3018110695082,35.07410665647059,34.813036692706355,34.47218871434898
2344,36.5647311575,36.5676768845,35.28875239693984,34.96875359670588,34.82520110939279,34.437270270736846
2345,36.5647311575,36.548529659,35.26617460470507,34.99509186164706,34.80669256998516,34.45774065256558
2346,36.566204021000004,36.4557392585,35.29635919115939,34.99041335405882,34.85162034969578,34.444624474986256
2347,36.5617854305,36.5558939765,35.262300490597646,35.029227639235295,34.78616496837114,34.445618615245905
2348,36.5617854305,36.575041202,35.28471912149031,35.00756788188235,34.809154761987955,34.43911513758445
2349,36.589769837,36.589769837,35.27188670708211,34.98712107094118,34.77820012635375,34.40659510429204
2350,36.580932656,36.6148085165,35.264464182576035,34.98712107094118,34.74932221392519,34.414825348991826
2351,36.5647311575,36.5558939765,35.279007961029414,34.99838414476471,34.75827770555278,34.43691200880247
2352,36.603025608500005,36.660467285,35.28374114301158,34.99855742282353,34.7497696772973,34.45509127105808
2353,36.625118561,36.598607018,35.29610208995968,35.02056373629412,34.75056877268505,34.44462525119859
2354,36.622172834,36.619227107,35.27435464900757,35.01034033082353,34.72974307225126,34.439530279167045
2355,36.628064288000004,36.592715564,35.2883476484,34.99457202747059,34.76815167002907,34.45293527612817
2356,36.5765140655,36.619227107,35.26547354992126,34.980709782764706,34.7700793174445,34.45142553990534
2357,36.572095475,36.601552745,35.27886895352,34.93565748747059,34.77259054489362,34.46090049404773
2358,36.601552745,36.580932656,35.27139599254032,35.0144990042353,34.759435421528536,34.45540797488127
2359,36.604498472,36.577986929,35.27367919491935,35.03286647847059,34.76957781037886,34.46940935816
2360,36.604498472,36.5058166175,35.27416657206588,35.019004233764704,34.788151537554455,34.45986316844622
2361,36.6059713355,36.5205452525,35.277604568456226,34.994398749411765,34.794507960150376,34.47221574386152
2362,36.601552745,36.6000798815,35.25942902562286,35.068041924411766,34.75184809033435,34.444198099110515
2363,36.572095475,36.5205452525,35.26690764276037,35.03893121052941,34.77432592452466,34.45731718168675
2364,36.5824055195,36.535273887500004,35.26407126814516,35.01519211647059,34.772762671320756,34.45157415876909
2365,36.5500025225,36.5824055195,35.26285397425522,34.93149881405883,34.822177603306585,34.46001488904189
2366,36.32170868,36.5117080715,35.253501108944285,34.82042757835294,34.82112069058824,34.43923676181035
2367,36.4086076265,36.529382433500004,35.2631484026332,34.91988918411765,34.817001214388256,34.43829533053045
2368,36.354111677,36.4086076265,35.26371443272728,34.949346454117645,34.79142214734178,34.453547621290326
2369,36.580932656,36.551475386,35.2603488725,34.980709782764706,34.78032640973742,34.43675082881404
2370,36.5558939765,36.479305074500004,35.26244960055948,35.02160340464706,34.75472287520392,34.46382432763984
2371,36.580932656,36.522018116,35.264151741935486,35.052793455235296,34.772262702704474,34.46104062545371
2372,36.52790957,36.566204021000004,35.26857680545454,35.03130697594118,34.75648217653319,34.45997060160113
2373,36.533801024,36.529382433500004,35.26805428181818,35.03130697594118,34.760869088296616,34.46851850638241
2374,36.5794597925,36.6383743325,35.26433215470588,35.10061819947059,34.74161498807131,34.44620045603791
2375,36.542638205,36.566204021000004,35.27337642411765,35.120891732352945,34.73718450269231,34.446499457946466
2376,36.542638205,36.6177542435,35.27671553171338,35.052793455235296,34.78290413522936,34.439334254302594
2377,36.5146537985,36.676668783500006,35.26244667426909,34.96754065029412,34.75510322802772,34.41507011975904
2378,36.5146537985,36.6177542435,35.26926456372984,35.052793455235296,34.755136109428115,34.440372794118176
2379,36.5588397035,36.663413012,35.2889679275,35.02905436117647,34.77213420861505,34.459131482446956
2380,36.463103576,36.6324828785,35.274802649269155,34.984175343941175,34.76902039373662,34.44195017050984
2381,36.5264367065,36.628064288000004,35.27275705873569,35.04551577676471,34.75160727782988,34.44722238310314
2382,36.566204021000004,36.6707773295,35.271090795690526,35.039451044705885,34.754388446641954,34.43847221018784
2383,36.5146537985,36.642792923,35.26622849246334,34.99665136417647,34.75759455597464,34.434269141742995
2384,36.551475386,36.592715564,35.278086100625,35.053486567470586,34.75201156241901,34.45234899590068
2385,36.577986929,36.657521558,35.2843643840877,35.053486567470586,34.74885289869565,34.455562237722994
2386,36.5441110685,36.572095475,35.25978099090909,35.02593535611765,34.7649826101736,34.447522280611395
2387,36.541165341500005,36.566204021000004,35.257874102585,35.02593535611765,34.77452553324635,34.43411852129148
2388,36.55736684,36.6560486945,35.258079511612905,34.997171198352945,34.78216600575385,34.421714765000004
2389,36.522018116,36.6206999705,35.253336532727275,34.96407508911765,34.81765889632609,34.45492954488404
2390,36.6148085165,36.607444199,35.27441891,35.02992075147059,34.75175451630021,34.45476340079452
2391,36.491087982500005,36.554421113000004,35.26764706894687,34.981922729176475,34.85025300796883,34.43909441328866
2392,36.5028708905,36.554421113000004,35.26414626948364,34.987294349,34.78235280775962,34.43801807434102
2393,36.519072389,36.554421113000004,35.26591727626182,34.98885385152941,34.78673777279833,34.42677731140238
2394,36.492560846,36.483723665,35.23787521542588,34.97863044605882,34.80472680312786,34.44661904913408
2395,36.5175995255,36.5529482495,35.24975207864,35.00046348147059,34.78194788676971,34.43887059078652
2396,36.4881422555,36.52790957,35.22068519185455,34.97689766547059,34.79005369909139,34.44722747741966
2397,36.5617854305,36.5117080715,35.252348142166525,35.02091029241176,34.77983865967661,34.4509450172723
2398,36.589769837,36.492560846,35.248327104736845,34.99890397894118,34.788046570954315,34.461748974228186
2399,36.545583932,36.492560846,35.270662698421056,34.95523790811765,34.8400586333367,34.463720720227705
2400,36.5735683385,36.492560846,35.24989231647059,34.902041544058825,34.82066735197752,34.4230001992589
2401,36.5941884275,36.504343754000004,35.263647552461805,34.94328172205883,34.812427418484546,34.42905886936871
2402,36.589769837,36.4439563505,35.25746986057143,34.93669715582353,34.832101359527165,34.42517665330193
2403,36.6324828785,36.519072389,35.25931854289374,34.960782806000005,34.83293855432501,34.45018358305569
2404,36.539692478,36.4351191695,35.25535838549854,34.960782806000005,34.87268734164671,34.43134233136061
2405,36.5765140655,36.536746751,35.252853221774195,34.960782806000005,34.84530009294238,34.450296919728096
2406,36.622172834,36.5765140655,35.256232638125,34.92716686258824,34.841001791921336,34.43398743759573
2407,36.5882969735,36.466049303,35.24995694922555,34.89822942676471,34.839658921164244,34.434904479043865
2408,36.6206999705,36.5058166175,35.26826743828572,34.92959275541177,34.80792656859289,34.43458915124464
2409,36.589769837,36.5146537985,35.267034635,34.94830678576471,34.83798630624376,34.42807271054761
2410,36.5706226115,36.5323281605,35.25574354817431,34.95090595664706,34.845882996424585,34.39743811917178
2411,36.577986929,36.4380648965,35.25169749577179,34.88575340652941,34.82311906741252,34.41848766378139
2412,36.6501572405,36.491087982500005,35.25584754909091,34.912264949529416,34.833384505487075,34.40296461014293
2413,36.657521558,36.575041202,35.25780957411765,34.914517564294115,34.83371116972477,34.42203635091703
2414,36.6324828785,36.507289481,35.251377567284834,34.90775972,34.841067299842365,34.41703290904348
2415,36.657521558,36.539692478,35.26212280914286,34.939989438941176,34.82080563957219,34.43990250160299
2416,36.5794597925,36.427754852,35.261758272304725,34.92387457947059,34.83237032864432,34.4299996221875
2417,36.6354286055,36.589769837,35.26435348742857,34.85802891711765,34.831135922912146,34.415038770643214
2418,36.5765140655,36.6118627895,35.24579396590164,34.90100187570589,34.810658194302846,34.41826240190663
2419,36.5765140655,36.4999251635,35.241447811311474,34.88558012847059,34.81609157256358,34.42750544797224
2420,36.6089170625,36.5706226115,35.24475759633776,34.91677017905882,34.834087437025694,34.43087040297297
2421,36.575041202,36.46899503,35.244377883125004,34.82857164711765,34.856205757369224,34.41801387706002
2422,36.575041202,36.4027161725,35.245537422054305,34.939642882823534,34.86812467178082,34.44098873543027
2423,36.6206999705,36.545583932,35.25308976294639,34.997171198352945,34.80451984098655,34.43896350865019
2424,36.5824055195,36.560312567000004,35.246521746285715,34.880901620882355,34.859466137134056,34.44836000651209
2425,36.5824055195,36.510235208000005,35.24754224080214,34.91988918411765,34.85438137044221,34.41846899726797
2426,36.6000798815,36.474886484,35.239440065000004,34.96875359670588,34.818426672768425,34.41982869346041
2427,36.583878383,36.498452300000004,35.24256674,35.03910448858824,34.808314668317756,34.420876780945036
2428,36.572095475,36.529382433500004,35.25087789364754,35.003409208470586,34.79860517349693,34.41437545973799
2429,36.5205452525,36.3762046295,35.23792208545455,34.96164919629412,34.817150648987344,34.44921867295257
2430,36.585351246500004,36.551475386,35.25894680216135,34.98885385152941,34.78619003428572,34.41611103317209
2431,36.6206999705,36.5941884275,35.268949920623015,34.99543841776471,34.78206547471033,34.434154398445884
2432,36.589769837,36.5941884275,35.2640594323077,34.86773248841177,34.82549711794661,34.41662296310905
2433,36.6000798815,36.5470567955,35.25644331545298,34.891125026352945,34.78741727211783,34.39819418089252
2434,36.5882969735,36.4881422555,35.24648919783784,34.89736303647059,34.795391307971165,34.428470830424644
2435,36.5971341545,36.5765140655,35.25755377210526,34.913651174,34.790703484621595,34.41743342325452
2436,36.55736684,36.501398027,35.249711525,34.890258636058824,34.81915908604868,34.41583701205582
2437,36.5971341545,36.560312567000004,35.25826224901985,34.890258636058824,34.79263935448276,34.4147894677723
2438,36.560312567000004,36.492560846,35.21827963647059,34.83030442770588,34.80713524157441,34.39810263695093
2439,36.5971341545,36.504343754000004,35.23702610648649,34.963728533,34.77162979022525,34.4152232555
2440,36.539692478,36.566204021000004,35.225436693520734,34.841047667352946,34.83167457110532,34.38589477900415
2441,36.5941884275,36.492560846,35.233885136882165,34.94986628829412,34.78128622641104,34.39751470155981
2442,36.501398027,36.541165341500005,35.222436634594594,34.785771966588236,34.82200032844037,34.37001496023618
2443,36.6000798815,36.541165341500005,35.24235191212159,34.93375142882353,34.78054151015275,34.40446829702009
2444,36.569149748,36.603025608500005,35.233228445082105,34.88973880188235,34.77379748957675,34.407161390645314
2445,36.591242700500004,36.4851965285,35.23345238924,34.91278478370588,34.78878373809427,34.41252625876147
2446,36.591242700500004,36.542638205,35.23678946447568,34.96788720641177,34.795797774272444,34.42426161954254
2447,36.591242700500004,36.613335653,35.24750436835369,34.92179524276471,34.794629345644175,34.42009919260512
2448,36.5882969735,36.67519592,35.25511984784,34.915730510705885,34.822333637,34.41893402
2449,36.5882969735,36.64573865,35.25024662609023,34.88575340652941,34.81256731659468,34.42355175853529
2450,36.545583932,36.524963843,35.237767965427366,34.834116545,34.80614202348993,34.41713948689362
2451,36.595661291,36.474886484,35.25064434329372,34.96095608405882,34.80207060581818,34.422952351135734
2452,36.5735683385,36.5647311575,35.257186388627694,34.934964375235296,34.816908756591744,34.410373108822725
2453,36.535273887500004,36.6501572405,35.24106717966737,34.824066417588234,34.77863324009509,34.417465326890756
2454,36.591242700500004,36.5529482495,35.24729351631579,34.94172221952941,34.80109564887851,34.428742675413844
2455,36.591242700500004,36.563258294,35.25471288912088,34.91711673517647,34.78823001410309,34.41623262614123
2456,36.603025608500005,36.622172834,35.25482079120879,34.857335804882354,34.784869359455215,34.414835161997274
2457,36.5117080715,36.389460401,35.2490015311583,34.82545264205883,34.83883910784354,34.39673522533461
2458,36.5500025225,36.686978828,35.25454930703158,34.84399339435294,34.78685683791304,34.39699120332705
2459,36.5500025225,36.6118627895,35.258233694285714,34.8848870162353,34.83156560615464,34.40115912216955
2460,36.52790957,36.548529659,35.25430914737452,34.98608140258823,34.80444222143158,34.409823756926606
2461,36.592715564,36.589769837,35.26175144958647,34.89320436305883,34.858163450880994,34.40439692679246
2462,36.5706226115,36.6118627895,35.2467028943609,34.91832968158823,34.81586374392731,34.387969411392405
2463,36.585351246500004,36.4940337095,35.24683824522557,34.822160358941176,34.836965293333336,34.40260116652055
2464,36.5676768845,36.6619401485,35.25215901454769,34.85283057535294,34.80463658064715,34.39847262537396
2465,36.5706226115,36.536746751,35.244948335000004,34.829264759352945,34.84643546100682,34.41377770490566
2466,36.580932656,36.513180935,35.22355557122047,34.89147158247059,34.79151968357252,34.3933265637448
2467,36.5735683385,36.4469020775,35.22059537731093,34.855429746235295,34.79838514347432,34.40343192271236
2468,36.577986929,36.368840312,35.22083663685039,34.8907784702353,34.79964850226804,34.41937443955281
2469,36.572095475,36.6118627895,35.23428002352865,34.87691622552941,34.79849344929376,34.424451708078145
2470,36.572095475,36.6236456975,35.245805148989476,34.906720051647056,34.80668474893617,34.40777419349631
2471,36.536746751,36.489615119,35.23067176703985,34.88020850864706,34.82977918422477,34.40106662145715
2472,36.591242700500004,36.4439563505,35.25353225602527,34.978457168,34.792394175073944,34.44014888464254
2473,36.55736684,36.530855297,35.23547834285714,34.897709592588235,34.81521857332308,34.42009183103735
2474,36.592715564,36.601552745,35.25959655268252,34.96996654311765,34.802613842467736,34.425025424861566
2475,36.548529659,36.489615119,35.24242369767347,34.86894543482353,34.810947649365,34.43110495422862
2476,36.548529659,36.577986929,35.25695550087579,34.89320436305883,34.83012271847947,34.41215884839187
2477,36.5971341545,36.64573865,35.263978586541356,34.88558012847059,34.82701510660634,34.414062910987596
2478,36.548529659,36.548529659,35.249948667058824,34.91850295964706,34.81407392907195,34.43083116182939
2479,36.580932656,36.548529659,35.24883801514232,34.86496003947059,34.8104046964647,34.42272932655582
2480,36.639847196000005,36.5647311575,35.27468429081081,34.94501450264706,34.82346194888432,34.458456343382146
2481,36.5588397035,36.501398027,35.250697791778826,34.90221482211765,34.815759561503135,34.441281525058656
2482,36.6324828785,36.6295371515,35.2652849944173,34.95870346929412,34.779769841647905,34.43626220413884
2483,36.6089170625,36.5558939765,35.2581703118,34.98382878782353,34.80544247035622,34.440471285597084
2484,36.58682411,36.6295371515,35.26483591953668,34.928206530941175,34.82121402125,34.43986929129121
2485,36.5500025225,36.636901469,35.26900092392857,34.930978979882354,34.808751823297385,34.409189679798075
2486,36.5500025225,36.5735683385,35.259935150357144,34.96008969376471,34.76973753497646,34.42206163502718
2487,36.580932656,36.575041202,35.28914144430737,35.01034033082353,34.80755198203282,34.43026600546703
2488,36.580932656,36.523490979500004,35.279695084391705,34.98469517811765,34.808827181541645,34.44049870294455
2489,36.580932656,36.4763593475,35.27814001806452,34.875356723,34.81535691515789,34.417212965890876
2490,36.580932656,36.5470567955,35.246685316326534,34.875356723,34.810230209481865,34.431433565007126
2491,36.580932656,36.5028708905,35.273834590413536,34.84572617494118,34.80190144416667,34.42201703176306
2492,36.535273887500004,36.491087982500005,35.274825965327565,34.81696201717647,34.850911831377736,34.39676033213018
2493,36.535273887500004,36.504343754000004,35.26313222528,34.81696201717647,34.85449905111792,34.429174539327896
2494,36.5735683385,36.591242700500004,35.239644962,34.88384734788235,34.8096270072,34.42333899269826
2495,36.5529482495,36.383568947,35.23371730858986,34.78213312735294,34.850201963162746,34.42177834184173
2496,36.603025608500005,36.536746751,35.24819080736264,34.91694345711765,34.77919825632771,34.4044704953719
2497,36.55736684,36.4262819885,35.229347905714285,34.78871769358824,34.82818334992915,34.38692980960353
2498,36.5882969735,36.6000798815,35.24743452065637,34.86236086858824,34.81846691346898,34.38698462951466
2499,36.55736684,36.5647311575,35.230881377594876,34.925087525882354,34.78777598075235,34.38868713191326
2500,36.501398027,36.58682411,35.22537560701613,34.919542628,34.77136728621995,34.39748928812742
2501,36.495506573,36.495506573,35.224697007161886,34.90152170988235,34.80820198659161,34.399249298385215
2502,36.613335653,36.4940337095,35.25589001291532,34.963035420764704,34.79121072829798,34.42076763003728
2503,36.5175995255,36.405661899500004,35.236435796,34.9084528322353,34.85825683887967,34.39886249214603
2504,36.563258294,36.5058166175,35.2722635,34.893031085000004,34.806543696059364,34.42641359991416
2505,36.4940337095,36.463103576,35.261100605,34.928206530941175,34.8519171307176,34.42926994256235
2506,36.5647311575,36.5882969735,35.264298113018945,34.916596901000005,34.811990764933135,34.41888626730218
2507,36.43953776,36.5382196145,35.249560633213115,34.831170818000004,34.87763823258521,34.412980341918605
2508,36.551475386,36.4999251635,35.26367967421053,34.89216469470588,34.81416875405405,34.39992821882353
2509,36.5058166175,36.5588397035,35.25974529297297,34.856296136529416,34.84869899007444,34.413740026611734
2510,36.4881422555,36.5735683385,35.25042786129493,34.89233797276471,34.83325885340361,34.430223284896265
2511,36.542638205,36.591242700500004,35.26220969760187,34.78681163494118,34.83679715657,34.405851541854496
2512,36.4851965285,36.349693086500004,35.25119939831306,34.86582642976471,34.85019249796258,34.426968425972156
2513,36.577986929,36.513180935,35.261965430000004,34.890085358,34.82426065181409,34.42993967018014
2514,36.5087623445,36.510235208000005,35.267481801604575,34.84971157029412,34.834421994688924,34.43454817123162
2515,36.5441110685,36.551475386,35.266323496326535,34.915730510705885,34.80244133353752,34.444611793760835
2516,36.4645764395,36.436592033000004,35.241278858576,34.83376998888235,34.821665533969075,34.4005664960515
2517,36.480777938,36.5323281605,35.25842420452562,34.899269095117646,34.80865197725904,34.409047723814
2518,36.5175995255,36.551475386,35.25771621110236,34.94102910729412,34.80180978410414,34.42055215285521
2519,36.541165341500005,36.4851965285,35.26108363844254,34.90723988582353,34.80551857100307,34.41394678385076
2520,36.495506573,36.4203905345,35.2538826425,34.91035889088236,34.874513982204725,34.42098602182479
2521,36.5146537985,36.371786039,35.26156013923077,34.93479109717647,34.890088399535365,34.457625521284754
2522,36.5264367065,36.4527935315,35.26291452,34.95835691317647,34.88639239207547,34.43106191882353
2523,36.4940337095,36.4233362615,35.26570966853111,34.93479109717647,34.90529573387668,34.431582740938836
2524,36.5175995255,36.398297582,35.277181028,34.94258860982353,34.89446346810782,34.43045626113225
2525,36.413026217,36.471940757,35.268563765774196,34.85612285847059,34.90905251554859,34.438804425884015
2526,36.504343754000004,36.4881422555,35.26347684977338,34.85439007788236,34.91816191608696,34.45393020634832
2527,36.504343754000004,36.4881422555,35.24686546454546,34.92647375035294,34.85200131607143,34.477489762703925
2528,36.6383743325,36.52790957,35.24841255889764,34.87362394241177,34.853486215012545,34.44364086712572
2529,36.6089170625,36.548529659,35.250627614165,34.90620021747059,34.81953638414315,34.46007044036845
2530,36.5500025225,36.5470567955,35.26015275055718,34.86669282005882,34.88061044228866,34.472399993965915
2531,36.6383743325,36.5735683385,35.275975595,35.00392904264706,34.81782646449541,34.47780174469914
2532,36.5382196145,36.492560846,35.27128861604,34.95818363511765,34.88085221369654,34.49282511606807
2533,36.6383743325,36.657521558,35.26707239243243,35.08121105688235,34.76917838068076,34.5414121568355
2534,36.6383743325,36.585351246500004,35.26908913988,35.01657834094118,34.80031669840572,34.539994853070866
2535,36.653102967500004,36.653102967500004,35.263571850357145,34.997171198352945,34.860295928872404,34.50521206689563
2536,36.628064288000004,36.583878383,35.26515761162811,34.99994364729412,34.842696048091454,34.53163773847412
2537,36.5617854305,36.692870282,35.255070435645166,34.87171788376471,34.88276933110656,34.52237103364029
2538,36.6206999705,36.6855059645,35.253719365060576,34.96875359670588,34.8259096532838,34.49581652387363
2539,36.6383743325,36.720854688500005,35.260866593529414,34.99231941270588,34.87176946904096,34.54789472194858
2540,36.6501572405,36.698761736,35.2634548578463,35.08727578894118,34.83964449658986,34.56984389792916
2541,36.663413012,36.707598917,35.29236714040323,34.97516488488235,34.920940300270274,34.55786581106964
2542,36.6560486945,36.6619401485,35.297131623783784,35.077745495705884,34.87318335125,34.57459061520729
2543,36.648684377,36.684033101000004,35.28192775842742,35.028534527000005,34.883845087355745,34.558812536935555
2544,36.664885875500005,36.660467285,35.266619966048,35.06752209023529,34.880386759554675,34.55315687554554
2545,36.6678316025,36.701707463000005,35.28330094785714,34.90897266641176,34.900821852029196,34.528930944560635
2546,36.5824055195,36.720854688500005,35.29246848163027,35.013112779764704,34.93718747369739,34.57232607430644
2547,36.5558939765,36.67519592,35.29395054138776,34.96910015282353,34.922275746530616,34.531540012014325
2548,36.5824055195,36.6265914245,35.27701465214286,35.02194996076471,34.8775342563992,34.516648087072966
2549,36.604498472,36.604498472,35.28826909568,34.977244221588236,34.91477970289593,34.540799466116376
2550,36.604498472,36.607444199,35.280076360386104,34.977244221588236,34.88632524193217,34.5300591926703
2551,36.577986929,36.6589944215,35.267868843088806,34.93167209211765,34.89566197922811,34.489016632566695
2552,36.591242700500004,36.6089170625,35.272189141591355,35.00739460382353,34.90876832743203,34.5480141589011
2553,36.591242700500004,36.622172834,35.265501899,34.90654677358824,34.93852814445104,34.530229128614515
2554,36.616281380000004,36.6000798815,35.286297422408,35.07254715394118,34.8657566407681,34.55911698306076
2555,36.5676768845,36.6442657865,35.275175794436095,34.98642795870588,34.933054392023635,34.54652555657931
2556,36.5500025225,36.653102967500004,35.26541617678571,34.984348622,34.854626241863905,34.55435541928672
2557,36.610389926,36.539692478,35.28020176010989,35.00566182323529,34.86260417396444,34.52651741660344
2558,36.5824055195,36.6295371515,35.29114188086857,35.02524224388235,34.88999279080588,34.55388162723574
2559,36.5941884275,36.577986929,35.29208098071429,35.07098765141177,34.88464845506012,34.583339854596076
2560,36.486669392,36.6589944215,35.25859613705287,35.074279934529415,34.83840991228745,34.546074723970314
2561,36.486669392,36.589769837,35.28705845964235,35.00670149158824,34.930564411272194,34.50534212974336
2562,36.5264367065,36.6413200595,35.27675001727679,35.043263162,34.86894191648731,34.503589457504674
2563,36.6354286055,36.5175995255,35.277235451785714,35.13943248464706,34.854364668472506,34.563557226835
2564,36.6354286055,36.6295371515,35.287083279488186,35.00704804770589,34.867403260100005,34.52984058818512
2565,36.5323281605,36.6972888725,35.268528690307804,35.01016705276471,34.90312362436382,34.52859318700744
2566,36.639847196000005,36.639847196000005,35.28996745715146,35.09368707711765,34.87074130505295,34.53884805517881
2567,36.607444199,36.6295371515,35.277567594917684,35.04516922064706,34.85842675212558,34.5459470229523
2568,36.566204021000004,36.6707773295,35.27091141866142,34.96944670894118,34.87772832029985,34.496990737337576
2569,36.510235208000005,36.616281380000004,35.26446222541949,35.01727145317647,34.906487331642396,34.5081871660241
2570,36.5323281605,36.6913974185,35.25973157288189,35.01727145317647,34.8716654725,34.509914542425875
2571,36.5323281605,36.7061260535,35.26491172272441,35.066482421882355,34.88019364607088,34.5129906294695
2572,36.4704678935,36.701707463000005,35.247373629591536,35.00479543294118,34.87972098656763,34.511702147394885
2573,36.529382433500004,36.701707463000005,35.245904631875,34.94345500011765,34.8813559475,34.49446159153527
2574,36.529382433500004,36.692870282,35.25728863934375,35.00392904264706,34.874860553505314,34.47432073398417
2575,36.522018116,36.678141647000004,35.274698717368956,35.033559590705885,34.84896523000509,34.50345031338583
2576,36.522018116,36.6707773295,35.279044060625,35.000636759529414,34.84799601416501,34.49165113493976
2577,36.5087623445,36.6913974185,35.254192571691554,35.06319013876471,34.86451329583333,34.50850371622951
2578,36.566204021000004,36.70465319,35.27975843777832,35.09126118429412,34.84905897045101,34.5279629147195
2579,36.575041202,36.713490371,35.282255245581396,35.006181657411766,34.9020873572593,34.51178275839929
2580,36.580932656,36.695816009,35.27332331206897,35.03251992235295,34.927339103053896,34.51053870984186
2581,36.577986929,36.6796145105,35.282059786997074,35.02697502447059,34.865555929440994,34.528213621104676
2582,36.5765140655,36.692870282,35.28155822278226,35.03910448858824,34.88361195793279,34.486220608277726
2583,36.5735683385,36.6855059645,35.2750550553125,34.99942381311765,34.90363939204593,34.504722361540516
2584,36.580932656,36.707598917,35.269920169868165,34.99457202747059,34.878617260519086,34.48318658448352
2585,36.5941884275,36.698761736,35.29411300778802,35.01189983335294,34.91378818455814,34.52524445983607
2586,36.6000798815,36.698761736,35.28988282535577,34.95974313764706,34.92090105849624,34.484285349148934
2587,36.595661291,36.7120175075,35.298867268244855,35.017964565411766,34.921831093397564,34.519186767339285
2588,36.591242700500004,36.6972888725,35.304478043144826,35.01657834094118,34.960686026468174,34.507367028135285
2589,36.5735683385,36.6972888725,35.311434021936556,35.080171388529415,34.913954729463725,34.5392243659761
2590,36.5971341545,36.6884516915,35.3149607681931,35.07913172017647,34.90914485808778,34.5494652171875
2591,36.601552745,36.6884516915,35.31119963214286,35.0822507252353,34.890204841466456,34.54540644504007
2592,36.598607018,36.6855059645,35.29768769953917,35.05140723076471,34.8837024438826,34.54328663564753
2593,36.598607018,36.6972888725,35.30770286967742,35.028534527000005,34.92545795820669,34.53358971595745
2594,36.610389926,36.713490371,35.300399614929134,34.97499160682353,34.920384264285715,34.53680378519664
2595,36.554421113000004,36.67519592,35.27635853951,35.0203904582353,34.9044025122239,34.52883037228905
2596,36.554421113000004,36.67519592,35.27511350227679,34.94137566341177,34.88119450990891,34.50303791759611
2597,36.5500025225,36.6737230565,35.26442454422194,34.92370130141177,34.927208400040634,34.523083984172274
2598,36.5735683385,36.6884516915,35.278267071474346,35.06319013876471,34.8823050408855,34.507564991308165
2599,36.5735683385,36.664885875500005,35.287562121200004,35.04239677170588,34.9023228724609,34.5226987590601
2600,36.5735683385,36.5647311575,35.28076143492913,34.99075991017647,34.91347067239578,34.50001987316522
2601,36.58682411,36.714963234500004,35.28770882308036,34.967367372235294,34.86540461945206,34.5072748081099
2602,36.5529482495,36.6796145105,35.288163735285714,35.04170365947059,34.91204828486319,34.528610484126546
2603,36.591242700500004,36.6501572405,35.300160596071805,34.95350512752941,34.93808075221436,34.494921536
2604,36.577986929,36.6089170625,35.29479311791789,35.027668136705884,34.89927531176352,34.5413213249529
2605,36.58682411,36.716436098,35.280013918923636,34.98244256335294,34.86730605852897,34.51109253452661
2606,36.577986929,36.714963234500004,35.28896144779221,34.96320869882353,34.863656602422076,34.496191243253186
2607,36.601552745,36.5971341545,35.29451956555719,34.990933188235296,34.93251169417566,34.562127752
2608,36.603025608500005,36.7120175075,35.30330184192457,35.019004233764704,34.875771655574425,34.54718383213904
2609,36.603025608500005,36.728219006,35.30516735829696,34.97828388994118,34.890126230327056,34.5519589409863
2610,36.6059713355,36.740001914000004,35.30286164219165,34.90931922252941,34.91282890503252,34.529121828421054
2611,36.5824055195,36.698761736,35.2879975013783,34.91867623770588,34.88719492876712,34.51786799869081
2612,36.601552745,36.701707463000005,35.27807968571429,34.84312700405883,34.8580293513985,34.477457088568784
2613,36.601552745,36.701707463000005,35.29723334725647,34.883327513705886,34.89675690571146,34.496005649097576
2614,36.601552745,36.681087374,35.2875824744958,34.884367182058824,34.892263587890824,34.50631815529628
2615,36.6000798815,36.6089170625,35.28335842849829,34.88072834282353,34.862445441643835,34.499485194862636
2616,36.6177542435,36.592715564,35.29137356279415,35.037025151882354,34.79713643011742,34.499862266255434
2617,36.5882969735,36.64573865,35.289158632500005,34.91018561282353,34.840021104063275,34.48798385118089
2618,36.580932656,36.6354286055,35.284907039264,34.84815206776471,34.88521544161435,34.506681422688075
2619,36.5882969735,36.64573865,35.28844440343757,34.89060519217647,34.837044961165525,34.46809664645787
2620,36.5882969735,36.6678316025,35.287613035,34.83810194035294,34.898322940552,34.50191599461292
2621,36.575041202,36.6000798815,35.297322857750856,34.766538102058824,34.92224311817826,34.50064855076715
2622,36.583878383,36.622172834,35.29286674017412,34.953678405588235,34.82216858112065,34.46837316648917
2623,36.5617854305,36.6619401485,35.2737720984252,34.896150090058825,34.837866586098656,34.478417312197806
2624,36.5824055195,36.734110460000004,35.28995091357143,35.00756788188235,34.826129007841764,34.511209265871145
2625,36.5824055195,36.6913974185,35.28432836756,34.96632770388236,34.83280366618607,34.52104275307902
2626,36.5647311575,36.7061260535,35.28958724357143,34.923528023352944,34.817974077644735,34.489094259058824
2627,36.225972552500004,36.604498472,35.264569444166845,34.86790576647059,34.89173039390506,34.44164903256662
2628,36.418917671,36.542638205,35.27697714218,34.939296326705886,34.953345856187084,34.425461642543944
2629,36.293724273500004,36.4586849855,35.273501184320004,34.897016480352946,34.940107864509315,34.446047200133464
2630,36.542638205,36.6943431455,35.271524502285715,34.880035230588234,34.8712874281917,34.48101087585492
2631,36.592715564,36.583878383,35.28568807773714,35.02801469282353,34.82375880506525,34.45880455713032
2632,36.619227107,36.714963234500004,35.284450659603316,34.86669282005882,34.84143812951644,34.45259476423183
2633,36.6236456975,36.648684377,35.279393799717745,34.96216903047059,34.8258903296,34.4800838
2634,36.604498472,36.709071780500004,35.30594650527899,34.864786761411764,34.864824895965256,34.45396878270345
2635,36.610389926,36.619227107,35.294330747240004,34.963728533,34.83631584343892,34.513342657748765
2636,36.598607018,36.714963234500004,35.29202400016129,34.95333184947059,34.855057767763626,34.497822983514645
2637,36.613335653,36.636901469,35.27628868369829,35.03563892741177,34.82024819280967,34.520835966058094
2638,36.622172834,36.601552745,35.29932054568003,35.105123429,34.795602809111664,34.50927814220412
2639,36.616281380000004,36.728219006,35.283745334857144,34.94640072711765,34.854290311727276,34.499992266383366
2640,36.5971341545,36.583878383,35.28219171245968,34.92456769170588,34.83861051827756,34.48559908981595
2641,36.5971341545,36.64573865,35.270372167640005,35.001503149823534,34.811888052914114,34.50717778501568
2642,36.592715564,36.633955742,35.2811068613871,34.94969301023529,34.85639753895779,34.45566108138497
2643,36.592715564,36.6148085165,35.25600669612429,34.94969301023529,34.835829524895885,34.482605517363254
2644,36.58682411,36.654575831,35.26948190348,34.95818363511765,34.8144607860665,34.45890356688123
2645,36.598607018,36.6324828785,35.26381900048914,34.95818363511765,34.81972024843077,34.46896292529899
2646,36.598607018,36.589769837,35.27808722725807,34.95731724482353,34.80994956022449,34.47126023777983
2647,36.591242700500004,36.6295371515,35.27647309556,34.98088306082353,34.79222444381148,34.46104117596849
2648,36.5824055195,36.6295371515,35.28121730578743,34.997171198352945,34.79837674265522,34.47313813162285
2649,36.55736684,36.5558939765,35.27278552198157,34.959569859588235,34.84595896263637,34.480609410400724
2650,36.5824055195,36.5558939765,35.26576605177412,34.959569859588235,34.82939197500785,34.45896557155576
2651,36.5647311575,36.5205452525,35.26325698548236,34.9703130992353,34.80379647782271,34.45843090499769
2652,36.5588397035,36.5264367065,35.27110224941014,34.93115225794118,34.837552721921895,34.47941605162976
2653,36.563258294,36.631010015,35.26950172869029,34.86981182511765,34.831690563814384,34.454090860383566
2654,36.55736684,36.541165341500005,35.27416573485714,34.83255704247059,34.868115996932126,34.47413117640168
2655,36.554421113000004,36.572095475,35.27728216745968,34.904467436882356,34.87193053928394,34.45344827859091
2656,36.5117080715,36.52790957,35.269434524375,34.86825232258823,34.89481012696734,34.439754823313784
2657,36.535273887500004,36.3820960835,35.25749200102497,34.850404682529415,34.85683829988476,34.43908665179464
2658,36.5588397035,36.377677493,35.27409233272727,34.92456769170588,34.83883032640084,34.448537128115106
2659,36.5028708905,36.577986929,35.271398675,34.83203720829412,34.90543143152576,34.40247465621622
2660,36.5264367065,36.424809125,35.27093926117647,34.84139422347059,34.88447143281106,34.428823630455895
2661,36.5882969735,36.5028708905,35.279247116691245,34.87431705464706,34.86665655255814,34.43173137910809
2662,36.585351246500004,36.522018116,35.28360367513514,34.95749052288235,34.83491151548577,34.43488780724916
2663,36.5794597925,36.504343754000004,35.27864153072581,34.89996220735294,34.87500358453873,34.43393153976744
2664,36.55736684,36.545583932,35.27409897355213,34.93912304864706,34.791411334093766,34.43417008209205
2665,36.5028708905,36.486669392,35.26499897,34.88211456729412,34.8290906256,34.41673107868806
2666,36.541165341500005,36.535273887500004,35.26591894637097,34.91122528117647,34.81909826132743,34.43195576902344
2667,36.5647311575,36.6236456975,35.27156496592433,34.85490991205882,34.80650123654049,34.4260206963022
2668,36.5382196145,36.598607018,35.25026267132,34.828398369058824,34.8074410251491,34.413380379703156
2669,36.5441110685,36.642792923,35.2551591242,34.94172221952941,34.74290850327311,34.44166815366282
2670,36.5441110685,36.6589944215,35.26686084549661,34.91313133982353,34.76048820993451,34.425882501233794
2671,36.4999251635,36.639847196000005,35.269459701175116,34.893724197235294,34.79011238151157,34.43723278642251
2672,36.4704678935,36.591242700500004,35.26307755884725,34.85317713147059,34.78787301867489,34.43948274982957
2673,36.4380648965,36.516126662000005,35.25558747501423,34.83134409605883,34.794379351987416,34.45127619790665
2674,36.486669392,36.6148085165,35.25832838255761,34.774855448882356,34.77575823384377,34.38731657910543
2675,36.5264367065,36.6148085165,35.26750267056452,34.704677835058824,34.773349901197605,34.43119226319236
2676,36.5146537985,36.622172834,35.275885707951176,34.63450022123529,34.775743967759745,34.40948938904915
2677,36.480777938,36.651630104,35.25620110292706,34.766191545941176,34.76385572876827,34.39362940652021
2678,36.5382196145,36.6206999705,35.26682653671655,34.81089728511765,34.726814951743734,34.422753493327306
2679,36.504343754000004,36.631010015,35.257513733529414,34.829264759352945,34.73677877904918,34.39309269212421
2680,36.5647311575,36.678141647000004,35.258114969231855,34.873104108235296,34.70745667733044,34.42626799024345
2681,36.5205452525,36.6177542435,35.260926999098,34.867559210352944,34.71536071942697,34.39231009726786
2682,36.516126662000005,36.636901469,35.24858820285714,34.867559210352944,34.711743781983564,34.366954455384615
2683,36.5676768845,36.6148085165,35.25625626549587,34.84555289688235,34.72752582555129,34.40533994907769
2684,36.598607018,36.695816009,35.26362233578201,34.86859887870588,34.71691959525751,34.39110630646717
2685,36.577986929,36.695816009,35.25437896262295,34.86859887870588,34.72120230330997,34.40399581051648
2686,36.5706226115,36.678141647000004,35.267326593120394,34.863227258882354,34.74464345459925,34.41326774651656
2687,36.541165341500005,36.660467285,35.26511020852459,34.88367406982353,34.72596176949062,34.39291253336856
2688,36.589769837,36.678141647000004,35.264353220638014,34.887486187117645,34.7305780736803,34.39632079235007
2689,36.589769837,36.6678316025,35.26303102963115,34.86080136605882,34.77636623132096,34.387879418047916
2690,36.6148085165,36.701707463000005,35.26199063947369,34.86305398082353,34.72525990095035,34.402654563420704
2691,36.5706226115,36.689924555000005,35.265732903188095,34.87882228417647,34.715397815906044,34.37595056094862
2692,36.5382196145,36.666358739,35.25788041485714,34.83065098382353,34.730254274051724,34.375935139350766
2693,36.5941884275,36.6324828785,35.26471326263158,34.855429746235295,34.69291739423015,34.38726529040319
2694,36.5500025225,36.6324828785,35.25952929549587,34.840874389294115,34.77896372285873,34.405373505729926
2695,36.5500025225,36.592715564,35.27298529205549,34.96095608405882,34.69913021604038,34.41546119460332
2696,36.5470567955,36.5264367065,35.269159036652894,34.914171008176474,34.738251801250705,34.419650003084115
2697,36.5470567955,36.601552745,35.27680726655738,34.98400206588235,34.714702789361006,34.421369147211195
2698,36.510235208000005,36.610389926,35.26047527,34.88194128923529,34.73111252314239,34.421989041256985
2699,36.554421113000004,36.5882969735,35.264243818230476,34.82735870070589,34.79284469251613,34.412657192016425
2700,36.530855297,36.541165341500005,35.27420462947369,34.907932998058826,34.73153689151381,34.4345100149134
2701,36.533801024,36.6295371515,35.262916873265304,34.772429556058825,34.77697316996836,34.384238274491835
2702,36.533801024,36.660467285,35.261987288214286,34.84503306270588,34.75518698424865,34.41295532231857
2703,36.519072389,36.692870282,35.28435493573314,34.88627324070588,34.78460027685714,34.427159896727275
2704,36.5470567955,36.604498472,35.28302316766129,34.864093649176475,34.76521013729291,34.442037578798164
2705,36.519072389,36.660467285,35.29159856836812,34.93357815076471,34.77792258089172,34.4361956285701
2706,36.585351246500004,36.647211513500004,35.27981505608544,34.84901845805882,34.731848052186194,34.42880838656927
2707,36.585351246500004,36.660467285,35.284731978916575,34.922488355,34.76309423525839,34.44310399402423
2708,36.411553353500004,36.451320668,35.27505755,34.77624167335294,34.830442041465695,34.40264746232558
2709,36.3438016325,36.541165341500005,35.27892816457143,34.79998076741177,34.81351514913803,34.42834409190802
2710,36.595661291,36.6737230565,35.27411364898867,34.93357815076471,34.75143667760956,34.412621320133155
2711,36.535273887500004,36.6000798815,35.28663179635945,34.85924186352941,34.82074975363819,34.43926770814517
2712,36.6059713355,36.5676768845,35.29456127947368,34.887139631000004,34.75630893266113,34.47520862928767
2713,36.55736684,36.5676768845,35.28499031981749,34.90897266641176,34.74640239990654,34.45381462230873
2714,36.5882969735,36.5676768845,35.2931873631579,34.90862611029412,34.75340538122206,34.45909479963637
2715,36.55736684,36.628064288000004,35.28348001117866,34.89649664617647,34.7405738836131,34.430464645603955
2716,36.533801024,36.653102967500004,35.28807858199491,34.81540251464706,34.77833283413844,34.46023737742739
2717,36.5882969735,36.692870282,35.282840689292634,34.842087335705884,34.74480031444934,34.410525358373384
2718,36.592715564,36.6707773295,35.283399785,34.841047667352946,34.75894921274627,34.437233139142094
2719,36.5706226115,36.545583932,35.289443458844005,34.918156403529416,34.7305939896827,34.44115233045353
2720,36.5706226115,36.507289481,35.287302292972306,34.88471373817647,34.72933815424051,34.449278353357144
2721,36.566204021000004,36.5794597925,35.266953708955675,34.811243841235296,34.79002240719626,34.41341518610536
2722,36.566204021000004,36.622172834,35.28088090398188,34.83047770576471,34.76831034555901,34.414758243583066
2723,36.595661291,36.4969794365,35.30150607620362,34.88107489894118,34.77431399997921,34.45622531782251
2724,36.595661291,36.580932656,35.29486471625981,34.877782615823534,34.76597670968606,34.44967454612743
2725,36.545583932,36.664885875500005,35.29670442540541,34.835849325588235,34.787649068954906,34.42549567896552
2726,36.6000798815,36.6707773295,35.298669475808,34.86080136605882,34.72484882306155,34.446804594701696
2727,36.5706226115,36.6118627895,35.299568917788626,34.86773248841177,34.7849448827341,34.45219283148515
2728,36.5617854305,36.654575831,35.29761162578947,34.95246545917647,34.70986243344051,34.44003543025367
2729,36.4969794365,36.566204021000004,35.281863682454855,34.87258427405882,34.76878103444386,34.448830971307906
2730,36.491087982500005,36.4527935315,35.29625355542857,34.85993497576471,34.76637103206534,34.474784188278655
2731,36.536746751,36.676668783500006,35.29334679930328,34.788544415529415,34.758202574025695,34.433896037184915
2732,36.551475386,36.591242700500004,35.29350388789256,34.818174963588234,34.75355083048982,34.48018817020116
2733,36.591242700500004,36.657521558,35.29764944,34.98989351988236,34.75561539585084,34.46413476936577
2734,36.5441110685,36.6265914245,35.28748700742396,34.948653341882356,34.72900001307985,34.46471394023277
2735,36.541165341500005,36.577986929,35.290779070625,34.896150090058825,34.78791107355115,34.45186078411871
2736,36.585351246500004,36.622172834,35.3036746257438,34.922488355,34.72961414913116,34.48014178374825
2737,36.524963843,36.6000798815,35.289801114550784,34.947440395470586,34.73957907342406,34.46795080967033
2738,36.524963843,36.628064288000004,35.30070037346356,34.89285780694118,34.75711786995276,34.47461560530121
2739,36.5146537985,36.6501572405,35.292749479218905,34.845899453,34.75947375956522,34.45186506807675
2740,36.5529482495,36.6678316025,35.308894675569135,34.91018561282353,34.79898439462687,34.50606967454546
2741,36.551475386,36.6707773295,35.30342535549883,34.907932998058826,34.76502994117647,34.492123416235295
2742,36.5028708905,36.716436098,35.29557320024794,34.77260283411765,34.81665127426931,34.44574154853321
2743,36.5087623445,36.716436098,35.294956486188525,34.8583754732353,34.77920485543547,34.479688394288104
2744,36.5382196145,36.7414747775,35.30011197974324,34.94050927311765,34.75289951423694,34.484053680812444
2745,36.510235208000005,36.681087374,35.307036360781844,34.70693044982353,34.815623593549695,34.426567400428
2746,36.533801024,36.70465319,35.30486512408507,34.817828407470586,34.79277027090043,34.45152005892109
2747,36.477832211,36.535273887500004,35.273641549016396,34.76948382905883,34.845509207115384,34.43551804073299
2748,36.5146537985,36.6619401485,35.27404397073771,34.69601393211765,34.822771305605905,34.41804814278481
2749,36.5470567955,36.713490371,35.29555705368421,34.734481661176474,34.78694447535375,34.44469355102334
2750,36.4851965285,36.5588397035,35.292432525392584,34.80448599694118,34.75200755201923,34.48777566512108
2751,36.530855297,36.639847196000005,35.286773911188526,34.882461123411765,34.762351001630094,34.45178979231788
2752,36.4498478045,36.678141647000004,35.288290370375,34.73864033458824,34.83924057198722,34.41989374475604
2753,36.5175995255,36.572095475,35.29128965,34.86340053694118,34.80207571475358,34.44331040466235
2754,36.530855297,36.6678316025,35.28996072508376,34.80604549947059,34.78309147283582,34.4324371015184
2755,36.524963843,36.55736684,35.275307351375,34.864093649176475,34.781442419188906,34.4761443692973
2756,36.524963843,36.653102967500004,35.269621588826446,34.78213312735294,34.787120725532596,34.46244246149929
2757,36.4881422555,36.613335653,35.27571132923461,34.807258445882354,34.78513715351292,34.49939242538461
2758,36.5382196145,36.6089170625,35.27977074138714,34.83948816482353,34.74220830812665,34.4580833628471
2759,36.504343754000004,36.636901469,35.27308126268595,34.833423432764704,34.77848026348243,34.43127594269231
2760,36.4969794365,36.58682411,35.26326853735294,34.84901845805882,34.72573827288721,34.4625567217805
2761,36.4969794365,36.613335653,35.268007872972845,34.768097604588235,34.8124659171549,34.44393230814815
2762,36.533801024,36.58682411,35.281471557875,34.86426692723529,34.75799506932908,34.45181944752747
2763,36.522018116,36.58682411,35.275408707749705,34.757527643,34.80614121158111,34.454628550794375
2764,36.551475386,36.613335653,35.28243128661346,34.809684338705885,34.754454237430345,34.46565921696721
2765,36.4527935315,36.5647311575,35.25380345629033,34.772429556058825,34.78733927443561,34.423875696544016
2766,36.513180935,36.622172834,35.254667270475764,34.77572183917647,34.76030183481207,34.4295808868232
2767,36.542638205,36.5441110685,35.27569389979509,34.835502769470594,34.83396019006369,34.474827115454545
2768,36.491087982500005,36.5441110685,35.26680845,34.835502769470594,34.81128284954763,34.463660573422054
2769,36.4586849855,36.480777938,35.266103117168335,34.85872202935294,34.78232267912487,34.438318211783994
2770,36.4498478045,36.5500025225,35.247290015000004,34.83169065217647,34.76749588373418,34.42784432626328
2771,36.513180935,36.5058166175,35.2603750462705,34.92422113558824,34.74729759428115,34.44301339440585
2772,36.479305074500004,36.5558939765,35.26218361973733,34.86842560064706,34.79065255498136,34.42469398202748
2773,36.498452300000004,36.5470567955,35.26917256157025,34.94362827817647,34.793886678326444,34.43562904267874
2774,36.4969794365,36.524963843,35.250935495188045,34.83688899394118,34.80767673489677,34.41828113874581
2775,36.4999251635,36.445429214,35.27234038545082,34.92959275541177,34.81047241723927,34.442665215906544
2776,36.5205452525,36.5205452525,35.26971896823141,34.89285780694118,34.78416823975548,34.40661774357573
2777,36.5441110685,36.560312567000004,35.276256202578644,34.88107489894118,34.76048846854946,34.38997872505661
2778,36.5441110685,36.663413012,35.27480112041992,34.851097794764705,34.760886598236475,34.39892028754717
2779,36.577986929,36.6825602375,35.25616373825712,34.840007999,34.7365202265744,34.396269643132214
2780,36.535273887500004,36.6442657865,35.257376283783785,34.81176367541177,34.76850183372197,34.392197486980535
2781,36.5558939765,36.669304466,35.25978519028799,34.84278044794118,34.7382843932999,34.38598393657774
2782,36.504343754000004,36.6560486945,35.26017555736842,34.808817948411765,34.74904442919552,34.41544711626556
2783,36.529382433500004,36.6383743325,35.26223427896694,34.838621774529415,34.733166265693434,34.435555241105526
2784,36.5441110685,36.6943431455,35.24119215515911,34.78542541047059,34.724115920157566,34.368252718744145
2785,36.551475386,36.6089170625,35.252857967428575,34.8583754732353,34.68942376723748,34.381442763006994
2786,36.5647311575,36.6442657865,35.25959703094262,34.794435869529416,34.68829550535385,34.376636215454546
2787,36.5558939765,36.64573865,35.251270490857145,34.79460914758823,34.7838936797793,34.40078738793166
2788,36.575041202,36.64573865,35.26104899447581,34.87449033270588,34.73028499919338,34.39854546400711
2789,36.5558939765,36.6913974185,35.262777893387096,34.82371986147059,34.738929070745016,34.40335477094793
2790,36.55736684,36.6737230565,35.266369385000004,34.85335040952941,34.730034191,34.41240416358929
2791,36.523490979500004,36.6589944215,35.25816548521198,34.797901430705885,34.72437254548936,34.3980646299446
2792,36.536746751,36.6589944215,35.29010913363636,34.813496456,34.79099887067033,34.41647095310638
2793,36.5058166175,36.5706226115,35.287586036548014,34.81678873911765,34.78290500234225,34.44926008148612
2794,36.523490979500004,36.5028708905,35.28452770564516,34.851097794764705,34.79536290273052,34.433295501962235
2795,36.560312567000004,36.5175995255,35.292247610000004,34.84503306270588,34.80480315369666,34.41864427779765
2796,36.560312567000004,36.486669392,35.2962125,34.845206340764705,34.81788756493192,34.418587976765956
2797,36.5382196145,36.539692478,35.26860485699652,34.76948382905883,34.81111709970499,34.43452950957627
2798,36.5117080715,36.479305074500004,35.291008447027025,34.79270308894118,34.84465623352971,34.46598014105216
2799,36.566204021000004,36.595661291,35.29303610631579,34.806218777529416,34.80306539465932,34.428086727659576
2800,36.530855297,36.4851965285,35.27892902660419,34.766364824,34.82313480163392,34.46624271911751
2801,36.535273887500004,36.6265914245,35.287725956923076,34.76757777041177,34.8366703002621,34.41674958776204
2802,36.569149748,36.622172834,35.26624211171317,34.755275028235296,34.78963443819005,34.44523175679558
2803,36.580932656,36.622172834,35.27334318857019,34.84936501417647,34.778805018065505,34.43125074481013
2804,36.575041202,36.501398027,35.29711252400532,34.80431271888236,34.83646693747874,34.41308026535565
2805,36.610389926,36.563258294,35.30068718157895,34.79339620117647,34.79605353351567,34.4462076347486
2806,36.5824055195,36.647211513500004,35.28438832698447,34.74089294935294,34.80767424533791,34.44547937239264
2807,36.5971341545,36.595661291,35.29040814397141,34.783346073764704,34.79484977395508,34.43589764233442
2808,36.603025608500005,36.575041202,35.29516475707938,34.72720398270589,34.8141946596572,34.44343606035514
2809,36.603025608500005,36.5175995255,35.29548245843831,34.74522490082353,34.78332015027559,34.43999411404729
2810,36.603025608500005,36.5971341545,35.30458850923077,34.72720398270589,34.796091450359924,34.422587675635
2811,36.551475386,36.523490979500004,35.271052635942624,34.705544225352945,34.8358281519601,34.40359699059444
2812,36.585351246500004,36.5028708905,35.27561341545082,34.80899122647059,34.827195331636005,34.43933323861175
2813,36.516126662000005,36.5146537985,35.27895470861814,34.72599103629412,34.85286947806128,34.39593965375
2814,36.583878383,36.523490979500004,35.27274534496677,34.84382011629412,34.78682215755102,34.44503057464945
2815,36.5500025225,36.539692478,35.28484643405405,34.70329161058824,34.878524824962255,34.413803146387586
2816,36.5500025225,36.6589944215,35.29311854810811,34.808817948411765,34.82088872995005,34.43734242969957
2817,36.5323281605,36.601552745,35.27301930983871,34.808817948411765,34.803710952424545,34.42094685589478
2818,36.5500025225,36.5382196145,35.28383357198347,34.799460933235295,34.82679078413613,34.42148566932263
2819,36.5647311575,36.664885875500005,35.283859973282475,34.86582642976471,34.80260767719335,34.43738970972923
2820,36.5647311575,36.554421113000004,35.28801277144628,34.811243841235296,34.839929054135574,34.44454554137051
2821,36.541165341500005,36.6324828785,35.27265879281277,34.86825232258823,34.78511090375,34.443076533482184
2822,36.5765140655,36.603025608500005,35.26283068419355,34.87691622552941,34.772183842090165,34.42231929852612
2823,36.541165341500005,36.569149748,35.26462741648643,34.880035230588234,34.78028194635575,34.45461382577105
2824,36.560312567000004,36.585351246500004,35.27904741413934,34.81505595852941,34.8189020168866,34.48131032076156
2825,36.5765140655,36.6560486945,35.288626492432435,34.869985103176475,34.78285466085715,34.46835430021405
2826,36.536746751,36.5323281605,35.26057625713115,34.81453612435294,34.79513266853191,34.44003307662326
2827,36.536746751,36.55736684,35.273029868,34.89043191411765,34.75984123974249,34.44991504574212
2828,36.5617854305,36.642792923,35.26667965323771,34.863227258882354,34.75878831430085,34.46211595336927
2829,36.5617854305,36.642792923,35.253077582701614,34.838621774529415,34.75414084457754,34.4621988205615
2830,36.575041202,36.598607018,35.25392223560484,34.843300282117646,34.740592090893436,34.46804831974798
2831,36.442483487000004,36.530855297,35.24230458013749,34.77693478558824,34.83964279963954,34.4087475515897
2832,36.474886484,36.491087982500005,35.240795965454545,34.78247968347059,34.826990306805484,34.4144931668314
2833,36.533801024,36.628064288000004,35.2524923403596,34.81418956823529,34.79246701529156,34.412650989615386
2834,36.5617854305,36.5470567955,35.25103193895161,34.84156750152941,34.74327239946065,34.42420247984267
2835,36.595661291,36.622172834,35.26147332221824,34.76445876535294,34.80886520606417,34.43674751071797
2836,36.5765140655,36.616281380000004,35.26279448478341,34.81141711929412,34.760908852344244,34.43537319945504
2837,36.6295371515,36.666358739,35.26905151647059,34.78715819105882,34.781901184034616,34.46740598759494
2838,36.6236456975,36.625118561,35.27096027057611,34.833423432764704,34.772534737588956,34.46125388938028
2839,36.5706226115,36.6413200595,35.26526507,34.808471392294116,34.780137790219136,34.46094524140187
2840,36.5617854305,36.692870282,35.26458675484346,34.840874389294115,34.77004817760952,34.42836881837564
2841,36.601552745,36.716436098,35.27719417647059,34.840874389294115,34.742052693913045,34.43866148644628
2842,36.601552745,36.6737230565,35.266269628156685,34.793569479235295,34.77940465807672,34.4534327092093
2843,36.5882969735,36.6000798815,35.26397395895854,34.85594958041177,34.75815759781199,34.45814448973395
2844,36.619227107,36.6324828785,35.268311185873536,34.80656533364706,34.759757228914104,34.437207107
2845,36.619227107,36.672250193,35.269699548235295,34.853870243705884,34.76332614152339,34.43971052733093
2846,36.6089170625,36.636901469,35.263738727126885,34.84278044794118,34.75052737738288,34.464188669990776
2847,36.631010015,36.633955742,35.258857798930876,34.81609562688235,34.75041286998397,34.42707244741076
2848,36.5441110685,36.6796145105,35.27467208514286,34.75804747717647,34.789740593096774,34.44007346065723
2849,36.566204021000004,36.6796145105,35.269134425737704,34.84416667241177,34.75149288336216,34.451714599272236
2850,36.5735683385,36.6442657865,35.26051440235294,34.87137132764706,34.73520572274531,34.44633357843439
2851,36.591242700500004,36.6589944215,35.28029345882353,34.85646941458823,34.743590870096774,34.42595176958904
2852,36.589769837,36.6206999705,35.27805209108197,34.857335804882354,34.75383489093234,34.44210413221312
2853,36.554421113000004,36.6501572405,35.27083488056686,34.816268904941175,34.7566790343132,34.43379616253095
2854,36.5882969735,36.6501572405,35.261101814545455,34.78871769358824,34.750728107744365,34.440591931851856
2855,36.545583932,36.5765140655,35.27672037340454,34.784212464058825,34.74661294927368,34.44147140587131
2856,36.6000798815,36.701707463000005,35.27297512742857,34.820600856411765,34.74968777141157,34.421060159
2857,36.536746751,36.6501572405,35.27536161443091,34.719926304235294,34.790987681878626,34.444260273324026
2858,36.5205452525,36.6059713355,35.24133384548,34.698613103,34.78062671736621,34.40755838038853
2859,36.5735683385,36.633955742,35.264585978508066,34.78213312735294,34.75399245368478,34.43793319296552
2860,36.533801024,36.6177542435,35.25413417516604,34.718886635882356,34.78396146233246,34.41096245570248
2861,36.545583932,36.625118561,35.25780934689753,34.746611125294116,34.779489287583246,34.403870982708725
2862,36.55736684,36.689924555000005,35.26054070461639,34.70797011817647,34.78911490021539,34.41406628276151
2863,36.519072389,36.6177542435,35.261683677058826,34.674180896705884,34.82016391816649,34.4101989109434
2864,36.5735683385,36.6354286055,35.28442212403226,34.800673879647064,34.77276003110532,34.41907150701499
2865,36.548529659,36.563258294,35.2613124206,34.763765653117645,34.79173539485981,34.39884302567718
2866,36.507289481,36.628064288000004,35.24160425507373,34.725124646,34.76070556077772,34.415064439501386
2867,36.58682411,36.648684377,35.26764178147341,34.7597802577647,34.787303877070066,34.4304494173494
2868,36.5205452525,36.642792923,35.28030105361593,34.77104333158824,34.82655152283019,34.41807789297067
2869,36.5382196145,36.6265914245,35.282948261787276,34.77572183917647,34.785115069736165,34.43698539208832
2870,36.5175995255,36.636901469,35.25854268603279,34.70779684011765,34.82617173261205,34.40098298966825
2871,36.583878383,36.6059713355,35.280564227466044,34.77936067841176,34.80033437810687,34.42666054280443
2872,36.529382433500004,36.592715564,35.26462571081081,34.723218587352946,34.79224459609303,34.407622296394365
2873,36.5529482495,36.583878383,35.26621045604396,34.763419097,34.788321119061855,34.40643820912312
2874,36.5087623445,36.541165341500005,35.24347908285714,34.68804314141177,34.80903485135952,34.417663374139835
2875,36.523490979500004,36.642792923,35.25168071313471,34.71576763082353,34.79499919860324,34.407513844069825
2876,36.545583932,36.686978828,35.25971836652973,34.63865889464706,34.80532943533873,34.386763371618606
2877,36.5058166175,36.625118561,35.25235161714286,34.68925608782353,34.83515549435685,34.39990810681031
2878,36.591242700500004,36.5824055195,35.2593028293985,34.80673861170588,34.765225480157866,34.40297226025351
2879,36.5500025225,36.585351246500004,35.25441924249946,34.67937923847059,34.822384580396744,34.40403628693992
2880,36.545583932,36.5647311575,35.260681955693116,34.70294505447059,34.82024618633715,34.433431969052045
2881,36.533801024,36.548529659,35.25937217298169,34.75232930123529,34.81612829405738,34.43015075556903
2882,36.591242700500004,36.6295371515,35.266873348582344,34.7287634852353,34.7766855746729,34.42198651103321
2883,36.58682411,36.5500025225,35.27094000263158,34.72893676329412,34.81784068980112,34.421128379063234
2884,36.5028708905,36.539692478,35.230070661638656,34.64264429,34.84280109765803,34.41319121808169
2885,36.6000798815,36.603025608500005,35.26527933296,34.80413944082353,34.79621892768912,34.39896705649863
2886,36.5117080715,36.6118627895,35.25747241733871,34.72009958229412,34.81371210657855,34.40936193779021
2887,36.569149748,36.6236456975,35.261116038800004,34.804659275,34.767705766111696,34.40631473923077
2888,36.530855297,36.613335653,35.26520856474379,34.77936067841176,34.76753640263076,34.407520222761505
2889,36.5264367065,36.647211513500004,35.26376064704,34.75666125270588,34.79694721952781,34.42610993297475
2890,36.5470567955,36.6324828785,35.260467667142855,34.826838866529414,34.74505915659335,34.41149325327869
2891,36.554421113000004,36.684033101000004,35.269975542769586,34.75770092105883,34.79646990948133,34.40188095742679
2892,36.560312567000004,36.6206999705,35.2753864496,34.85612285847059,34.76012068014576,34.42726602313339
2893,36.554421113000004,36.6560486945,35.27622985775158,34.754408637941175,34.79739078945946,34.39753138471243
2894,36.5794597925,36.5617854305,35.26345561319965,34.80448599694118,34.785908964829346,34.425118805020354
2895,36.5175995255,36.616281380000004,35.27271565712,34.82787853488235,34.81076887450026,34.381236577464136
2896,36.4763593475,36.616281380000004,35.25346350762972,34.77710806364706,34.757148551550635,34.40042325387202
2897,36.492560846,36.575041202,35.26995744306452,34.87882228417647,34.761127300103254,34.421600485312645
2898,36.545583932,36.541165341500005,35.27577602,34.88454046011765,34.73715175934715,34.44884233952149
2899,36.504343754000004,36.5323281605,35.26568555543718,34.83567604752941,34.77499412567695,34.428320990992646
2900,36.5087623445,36.5323281605,35.270115148652636,34.75475519405882,34.769379771738905,34.39370521039225
2901,36.504343754000004,36.548529659,35.26987077482811,34.81418956823529,34.78417916889463,34.43210908779292
2902,36.5205452525,36.569149748,35.25500520332973,34.790103918058826,34.73722245787234,34.37698661849057
2903,36.501398027,36.4763593475,35.251616204768965,34.79339620117647,34.767564935,34.41316990805343
2904,36.501398027,36.5087623445,35.24449439012245,34.79097030835294,34.77393030182104,34.391288151563074
2905,36.583878383,36.619227107,35.27530042837012,34.81574907076471,34.75658392493347,34.387026828217415
2906,36.492560846,36.548529659,35.25797393,34.74834390588235,34.78705237239695,34.388604683037975
2907,36.524963843,36.529382433500004,35.277518975,34.80206010411765,34.758128286872115,34.42446126408696
2908,36.522018116,36.5087623445,35.28013395278688,34.78230640541177,34.795300375390994,34.416094088133704
2909,36.5175995255,36.5470567955,35.275425618647546,34.75822075523529,34.79943298516129,34.40795574806676
2910,36.522018116,36.5706226115,35.2802901733435,34.829611315470586,34.766328606045086,34.40961648931277
2911,36.522018116,36.548529659,35.29038652864107,34.83359671082353,34.780964709478674,34.405044819942695
2912,36.4969794365,36.492560846,35.28864209058485,34.772429556058825,34.80882952478261,34.424341440336136
2913,36.522018116,36.5794597925,35.296764874473844,34.74765079364706,34.80052168649975,34.392577682717395
2914,36.522018116,36.560312567000004,35.292809221052636,34.74713095947059,34.79798758522623,34.4017697384375
2915,36.4969794365,36.6413200595,35.298076638378376,34.750943076764706,34.82762621770898,34.422772776587905
2916,36.4969794365,36.6118627895,35.29069103229839,34.77797445394118,34.80238582802853,34.40927160784483
2917,36.5470567955,36.601552745,35.30070455567568,34.808817948411765,34.785363383777316,34.42189387842844
2918,36.522018116,36.5500025225,35.28945044834678,34.78438574211765,34.81769252755396,34.4189971808656
2919,36.5058166175,36.566204021000004,35.29150928979839,34.71091584517647,34.82329924875519,34.41590065159834
2920,36.5175995255,36.5706226115,35.28523359414286,34.763765653117645,34.81401691315871,34.4113152698192
2921,36.522018116,36.6177542435,35.30047536351648,34.77000366323529,34.791530129773754,34.38903774688372
2922,36.427754852,36.4086076265,35.26835183,34.71576763082353,34.79957457309549,34.3919510937881
2923,36.583878383,36.5765140655,35.30301976945246,34.75666125270588,34.801217425557894,34.41965879070033
2924,36.4969794365,36.542638205,35.27465582483871,34.723218587352946,34.803981132985,34.41968156550304
2925,36.522018116,36.595661291,35.28824842391158,34.77658822947059,34.76744969532481,34.41113983658807
2926,36.5175995255,36.5647311575,35.26886167713601,34.77624167335294,34.75566247119011,34.42254743111214
2927,36.5205452525,36.429227715500005,35.25476317603027,34.74314556411765,34.789714269706195,34.43801409943968
2928,36.5205452525,36.604498472,35.24951169516919,34.695320819882355,34.78559825511756,34.4026919875766
2929,36.5500025225,36.5706226115,35.26285198314378,34.720446138411766,34.77381109255743,34.39114860751107
2930,36.5529482495,36.489615119,35.25550199620757,34.69809326882353,34.76433266432958,34.39195203187556
2931,36.5323281605,36.5794597925,35.26818895104839,34.683537911882354,34.80059645939486,34.38196911025735
2932,36.5647311575,36.6265914245,35.26050788870968,34.683537911882354,34.78650397797959,34.39041215977809
2933,36.5676768845,36.560312567000004,35.26662782132,34.71472796247059,34.763310656217854,34.40894114164126
2934,36.569149748,36.554421113000004,35.24963424956,34.703984722823535,34.778692956534705,34.39789139909836
2935,36.507289481,36.554421113000004,35.23741182038857,34.72841692911765,34.77675795310769,34.39850520118231
2936,36.577986929,36.5941884275,35.2467147068,34.72703070464706,34.793603467379626,34.398242485660376
2937,36.580932656,36.6089170625,35.24125244205645,34.68249824352941,34.78814351513625,34.39762204880445
2938,36.4822508015,36.483723665,35.22504320820154,34.69306820511765,34.80028091805035,34.40928168020532
2939,36.522018116,36.648684377,35.2462366202928,34.721139250647056,34.78029508439253,34.40116108976045
2940,36.4999251635,36.55736684,35.23797416705882,34.706237337588234,34.781811891638064,34.40582769803371
2941,36.473413620500004,36.589769837,35.24319250419355,34.72720398270589,34.765649766258576,34.40237828888268
2942,36.4027161725,36.4881422555,35.23711482058824,34.64732279758824,34.801398265571876,34.41409838482886
2943,36.5146537985,36.6059713355,35.257588085,34.678859404294116,34.783881107770895,34.397121873992646
2944,36.457212122,36.604498472,35.229183587995294,34.59741871664706,34.761440172707694,34.40119327774059
2945,36.404189036000005,36.5205452525,35.226585011209146,34.571253729764706,34.78099416483146,34.394349709379114
2946,36.5765140655,36.628064288000004,35.25668840252398,34.662051432588235,34.78191303627016,34.39409084956644
2947,36.533801024,36.536746751,35.23553473191651,34.57870468629412,34.793426600835915,34.4072159480771
2948,36.533801024,36.6413200595,35.25940923413935,34.590834150411766,34.81228066313142,34.37877333420067
2949,36.295197137,36.4881422555,35.22269632727273,34.61110768329412,34.800404336,34.41732927255618
2950,36.4498478045,36.5529482495,35.239226443409834,34.61110768329412,34.80869877405063,34.396893527743735
2951,36.479305074500004,36.451320668,35.22830203508197,34.59603249217647,34.82705780084025,34.382172776632466
2952,36.55736684,36.613335653,35.23877519779425,34.55756476311765,34.79917443078451,34.360853891790065
2953,36.5205452525,36.592715564,35.24141459891892,34.42431393588235,34.82643524486487,34.35822733451429
2954,36.3585302675,36.4203905345,35.21895006990357,34.58303663776471,34.8678578096188,34.4135412565651
2955,36.479305074500004,36.4881422555,35.237124995,34.50020972564706,34.89040756998495,34.38626923307042
2956,36.489615119,36.463103576,35.23469018,34.642817568058824,34.83308063360127,34.40380728791367
2957,36.460157849,36.569149748,35.24674636397541,34.49466482776471,34.882596732327364,34.375856734929044
2958,36.5500025225,36.5794597925,35.24456142028163,34.68890953170588,34.782831065053166,34.408643780802585
2959,36.5087623445,36.480777938,35.22621299428572,34.55340608970588,34.806597253289475,34.38846897403026
2960,36.5205452525,36.513180935,35.234152078588714,34.55340608970588,34.81286284131229,34.38193815379621
2961,36.355584540500004,36.480777938,35.20412064956706,34.51320558005882,34.832529027455095,34.3744352991171
2962,36.365894585,36.530855297,35.20613335806452,34.56258982682353,34.80248337231595,34.39125962
2963,36.536746751,36.5765140655,35.22321118395161,34.581477135235296,34.82129607323887,34.381039241367205
2964,36.504343754000004,36.6000798815,35.23400690387097,34.53105322011765,34.81351452794479,34.386070900722544
2965,36.5058166175,36.4999251635,35.21534699085714,34.53278600070588,34.848192222881615,34.391761024157304
2966,36.5794597925,36.424809125,35.24297009157895,34.711435679352945,34.80624451969682,34.40521605189238
2967,36.3261272705,36.5205452525,35.20895340888658,34.47560424129412,34.876027171678686,34.405339450310564
2968,36.569149748,36.483723665,35.233346375,34.728590207176474,34.801329643729325,34.40126972384401
2969,36.293724273500004,36.510235208000005,35.21794661506494,34.67833957011765,34.83299181287273,34.419196260716205
2970,36.572095475,36.5735683385,35.24915349065446,34.73205576835294,34.77498573643545,34.419610674285714
2971,36.5617854305,36.507289481,35.25729591037258,34.796688484294116,34.819451463980585,34.410336390533274
2972,36.563258294,36.5323281605,35.28006245948649,34.824932807882355,34.79356456086245,34.42005529747546
2973,36.5617854305,36.55736684,35.275854868483606,34.84399339435294,34.79414556170849,34.40898674084309
2974,36.603025608500005,36.6354286055,35.262870060942625,34.87726278164706,34.72271207514149,34.407854915843316
2975,36.6000798815,36.639847196000005,35.267008025,34.82753197876471,34.74158579126365,34.408202694747104
2976,36.5706226115,36.5706226115,35.26835183,34.78438574211765,34.78510107182344,34.411005482774726
2977,36.5706226115,36.5706226115,35.26895156418483,34.75995353582353,34.77608450585744,34.413651262076314
2978,36.5470567955,36.545583932,35.27266297189516,34.70987617682353,34.7786361426943,34.40241632284939
2979,36.577986929,36.6413200595,35.28588706891129,34.73500149535294,34.76430521,34.40038920938757
2980,36.575041202,36.533801024,35.27132715047515,34.75770092105883,34.7578962334588,34.41827961023545
2981,36.575041202,36.5470567955,35.29590876441367,34.80587222141177,34.740356594825926,34.38938962862555
2982,36.55736684,36.575041202,35.28854882,34.87275755211765,34.71174528306788,34.39151781905727
2983,36.5058166175,36.686978828,35.2700434166636,34.75544830629412,34.77481500840804,34.36178375134784
2984,36.3938789915,36.58682411,35.262273345714284,34.83654243782353,34.74917234873879,34.386044688963636
2985,36.5058166175,36.4940337095,35.262035868235294,34.81245678764706,34.77771778982549,34.38910041539013
2986,36.5588397035,36.5941884275,35.28355189351352,34.83169065217647,34.71328453941748,34.36957247
2987,36.522018116,36.572095475,35.27648979411765,34.75319569152941,34.769058593357975,34.39526569477179
2988,36.5824055195,36.542638205,35.32193215557377,34.89199141664706,34.76140359957895,34.42376930285326
2989,36.5382196145,36.5146537985,35.31139294249353,34.866346263941175,34.820525075896356,34.438212444422206
2990,36.5382196145,36.5824055195,35.307694715000004,34.829957871588235,34.81506669890496,34.421187072408166
2991,36.5441110685,36.6148085165,35.31680864,34.88211456729412,34.76888973285715,34.40781328160326
2992,36.513180935,36.619227107,35.30160624492154,34.83099753994118,34.788133350517064,34.41671671986481
2993,36.5323281605,36.607444199,35.2810900925427,34.764632043411765,34.80186538959794,34.415711245298915
2994,36.507289481,36.625118561,35.281425469430744,34.738467056529416,34.83045132004088,34.3920880445283
2995,36.507289481,36.607444199,35.29144455821429,34.738467056529416,34.823902605402125,34.37852014603001
2996,36.5323281605,36.6236456975,35.283618195465436,34.736734275941174,34.75813924328987,34.37105148584854
2997,36.545583932,36.5882969735,35.30080811891892,34.73586788564706,34.751634703509836,34.41011433566372
2998,36.415971944,36.64573865,35.273832699334015,34.67088861358824,34.81744633916581,34.401405039103516
2999,36.583878383,36.580932656,35.30499256829315,34.829611315470586,34.78471670321,34.42951227764706
3000,36.5058166175,36.616281380000004,35.28619061604839,34.665516993764705,34.76924469125,34.377261066636365
3001,36.498452300000004,36.625118561,35.29081242933884,34.76099320417647,34.76998513323944,34.41657970116675
3002,36.5205452525,36.5941884275,35.28782099672613,34.76099320417647,34.7936032347013,34.41324513402351
3003,36.5264367065,36.613335653,35.280739994545456,34.86859887870588,34.75739116736075,34.42723640911689
3004,36.491087982500005,36.603025608500005,35.28727610171428,34.8524840192353,34.73302276873869,34.43077110293217
3005,36.5558939765,36.6295371515,35.289681746247936,34.780746902882356,34.73936899104073,34.432194884564126
3006,36.483723665,36.622172834,35.28652364320375,34.780746902882356,34.7528645938278,34.431879779177244
3007,36.480777938,36.592715564,35.2799524684812,34.81522923658824,34.7488614540686,34.462945667206476
3008,36.572095475,36.6442657865,35.28639375928051,34.854736634,34.784574772727275,34.44161134210526
3009,36.498452300000004,36.58682411,35.27658840764706,34.75770092105883,34.80185491830986,34.443820569712045
3010,36.541165341500005,36.651630104,35.290814608529274,34.77710806364706,34.79550240269768,34.424441796106834
3011,36.4999251635,36.642792923,35.278538348695015,34.811243841235296,34.78638690827068,34.42012860430769
3012,36.5028708905,36.6059713355,35.292877307295086,34.83914160870589,34.78419260928125,34.43830947140272
3013,36.530855297,36.5706226115,35.31808135828572,34.92335474529412,34.72929507014085,34.470784238571426
3014,36.523490979500004,36.610389926,35.30817659929143,34.816268904941175,34.81151697444666,34.45276136346003
3015,36.5117080715,36.58682411,35.2981882925,34.83065098382353,34.799598023228555,34.429648643012214
3016,36.480777938,36.589769837,35.30245955054631,34.84901845805882,34.820971961747674,34.44118426262206
3017,36.483723665,36.607444199,35.292668048,34.885233572352945,34.78046223178571,34.436201946967216
3018,36.4763593475,36.589769837,35.291828674177424,34.862187590529416,34.788910073165354,34.42306718877113
3019,36.5087623445,36.577986929,35.30694730126008,34.87137132764706,34.757986416423705,34.43302355862797
3020,36.477832211,36.6118627895,35.278394444,34.790797030294115,34.81342227189927,34.44119670219632
3021,36.5323281605,36.633955742,35.2954142,34.82874492517647,34.75373983744614,34.42014734886687
3022,36.5028708905,36.6059713355,35.26777805757715,34.76723121429412,34.7747461720548,34.419629237062196
3023,36.477832211,36.6177542435,35.274843721716366,34.828398369058824,34.779253858403614,34.40602415383937
3024,36.5028708905,36.5676768845,35.27516510085389,34.828398369058824,34.796048917963525,34.423650528457145
3025,36.507289481,36.5588397035,35.285993781755764,34.84624600911765,34.77392411153198,34.40748944666367
3026,36.504343754000004,36.5588397035,35.275965495364574,34.87639639135294,34.743420765173305,34.41256476343363
3027,36.536746751,36.580932656,35.282948639463946,34.867212654235296,34.768206093274884,34.39983352441398
3028,36.536746751,36.5588397035,35.28181274988479,34.867212654235296,34.76395690607884,34.40802153492091
3029,36.5323281605,36.5500025225,35.29866214057143,34.83099753994118,34.797063656747724,34.41635521587534
3030,36.5117080715,36.5735683385,35.29040558486636,34.817481851352944,34.778295480062695,34.402687407717494
3031,36.622172834,36.5824055195,35.296771310000004,34.86114792217647,34.82170786079793,34.4100098441988
3032,36.5117080715,36.5264367065,35.286290771428575,34.87760933776471,34.82770650922045,34.41895961949367
3033,36.5765140655,36.5470567955,35.286752645,34.90100187570589,34.825806675812466,34.45033860296719
3034,36.533801024,36.5617854305,35.29514352020325,34.86738593229412,34.78754806669118,34.4346014615119
3035,36.501398027,36.4999251635,35.285589811014056,34.875356723,34.78483813059006,34.417695436681775
3036,36.501398027,36.5500025225,35.281989222009216,34.808471392294116,34.843981518598135,34.395023012818825
3037,36.4410106235,36.541165341500005,35.29981169257143,34.84347356017647,34.84481919943662,34.37983759787535
3038,36.5175995255,36.522018116,35.30760940647059,34.93323159464706,34.84843844127457,34.42539867133365
3039,36.492560846,36.585351246500004,35.305432865,34.86097464411765,34.862289780153844,34.39562843615385
3040,36.405661899500004,36.563258294,35.27143937423172,34.88540685041177,34.81463770114605,34.38142864042553
3041,36.5087623445,36.569149748,35.30821758004032,34.829264759352945,34.86903584076727,34.4063451487228
3042,36.5175995255,36.631010015,35.27614579256,34.743838676352944,34.83442615594595,34.38317897733012
3043,36.539692478,36.5588397035,35.290662307888994,34.824066417588234,34.86890184512474,34.403443538334116
3044,36.5117080715,36.58682411,35.293232180000004,34.86392037111765,34.79916853775701,34.377137029330164
3045,36.522018116,36.5706226115,35.293106965847926,34.8583754732353,34.82091932770642,34.400294431662765
3046,36.495506573,36.5735683385,35.28227029837838,34.84191405764706,34.8258384070803,34.381193534615385
3047,36.507289481,36.554421113000004,35.299853630912445,34.89978892929412,34.829115089641185,34.39636174650513
3048,36.4645764395,36.6236456975,35.29147744057143,34.80552566529412,34.83453650607943,34.371191551080436
3049,36.519072389,36.563258294,35.28588706891129,34.83376998888235,34.82520755348908,34.37325439218139
3050,36.5028708905,36.554421113000004,35.290663505663595,34.88644651876471,34.83676175149841,34.39674561982833
3051,36.5028708905,36.5794597925,35.290595631769584,34.88644651876471,34.83381097165975,34.39095914139337
3052,36.5117080715,36.6619401485,35.275049795085714,34.83065098382353,34.8244922586439,34.383860398515665
3053,36.454266395000005,36.604498472,35.273796236,34.8348096572353,34.841684466478874,34.37270756604541
3054,36.471940757,36.5500025225,35.27005795676,34.811590397352944,34.81259007846154,34.384839838648
3055,36.524963843,36.5617854305,35.2824561944,34.83810194035294,34.83515859203801,34.402134344352945
3056,36.492560846,36.6059713355,35.27734664765899,34.81488268047059,34.852674778283934,34.39490653007194
3057,36.46899503,36.5617854305,35.29384311942623,34.90602693941177,34.8232585486438,34.408012564706446
3058,36.5175995255,36.548529659,35.286231592432436,34.88921896770589,34.830791221959146,34.41118644199159
3059,36.4616307125,36.5588397035,35.273277002280615,34.808471392294116,34.87906899605948,34.38232356184211
3060,36.489615119,36.492560846,35.267186312,34.884193904,34.833012286198525,34.3872215239485
3061,36.5558939765,36.5882969735,35.27864153072581,34.91122528117647,34.80244427097674,34.423086146284916
3062,36.5175995255,36.613335653,35.2829144186,34.7464378472353,34.87431360148186,34.3874052041691
3063,36.495506573,36.5558939765,35.28099826315668,34.862187590529416,34.843883955578946,34.38564634633523
3064,36.5382196145,36.560312567000004,35.277754980357145,34.862187590529416,34.8509252364486,34.39803708594937
3065,36.52790957,36.631010015,35.29623987028572,34.824932807882355,34.845007489862596,34.38141863926747
3066,36.575041202,36.651630104,35.30073487884778,34.88194128923529,34.80567211026772,34.39340235313305
3067,36.541165341500005,36.6059713355,35.29623911,34.88159473311765,34.824714804265845,34.381297803636365
3068,36.5529482495,36.672250193,35.277437312505945,34.832730320529414,34.81305482696512,34.386982910889415
3069,36.3791503565,36.5205452525,35.259455957984,34.85594958041177,34.79482006391394,34.40076473220693
3070,36.454266395000005,36.5588397035,35.270274187903226,34.81193695347059,34.845052265023746,34.39197116307255
3071,36.4527935315,36.5588397035,35.27537090030792,34.86496003947059,34.80589638697306,34.377758211007304
3072,36.513180935,36.5617854305,35.26723871653226,34.83792866229412,34.794659876421825,34.3729186487566
3073,36.4999251635,36.4999251635,35.28591233308295,34.83792866229412,34.791730030900474,34.391079204200004
3074,36.5470567955,36.539692478,35.30289911011583,34.931325536,34.765710567495994,34.40459916889503
3075,36.5470567955,36.5706226115,35.31211090201613,34.90065531958824,34.794664844107146,34.41196539368759
3076,36.467522166500004,36.473413620500004,35.291245606854055,34.925953916176475,34.77747915471109,34.42263361562385
3077,36.5470567955,36.523490979500004,35.313919743329734,34.97828388994118,34.78786183801887,34.43348672234201
3078,36.5470567955,36.448374941000004,35.308748090857144,34.97707094352941,34.78527867049284,34.437067839824884
3079,36.5470567955,36.530855297,35.29278946685484,34.95107923470589,34.77827654046851,34.40260121673355
3080,36.5205452525,36.5500025225,35.29414993444757,34.87050493735294,34.78797293981309,34.39533270450549
3081,36.466049303,36.504343754000004,35.29480871520161,34.94796022964706,34.77206212091658,34.42760485080353
3082,36.477832211,36.539692478,35.278659984599805,34.85161762894118,34.80827225739131,34.38508418285303
3083,36.5146537985,36.5706226115,35.27363139783784,34.83896833064706,34.8048218085444,34.38361316473029
3084,36.5146537985,36.529382433500004,35.28102753945946,34.843300282117646,34.82268785083248,34.38881622514019
3085,36.466049303,36.5205452525,35.287878248,34.919196071882354,34.796736994701774,34.409983438589684
3086,36.4527935315,36.580932656,35.28794854990323,34.795822094,34.849761424790046,34.40735188406877
3087,36.4969794365,36.5617854305,35.277299439369415,34.88973880188235,34.767734502978726,34.37552625276068
3088,36.4999251635,36.580932656,35.27728915447818,34.909492500588236,34.788250085306785,34.38338683982955
3089,36.477832211,36.577986929,35.27093245693878,34.88298095758824,34.7695738648092,34.37622764600564
3090,36.523490979500004,36.607444199,35.282249937613855,34.84832534582353,34.81323883906299,34.383409218983054
3091,36.471940757,36.592715564,35.270446828108106,34.81176367541177,34.80497585773797,34.36616560228492
3092,36.5058166175,36.5882969735,35.27299953876448,34.85577630235294,34.799621943820924,34.36419965316087
3093,36.4469020775,36.5676768845,35.28245076448848,34.866346263941175,34.813622814262736,34.3807262040774
3094,36.5441110685,36.642792923,35.2870384364,34.86790576647059,34.82509271599387,34.37361612963947
3095,36.483723665,36.616281380000004,35.27940225702041,34.810550729,34.81387419141675,34.3513510693202
3096,36.5617854305,36.6442657865,35.290308298951615,34.823373305352945,34.835525628912386,34.38085195546845
3097,36.463103576,36.539692478,35.2780105350573,34.76723121429412,34.84354346709808,34.36640180368221
3098,36.5205452525,36.603025608500005,35.28896776185997,34.76723121429412,34.83505099012085,34.36751200846839
3099,36.4969794365,36.5706226115,35.28196794691729,34.78941080582353,34.79776829928251,34.371157522264156
3100,36.3968247185,36.5706226115,35.27526124321429,34.72651087047059,34.8423895887463,34.35249709535211
3101,36.5441110685,36.642792923,35.28825261679537,34.739853281,34.83523845274414,34.36299044722325
3102,36.492560846,36.6295371515,35.269991889575294,34.686656916941175,34.85764850206897,34.352368026901814
3103,36.5765140655,36.6295371515,35.2916320180315,34.686656916941175,34.85662689351405,34.34971512866953
3104,36.401243309,36.52790957,35.27650741814487,34.70658389370588,34.84577086381335,34.363970999715406
3105,36.4704678935,36.563258294,35.2847224387443,34.689775922,34.8711082174742,34.36689266660085
3106,36.5529482495,36.654575831,35.2944927921978,34.725817758235294,34.85343290662395,34.35251035671233
3107,36.424809125,36.6236456975,35.27613270044,34.65200130517647,34.86082437358158,34.338952493720704
3108,36.604498472,36.554421113000004,35.29501084842106,34.775895117235294,34.81618378589474,34.354827844587156
3109,36.523490979500004,36.628064288000004,35.28356422247104,34.699306215235296,34.82817029366516,34.36300080952335
3110,36.4763593475,36.554421113000004,35.285978739433304,34.70675717176471,34.86281338923308,34.36330044279245
3111,36.545583932,36.603025608500005,35.29777350272837,34.72616431435294,34.86118480601072,34.369914433603775
3112,36.5588397035,36.6295371515,35.28709073977207,34.683537911882354,34.8202918593473,34.35114062650233
3113,36.504343754000004,36.5882969735,35.28257402348,34.775202005000004,34.84512641927436,34.377196166127064
3114,36.504343754000004,36.541165341500005,35.270161247708025,34.750943076764706,34.80703966045455,34.34951759904629
3115,36.4763593475,36.5706226115,35.26922092200043,34.589967760117645,34.830006396243256,34.33912820631879
3116,36.569149748,36.604498472,35.29084339820473,34.69913293717647,34.83427399396501,34.337468093380885
3117,36.448374941000004,36.5588397035,35.27683344560484,34.723911699588236,34.83479079583927,34.35522930039943
3118,36.6118627895,36.52790957,35.2871434610989,34.88142145505883,34.780285735580335,34.3681790814942
3119,36.4822508015,36.5647311575,35.278264255075186,34.67608695535294,34.83197419809091,34.33238655012987
3120,36.4940337095,36.516126662000005,35.27393322428,34.816442183,34.810759012727274,34.36887067041922
3121,36.577986929,36.539692478,35.2830363653629,34.76237942864706,34.83614756208376,34.35209451881941
3122,36.5058166175,36.5058166175,35.26690275584,34.66014537394118,34.862609977944786,34.35360737686466
3123,36.6089170625,36.560312567000004,35.28286549541474,34.801886826058826,34.80475583186082,34.365842162103746
3124,36.436592033000004,36.5058166175,35.253052190402386,34.64697624147059,34.86793953347692,34.360584795825574
3125,36.592715564,36.5175995255,35.2683167048,34.749730130352944,34.80915413746607,34.34210258042313
3126,36.3850418105,36.551475386,35.267646665,34.74314556411765,34.812205748763255,34.35907775703951
3127,36.5087623445,36.5470567955,35.26029672548387,34.73794722235294,34.82226471358088,34.35847163488846
3128,36.430700579,36.566204021000004,35.26553621302419,34.74418523247059,34.84383377721992,34.35742219371957
3129,36.498452300000004,36.6295371515,35.26680862672676,34.79027719611765,34.802593949518936,34.37916298592701
3130,36.491087982500005,36.5028708905,35.26836907328,34.847978789705884,34.823474297754494,34.36071199177579
3131,36.4822508015,36.583878383,35.2619935728341,34.75735436494118,34.82402823767697,34.348329233760936
3132,36.448374941000004,36.4498478045,35.24716203225286,34.800673879647064,34.81494832144603,34.34999652051485
3133,36.625118561,36.5146537985,35.26696477114527,34.793222923117646,34.798936492484664,34.377669601853796
3134,36.418917671,36.330545861000004,35.26090546947077,34.75735436494118,34.87801674906585,34.363412995278196
3135,36.535273887500004,36.5058166175,35.259790795632654,34.796341928176474,34.82052088192308,34.33174741196919
3136,36.398297582,36.41008049,35.25402992885,34.75510175017647,34.87031758594924,34.35323144496719
3137,36.513180935,36.541165341500005,35.27053316533189,34.83914160870589,34.82654267375,34.38031401432706
3138,36.4763593475,36.583878383,35.27186663085715,34.846419287176474,34.829605947282886,34.36472644628543
3139,36.367367448500005,36.492560846,35.25393395516387,34.806911889764706,34.83640176864865,34.359808245171735
3140,36.4940337095,36.523490979500004,35.26995278505218,34.82112069058824,34.81823360476336,34.35341418703667
3141,36.3909332645,36.5588397035,35.24594538948293,34.746957681411764,34.82953396241415,34.33865800814159
3142,36.4999251635,36.613335653,35.249914015991465,34.81886807582353,34.80652253605422,34.356432823842795
3143,36.466049303,36.610389926,35.239000829696,34.81263006570588,34.80359533920393,34.33305277045651
3144,36.41008049,36.477832211,35.22859906516129,34.81263006570588,34.81554438174303,34.3438470977907
3145,36.448374941000004,36.504343754000004,35.25054517828572,34.71663402111765,34.82224346168368,34.33572678031792
3146,36.360003131,36.575041202,35.2516467965797,34.7670579362353,34.844734175451805,34.34375898719603
3147,36.5500025225,36.522018116,35.26175331028571,34.86201431247059,34.81378983125,34.36598949635827
3148,36.362948858,36.3231815435,35.244617855967746,34.72703070464706,34.84537786054795,34.316042416223354
3149,36.513180935,36.5647311575,35.27036052540541,34.746611125294116,34.85833241208748,34.35476188522034
3150,36.477832211,36.5617854305,35.24704017510312,34.770870053529414,34.8259551916409,34.37459320632145
3151,36.495506573,36.221553962,35.257160661875005,34.81522923658824,34.831599018917295,34.34380329169388
3152,36.5558939765,36.360003131,35.25700511312,34.77936067841176,34.81865756446281,34.35334904631266
3153,36.6148085165,36.5470567955,35.26983255999135,34.82718542264706,34.814061470569435,34.351612127259614
3154,36.5617854305,36.523490979500004,35.259267431456,34.81418956823529,34.843065775675676,34.36170191378585
3155,36.6148085165,36.6324828785,35.27232469396435,34.852657297294115,34.80575528963303,34.36004036605163
3156,36.3438016325,36.554421113000004,35.25211640375,34.79183669864706,34.8319655070284,34.36518808117647
3157,36.5971341545,36.610389926,35.279276258461536,34.89684320229412,34.789376295138524,34.36127457846834
3158,36.5382196145,36.4999251635,35.25694375511982,34.79928765517647,34.836356383502306,34.350924115666345
3159,36.628064288000004,36.676668783500006,35.28026376054054,34.80985761676471,34.81157086806353,34.382833154164665
3160,36.625118561,36.6619401485,35.27107865473684,34.81072400705882,34.82204171810811,34.35150135664789
3161,36.535273887500004,36.6324828785,35.25658346713817,34.82371986147059,34.79754319292135,34.36309436724793
3162,36.535273887500004,36.663413012,35.25555242,34.801713548,34.80491638334165,34.351957811495836
3163,36.542638205,36.607444199,35.259940387540325,34.823373305352945,34.82921701947959,34.350020968161765
3164,36.560312567000004,36.607444199,35.26577884769231,34.809684338705885,34.78833516098295,34.341813118410045
3165,36.477832211,36.5175995255,35.24539726546743,34.74366539829412,34.81124979184008,34.321852287265955
3166,36.622172834,36.636901469,35.26605459747253,34.76861743876471,34.765985671019806,34.33729919029126
3167,36.595661291,36.6678316025,35.2563299843373,34.67470073088236,34.81972481562407,34.323744597027925
3168,36.2996157275,36.666358739,35.24871413719268,34.71663402111765,34.79869183107739,34.323514477724665
3169,36.4557392585,36.598607018,35.263744798684215,34.73812050041177,34.832417958185545,34.32132712905116
3170,36.4498478045,36.6118627895,35.25925396527543,34.72772381688235,34.812984155652174,34.33848085093023
3171,36.529382433500004,36.651630104,35.26023598548262,34.76827088264706,34.809588828334185,34.34177869254144
3172,36.5558939765,36.6089170625,35.249625848687884,34.704677835058824,34.80058351886114,34.311068884714615
3173,36.477832211,36.55736684,35.24524838936,34.71472796247059,34.82019454923935,34.32384569012552
3174,36.541165341500005,36.55736684,35.262083546468,34.78230640541177,34.8030395792703,34.32656500016194
3175,36.4616307125,36.575041202,35.243988465341175,34.69081559035294,34.80314595644965,34.32639126307693
3176,36.4351191695,36.548529659,35.24273348915058,34.65321425158824,34.849111493842294,34.316344116860904
3177,36.457212122,36.591242700500004,35.259946871428575,34.704677835058824,34.80903231302062,34.33794608868085
3178,36.4233362615,36.554421113000004,35.25245729072581,34.719233192000004,34.797213605228826,34.33491877186876
3179,36.583878383,36.5765140655,35.26624211171317,34.72252547511765,34.77629329374553,34.34091963886512
3180,36.5529482495,36.613335653,35.25275905438971,34.65875914947059,34.786647661580545,34.33726785587744
3181,36.5706226115,36.577986929,35.26333497531834,34.68180513129412,34.805250215662774,34.34189574020824
3182,36.533801024,36.551475386,35.270461734189304,34.68180513129412,34.82244039892802,34.32950425345656
3183,36.592715564,36.6206999705,35.25622407464686,34.77416233664706,34.75688474457232,34.347817532746255
3184,36.367367448500005,36.523490979500004,35.23779275884793,34.70017260552941,34.784347639089006,34.35496001715481
3185,36.513180935,36.6324828785,35.270043049777684,34.75388880376471,34.799261543567404,34.358219166735985
3186,36.4851965285,36.642792923,35.25776775488189,34.73534805147059,34.74364064428572,34.33696742094009
3187,36.5941884275,36.6236456975,35.26213015857143,34.71715385529412,34.77216086983806,34.34570269550205
3188,36.541165341500005,36.535273887500004,35.25112039221029,34.714901240529414,34.76842559519958,34.33625877614213
3189,36.4999251635,36.52790957,35.24660470995601,34.720446138411766,34.79331343625,34.35940737872322
3190,36.548529659,36.563258294,35.26087267939294,34.74262572994118,34.78482368770757,34.33571417038638
3191,36.628064288000004,36.610389926,35.26867236400461,34.83966144288235,34.7493630846789,34.36329728373002
3192,36.5676768845,36.6118627895,35.253285146554255,34.775895117235294,34.74429563972931,34.32986675601637
3193,36.486669392,36.55736684,35.241813017072005,34.775895117235294,34.722178919,34.33371302120603
3194,36.5882969735,36.548529659,35.2699063551873,34.86097464411765,34.7406737089443,34.34647050992488
3195,36.492560846,36.5058166175,35.28000484248463,34.91469084235294,34.78169392202775,34.37244909354927
3196,36.566204021000004,36.5617854305,35.26811317069719,34.94258860982353,34.73038566083467,34.382396291521445
3197,36.4999251635,36.4822508015,35.265892792297144,34.82614575429412,34.71843637127796,34.37436369961174
3198,36.52790957,36.5588397035,35.27074930516129,34.83255704247059,34.7484745448377,34.345782862440586
3199,36.5117080715,36.5441110685,35.28199907037815,34.941548941470586,34.701810332838846,34.363593983772454
3200,36.572095475,36.610389926,35.27811437133091,34.84226061376471,34.70440560493024,34.348777936616344
3201,36.572095475,36.6089170625,35.272770438894014,34.864440205294116,34.72654587064364,34.358291459183675
3202,36.541165341500005,36.6589944215,35.28466223942857,34.83567604752941,34.75928424157384,34.330433042310034
3203,36.498452300000004,36.589769837,35.27139301241415,34.869985103176475,34.702448585728156,34.3508332090625
3204,36.5323281605,36.6148085165,35.25897884882353,34.74158606158824,34.71429752422535,34.319736987717626
3205,36.454266395000005,36.64573865,35.26533394411721,34.74765079364706,34.73553360835537,34.33160586790782
3206,36.5146537985,36.6501572405,35.265039192926714,34.822160358941176,34.715825269341,34.336109178854024
3207,36.442483487000004,36.535273887500004,35.27185845104035,34.78715819105882,34.761883817160154,34.332414366415094
3208,36.4940337095,36.577986929,35.27773940648649,34.86773248841177,34.738098548743935,34.32942891398839
3209,36.442483487000004,36.554421113000004,35.272531514574624,34.81384301211765,34.749201938713824,34.344656254347825
3210,36.529382433500004,36.5617854305,35.282870420491804,35.03459925905882,34.66672508191314,34.36928402627718
3211,36.460157849,36.633955742,35.27745880648712,34.96216903047059,34.736065016122126,34.36562287893733
3212,36.483723665,36.6059713355,35.273540368697894,34.934097984941175,34.711041865582885,34.38110988787033
3213,36.454266395000005,36.513180935,35.26161028496205,34.882807679529414,34.75374296293305,34.355674320656476
3214,36.4851965285,36.5175995255,35.277198445454545,34.870331659294116,34.760301653004774,34.34741400174032
3215,36.513180935,36.583878383,35.280246500000004,34.89476386558824,34.709889401390484,34.34362217524113
3216,36.4822508015,36.595661291,35.27300293563886,34.87102477152941,34.72387029686622,34.33978059315251
3217,36.495506573,36.5647311575,35.274339080000004,34.893377641117645,34.717764994382264,34.35833661247162
3218,36.5264367065,36.5588397035,35.272827875291426,34.89285780694118,34.753941134836325,34.337555744599214
3219,36.418917671,36.575041202,35.263179986428575,34.90758644194118,34.75248085275437,34.36982405225892
3220,36.466049303,36.601552745,35.27459549248848,34.834116545,34.744203280460695,34.37121026926641
3221,36.3320187245,36.575041202,35.260650397881776,34.73205576835294,34.81637490224429,34.34612877540107
3222,36.471940757,36.636901469,35.27339104262655,34.658585871411766,34.76780502172499,34.36778648164063
3223,36.41008049,36.6118627895,35.27516136832512,34.674874008941174,34.78168840878818,34.3647023523822
3224,36.463103576,36.548529659,35.26494608722351,34.69999932747059,34.77780208357255,34.354070896704805
3225,36.4999251635,36.533801024,35.266366430372415,34.80275321635294,34.70347163974026,34.35310804840817
3226,36.429227715500005,36.5824055195,35.262043322057934,34.68180513129412,34.72176702279657,34.34956457635963
3227,36.5146537985,36.601552745,35.26756966362205,34.740026559058826,34.73803670059583,34.355154631484375
3228,36.5146537985,36.577986929,35.2621141820288,34.76983038517647,34.74588265716116,34.355044322864494
3229,36.501398027,36.585351246500004,35.27289229942981,34.67643351147059,34.75439398174964,34.34935804831551
3230,36.4616307125,36.5735683385,35.27239965236779,34.731016100000005,34.73794722235294,34.341200375597374
3231,36.4763593475,36.6059713355,35.26525314872,34.700345883588234,34.79301321006357,34.341168365724506
3232,36.492560846,36.5647311575,35.26077564368,34.75614141852941,34.77703647875961,34.3505409809345
3233,36.492560846,36.6059713355,35.256982669485716,34.80015404547059,34.74157512142566,34.34269753847895
3234,36.563258294,36.583878383,35.26295856895466,34.76047337,34.77565606696532,34.323841685251246
3235,36.551475386,36.633955742,35.27609651975369,34.63553988958824,34.79599909047211,34.31861432
3236,36.5588397035,36.619227107,35.275042328957376,34.802579938294116,34.81083579935484,34.350801642826696
3237,36.575041202,36.6324828785,35.28561258551273,34.83896833064706,34.7656666623798,34.37306192307906
3238,36.5441110685,36.619227107,35.276297661152,34.5873685892353,34.80577799570392,34.3238277439942
3239,36.522018116,36.604498472,35.28633933161291,34.84676584329412,34.800258868,34.36303378816915
3240,36.498452300000004,36.58682411,35.275224603205,34.831170818000004,34.786223136991154,34.342433284414064
3241,36.545583932,36.55736684,35.28243478117647,34.816615461058824,34.77257041539757,34.35366580738696
3242,36.566204021000004,36.5647311575,35.28427599908,34.87639639135294,34.74151110875349,34.35707355739251
3243,36.529382433500004,36.607444199,35.27685062955102,34.79686176235294,34.76209035618139,34.348127645699336
3244,36.4999251635,36.5087623445,35.27609534,34.851964185058826,34.77627639296399,34.341989650189376
3245,36.524963843,36.5382196145,35.27344591662598,34.748170627823534,34.792856482632594,34.33852297173635
3246,36.5087623445,36.601552745,35.29108432380645,34.8024066602353,34.780323207985006,34.326651966673055
3247,36.4498478045,36.610389926,35.28390639846154,34.82354658341177,34.782904391026975,34.34329434533072
3248,36.542638205,36.572095475,35.29035752281168,34.79911437711765,34.78940362669492,34.33066822923814
3249,36.5058166175,36.541165341500005,35.29482587221371,34.783346073764704,34.819494062324324,34.349756788512586
3250,36.457212122,36.5765140655,35.29268503237189,34.82181380282353,34.81060343584493,34.3331282922426
3251,36.424809125,36.501398027,35.27902396057143,34.73794722235294,34.82797961375,34.300538600865245
3252,36.492560846,36.577986929,35.29075306094903,34.710569289058824,34.845235289564386,34.30709971351044
3253,36.491087982500005,36.598607018,35.28466137842268,34.56518899770588,34.8585700368906,34.32491426348633
3254,36.554421113000004,36.636901469,35.28485099083676,34.65252113935294,34.82545305403709,34.33905812031853
3255,36.554421113000004,36.610389926,35.3011050347373,34.814709402411765,34.817108980802296,34.342957282211444
3256,36.501398027,36.6678316025,35.29464865076923,34.582170247470586,34.827429365793236,34.36513013972935
3257,36.4851965285,36.642792923,35.30724259881846,34.71386157217647,34.81335584850597,34.364869537355375
3258,36.522018116,36.6148085165,35.304108067142856,34.788544415529415,34.80937299769231,34.3630389939787
3259,36.513180935,36.6678316025,35.303880273846154,34.79097030835294,34.813001471453404,34.3634922681253
3260,36.513180935,36.657521558,35.30090697186813,34.807605002,34.79446252769231,34.376388399121815
3261,36.513180935,36.657521558,35.299711214812035,34.70658389370588,34.790219153907934,34.346466289182565
3262,36.522018116,36.654575831,35.29184989837838,34.75822075523529,34.820870313721976,34.37647171258002
3263,36.498452300000004,36.6206999705,35.31842307747253,34.72339186541177,34.83492925767667,34.3498441680294
3264,36.5175995255,36.603025608500005,35.29048593288143,34.743838676352944,34.81007038451867,34.35947892481446
3265,36.5323281605,36.607444199,35.32017330179087,34.808471392294116,34.81009010373552,34.35633752635389
3266,36.522018116,36.6619401485,35.28056521977444,34.731362656117646,34.799372989781446,34.326684427629736
3267,36.460157849,36.647211513500004,35.282455666491934,34.67348778447059,34.85136648699002,34.33814060153846
3268,36.4940337095,36.6442657865,35.3017008971169,34.62583631829412,34.81997459949051,34.322204679778395
3269,36.371786039,36.5794597925,35.28235428816865,34.80500583111765,34.81753534045127,34.35712794301357
3270,36.46899503,36.6560486945,35.29329388010989,34.64108478747059,34.849118058832794,34.33083566178605
3271,36.436592033000004,36.495506573,35.257974678121144,34.85716252682353,34.798632231138086,34.39819635150345
3272,36.5058166175,36.4527935315,35.28150037120301,34.76844416070588,34.82414097547809,34.35189952587797
3273,36.5058166175,36.5264367065,35.288102590769235,34.78871769358824,34.846182206886745,34.34937426527817
3274,36.5058166175,36.563258294,35.2864305374227,34.765498433705886,34.84452038877978,34.33780994946479
3275,36.454266395000005,36.628064288000004,35.28066257396,34.71160895741177,34.830633070559756,34.33359652225283
3276,36.473413620500004,36.660467285,35.292065810480004,34.76428548729412,34.83074278097881,34.350396051764704
3277,36.377677493,36.563258294,35.271967659411764,34.82025430029412,34.81337560566154,34.37634999414349
3278,36.541165341500005,36.625118561,35.30140049204,34.876569669411765,34.78140508281437,34.370720469543336
3279,36.454266395000005,36.6442657865,35.273029868,34.68735002917647,34.79616934253747,34.36999424917414
3280,36.483723665,36.6501572405,35.29625195266409,34.74609129111765,34.80623786026549,34.34563908035322
3281,36.442483487000004,36.647211513500004,35.28322049113514,34.73188249029412,34.821285464202454,34.35509847774209
3282,36.4086076265,36.633955742,35.29171692317406,34.82943803741176,34.79435365351351,34.34970492111868
3283,36.3025614545,36.585351246500004,35.26725579591082,34.78819785941177,34.832975434746025,34.36251878611465
3284,36.535273887500004,36.6236456975,35.31258677342857,34.83047770576471,34.82223957678662,34.379755681157256
3285,36.486669392,36.648684377,35.29240479023568,34.8289182032353,34.83270502002007,34.38506835156042
3286,36.3467473595,36.64573865,35.288109755,34.793222923117646,34.80793724915408,34.36768633541766
3287,36.3467473595,36.64573865,35.2836434596371,34.75614141852941,34.823060699389316,34.37322142900943
3288,36.305507181500005,36.603025608500005,35.281883015000005,34.82112069058824,34.83910673960986,34.39551445823282
3289,36.486669392,36.610389926,35.30350383463315,34.76983038517647,34.85399159994921,34.38085736508475
3290,36.4380648965,36.6324828785,35.27125081782258,34.75804747717647,34.79715128147074,34.365590475362865
3291,36.236282597,36.495506573,35.26751586826613,34.76255270670588,34.84016620940154,34.382357920655735
3292,36.4645764395,36.6383743325,35.29113626996,34.760646648058824,34.80913020075127,34.366223414969724
3293,36.4321734425,36.603025608500005,35.258075128549194,34.820600856411765,34.783070315628194,34.392924833610984
3294,36.3909332645,36.613335653,35.276622062655136,34.792876367,34.82409320582435,34.36138633287989
3295,36.306980045,36.6265914245,35.28175248216216,34.72131252870588,34.83532430826199,34.37849794290276
3296,36.3349644515,36.6265914245,35.2859079572973,34.694974263764706,34.83010900327509,34.34614526733174
3297,36.3879875375,36.631010015,35.29573352,34.698613103,34.81740420523545,34.36385227035714
3298,36.2642670035,36.6059713355,35.277838295,34.691855258705885,34.83804772945793,34.36738147215806
3299,36.3791503565,36.625118561,35.297840911954886,34.724258255705884,34.827559176406716,34.342003198855
3300,36.349693086500004,36.633955742,35.29377323066696,34.662397988705884,34.858565187356206,34.365672202455464
3301,36.4410106235,36.598607018,35.278877662576285,34.660318652,34.844514555313935,34.355168179040234
3302,36.3438016325,36.524963843,35.27524632853189,34.720792694529415,34.86186397346232,34.3454372
3303,36.491087982500005,36.585351246500004,35.28525992225231,34.71420812829412,34.882891860408165,34.350410352457466
3304,36.498452300000004,36.622172834,35.283909419720004,34.788890971647064,34.84626935364515,34.34833874423867
3305,36.491087982500005,36.6059713355,35.285438347056456,34.79097030835294,34.81122981098505,34.36755069784978
3306,36.2053524635,36.55736684,35.27111841848,34.72997643164706,34.82427967599586,34.35204449301619
3307,36.3938789915,36.6118627895,35.29017910039898,34.77710806364706,34.8235875207943,34.362835477836285
3308,36.277522775,36.663413012,35.26852304143779,34.74886374005882,34.812489108943005,34.35407459121076
3309,36.327600134,36.622172834,35.270372167640005,34.86028153188235,34.76271334990625,34.36644873246753
3310,36.522018116,36.6206999705,35.282054659404466,34.846419287176474,34.77940598664671,34.39850621108467
3311,36.489615119,36.6206999705,35.28845592377081,34.84832534582353,34.80183196918593,34.365447993406896
3312,36.312871499,36.6265914245,35.264493380000005,34.781786571235294,34.76816448383901,34.366804529341486
3313,36.395351855,36.6295371515,35.280910414362936,34.795128981764705,34.778534544636365,34.339825724364644
3314,36.2082981905,36.604498472,35.257792095,34.75943370164706,34.78002572761954,34.35086060113616
3315,36.327600134,36.560312567000004,35.27580807771653,34.76359237505882,34.79302045954614,34.39676030597028
3316,36.349693086500004,36.628064288000004,35.28725893526316,34.78092018094118,34.80599564314411,34.36320197694869
3317,36.239228324,36.5706226115,35.264533435961084,34.65165474905883,34.796272135625,34.35948081603239
3318,36.4999251635,36.6059713355,35.28365268274131,34.74435851052941,34.771251114509425,34.35732651887825
3319,36.339383042,36.633955742,35.279002532518795,34.65044180264706,34.796819724978164,34.33960931970909
3320,36.3644217215,36.58682411,35.28648374394737,34.66586354988235,34.81991708251497,34.3424440128245
3321,36.386514674,36.591242700500004,35.280577524398495,34.690295756176475,34.803317656762374,34.359098090705245
3322,36.554421113000004,36.6177542435,35.29827729980709,34.80084715770588,34.801017773787805,34.36551665171163
3323,36.417444807500004,36.625118561,35.275921457314595,34.66465060347059,34.826311315863435,34.36258840378716
3324,36.4999251635,36.610389926,35.27345314706767,34.801886826058826,34.78273063790061,34.376192929387756
3325,36.4469020775,36.6354286055,35.28461344109023,34.817481851352944,34.77856703094379,34.36080543769945
3326,36.4469020775,36.6295371515,35.28000089399194,34.78594524464706,34.792947064448,34.36901958421343
3327,36.486669392,36.6089170625,35.294867524160004,34.85924186352941,34.80830512808511,34.374055379351006
3328,36.451320668,36.610389926,35.29017203,34.83134409605883,34.799098624566845,34.37162327781295
3329,36.510235208000005,36.616281380000004,35.29300348934487,34.87830245,34.77698338905816,34.38289468241636
3330,36.4027161725,36.524963843,35.2700705662212,34.797035040411764,34.80391036135593,34.40054535627972
3331,36.5382196145,36.6206999705,35.297768473442275,34.875356723,34.79252586277468,34.40417348894271
3332,36.4616307125,36.55736684,35.285026908235295,34.84433995047059,34.81654216851175,34.36741477587983
3333,36.5382196145,36.6000798815,35.295780434149194,34.862880702764706,34.781523076267646,34.38395489351199
3334,36.569149748,36.642792923,35.28574760130776,34.88627324070588,34.78547865964735,34.369774062409306
3335,36.5175995255,36.628064288000004,35.287577555,34.80639205558823,34.79399267416752,34.39031630163134
3336,36.486669392,36.5882969735,35.27473190570683,34.766538102058824,34.80317191931642,34.38024330519041
3337,36.516126662000005,36.622172834,35.277195083011584,34.790797030294115,34.77820815716923,34.36707322209655
3338,36.4881422555,36.601552745,35.28526443520251,34.81852151970588,34.828475950973996,34.33911956853922
3339,36.433646306,36.591242700500004,35.262443403739496,34.77797445394118,34.79542526031088,34.360419357183886
3340,36.467522166500004,36.6148085165,35.28021425731027,34.77780117588235,34.78688438663909,34.35163630653847
3341,36.477832211,36.6884516915,35.27666900937663,34.78681163494118,34.7936949564503,34.341619304426985
3342,36.424809125,36.6177542435,35.265852957862904,34.705544225352945,34.768911491809725,34.33698757552364
3343,36.4645764395,36.613335653,35.28150277210526,34.75302241347059,34.76653453666667,34.34135963032686
3344,36.3938789915,36.572095475,35.257628000000004,34.719233192000004,34.80098658195373,34.37577267436423
3345,36.4616307125,36.58682411,35.28988800291563,34.67955251652941,34.78011661399691,34.35104309719945
3346,36.4203905345,36.619227107,35.2760783230558,34.68197840935294,34.81266853272913,34.319665377521126
3347,36.445429214,36.6118627895,35.284937051891895,34.74141278352941,34.77803179453133,34.37521474914048
3348,36.4999251635,36.6383743325,35.284937051891895,34.81453612435294,34.78251022053834,34.35960548624245
3349,36.5882969735,36.6678316025,35.34572359380165,34.78092018094118,34.88907733701957,34.42158644194579
3350,36.616281380000004,36.740001914000004,35.328974732,34.88644651876471,34.8624637661305,34.43740426155639
3351,36.631010015,36.6884516915,35.34379779418254,34.84884518,34.88565170754601,34.4154521410571
3352,36.616281380000004,36.713490371,35.34091375276532,34.78663835688236,34.87831762633694,34.40606296769231
3353,36.5941884275,36.713490371,35.33708966157895,34.78542541047059,34.89864164341488,34.416659279043195
3354,36.560312567000004,36.664885875500005,35.335483978945504,34.80517910917647,34.89898393951195,34.4314978216422
3355,36.604498472,36.695816009,35.34417628812583,34.883327513705886,34.865938943481744,34.410216214901595
3356,36.560312567000004,36.6884516915,35.321265815000004,34.766191545941176,34.89568682581617,34.433354145698374
3357,36.604498472,36.6589944215,35.34511497252066,34.83619588170588,34.8933304475,34.445373196536835
3358,36.6148085165,36.70465319,35.33743976469064,34.846939121352946,34.89009419076462,34.43527897144471
3359,36.58682411,36.719381825,35.323538684834354,34.766191545941176,34.88426939823559,34.41368647928604
3360,36.631010015,36.6884516915,35.34515188889344,34.883327513705886,34.88202727356171,34.40680506876596
3361,36.616281380000004,36.70465319,35.339043395789474,34.846939121352946,34.883123799580844,34.403996518798884
3362,36.58682411,36.698761736,35.33787115526316,34.73777394429412,34.902168226337125,34.40485033923729
3363,36.5941884275,36.695816009,35.33786805573771,34.82770525682353,34.89244545338966,34.425719134178756
3364,36.58682411,36.719381825,35.32729298,34.78629180076471,34.88176111453731,34.415072439411766
3365,36.616281380000004,36.713490371,35.33536651530793,34.846939121352946,34.8758314537875,34.41018402588235
3366,36.604498472,36.67519592,35.34115449979508,34.862187590529416,34.88526237928463,34.403235490472106
3367,36.560312567000004,36.695816009,35.32522941741936,34.80517910917647,34.88844053581726,34.410848486731304
3368,36.622172834,36.686978828,35.344647295115266,34.91469084235294,34.85841952697906,34.41702464100559
3369,36.604498472,36.695816009,35.34566416086841,34.846939121352946,34.87092704722529,34.395663001008245
3370,36.58682411,36.740001914000004,35.326936324316414,34.82770525682353,34.88946346560938,34.44736684882824
3371,36.601552745,36.695816009,35.33057080852459,34.83619588170588,34.864569701352316,34.4250459142243
3372,36.622172834,36.686978828,35.34204554735761,34.883327513705886,34.86054388140889,34.416720935965664
3373,36.5941884275,36.6884516915,35.32338087377049,34.80517910917647,34.87946265961126,34.42914689389503
3374,36.622172834,36.686978828,35.354448700756755,34.862187590529416,34.87915606687341,34.416972590852275
3375,36.58682411,36.70465319,35.33642368804608,34.78629180076471,34.89238689022863,34.42613611884616
3376,36.58682411,36.719381825,35.32880160311919,34.82770525682353,34.874873719180165,34.41383085783632
3377,36.604498472,36.664885875500005,35.34400592929752,34.91780984741177,34.85146565927786,34.42521894986392
3378,36.5941884275,36.70465319,35.34596704231405,34.846939121352946,34.88172432763223,34.40351643725322
3379,36.563258294,36.692870282,35.321382968283515,34.79824798682353,34.8989669623401,34.44129820940378
3380,36.5765140655,36.6913974185,35.347783036622744,34.79980748935294,34.89551378148914,34.43579110011072
3381,36.560312567000004,36.7385290505,35.33051279,34.88142145505883,34.850872603441296,34.444173031349095
3382,36.6295371515,36.6825602375,35.34379981027027,34.784039186,34.898348544718104,34.421359000869565
3383,36.601552745,36.67519592,35.346064044795085,34.85369696564706,34.92007518881356,34.45972460469565
3384,36.639847196000005,36.695816009,35.34320685057377,34.89736303647059,34.87479598440984,34.49052574649676
3385,36.6177542435,36.651630104,35.35345472899263,34.822333637,34.92229707402598,34.46614247279575
3386,36.6324828785,36.664885875500005,35.35024524273372,34.822333637,34.872974913511335,34.451579437468354
3387,36.6148085165,36.6943431455,35.35687506903797,34.747824071705885,34.87629434292158,34.44426689198477
3388,36.5617854305,36.710544644,35.33463563045193,34.71178223547059,34.90713233392495,34.42115216287953
3389,36.569149748,36.734110460000004,35.34511599722641,34.867212654235296,34.85687762361886,34.42994075299858
3390,36.430700579,36.6089170625,35.32673395540323,34.85490991205882,34.879724311930744,34.45841968304369
3391,36.622172834,36.6972888725,35.32809532472,34.86790576647059,34.88264043602985,34.469410830867496
3392,36.55736684,36.622172834,35.33653743783784,34.83290359858824,34.92107873395758,34.429104167766425
3393,36.592715564,36.725273279,35.33590288494482,34.810377450941175,34.837919851545365,34.432564484675574
3394,36.554421113000004,36.524963843,35.32669950331077,34.75388880376471,34.87436383179461,34.40123428391469
3395,36.5175995255,36.653102967500004,35.338377875768,34.77537528305882,34.85491606914721,34.41107549218824
3396,36.541165341500005,36.664885875500005,35.333068316147695,34.84555289688235,34.834266434697376,34.4334600323805
3397,36.519072389,36.6236456975,35.32744779554162,34.888352577411766,34.82017469605769,34.4432465282749
3398,36.545583932,36.6236456975,35.33373650382926,34.82475952982353,34.85068723503974,34.42652038037736
3399,36.589769837,36.6619401485,35.348640788636004,34.87102477152941,34.78106282472906,34.428848523756905
3400,36.577986929,36.6295371515,35.343557814707935,34.888699133529414,34.83062861909091,34.43799378263158
3401,36.603025608500005,36.716436098,35.347795347009594,34.93080570182353,34.74942046764398,34.445474290938776
3402,36.601552745,36.653102967500004,35.345758442278225,34.93080570182353,34.75141220514977,34.45631056997202
3403,36.6206999705,36.740001914000004,35.354712787027026,34.94345500011765,34.79512000362694,34.46169626611311
3404,36.5735683385,36.631010015,35.34047276278226,34.91590378876471,34.75104839485092,34.4303041745701
3405,36.595661291,36.672250193,35.3397529729773,34.95523790811765,34.76345295593104,34.438018369578614
3406,36.58682411,36.678141647000004,35.35313344756757,34.939642882823534,34.75631785068259,34.453394057001404
3407,36.601552745,36.628064288000004,35.34983165,35.02784141476471,34.73466627705848,34.485631109906045
3408,36.601552745,36.647211513500004,35.34114838684211,34.88939224576471,34.75533373339356,34.43254890860759
3409,36.628064288000004,36.70465319,35.35330247913263,34.88939224576471,34.78820350364821,34.44487145225
3410,36.5617854305,36.6707773295,35.34814946648649,34.89996220735294,34.78963124369283,34.4489484691032
3411,36.467522166500004,36.660467285,35.326110102142856,34.85456335594118,34.78534116478453,34.43321409080608
3412,36.598607018,36.70465319,35.34500705230769,34.932538482411765,34.76887360955665,34.451198814336365
3413,36.513180935,36.710544644,35.34378686486487,34.87553000105883,34.78868932878444,34.434464926641795
3414,36.523490979500004,36.760622003,35.354030182166596,34.95142579082353,34.76115766498894,34.47130314120482
3415,36.383568947,36.698761736,35.3464674642562,34.90134843182353,34.76638373717496,34.46843778754307
3416,36.407134763,36.7355833235,35.309541231878555,34.81072400705882,34.80333361652126,34.418997431592715
3417,36.4262819885,36.6796145105,35.318022915995314,34.922488355,34.75958464270982,34.44839824281806
3418,36.479305074500004,36.678141647000004,35.31016680779434,34.942761887882355,34.73795302407366,34.47708628773272
3419,36.501398027,36.6619401485,35.32749359637336,34.942761887882355,34.76806782242188,34.490722395224154
3420,36.5028708905,36.575041202,35.30789778118802,34.821467246705886,34.7641897159148,34.48181655102718
3421,36.513180935,36.631010015,35.32653063945946,34.878129171941175,34.77153932857143,34.4438626509785
3422,36.451320668,36.633955742,35.29908638,34.823373305352945,34.78244285368307,34.44485211161818
3423,36.3791503565,36.4851965285,35.29162169780868,34.741066227411764,34.799765440544,34.46006958488123
3424,36.491087982500005,36.6059713355,35.31658799511476,34.764632043411765,34.796324466046514,34.43974325811475
3425,36.473413620500004,36.5735683385,35.30631311753882,34.70641061564706,34.81937282691244,34.41558068946487
3426,36.5500025225,36.6737230565,35.352520837576286,34.87449033270588,34.83496144344186,34.4494459706156
3427,36.516126662000005,36.589769837,35.344058613979946,34.78247968347059,34.84252220546287,34.452835378114756
3428,36.492560846,36.613335653,35.320575687069095,34.773295946352945,34.8230075951054,34.44101149168233
3429,36.533801024,36.633955742,35.32824318866353,34.803792884705885,34.82576886166172,34.45548620607276
3430,36.4763593475,36.474886484,35.316703380973514,34.719579748117646,34.83366492513353,34.43366415266698
3431,36.5264367065,36.686978828,35.361063871052636,34.80777828005883,34.872226329595556,34.471071287275294
3432,36.504343754000004,36.6619401485,35.355932828297966,34.84849862388236,34.84411151429887,34.46648197454796
3433,36.5087623445,36.598607018,35.35942466229839,34.76393893117647,34.86916966683974,34.47332596160994
3434,36.52790957,36.6501572405,35.36506107319549,34.80050060158824,34.836388631128635,34.45584434024161
3435,36.4704678935,36.622172834,35.34943406495567,34.83099753994118,34.791523737255105,34.48314362118078
3436,36.4851965285,36.6855059645,35.33783845964286,34.82579919817647,34.83925102931275,34.438500131759305
3437,36.4645764395,36.6619401485,35.35096265842595,34.89736303647059,34.842522644,34.429236060537534
3438,36.4851965285,36.6354286055,35.35836430616,34.88575340652941,34.84584600230847,34.453041285706576
3439,36.5058166175,36.6413200595,35.34974669871543,34.87431705464706,34.82378517596605,34.45176328261374
3440,36.530855297,36.58682411,35.36194741268632,34.82631903235294,34.83608370120447,34.44876749658936
3441,36.548529659,36.676668783500006,35.37490962712159,34.79807470876471,34.86925516620087,34.434409943063834
3442,36.52790957,36.6913974185,35.35015987576613,34.85906858547059,34.81928516914798,34.446712149261685
3443,36.5146537985,36.6206999705,35.35091978324324,34.73812050041177,34.868522813902565,34.43512655411079
3444,36.473413620500004,36.6177542435,35.36181772662598,34.806218777529416,34.90493728868381,34.436072149869126
3445,36.4969794365,36.631010015,35.355273395,34.86617298588236,34.872779211875,34.443539468926666
3446,36.474886484,36.551475386,35.35464806,34.86617298588236,34.85572549281092,34.449027904500475
3447,36.5146537985,36.684033101000004,35.355306979395166,34.79616865011765,34.86395665838156,34.41755498898679
3448,36.545583932,36.678141647000004,35.35175160512295,34.76012681388235,34.8697662077112,34.4173033592
3449,36.498452300000004,36.657521558,35.35712339128932,34.648362465941176,34.900545694693875,34.412009311138405
3450,36.466049303,36.583878383,35.341622413678884,34.78559868852941,34.87907529462159,34.414840448227295
3451,36.5087623445,36.591242700500004,35.3606566229274,34.842607169882356,34.874670731780824,34.44256187431391
3452,36.513180935,36.64573865,35.35282351025336,34.892684528882356,34.85482034402744,34.416690480071914
3453,36.536746751,36.7002345995,35.3443547724424,34.70069243970588,34.89048256588402,34.387370988690755
3454,36.513180935,36.6913974185,35.3367461825,34.85161762894118,34.860564739032256,34.42453825163735
3455,36.5470567955,36.501398027,35.35617617347907,34.959916415705884,34.849402638296816,34.46381207903315
3456,36.4940337095,36.5765140655,35.34430680327869,34.90568038329412,34.85813509748503,34.403737067267734
3457,36.4027161725,36.703180326500004,35.33938543714063,34.829957871588235,34.85716845085973,34.42191077345057
3458,36.4940337095,36.5441110685,35.36911390394381,34.808817948411765,34.93718841844811,34.45015404535433
3459,36.463103576,36.6619401485,35.32976859542291,34.79738159652941,34.91101858103896,34.423059638156154
3460,36.492560846,36.6000798815,35.34391159584034,34.893031085000004,34.886485025,34.45397686806023
3461,36.4704678935,36.575041202,35.34457392257874,34.94501450264706,34.87123673452858,34.460980306258264
3462,36.4469020775,36.5175995255,35.331223318578125,34.875010166882355,34.887695675081325,34.439289891515955
3463,36.460157849,36.6236456975,35.347779606420396,34.849191736117646,34.86031738251521,34.41564039746061
3464,36.489615119,36.5735683385,35.34586237417843,34.92266163305882,34.82489091648352,34.41443724362647
3465,36.529382433500004,36.560312567000004,35.35521974580645,34.94206877564706,34.86469216793052,34.43524716568528
3466,36.5323281605,36.5529482495,35.36252945818182,34.94206877564706,34.866452160875184,34.44194279207682
3467,36.4999251635,36.6442657865,35.36319410824727,34.88575340652941,34.84778854501212,34.45200370655738
3468,36.52790957,36.5647311575,35.35796637172269,34.904813993000005,34.81675628069164,34.475470740664626
3469,36.4704678935,36.572095475,35.35165171730431,34.83896833064706,34.86902991203455,34.44452295696942
3470,36.4969794365,36.5824055195,35.372299881764704,34.92560736005883,34.90029758424099,34.50302054218722
3471,36.4969794365,36.6206999705,35.35771432090824,34.90308121241176,34.87960488809031,34.45242206675277
3472,36.489615119,36.6118627895,35.33715120235294,34.87206443988235,34.862503167662084,34.43484141063291
3473,36.539692478,36.6118627895,35.354709312050694,34.85612285847059,34.895886564739115,34.42286926608076
3474,36.504343754000004,36.591242700500004,35.360532447081965,34.89355091917647,34.896288865473274,34.46629380801716
3475,36.4969794365,36.622172834,35.33383130225346,34.89216469470588,34.85810317914286,34.43609271821428
3476,36.5441110685,36.622172834,35.3392849696371,34.88575340652941,34.86747577701036,34.4417347985
3477,36.5706226115,36.6972888725,35.351681045,34.7965152062353,34.92732130056558,34.42381048122388
3478,36.545583932,36.6236456975,35.348154895204885,34.86392037111765,34.87906427594828,34.436499243165876
3479,36.545583932,36.6295371515,35.348007377716755,34.86080136605882,34.86426342580582,34.416083817469385
3480,36.583878383,36.6148085165,35.356459203125,34.83134409605883,34.89293204518732,34.44160118042135
3481,36.5382196145,36.6501572405,35.34089851647059,34.75336896958824,34.90567252562116,34.403713100000004
3482,36.536746751,36.676668783500006,35.339781047950666,34.820947412529414,34.850077342071984,34.41862493846661
3483,36.523490979500004,36.657521558,35.3481286598548,34.81505595852941,34.85755008064703,34.419357906935716
3484,36.5588397035,36.701707463000005,35.3519229217986,34.760300091941176,34.88481854008675,34.409882408345325
3485,36.6148085165,36.572095475,35.37344115318682,34.94830678576471,34.82131665982143,34.45425227008219
3486,36.6148085165,36.510235208000005,35.37499259978204,35.001503149823534,34.85985446272728,34.45777359550871
3487,36.591242700500004,36.6354286055,35.36158496768,34.90498727105882,34.84140707174349,34.42286263045071
3488,36.529382433500004,36.5058166175,35.35585235257143,34.93912304864706,34.882574878473285,34.470093394380164
3489,36.591242700500004,36.530855297,35.37081560133895,34.961129362117646,34.83462543169793,34.443825061629774
3490,36.603025608500005,36.5706226115,35.358242868108505,34.94951973217647,34.86333736358364,34.45419240735805
3491,36.603025608500005,36.64573865,35.36065185658182,34.89216469470588,34.85531573379137,34.44276832979176
3492,36.5824055195,36.666358739,35.33728302247899,34.862880702764706,34.83502046844765,34.42670005997107
3493,36.591242700500004,36.603025608500005,35.350828965966386,34.807258445882354,34.90019596762287,34.4219172668561
3494,36.619227107,36.533801024,35.35373192797696,34.914517564294115,34.86416716643549,34.43663441518296
3495,36.52790957,36.501398027,35.350677567894735,34.982269285294116,34.86095705243655,34.44504980976037
3496,36.530855297,36.5117080715,35.352264017436795,34.97897700217647,34.87336315018182,34.43332263901428
3497,36.480777938,36.575041202,35.32576016658909,34.97204587982353,34.85796535020408,34.48726632426275
3498,36.5146537985,36.560312567000004,35.36569313712421,34.90464071494118,34.87778363311155,34.4302709002675
3499,36.507289481,36.648684377,35.348606076825945,34.915383954588236,34.86741668872939,34.44070518883531
3500,36.551475386,36.6059713355,35.35490233048216,34.92682030647059,34.87773003668161,34.462504356371156
3501,36.5205452525,36.603025608500005,35.35331523656686,34.87708950358824,34.83928435886849,34.433038247688074
3502,36.529382433500004,36.601552745,35.369164931099434,34.83065098382353,34.88798502832175,34.45159817995479
3503,36.492560846,36.601552745,35.36754898943086,34.772082999941176,34.88482823873273,34.451829389014584
3504,36.4969794365,36.6560486945,35.36335181085715,34.74955685229412,34.910118631389025,34.4392747826987
3505,36.5205452525,36.6177542435,35.356819436,34.850404682529415,34.836470993119505,34.453405307097675
3506,36.5205452525,36.64573865,35.361506414960004,34.90758644194118,34.83953674104012,34.44775240676417
3507,36.533801024,36.589769837,35.36463620176471,34.83879505258824,34.87286829636089,34.4463496281177
3508,36.529382433500004,36.5323281605,35.3506471682353,34.86599970782353,34.83336008942598,34.473941465946886
3509,36.577986929,36.625118561,35.36515200928915,34.82008102223529,34.8502416728,34.47082303365536
3510,36.545583932,36.5882969735,35.36500869065306,34.82008102223529,34.86785744191235,34.46239448457169
3511,36.4851965285,36.716436098,35.33412078041883,34.810030894823534,34.846091102708435,34.46124529762943
3512,36.4851965285,36.604498472,35.364928103870966,34.783346073764704,34.883849408671956,34.443929012141176
3513,36.4851965285,36.678141647000004,35.33763224031797,34.783346073764704,34.842538098016774,34.44023057278407
3514,36.5441110685,36.622172834,35.354010394385355,34.779880512588235,34.90868796484491,34.45135283977337
3515,36.5500025225,36.681087374,35.35375729137946,34.65078835876471,34.92217728190083,34.41576182523719
3516,36.5087623445,36.6118627895,35.350819136505855,34.75735436494118,34.91634965772662,34.428695887171244
3517,36.595661291,36.6177542435,35.371311522105266,34.802579938294116,34.87873217958588,34.4235950162766
3518,36.4969794365,36.6177542435,35.34609138429619,34.78594524464706,34.89934335714286,34.42866956814326
3519,36.58682411,36.560312567000004,35.36823542094798,34.738467056529416,34.887195467711514,34.38325098578791
3520,36.569149748,36.58682411,35.36455259731759,34.746957681411764,34.887921428855954,34.41680522
3521,36.539692478,36.560312567000004,35.35317311828099,34.68769658529412,34.89477135599424,34.40283806544898
3522,36.6442657865,36.569149748,35.3905643753,34.97152604564706,34.84680222031865,34.41664164868202
3523,36.6000798815,36.603025608500005,35.38254160117647,34.76237942864706,34.90196622366746,34.43021414037875
3524,36.647211513500004,36.660467285,35.3822925112547,34.89545697782353,34.85480807887127,34.40314387739131
3525,36.6295371515,36.601552745,35.382043068744835,34.76861743876471,34.89269045976874,34.42300159032452
3526,36.651630104,36.607444199,35.36800261052184,34.78161329317647,34.87326713649744,34.39772477605381
3527,36.5971341545,36.504343754000004,35.363056660276115,34.781786571235294,34.885623701315794,34.40627519903463
3528,36.651630104,36.6324828785,35.369279945526934,34.857855639058826,34.837502598268685,34.409312469190525
3529,36.504343754000004,36.5706226115,35.35768398362037,34.766538102058824,34.936337043101,34.402275919909776
3530,36.5735683385,36.5824055195,35.368880711389934,34.81522923658824,34.88059892629452,34.455194434291585
3531,36.583878383,36.595661291,35.35866809898938,34.83255704247059,34.87373904558274,34.44229826111801
3532,36.6059713355,36.6324828785,35.35009090742857,34.813496456,34.8538058177105,34.42785944565323
3533,36.5676768845,36.6206999705,35.356177559333986,34.79252981088236,34.90243678852413,34.429247047166754
3534,36.595661291,36.628064288000004,35.35099353807001,34.857682361,34.88343442651097,34.44789817638481
3535,36.622172834,36.633955742,35.35495833135363,34.87864900611765,34.860032541870574,34.45601412795878
3536,36.595661291,36.737056187,35.35247596422131,34.70814339623529,34.88830786049336,34.43772935188832
3537,36.5617854305,36.601552745,35.36369009401653,34.83688899394118,34.87034786277672,34.45416494081081
3538,36.5794597925,36.6442657865,35.35056551421488,34.77866756617647,34.873720208,34.47906944956212
3539,36.498452300000004,36.4616307125,35.33709943025,34.843300282117646,34.87720609714985,34.47389110356276
3540,36.6354286055,36.5264367065,35.3583286431579,34.92560736005883,34.83970075807217,34.42142932633721
3541,36.5882969735,36.633955742,35.34191986758314,34.71091584517647,34.928843134025975,34.43147787109569
3542,36.6148085165,36.684033101000004,35.352505955,34.76983038517647,34.87522731694851,34.45412655959184
3543,36.5735683385,36.654575831,35.3414689253,34.77121660964706,34.92589161581975,34.448449402421524
3544,36.583878383,36.58682411,35.34184238882353,34.84399339435294,34.91364828744733,34.46456170318182
3545,36.583878383,36.6383743325,35.34638533310484,34.77121660964706,34.909409438965355,34.42485506163186
3546,36.5941884275,36.610389926,35.37152257581895,34.86496003947059,34.89068917560345,34.447665217142855
3547,36.5824055195,36.6177542435,35.35669230177686,34.829611315470586,34.893992445829596,34.472564127058824
3548,36.5617854305,36.5470567955,35.34582621142857,34.829611315470586,34.88163340973451,34.4726219863097
3549,36.585351246500004,36.622172834,35.354069342678855,34.86513331752941,34.84236939978528,34.47955354356177
3550,36.603025608500005,36.592715564,35.37719077472,34.86513331752941,34.84634394889002,34.477328171043595
3551,36.577986929,36.7355833235,35.35623862194909,34.82198708088235,34.86387772744842,34.43461392058506
3552,36.5706226115,36.707598917,35.348774117096774,34.84468650658824,34.87652395424658,34.415089262524276
3553,36.5382196145,36.6972888725,35.34558401665455,34.857335804882354,34.86580496168662,34.42627838
3554,36.569149748,36.6265914245,35.35859169878802,34.888352577411766,34.84568345388948,34.45751324924347
3555,36.536746751,36.642792923,35.357314692196574,34.888352577411766,34.84710179055102,34.46342955414114
3556,36.535273887500004,36.607444199,35.34764843078273,34.82441297370588,34.84857410082822,34.45163961071429
3557,36.5735683385,36.6236456975,35.35438351735945,34.89285780694118,34.839358184411914,34.472226803083004
3558,36.5676768845,36.76356773,35.346181156897536,34.76185959447059,34.83065877354645,34.435077653845454
3559,36.5529482495,36.7296918695,35.33450048857143,34.705890781470586,34.823677223287675,34.43234546
3560,36.551475386,36.678141647000004,35.345369864235025,34.874143776588234,34.83055208082192,34.44071672355595
3561,36.585351246500004,36.8033350445,35.34086471357143,34.83325015470588,34.8017312047053,34.45078282211405
3562,36.551475386,36.714963234500004,35.350766970040326,34.89978892929412,34.81300398151703,34.454812596836874
3563,36.603025608500005,36.701707463000005,35.35838204387097,34.93704371194118,34.80490687813551,34.46003018202847
3564,36.569149748,36.793025,35.35156463309257,34.877436059705886,34.80233831071358,34.45178054812972
3565,36.524963843,36.633955742,35.337411677312005,34.874663610764706,34.75641133583248,34.45064344863093
3566,36.591242700500004,36.737056187,35.343944675521236,34.898056148705884,34.77492438936322,34.41607401117021
3567,36.592715564,36.751784822000005,35.340062125723506,34.94830678576471,34.768619839230375,34.43890946400184
3568,36.5794597925,36.595661291,35.37004014702703,34.824932807882355,34.784952376640746,34.483702472194686
3569,36.5794597925,36.6442657865,35.361021155,34.88783274323529,34.81045867503125,34.45498912495364
3570,36.5794597925,36.7179089615,35.36409820594595,34.86496003947059,34.80610325882353,34.45220363844555
3571,36.577986929,36.7856606825,35.349611927428576,34.89147158247059,34.788324430833335,34.45648836468929
3572,36.5824055195,36.716436098,35.362396203464776,34.86426692723529,34.79296809203675,34.45211718804813
3573,36.5941884275,36.781242092,35.355496538857146,34.83931488676471,34.80771101788175,34.44259943241441
3574,36.52790957,36.707598917,35.35134994057143,34.87015838123529,34.800712587802835,34.444765409013456
3575,36.5264367065,36.6589944215,35.353601914988545,34.873104108235296,34.8230818078321,34.43660363900272
3576,36.5264367065,36.7385290505,35.34054297659113,34.841740779588235,34.838450263712396,34.456729277229556
3577,36.529382433500004,36.7385290505,35.34794245310036,34.928206530941175,34.80610507801575,34.444976555403294
3578,36.542638205,36.6884516915,35.359856378590166,34.858895307411764,34.84706810542945,34.4410330976492
3579,36.529382433500004,36.6884516915,35.366376227428574,34.91191839341177,34.813902969315066,34.43757891108024
3580,36.5676768845,36.716436098,35.36245261647059,34.858895307411764,34.808168267627906,34.43144841445783
3581,36.569149748,36.7179089615,35.35703059922581,34.881768011176476,34.788420800847284,34.43541582081396
3582,36.539692478,36.6943431455,35.362404875,34.83896833064706,34.82526138397762,34.44539342919419
3583,36.548529659,36.681087374,35.34694335677177,34.91087872505882,34.79660431023183,34.45389582366438
3584,36.5529482495,36.6501572405,35.376380066857145,34.85404352176471,34.81732207548052,34.43758939458886
3585,36.52790957,36.6236456975,35.355225153645165,34.834116545,34.83953202610305,34.41852677757795
3586,36.5500025225,36.639847196000005,35.360572862338714,34.80985761676471,34.86423935253438,34.430170932476905
3587,36.5500025225,36.639847196000005,35.36828959414124,34.80985761676471,34.85008700608824,34.41139958857143
3588,36.5500025225,36.672250193,35.369458125775935,34.76237942864706,34.86918335372071,34.40831064753597
3589,36.5558939765,36.654575831,35.37385228412,34.78490557629412,34.88252281140376,34.40994232139432
3590,36.5441110685,36.6855059645,35.365411805,34.678166292058826,34.888929891234866,34.41259639482331
3591,36.539692478,36.698761736,35.36385944673496,34.836715715882356,34.87012299812023,34.41971810145247
3592,36.5617854305,36.6855059645,35.37351588397995,34.83307687664706,34.88778127450495,34.42984136558956
3593,36.52790957,36.601552745,35.362609833313364,34.75614141852941,34.930441527107604,34.462707795836735
3594,36.566204021000004,36.633955742,35.396515824615385,34.90862611029412,34.929040974178356,34.48410278564899
3595,36.566204021000004,36.672250193,35.3826748627027,34.85317713147059,34.894762139711155,34.43439099530148
3596,36.5470567955,36.6943431455,35.35355976530612,34.76515187758824,34.869736453804194,34.412393937347765
3597,36.5558939765,36.6913974185,35.377241559475806,34.78542541047059,34.91919472994192,34.43249511939553
3598,36.575041202,36.70465319,35.35688995561593,34.77277611217647,34.85150164723447,34.41743168066574
3599,36.5382196145,36.703180326500004,35.369045786774194,34.734481661176474,34.92597386734934,34.42197225861888
3600,36.530855297,36.701707463000005,35.37161810829449,34.797035040411764,34.916453961770884,34.455559429202346
3601,36.5146537985,36.742947641,35.352625249698576,34.65997209588235,34.92705729727453,34.40265496975343
3602,36.591242700500004,36.722327552,35.37144612416394,34.88384734788235,34.882449965670354,34.43355716984959
3603,36.577986929,36.765040593500004,35.36491952,34.82320002729412,34.90266409895044,34.42079465129107
3604,36.5735683385,36.6855059645,35.3704831526567,34.93513765329412,34.88908879364179,34.43052287197847
3605,36.524963843,36.7385290505,35.36791862352941,34.84849862388236,34.88523532263636,34.411454879938084
3606,36.524963843,36.70465319,35.38574014370492,34.95125251276471,34.822135220155445,34.46045777610028
3607,36.5470567955,36.7002345995,35.36518214262764,34.84884518,34.912354389102106,34.44517148
3608,36.5706226115,36.7238004155,35.35568527744877,34.82614575429412,34.88553067128337,34.448015898928574
3609,36.551475386,36.6943431455,35.362041688894685,34.81436284629412,34.8999164225,34.43163850702503
3610,36.52790957,36.716436098,35.34876355893549,34.72096597258824,34.91010162939655,34.4195072107234
3611,36.5617854305,36.666358739,35.344122162724204,34.82441297370588,34.883663502042594,34.449241103904306
3612,36.551475386,36.664885875500005,35.367000993785126,34.82441297370588,34.91835109797753,34.45572706653682
3613,36.539692478,36.6884516915,35.37122263120494,34.73292215864706,34.92610235798766,34.406945160222534
3614,36.539692478,36.657521558,35.35329095,34.84278044794118,34.867564042808766,34.45081346005512
3615,36.5175995255,36.7179089615,35.346013115,34.83602260364706,34.89875294949202,34.445426248818684
3616,36.5117080715,36.6265914245,35.366946195135135,34.806911889764706,34.92718745676571,34.44255088287008
3617,36.545583932,36.663413012,35.3656646,34.870331659294116,34.89890273103747,34.43721137351955
3618,36.5558939765,36.7179089615,35.36366683163034,34.950212844411766,34.87792852132581,34.435191057652496
3619,36.5264367065,36.5794597925,35.36892684216216,34.87327738629412,34.91746430166181,34.4714405544123
3620,36.5647311575,36.707598917,35.38831443112903,35.007221325764704,34.86285323598826,34.47686554255088
3621,36.55736684,36.70465319,35.374017438605314,34.95697068870588,34.86889006786982,34.48265140577254
3622,36.5558939765,36.728219006,35.373994924879035,34.90775972,34.90820246453908,34.49196833632877
3623,36.548529659,36.701707463000005,35.37568034900854,34.984348622,34.88237064152218,34.465074765233645
3624,36.560312567000004,36.67519592,35.37469478176471,34.920062462176475,34.91360731702233,34.44387049095559
3625,36.52790957,36.742947641,35.37448323983871,34.890085358,34.89189463947879,34.44337604970472
3626,36.563258294,36.742947641,35.380307702857145,34.837755384235294,34.884087378463086,34.44581800444445
3627,36.6118627895,36.701707463000005,35.377572387423434,34.96251558658824,34.84146218082192,34.50983852789258
3628,36.554421113000004,36.745893368000004,35.37200082114286,34.871544605705886,34.893225356199316,34.43880750374829
3629,36.577986929,36.742947641,35.35106044344941,34.83255704247059,34.867610769875185,34.414403049767856
3630,36.524963843,36.7532576855,35.36785629636364,34.79807470876471,34.926618220397025,34.42854287873733
3631,36.507289481,36.698761736,35.35472063272727,34.85283057535294,34.88457877285427,34.43724314488688
3632,36.560312567000004,36.7238004155,35.373863724198294,34.88783274323529,34.87975749660282,34.44110175897674
3633,36.560312567000004,36.686978828,35.373447968649415,34.94102910729412,34.853301387838904,34.43515002524194
3634,36.5500025225,36.726746142500005,35.37125102289916,34.85335040952941,34.848469928152866,34.43252268799471
3635,36.575041202,36.7503119585,35.37007760708211,34.90464071494118,34.87386251365218,34.45351969810329
3636,36.5382196145,36.7355833235,35.37211103216,34.88627324070588,34.85763118041506,34.443553775517245
3637,36.6118627895,36.737056187,35.38590339354972,34.82857164711765,34.85444670578118,34.422722132525706
3638,36.535273887500004,36.807753635,35.37574989339886,34.73552132952941,34.89094710987572,34.40710892547476
3639,36.539692478,36.737056187,35.36826432926546,34.87553000105883,34.86854094997068,34.412073235397834
3640,36.560312567000004,36.728219006,35.385345042941175,34.82545264205883,34.89772047103139,34.43085763465095
3641,36.4822508015,36.728219006,35.38337333585883,34.80483255305882,34.877627856030536,34.414448278561615
3642,36.4969794365,36.6825602375,35.36677729040553,34.88194128923529,34.862800131838526,34.46224894231405
3643,36.501398027,36.6825602375,35.367847621788236,34.82909148129412,34.88883497292543,34.43547978189914
3644,36.491087982500005,36.663413012,35.367439643529416,34.89147158247059,34.863610146117416,34.461777463322626
3645,36.575041202,36.6678316025,35.38888203788,34.86461348335294,34.89160618166116,34.45779829507285
3646,36.491087982500005,36.689924555000005,35.378426387775136,34.801886826058826,34.9036749054537,34.43966942059246
3647,36.545583932,36.695816009,35.36249801,34.83498293529412,34.89218108808893,34.44178477236807
3648,36.5735683385,36.589769837,35.352546519590234,34.84884518,34.87730658932876,34.45615992380319
3649,36.572095475,36.681087374,35.382917743166026,34.864440205294116,34.87056817152607,34.438227881998195
3650,36.533801024,36.698761736,35.367150942991806,34.73725411011765,34.918297512176444,34.43098628759925
3651,36.504343754000004,36.522018116,35.34656057208494,34.86669282005882,34.885208288589496,34.45891761144414
3652,36.554421113000004,36.6825602375,35.37702057716,34.88852585547059,34.88949054774039,34.44050554408219
3653,36.5323281605,36.689924555000005,35.34346864104839,34.80673861170588,34.865649375670706,34.42503540270909
3654,36.595661291,36.589769837,35.37132797394541,34.93045914570588,34.85305540721439,34.47890623295383
3655,36.5028708905,36.663413012,35.355465351814516,34.73240232447059,34.92142441920393,34.4351887385
3656,36.554421113000004,36.651630104,35.35984021155188,34.90221482211765,34.873667916044816,34.45971763718957
3657,36.577986929,36.703180326500004,35.35855847630306,34.86807904452941,34.872842078000005,34.428588128
3658,36.577986929,36.669304466,35.35066138842742,34.880035230588234,34.852874781587616,34.44595451116236
3659,36.6000798815,36.6619401485,35.35510114918919,34.93219192629412,34.849271890816034,34.46025356201844
3660,36.5676768845,36.684033101000004,35.34837319232346,34.89996220735294,34.87202009383886,34.44076789274128
3661,36.522018116,36.6884516915,35.346279215,34.880901620882355,34.89549683263785,34.44905231501393
3662,36.563258294,36.686978828,35.34208814,34.880901620882355,34.87595345521545,34.445009370036466
3663,36.522018116,36.6619401485,35.3378222872212,34.81436284629412,34.90233901171913,34.43010041120438
3664,36.598607018,36.678141647000004,35.35116290108871,34.87864900611765,34.8915948318738,34.43284767690141
3665,36.563258294,36.636901469,35.35311616092742,34.91590378876471,34.88501623481699,34.470395069650735
3666,36.5500025225,36.5558939765,35.35521396802743,34.89822942676471,34.889753982040816,34.44316101191724
3667,36.548529659,36.625118561,35.360846624705886,34.93808338029412,34.884816484266146,34.44760985480496
3668,36.548529659,36.669304466,35.359305882983875,34.89649664617647,34.87691239810241,34.43545185093969
3669,36.522018116,36.642792923,35.35379170181818,34.90568038329412,34.86852372624872,34.446552505316454
3670,36.4999251635,36.6177542435,35.34987277454545,34.934444541058824,34.85693086767492,34.44336334827268
3671,36.5441110685,36.603025608500005,35.364496727566824,34.984175343941175,34.81806156171728,34.482299420867946
3672,36.5205452525,36.657521558,35.370866636885246,34.97984339247059,34.817206471252,34.500253960082645
3673,36.542638205,36.684033101000004,35.366768915,34.990240076,34.79187667168887,34.47469172104698
3674,36.5441110685,36.7238004155,35.34847606057143,34.93357815076471,34.81381066688,34.45522094262948
3675,36.5470567955,36.666358739,35.34876091939516,34.952118903058825,34.81170752737125,34.44039861045195
3676,36.5264367065,36.6855059645,35.345885705829495,34.8230267492353,34.909554659302216,34.40362541605543
3677,36.498452300000004,36.625118561,35.362517017142856,34.91209167147059,34.88344343794383,34.426651814453784
3678,36.498452300000004,36.6413200595,35.35272100621442,34.91209167147059,34.8746715340159,34.404170556853025
3679,36.5175995255,36.610389926,35.34712525647059,34.959569859588235,34.81395966614251,34.43603615663594
3680,36.491087982500005,36.569149748,35.37651284972973,34.92092885247059,34.8640378776636,34.46218962491002
3681,36.4557392585,36.6383743325,35.34744906785484,34.91607706682353,34.74660279016569,34.4514788815625
3682,36.5676768845,36.6796145105,35.354553309047276,34.88939224576471,34.734937608642745,34.41754770004248
3683,36.4616307125,36.572095475,35.34167458498032,34.824066417588234,34.849771024002095,34.40847413693339
3684,36.533801024,36.672250193,35.34240458955355,34.920062462176475,34.81577741872699,34.41802159595045
3685,36.4616307125,36.664885875500005,35.36046501826267,34.86807904452941,34.8511169488946,34.41377573669692
3686,36.535273887500004,36.666358739,35.3763086,34.84572617494118,34.87967152851574,34.41409464853748
3687,36.4822508015,36.5941884275,35.36244530699429,34.87275755211765,34.83535012391524,34.43256914265673
3688,36.5087623445,36.672250193,35.37055857969112,34.869465269,34.86158504565022,34.41690000717859
3689,36.5588397035,36.701707463000005,35.34535711217009,34.85594958041177,34.772328491940755,34.40255519525364
3690,36.5470567955,36.669304466,35.35868360671663,34.910705447,34.790831759018985,34.453445763811274
3691,36.5470567955,36.676668783500006,35.35879465828572,34.9467472832353,34.79853818508002,34.44565952481398
3692,36.5441110685,36.695816009,35.34584578000949,34.92993931152941,34.789805821059325,34.438574124773965
3693,36.545583932,36.6560486945,35.352321585714286,34.955584464235294,34.76159436547569,34.449584285565294
3694,36.5706226115,36.654575831,35.34023760457143,34.97707094352941,34.741128067095765,34.46036533542707
3695,36.585351246500004,36.684033101000004,35.34558849542857,34.93115225794118,34.75648610185281,34.443823902813186
3696,36.580932656,36.6825602375,35.347889120000005,34.91642362294118,34.76515438080257,34.44049751038377
3697,36.5647311575,36.713490371,35.35084953747934,34.95974313764706,34.79855524276289,34.44046504856383
3698,36.583878383,36.664885875500005,35.326521592386364,34.901868266,34.728735934748954,34.395260420582524
3699,36.5765140655,36.664885875500005,35.333531961690575,34.93981616088235,34.74919688169781,34.41708833923985
3700,36.5735683385,36.684033101000004,35.33336673749061,34.89164486052941,34.765246467236494,34.41680522
3701,36.524963843,36.663413012,35.324175656670086,34.87362394241177,34.742786109359606,34.41725350154522
3702,36.536746751,36.651630104,35.32466343074035,34.86305398082353,34.7637464,34.42850912876257
3703,36.560312567000004,36.70465319,35.348759599625,34.84711239941176,34.81736483006244,34.442390111049576
3704,36.560312567000004,36.6678316025,35.360097966890756,34.918849515764705,34.80910638248038,34.45118503467785
3705,36.560312567000004,36.713490371,35.34710820721591,34.87986195252941,34.7894417226556,34.42717507403155
3706,36.5500025225,36.6913974185,35.335569434881364,34.790797030294115,34.78560096251969,34.39416110772828
3707,36.5500025225,36.676668783500006,35.335365724307,34.853870243705884,34.79712793174227,34.41383254524014
3708,36.566204021000004,36.70465319,35.35229670363636,34.81973446611765,34.8229877323869,34.43003258917356
3709,36.572095475,36.6560486945,35.34769474143428,34.933404872705886,34.787259847520005,34.43213820525446
3710,36.541165341500005,36.657521558,35.33858738456455,34.91555723264706,34.78051789264536,34.40859935694696
3711,36.523490979500004,36.664885875500005,35.355399009269746,34.93288503852941,34.800988731892744,34.427328125891606
3712,36.575041202,36.707598917,35.35225374213418,34.89996220735294,34.79216908162533,34.456466470832964
3713,36.542638205,36.6589944215,35.35590278472624,34.919196071882354,34.83596422322581,34.42216591237838
3714,36.5676768845,36.666358739,35.35518765472108,34.919196071882354,34.818435725284765,34.42232490444543
3715,36.5706226115,36.663413012,35.380989090952085,35.032000088176474,34.76652381376312,34.42484664383433
3716,36.5558939765,36.681087374,35.361536891698364,34.904813993000005,34.82501224517884,34.43018207893274
3717,36.529382433500004,36.678141647000004,35.35001040456342,34.829611315470586,34.85311610552185,34.42504840666667
3718,36.486669392,36.681087374,35.325956372786884,34.86703937617647,34.80554840519685,34.42636591289474
3719,36.5382196145,36.6560486945,35.34383817669355,34.83013114964706,34.80699763560825,34.423033375903714
3720,36.5441110685,36.672250193,35.34838945085827,34.822160358941176,34.792308356860985,34.41620194527082
3721,36.5441110685,36.672250193,35.36743121295313,34.73430838311765,34.73800596067797,34.379814744152
3722,36.529382433500004,36.672250193,35.35526313176809,34.822160358941176,34.768494126906965,34.389307056721314
3723,36.563258294,36.695816009,35.36289290885743,34.840874389294115,34.74039388258427,34.38896969848568
3724,36.536746751,36.695816009,35.35800752011811,34.89736303647059,34.70877644794821,34.39551604256637
3725,36.5529482495,36.664885875500005,35.34302261260204,34.857335804882354,34.74845942458823,34.38009449319355
3726,36.5087623445,36.666358739,35.34185367331633,34.857335804882354,34.760677529297034,34.40302739822168
3727,36.535273887500004,36.676668783500006,35.34497525945813,34.91677017905882,34.747924839026595,34.431705689075
3728,36.4999251635,36.6354286055,35.3700189252381,34.907066607764705,34.87183417113118,34.44768870357472
3729,36.4999251635,36.666358739,35.3727918224,34.92439441364706,34.837983354778764,34.44636530769634
3730,36.4999251635,36.6354286055,35.377033035790326,34.967020816117646,34.83260935945289,34.456449795875
3731,36.5382196145,36.698761736,35.37651060152664,34.88956552382353,34.888934791689415,34.435639548441905
3732,36.5441110685,36.636901469,35.38747996181819,34.87431705464706,34.88522858354127,34.44921655686187
3733,36.551475386,36.666358739,35.38457746742857,34.85924186352941,34.92178957590972,34.45629274322581
3734,36.551475386,36.6884516915,35.38211151137097,34.84711239941176,34.88584490936559,34.44376833612299
3735,36.4351191695,36.601552745,35.32583117491804,34.83810194035294,34.894101234388145,34.45520528732739
3736,36.5617854305,36.583878383,35.36152542267931,35.00704804770589,34.84498048058087,34.480999441394026
3737,36.539692478,36.55736684,35.35118809670088,34.922488355,34.89014639427726,34.52646951320652
3738,36.554421113000004,36.607444199,35.36269172706089,34.85161762894118,34.889720452757246,34.47844413179191
3739,36.516126662000005,36.607444199,35.377696498429756,34.87864900611765,34.90590103948375,34.47443076749035
3740,36.589769837,36.6354286055,35.3970459990462,34.941548941470586,34.90020298565321,34.47804165307692
3741,36.529382433500004,36.6118627895,35.377853815172415,34.83810194035294,34.92241116825155,34.49789399635762
3742,36.5441110685,36.642792923,35.38933229023194,34.90290793435294,34.91265733124939,34.42949524786241
3743,36.5588397035,36.6236456975,35.37786877483607,34.870331659294116,34.93142672509542,34.46769472770138
3744,36.5264367065,36.613335653,35.36062705172414,34.875703279117644,34.87862739830216,34.475985654119924
3745,36.5647311575,36.648684377,35.37569082953629,34.98712107094118,34.9072134163104,34.472471907153846
3746,36.601552745,36.610389926,35.38342670051186,34.99474530552941,34.88181780857282,34.49512701578638
3747,36.5971341545,36.6707773295,35.39105211042623,34.93617732164706,34.897550098011365,34.43825486882687
3748,36.6118627895,36.539692478,35.394006239897365,34.96338197688235,34.94666554830189,34.48795898318909
3749,36.6148085165,36.6206999705,35.39502041621917,35.00843427217647,34.85802593527725,34.451004740190825
3750,36.5588397035,36.604498472,35.39216336083578,34.95471807394118,34.893122045691214,34.50114297125521
3751,36.533801024,36.6589944215,35.39725266881567,34.928206530941175,34.89115275084235,34.481928890441175
3752,36.5441110685,36.6295371515,35.4015881,34.88644651876471,34.95572255809343,34.47266617708987
3753,36.575041202,36.639847196000005,35.381354823636364,34.96494147941176,34.89850843380857,34.5134003449225
3754,36.516126662000005,36.592715564,35.395458692834225,35.01259294558824,34.901025811001944,34.515610673040634
3755,36.577986929,36.660467285,35.399517215882355,34.885926684588235,34.95428199226256,34.46601120384616
3756,36.580932656,36.653102967500004,35.40843672878689,34.945187780705886,34.91169518777667,34.49191988327731
3757,36.5794597925,36.6118627895,35.393541236000004,34.88350079176471,34.9629584175638,34.48258394628037
3758,36.5765140655,36.548529659,35.38931252685715,34.889912079941176,34.9357921072458,34.517341373582695
3759,36.5794597925,36.583878383,35.39363310487904,34.91850295964706,34.92096072749511,34.498726795215006
3760,36.539692478,36.636901469,35.38790250926546,34.83636915976471,34.968992394491366,34.487076023833865
3761,36.569149748,36.653102967500004,35.38286682457143,34.87362394241177,34.94230837,34.52547450431513
3762,36.510235208000005,36.6383743325,35.367388155451614,34.80119371382353,34.96277467854286,34.478736946684634
3763,36.510235208000005,36.657521558,35.3636347291129,34.85646941458823,34.912255905967505,34.474027744491295
3764,36.530855297,36.6913974185,35.375554128235294,34.755621584352944,34.967836673926854,34.467617421165585
3765,36.491087982500005,36.709071780500004,35.352354293607036,34.853870243705884,34.9304323709621,34.45184693202157
3766,36.5205452525,36.7120175075,35.34243456266515,34.853870243705884,34.89596530525391,34.45564902096916
3767,36.513180935,36.654575831,35.362423097496276,34.88315423564706,34.91931159058824,34.47722002352241
3768,36.524963843,36.703180326500004,35.358552592682194,34.84468650658824,34.939045987582034,34.47488763372881
3769,36.560312567000004,36.742947641,35.366933123290764,34.86340053694118,34.942180702497495,34.46416134135097
3770,36.504343754000004,36.703180326500004,35.3491938683871,34.86184103441177,34.96446760970754,34.45673077603306
3771,36.5382196145,36.681087374,35.35987606732232,34.901175153764704,34.95762867583542,34.51622521332406
3772,36.542638205,36.707598917,35.36287028056413,34.856989248764705,34.970823585744256,34.46680064131327
3773,36.5676768845,36.686978828,35.36468827986982,34.90325449047059,34.95490992726222,34.49699673109875
3774,36.519072389,36.6501572405,35.35976392086338,34.93028586764706,34.95657801826613,34.49978055105551
3775,36.524963843,36.698761736,35.37556751732134,34.89649664617647,34.947611003605545,34.49115384418447
3776,36.4969794365,36.585351246500004,35.37014959454545,34.87379722047059,35.00847781203459,34.49947388731507
3777,36.58682411,36.633955742,35.38576767235294,34.96615442582353,34.88655170095926,34.51282506492463
3778,36.554421113000004,36.6619401485,35.37665726123167,34.91330461788235,34.96371975724926,34.48304018198074
3779,36.529382433500004,36.725273279,35.36972867272728,34.867212654235296,34.93575752970678,34.47985411368421
3780,36.498452300000004,36.625118561,35.37105687260805,34.86201431247059,34.974945664624215,34.49549337572414
3781,36.589769837,36.703180326500004,35.37618341434061,34.907932998058826,34.8922145077002,34.484914620148494
3782,36.5647311575,36.6206999705,35.38449450125,34.89147158247059,34.98676960410931,34.516687699434726
3783,36.535273887500004,36.64573865,35.38514312,34.87137132764706,34.99260880492783,34.500550048741005
3784,36.448374941000004,36.6413200595,35.37540386,34.86617298588236,35.0022899499897,34.482152027557184
3785,36.4410106235,36.6442657865,35.37050079895678,34.801366991882354,35.0102052205274,34.453101208554855
3786,36.474886484,36.607444199,35.377400959585046,34.887486187117645,34.9853360671348,34.473054374444985
3787,36.536746751,36.681087374,35.3779878682154,34.953678405588235,34.937441170136985,34.47973834787335
3788,36.529382433500004,36.678141647000004,35.38314179751983,34.913824452058826,34.994721583468866,34.4867480048299
3789,36.492560846,36.6825602375,35.38147499271285,34.88540685041177,34.99131684304961,34.480219597567185
3790,36.5175995255,36.689924555000005,35.38292508540501,34.95003956635294,34.957336397559956,34.47409390137675
3791,36.577986929,36.651630104,35.39560085,35.00531526711765,34.92127957523262,34.49161177300092
3792,36.551475386,36.6796145105,35.39089088,34.94137566341177,34.96039721616438,34.46516012410615
3793,36.483723665,36.6884516915,35.386623603636366,34.9202357402353,34.960404177850904,34.47526554359184
3794,36.491087982500005,36.6884516915,35.395724223636364,34.96026297182353,34.94969070341014,34.46959475614993
3795,36.545583932,36.653102967500004,35.400194703636366,34.93981616088235,34.94426176597376,34.46969219980198
3796,36.529382433500004,36.660467285,35.38484731728178,34.939989438941176,34.93224884638298,34.500448996017816
3797,36.575041202,36.719381825,35.40461251657143,34.8966699242353,34.9624639304441,34.48818053411168
3798,36.5794597925,36.67519592,35.40559060116291,34.94917317605882,34.94964640995363,34.47454994346154
3799,36.551475386,36.663413012,35.403134250249266,35.00548854517647,34.88278507804348,34.51379018962797
3800,36.5146537985,36.692870282,35.40269574125,34.96494147941176,34.91873738922584,34.50848299991766
3801,36.5500025225,36.713490371,35.39848008372579,34.93115225794118,34.94261270338635,34.49263626969669
3802,36.542638205,36.7179089615,35.40051402363636,35.00098331564706,34.88280547216561,34.51543291225979
3803,36.5706226115,36.681087374,35.4004004204649,35.00098331564706,34.89296880747357,34.51234946501348
3804,36.598607018,36.754730549,35.411745293529414,34.89285780694118,34.938453920466564,34.48718968733303
3805,36.583878383,36.622172834,35.41071774909091,34.922488355,34.9176401793125,34.4935209610245
3806,36.58682411,36.713490371,35.41012746814118,34.98764090511765,34.891755615577324,34.49512384249007
3807,36.5794597925,36.707598917,35.40698073859294,35.01588522870588,34.88246782185148,34.48014430662045
3808,36.5617854305,36.710544644,35.39575749121849,34.95922330347059,34.898887048313256,34.463054996365244
3809,36.530855297,36.613335653,35.377762480521824,34.909839056705884,34.917397454775724,34.50017346755722
3810,36.530855297,36.653102967500004,35.393236550216976,34.83498293529412,34.96332089975979,34.48345435044693
3811,36.5941884275,36.6501572405,35.392597620344375,34.96615442582353,34.855257646938774,34.517382794451784
3812,36.583878383,36.6383743325,35.39119153008065,34.90152170988235,34.93570239794334,34.49976180826597
3813,36.5882969735,36.676668783500006,35.39035308786053,34.91191839341177,34.9098284748397,34.502566556680165
3814,36.585351246500004,36.676668783500006,35.39584143481143,34.904467436882356,34.895377998253046,34.48461301282869
3815,36.585351246500004,36.686978828,35.40063539509486,34.87639639135294,34.91946439623085,34.475271129163794
3816,36.5558939765,36.695816009,35.393170107959186,34.86807904452941,34.88920617660117,34.47028411625163
3817,36.5558939765,36.701707463000005,35.394002512153776,34.90290793435294,34.86597438116719,34.45847186635727
3818,36.5588397035,36.6884516915,35.408629575588236,34.888699133529414,34.83505403307733,34.464201212115384
3819,36.563258294,36.701707463000005,35.38136900184927,34.84936501417647,34.89489851929448,34.43912611566071
3820,36.604498472,36.695816009,35.38732254136719,34.830824261882356,34.87582136294028,34.45050915172739
3821,36.566204021000004,36.726746142500005,35.38508662266544,34.869465269,34.89939645722397,34.4537545372453
3822,36.592715564,36.7503119585,35.39305111693024,34.94258860982353,34.875589280394735,34.451249283085666
3823,36.589769837,36.7503119585,35.396826808073186,34.86981182511765,34.92902673183099,34.45977536487145
3824,36.529382433500004,36.742947641,35.403692526134456,34.863227258882354,34.88850739875905,34.44593983784192
3825,36.5588397035,36.720854688500005,35.39578986850857,34.863227258882354,34.87346797449541,34.469795633021015
3826,36.5382196145,36.7503119585,35.395625386493506,34.7965152062353,34.90145934759897,34.417428654285715
3827,36.495506573,36.734110460000004,35.397116362834645,34.82042757835294,34.873856640256676,34.447911691162794
3828,36.554421113000004,36.714963234500004,35.392815489231126,34.87951539641176,34.89806762288671,34.44106364772097
3829,36.52790957,36.6855059645,35.38986839783696,34.793569479235295,34.88569365859155,34.42935475213904
3830,36.5617854305,36.7120175075,35.39336124689672,34.8524840192353,34.88143024253566,34.422592019122256
3831,36.5647311575,36.7886064095,35.37780043500447,34.88661979682353,34.862948963818184,34.43574853600674
3832,36.501398027,36.720854688500005,35.378731433016874,34.90585366135294,34.8729919262251,34.43704227715375
3833,36.5588397035,36.7562034125,35.3859289465625,34.82666558847059,34.86685425004525,34.425921152659846
3834,36.566204021000004,36.720854688500005,35.39151097681103,34.851097794764705,34.88492139123482,34.43278717194542
3835,36.592715564,36.7797692285,35.38637643113282,34.81107056317647,34.847252895135135,34.41571279860285
3836,36.542638205,36.647211513500004,35.376125158622045,34.832383764411766,34.88110006782123,34.40997938944614
3837,36.598607018,36.672250193,35.368182987031254,34.80361960664706,34.89246688325605,34.432227919037295
3838,36.580932656,36.7414747775,35.3947082334749,34.80639205558823,34.93930498619072,34.4440742845966
3839,36.5941884275,36.769459184,35.39164211025012,34.8289182032353,34.89337255258115,34.43826094861173
3840,36.595661291,36.7562034125,35.391853006605174,34.90775972,34.85896420214321,34.43958821401636
3841,36.5558939765,36.648684377,35.37204048667411,34.85854875129412,34.872804769275064,34.40554435073193
3842,36.610389926,36.689924555000005,35.3995229996139,34.893031085000004,34.854306862279635,34.456631620927794
3843,36.610389926,36.689924555000005,35.384810185581394,34.90308121241176,34.822533832038836,34.40963425786815
3844,36.58682411,36.703180326500004,35.388278694258354,34.92456769170588,34.82254137726028,34.412150797110264
3845,36.610389926,36.7061260535,35.380917119375,34.934097984941175,34.82064550314415,34.41769670677043
3846,36.583878383,36.776823501500004,35.382814847346154,34.893031085000004,34.83983894508888,34.42309109833404
3847,36.541165341500005,36.681087374,35.38031309070866,34.83186393023529,34.877252547301424,34.41895436951706
3848,36.548529659,36.737056187,35.3881864030315,34.793569479235295,34.951998578489984,34.44107512625486
3849,36.601552745,36.653102967500004,35.388642386370655,34.82077413447059,34.90087675521359,34.44798309470356
3850,36.5058166175,36.6796145105,35.380390406377956,34.67158172582353,34.99874394844037,34.4295323723372
3851,36.5264367065,36.713490371,35.378621823591835,34.70017260552941,34.944484459558126,34.41131220896521
3852,36.572095475,36.713490371,35.37958487239496,34.78161329317647,34.92856757216301,34.409389403776224
3853,36.510235208000005,36.672250193,35.37466949311688,34.81436284629412,34.90968565083601,34.413358965571035
3854,36.5382196145,36.6737230565,35.386677485183675,34.88558012847059,34.870899250147836,34.42622241236279
3855,36.504343754000004,36.681087374,35.366495979661735,34.83532949141176,34.88268970297872,34.39913597210938
3856,36.5264367065,36.6678316025,35.36896325400446,34.81436284629412,34.87871011083547,34.41696380557201
3857,36.52790957,36.6413200595,35.3499024787315,34.832383764411766,34.876027295,34.39555475335128
3858,36.5676768845,36.6884516915,35.366815983869515,34.77710806364706,34.91925524,34.42399293516187
3859,36.5264367065,36.6678316025,35.368351901871236,34.797035040411764,34.9101824844333,34.4175094488788
3860,36.5441110685,36.698761736,35.38329325832498,34.87674294747059,34.87527498134635,34.408411270892145
3861,36.542638205,36.692870282,35.38176389650301,34.75995353582353,34.90196338533804,34.42317016371542
3862,36.5087623445,36.695816009,35.3821648735065,34.82735870070589,34.914252096268584,34.42369797438061
3863,36.5765140655,36.695816009,35.38553158251414,34.825625920117645,34.86972439766431,34.439710801401546
3864,36.5382196145,36.6442657865,35.378612145984256,34.78871769358824,34.91396436062187,34.42961952312997
3865,36.5765140655,36.676668783500006,35.38619049672768,34.82389313952941,34.87392489904025,34.42251378679023
3866,36.5382196145,36.734110460000004,35.387426132283466,34.84884518,34.88234384375,34.43279973071429
3867,36.5441110685,36.681087374,35.38014962329359,34.82631903235294,34.873754343895705,34.43011544633933
3868,36.5735683385,36.695816009,35.387596791853824,34.82857164711765,34.87706198657534,34.42341472199119
3869,36.5205452525,36.663413012,35.37947366344207,34.86097464411765,34.86856254620968,34.415857229911424
3870,36.566204021000004,36.719381825,35.38696282597128,34.864093649176475,34.85995833518109,34.44051357810232
3871,36.560312567000004,36.737056187,35.386058991058036,34.88367406982353,34.86903396317757,34.44085744662847
3872,36.529382433500004,36.737056187,35.383877933847174,34.84832534582353,34.87287611078948,34.427085042160996
3873,36.479305074500004,36.710544644,35.37798920259168,34.89199141664706,34.86727100296939,34.43230723220711
3874,36.4940337095,36.722327552,35.378707824125,34.892684528882356,34.8567984928375,34.42714642284734
3875,36.535273887500004,36.731164733,35.37910234113393,34.90879938835294,34.839437906306216,34.42566264654639
3876,36.504343754000004,36.740001914000004,35.38624998738776,34.84849862388236,34.86896960093987,34.43536889104092
3877,36.504343754000004,36.725273279,35.37830730134533,34.83047770576471,34.85112163054096,34.43487337512451
3878,36.501398027,36.716436098,35.37499936424107,34.786118522705884,34.864464659858875,34.39756436865261
3879,36.510235208000005,36.714963234500004,35.371872796811026,34.786118522705884,34.88232069345035,34.40922372423593
3880,36.5205452525,36.769459184,35.38783700984027,34.789237527764705,34.87876018201504,34.440815338714934
3881,36.498452300000004,36.766513457,35.3893860845,34.73898689070588,34.8955674360423,34.42830200882119
3882,36.495506573,36.778296365,35.39394715673341,34.72165908482353,34.907376966866565,34.43860325283569
3883,36.463103576,36.716436098,35.381586525261696,34.77849428811765,34.868106845953584,34.43667749750993
3884,36.523490979500004,36.766513457,35.39304194211607,34.80431271888236,34.870804235818184,34.43859850439813
3885,36.498452300000004,36.663413012,35.372475490861646,34.70415800088235,34.949280168249146,34.427579241125166
3886,36.536746751,36.642792923,35.374562838476564,34.813496456,34.86453613479302,34.42775235167102
3887,36.551475386,36.701707463000005,35.37727503970357,34.80396616276471,34.87245309929556,34.4150590070041
3888,36.524963843,36.719381825,35.35819293966072,34.72945659747059,34.89495983482143,34.40380710347259
3889,36.457212122,36.70465319,35.35084477561305,34.66447732541177,34.89789168139581,34.40657341868652
3890,36.52790957,36.737056187,35.36522686466373,34.84156750152941,34.85976059940517,34.416188358063685
3891,36.516126662000005,36.7944978635,35.37063818398383,34.698613103,34.86522330534193,34.3959544812349
3892,36.492560846,36.734110460000004,35.37075386363598,34.74331884217647,34.87248930776074,34.40420419894087
3893,36.4469020775,36.664885875500005,35.35827603534795,34.657026368882356,34.91722237361512,34.399256394868125
3894,36.530855297,36.710544644,35.371021317734375,34.82129396864706,34.875545952807286,34.42794459725735
3895,36.513180935,36.766513457,35.38113042778403,34.793569479235295,34.90038447080653,34.413910451208025
3896,36.529382433500004,36.734110460000004,35.378211290596596,34.7729493902353,34.90641075591837,34.39988925007086
3897,36.52790957,36.745893368000004,35.37071447117188,34.73812050041177,34.88167564182626,34.42183979585739
3898,36.536746751,36.740001914000004,35.38678183503937,34.75804747717647,34.90559180554948,34.43636731578993
3899,36.536746751,36.76356773,35.385901909088865,34.736041163705885,34.89988890070262,34.42133042644848
3900,36.5323281605,36.707598917,35.375764352165355,34.74366539829412,34.91630614629113,34.44095190736028
3901,36.554421113000004,36.745893368000004,35.379500171671545,34.73500149535294,34.909933153595674,34.43203905883905
3902,36.536746751,36.7562034125,35.38016755533117,34.709702898764704,34.91746156713433,34.42322938975878
3903,36.486669392,36.76356773,35.37683609460967,34.71420812829412,34.90936485882946,34.43662286117494
3904,36.4498478045,36.692870282,35.369752288022326,34.71420812829412,34.94107876625,34.43896573504587
3905,36.522018116,36.676668783500006,35.375919903928576,34.81401629017647,34.88716649173252,34.444703162423195
3906,36.530855297,36.686978828,35.376870822445184,34.83498293529412,34.86106935074899,34.42666894222727
3907,36.5205452525,36.666358739,35.3823778738768,34.79426259147059,34.906453882257736,34.431256792641086
3908,36.533801024,36.737056187,35.3829404157563,34.85594958041177,34.85304907174312,34.425954322385905
3909,36.5441110685,36.740001914000004,35.38237829348214,34.92924619929412,34.82315498226415,34.42452457558119
3910,36.519072389,36.70465319,35.382480575669646,34.86461348335294,34.87006189165521,34.438159357475726
3911,36.535273887500004,36.70465319,35.378106079785255,34.83532949141176,34.8695855027551,34.42758290189974
3912,36.5500025225,36.719381825,35.384909858682896,34.85404352176471,34.853800324489164,34.427489428061676
3913,36.5500025225,36.695816009,35.38418910795637,34.91867623770588,34.809579101769636,34.440908929302324
3914,36.5647311575,36.7238004155,35.40099939003636,34.884193904,34.859176308435586,34.45212437366696
3915,36.530855297,36.7385290505,35.38832562278,34.81176367541177,34.8811279432449,34.44573092384582
3916,36.510235208000005,36.740001914000004,35.38207026501074,34.86461348335294,34.8207580155814,34.41969598779198
3917,36.5146537985,36.709071780500004,35.384376566910284,34.877782615823534,34.865071642288136,34.46400062958052
3918,36.5146537985,36.642792923,35.38377930159664,34.856989248764705,34.8660914645792,34.43934299704698
3919,36.5441110685,36.725273279,35.380299033314245,34.845206340764705,34.86681096017338,34.42118097554363
3920,36.4940337095,36.7061260535,35.37114890990736,34.84191405764706,34.835360899723504,34.43842109657244
3921,36.5647311575,36.695816009,35.38288749051948,34.87553000105883,34.840128232755106,34.448596175067266
3922,36.5117080715,36.6206999705,35.36980953948052,34.863227258882354,34.859734170845215,34.44741295558583
3923,36.5028708905,36.6383743325,35.37232369659664,34.89822942676471,34.87638458094608,34.47766812838287
3924,36.4969794365,36.603025608500005,35.367766552410714,34.86807904452941,34.864156303389834,34.435781438876404
3925,36.4969794365,36.5765140655,35.3680786592,34.898922539,34.83464367509474,34.44510576814881
3926,36.4940337095,36.589769837,35.3674755770271,34.91521067652941,34.83515827086216,34.441980383557315
3927,36.4645764395,36.622172834,35.370513559732146,34.82077413447059,34.889103449000004,34.44426020005343
3928,36.545583932,36.660467285,35.38438010200893,34.82077413447059,34.89147910073347,34.443999945409544
3929,36.516126662000005,36.6148085165,35.38783673870968,34.896150090058825,34.89516611822479,34.47119408888889
3930,36.427754852,36.566204021000004,35.373596987780004,34.811243841235296,34.911570571830985,34.45739795595075
3931,36.486669392,36.684033101000004,35.37197266288386,34.78317279570588,34.9121158623061,34.43845938606034
3932,36.4881422555,36.6589944215,35.38595171337412,34.85664269264706,34.88996734736518,34.4643347905861
3933,36.463103576,36.6383743325,35.36847765714286,34.83186393023529,34.874389422635495,34.47008246784595
3934,36.524963843,36.701707463000005,35.3932369044898,34.83290359858824,34.85600302130841,34.45048340612801
3935,36.529382433500004,36.714963234500004,35.39341548197818,34.865653151705885,34.88378928801249,34.45727999009354
3936,36.529382433500004,36.585351246500004,35.39520685032258,34.89736303647059,34.87345230507102,34.468799899916434
3937,36.451320668,36.666358739,35.376999302465,34.88298095758824,34.857460041981135,34.44375473679856
3938,36.5117080715,36.7532576855,35.39607199214546,34.82354658341177,34.877992699526814,34.45290206514286
3939,36.4586849855,36.701707463000005,35.387655300202766,34.801020435764705,34.882909511184835,34.45660416462185
3940,36.539692478,36.7355833235,35.39945353971765,34.914517564294115,34.86638077113491,34.476558304876036
3941,36.460157849,36.676668783500006,35.376768327603685,34.85646941458823,34.87293370116515,34.458655296252886
3942,36.5087623445,36.651630104,35.3851638758,34.94830678576471,34.85215951006309,34.49877444528767
3943,36.536746751,36.686978828,35.40490926964757,34.914171008176474,34.855097335265306,34.462011065686625
3944,36.519072389,36.701707463000005,35.40538396131797,34.90152170988235,34.89576640292857,34.48078627091474
3945,36.492560846,36.6825602375,35.39153225702857,34.876569669411765,34.87443743443806,34.46481066925995
3946,36.542638205,36.7179089615,35.40832383608,34.92058229635294,34.885331854747065,34.47937882428637
3947,36.495506573,36.716436098,35.404254853513514,34.83169065217647,34.92118762414596,34.45383514612546
3948,36.5500025225,36.7296918695,35.40013052192166,34.885926684588235,34.88544360636364,34.44831465220244
3949,36.5441110685,36.7355833235,35.38536474632686,34.919542628,34.85536416219235,34.43450268574118
3950,36.5087623445,36.7179089615,35.38779104799079,34.862880702764706,34.8985571893617,34.463461364113414
3951,36.5087623445,36.7591491395,35.402479535,34.88540685041177,34.91464661620215,34.471494178330154
3952,36.4586849855,36.678141647000004,35.37951043292166,34.907932998058826,34.84752479009605,34.43633549791209
3953,36.401243309,36.529382433500004,35.35780720224768,34.792876367,34.89197062328,34.40223404766874
3954,36.513180935,36.7326375965,35.40786557763732,34.890258636058824,34.894354572433,34.46678372910067
3955,36.4822508015,36.686978828,35.39361951501714,34.903947602705884,34.91517341146983,34.46721166566758
3956,36.4822508015,36.598607018,35.38813364955102,34.912958061764705,34.892162902792144,34.475098469573595
3957,36.4586849855,36.701707463000005,35.39728717892,34.81678873911765,34.947295659400105,34.460472944042934
3958,36.4586849855,36.7238004155,35.408078371467184,34.90013548541177,34.92256948418628,34.44379468330973
3959,36.504343754000004,36.67519592,35.39993178716,34.860454809941174,34.900717899659966,34.4502591593802
3960,36.504343754000004,36.740001914000004,35.405444277362164,34.860454809941174,34.89580822670414,34.44595012614108
3961,36.5146537985,36.7296918695,35.402739518991936,34.90620021747059,34.880708322649404,34.441754922465506
3962,36.5087623445,36.669304466,35.3809713784072,34.851097794764705,34.886150610398346,34.43686553732199
3963,36.4822508015,36.70465319,35.380118065877554,34.801020435764705,34.92005756228278,34.435779947972975
3964,36.5175995255,36.775350638,35.39205634621838,34.89563025588235,34.89326580428287,34.45329455839685
3965,36.533801024,36.7002345995,35.39333078069498,34.95333184947059,34.85907276835131,34.454271090533744
3966,36.489615119,36.7532576855,35.39282030507519,34.76185959447059,34.909800434487956,34.39896446290893
3967,36.522018116,36.726746142500005,35.38926160826255,34.89753631452941,34.87385119671996,34.42637408714411
3968,36.498452300000004,36.726746142500005,35.38391608050193,34.80327305052941,34.88983826821627,34.42085230748071
3969,36.46899503,36.8092264985,35.39079140928572,34.811243841235296,34.88997587342039,34.415823311000004
3970,36.5117080715,36.766513457,35.39366180464286,34.884367182058824,34.86899054440083,34.43713808391837
3971,36.445429214,36.6206999705,35.38445947930502,34.85057796058824,34.89680248468915,34.419196754800936
3972,36.3968247185,36.5441110685,35.3738830042126,34.85057796058824,34.882902292574975,34.43287850745223
3973,36.374731766000004,36.660467285,35.3821077503827,34.782999517647056,34.91716448134215,34.431820001037174
3974,36.501398027,36.770932047500004,35.38670874596,34.79391603535294,34.907700449839034,34.41338402814815
3975,36.5028708905,36.716436098,35.39626599356,34.86859887870588,34.90023292653669,34.438972971662054
3976,36.451320668,36.728219006,35.399722313240005,34.925953916176475,34.87175297347599,34.472081782844604
3977,36.451320668,36.695816009,35.389000615081144,34.859761697705885,34.907822030460075,34.45802778528251
3978,36.418917671,36.6177542435,35.38167368285714,34.85525646817647,34.88219762619835,34.46075136173437
3979,36.3703131755,36.5617854305,35.37367732578909,34.72928331941176,34.94424911071465,34.438426772375536
3980,36.471940757,36.684033101000004,35.3961741465251,34.80050060158824,34.908116237639945,34.442135235137364
3981,36.4940337095,36.710544644,35.40794262367916,34.84433995047059,34.907671082276835,34.448114898244036
3982,36.3614759945,36.625118561,35.386452332000005,34.838621774529415,34.90843128470466,34.44724988452514
3983,36.4498478045,36.67519592,35.39853093032,34.817828407470586,34.9511990121659,34.45101216779613
3984,36.436592033000004,36.639847196000005,35.395345595836964,34.834289823058825,34.908393534211065,34.457060842345015
3985,36.492560846,36.676668783500006,35.39732645528,34.910705447,34.85922044914521,34.460824586838534
3986,36.466049303,36.666358739,35.40119538790323,34.843300282117646,34.92602779441861,34.43356687248273
3987,36.349693086500004,36.5500025225,35.370613013840725,34.82181380282353,34.87198792266881,34.44772490765958
3988,36.477832211,36.684033101000004,35.40187755926487,34.888699133529414,34.86417081970241,34.445601933036365
3989,36.389460401,36.631010015,35.376388233797236,34.768097604588235,34.89988344459893,34.435211450975835
3990,36.498452300000004,36.6825602375,35.38386775592,34.829611315470586,34.881541685162624,34.45837468836058
3991,36.513180935,36.6884516915,35.3940101311116,34.83619588170588,34.88930961494662,34.47416961874825
3992,36.495506573,36.6796145105,35.39372965648557,34.81488268047059,34.88547018407598,34.44225225107191
3993,36.5146537985,36.669304466,35.3793378824,34.801366991882354,34.8820147903791,34.444010657589914
3994,36.5058166175,36.6737230565,35.38761556914286,34.83498293529412,34.90452496132181,34.461434964255915
3995,36.480777938,36.689924555000005,35.384763872317976,34.85750908294118,34.90565671779617,34.452915590594195
3996,36.392406128000005,36.633955742,35.38724607028571,34.853523687588236,34.920038816556506,34.43962796972973
3997,36.507289481,36.653102967500004,35.386931312,34.830824261882356,34.87841023927862,34.444769179635
3998,36.4940337095,36.6589944215,35.398378079503374,34.79149014252941,34.92848722893683,34.44147786381181
3999,36.457212122,36.672250193,35.38087572658358,34.770523497411766,34.90246437100154,34.407963385402844
4000,36.4380648965,36.681087374,35.39343513935484,34.71524779664706,34.9465256074312,34.40881091663717
4001,36.4380648965,36.6442657865,35.38288696910172,34.75666125270588,34.917544322478676,34.3806933495376
4002,36.4557392585,36.6442657865,35.399495501107026,34.82475952982353,34.858729363406425,34.41931278330645
4003,36.4616307125,36.6442657865,35.38744883580235,34.61959830817647,34.94808932222331,34.38083596862834
4004,36.3909332645,36.6442657865,35.38884276152,34.70207866417647,34.92159729879003,34.385343488541864
4005,36.4380648965,36.642792923,35.37617707057143,34.680765462941174,34.93355139268366,34.37065167634241
4006,36.4439563505,36.64573865,35.38030977977883,34.716287465,34.94465179718892,34.39697145830693
4007,36.466049303,36.669304466,35.3830617458871,34.73222904641177,34.885271163667355,34.38039482660854
4008,36.418917671,36.64573865,35.37038418898482,34.79616865011765,34.89394964503226,34.40511902533516
4009,36.4321734425,36.6089170625,35.37791341930502,34.769310551000004,34.88402349004132,34.39264802698864
4010,36.407134763,36.6265914245,35.386484165747696,34.7906237522353,34.90874262183013,34.39684109510374
4011,36.4704678935,36.6206999705,35.376907984928,34.84347356017647,34.9036182644926,34.40449253784186
4012,36.477832211,36.6354286055,35.37710997763657,34.846939121352946,34.88145369283721,34.38506476644793
4013,36.4999251635,36.5706226115,35.37998146345684,34.830824261882356,34.871261879656394,34.38796561708603
4014,36.4616307125,36.6000798815,35.391104008480475,34.81366973405883,34.893136612579326,34.41007832961326
4015,36.4940337095,36.651630104,35.391862862228955,34.79252981088236,34.85411396,34.40558589548645
4016,36.280468502000005,36.616281380000004,35.36134203448369,34.71282190382353,34.918872342814375,34.38904089655173
4017,36.418917671,36.5323281605,35.36347237044898,34.71767368947059,34.85609802952573,34.40857579966213
4018,36.5058166175,36.642792923,35.39812675307692,34.80708516782353,34.87000462746479,34.397934714309095
4019,36.510235208000005,36.64573865,35.40415248523077,34.81869479776471,34.882102903498215,34.410969675409255
4020,36.436592033000004,36.619227107,35.37331348525097,34.75302241347059,34.91527049766446,34.37142953668524
4021,36.5058166175,36.554421113000004,35.3790509646478,34.88696635294118,34.85505305480307,34.407676026292535
4022,36.4999251635,36.5971341545,35.37863373864865,34.833423432764704,34.897757049236986,34.39650838965578
4023,36.523490979500004,36.625118561,35.376883702060034,34.87206443988235,34.85991216447595,34.39716704
4024,36.4704678935,36.633955742,35.38866796402595,34.76480532147059,34.89641852182371,34.37832537359441
4025,36.442483487000004,36.6148085165,35.38489622641129,34.78975736194118,34.92774965859775,34.40576517597904
4026,36.4822508015,36.642792923,35.3951335743985,34.85490991205882,34.88867345614717,34.412731491673824
4027,36.430700579,36.6118627895,35.38922523783784,34.82874492517647,34.90473308289929,34.42129315695917
4028,36.516126662000005,36.657521558,35.395755156375216,34.76983038517647,34.8795845124424,34.40520460734177
4029,36.4881422555,36.601552745,35.39010931854839,34.81384301211765,34.917816083640105,34.42628384224688
4030,36.448374941000004,36.6413200595,35.39022879247878,34.754062081823534,34.89667767638028,34.41966497340093
4031,36.5205452525,36.619227107,35.393798473469474,34.85594958041177,34.85444621021127,34.43586035012146
4032,36.433646306,36.585351246500004,35.3837892032,34.840181277058825,34.89099316066038,34.41752015835023
4033,36.4999251635,36.595661291,35.39117740497297,34.85716252682353,34.85042514703456,34.40365448777568
4034,36.522018116,36.6118627895,35.393945926076725,34.85716252682353,34.86683183110092,34.42142337114209
4035,36.516126662000005,36.6148085165,35.37369311150316,34.837408828117645,34.85618296624807,34.39099659843591
4036,36.5028708905,36.572095475,35.3637431220058,34.77710806364706,34.859087246184615,34.37869360722759
4037,36.405661899500004,36.460157849,35.365794362277995,34.773989058588235,34.87433324635003,34.37769138286897
4038,36.405661899500004,36.589769837,35.36503646394737,34.699652771352945,34.924639728651684,34.3424019319153
4039,36.463103576,36.5470567955,35.37446210128842,34.83307687664706,34.88368213981162,34.37187070436049
4040,36.3968247185,36.524963843,35.359268016281085,34.811243841235296,34.872078641490155,34.355082612342805
4041,36.491087982500005,36.5441110685,35.35571969792,34.810550729,34.85044891426811,34.38588241417911
4042,36.442483487000004,36.541165341500005,35.361505036842104,34.765498433705886,34.85234950190137,34.370147581842474
4043,36.501398027,36.6442657865,35.37044350950737,34.772429556058825,34.864361172143205,34.387170869927864
4044,36.4586849855,36.5941884275,35.36000683645838,34.75007668647059,34.88608389425564,34.3758200128453
4045,36.52790957,36.633955742,35.354465241690846,34.81522923658824,34.79743758954129,34.40377236717972
4046,36.536746751,36.648684377,35.36894523285714,34.797035040411764,34.84330721324,34.393239404
4047,36.4969794365,36.6383743325,35.34694527554082,34.867559210352944,34.84503656327273,34.392230118355016
4048,36.5175995255,36.625118561,35.34697416176,34.78802458135294,34.86488820109128,34.378755110832564
4049,36.529382433500004,36.684033101000004,35.35952399236842,34.80275321635294,34.838784434846815,34.38957172409725
4050,36.5175995255,36.663413012,35.388653403675725,34.841740779588235,34.86953046617706,34.39154841353508
4051,36.460157849,36.6383743325,35.3680131986,34.77918740035294,34.88101361549121,34.40251038771389
4052,36.5323281605,36.6383743325,35.37241624536679,34.85439007788236,34.85046916425728,34.414781303159316
4053,36.4969794365,36.698761736,35.38151944302737,34.87449033270588,34.857772536316325,34.413172419946385
4054,36.4969794365,36.6501572405,35.37514587656371,34.909839056705884,34.84875495865238,34.41220674809917
4055,36.5382196145,36.654575831,35.38271554826255,34.925953916176475,34.848163573148895,34.41598659963636
4056,36.533801024,36.625118561,35.36361424628,34.81453612435294,34.87013118359329,34.37788792658228
4057,36.386514674,36.6265914245,35.37004460024649,34.898575982882356,34.84955425086342,34.41979950293956
4058,36.467522166500004,36.6678316025,35.375789812298386,34.93669715582353,34.86626152211679,34.40361295165508
4059,36.43953776,36.625118561,35.358971032406856,34.93271176047059,34.85608192664567,34.4072295785124
4060,36.43953776,36.625118561,35.374006835,34.94796022964706,34.87047486740781,34.43796752968015
4061,36.417444807500004,36.648684377,35.368786357668206,34.91347789594118,34.86745469342857,34.39404592278481
4062,36.3349644515,36.563258294,35.35032424714076,34.81609562688235,34.931711248933475,34.41381619402561
4063,36.4262819885,36.603025608500005,35.355673121345625,34.92803325288236,34.82219409449245,34.40754553160723
4064,36.32170868,36.5175995255,35.36278630543779,34.79495570370588,34.933370556485315,34.39786169837476
4065,36.492560846,36.58682411,35.37958557115676,34.92422113558824,34.83432464188383,34.43197685580465
4066,36.4439563505,36.669304466,35.390234979459464,34.83498293529412,34.90638392638298,34.41462523546642
4067,36.5146537985,36.631010015,35.37996868454545,34.899269095117646,34.883732432407314,34.424556894012035
4068,36.4851965285,36.6855059645,35.38596524024194,34.8848870162353,34.86833252912442,34.42325479270382
4069,36.4851965285,36.6619401485,35.38730674779412,34.90221482211765,34.853079284517456,34.430546560758685
4070,36.486669392,36.619227107,35.40262073967742,34.945187780705886,34.895989137217576,34.43688061365492
4071,36.4233362615,36.607444199,35.37750671329912,34.92612719423529,34.90217734656317,34.4366630254986
4072,36.427754852,36.592715564,35.42127806162162,34.99890397894118,34.84070505562732,34.45462787892328
4073,36.46899503,36.5765140655,35.406186308,34.890258636058824,34.92492082331374,34.44783116623195
4074,36.46899503,36.663413012,35.406632840967745,34.955584464235294,34.86599241190527,34.420660738389834
4075,36.4616307125,36.5558939765,35.39768212664417,34.87258427405882,34.92374595976951,34.45405534678029
4076,36.404189036000005,36.6796145105,35.40830217187445,34.90429415882353,34.89821097377663,34.430988852538
4077,36.418917671,36.669304466,35.39991167,34.93894977058824,34.89238801466597,34.44975970013699
4078,36.533801024,36.648684377,35.40232764512,34.93739026805883,34.881000115778946,34.4490641082042
4079,36.480777938,36.6295371515,35.38898642099892,34.878129171941175,34.866052444624046,34.44863539936958
4080,36.535273887500004,36.633955742,35.39991332546083,34.88644651876471,34.92137002568659,34.42134913612178
4081,36.522018116,36.601552745,35.388798622372576,34.86842560064706,34.885577196213646,34.43883366257261
4082,36.3408559055,36.5941884275,35.3857005320553,34.885233572352945,34.923812901066235,34.414928441024934
4083,36.295197137,36.554421113000004,35.37217286572106,34.86374709305883,34.91657320882574,34.41925415058544
4084,36.495506573,36.6000798815,35.40150927918483,34.94362827817647,34.86278464145358,34.44087286034133
4085,36.5470567955,36.572095475,35.388768432064516,34.83290359858824,34.93790488680851,34.41087246198853
4086,36.489615119,36.639847196000005,35.39579802409774,34.851097794764705,34.901210275274046,34.44741977168631
4087,36.551475386,36.607444199,35.4012915984346,34.851097794764705,34.92198666789019,34.41517316416894
4088,36.530855297,36.654575831,35.40099930776498,34.78819785941177,34.959287048248704,34.41253036903042
4089,36.495506573,36.6560486945,35.38936856936649,34.88904568964706,34.922144049246754,34.445291470933455
4090,36.529382433500004,36.566204021000004,35.38177655513081,34.961475918235294,34.87144548631524,34.466570153409094
4091,36.545583932,36.6943431455,35.37723101150579,34.890258636058824,34.85311521508363,34.42001689985942
4092,36.533801024,36.6089170625,35.38650023,34.89511042170588,34.85151170603834,34.43325367247571
4093,36.5529482495,36.622172834,35.3854706560173,34.929419477352944,34.85324132539149,34.45143982836364
4094,36.529382433500004,36.6501572405,35.38998177596,34.88939224576471,34.906417980993794,34.448013462510424
4095,36.477832211,36.6501572405,35.3890278204054,34.89978892929412,34.87671221177378,34.43101234507253
4096,36.5441110685,36.613335653,35.39340660378379,34.91191839341177,34.86202462558235,34.43801908352675
4097,36.489615119,36.5264367065,35.38380234586873,34.91607706682353,34.8613853442982,34.42817040980663
4098,36.5117080715,36.6707773295,35.40145656347199,34.91850295964706,34.8903755921483,34.4376283042189
4099,36.501398027,36.728219006,35.403044455360785,34.875356723,34.90616824669725,34.409922207917646
4100,36.467522166500004,36.633955742,35.37523550883065,34.88159473311765,34.885053074375,34.41629501692962
4101,36.4763593475,36.6707773295,35.391648721292974,34.96286214270589,34.85730549253264,34.425194607335165
4102,36.4645764395,36.619227107,35.370005619618766,34.89649664617647,34.89312549932693,34.40822069394737
4103,36.4763593475,36.595661291,35.38558250689516,34.948653341882356,34.877545551085475,34.42949142975475
4104,36.533801024,36.740001914000004,35.40266733255784,34.927513418705885,34.843668588619245,34.41873053176471
4105,36.519072389,36.67519592,35.397222879717745,34.907932998058826,34.902868009361704,34.42364194114313
4106,36.519072389,36.663413012,35.40915568924308,34.944667946529414,34.882476313944956,34.44710753797007
4107,36.513180935,36.648684377,35.42003497076923,34.918849515764705,34.88375521156791,34.427545425384615
4108,36.513180935,36.6059713355,35.39178953771429,34.93583076552941,34.88246074996768,34.43092716217681
4109,36.5264367065,36.664885875500005,35.41096844432,34.911052003117646,34.89063577065744,34.40040410263737
4110,36.5028708905,36.616281380000004,35.38881594379033,34.890085358,34.914225583246555,34.3968888788102
4111,36.4940337095,36.631010015,35.39394161149838,34.869985103176475,34.82795055221159,34.411789522675676
4112,36.519072389,36.595661291,35.39829810288865,34.93461781911765,34.83177234783784,34.436523157951264
4113,36.519072389,36.666358739,35.401959687642105,34.90879938835294,34.854730658894525,34.422021204063746
4114,36.3290729975,36.613335653,35.38397249288,34.781786571235294,34.83879522595298,34.385876731632365
4115,36.4881422555,36.754730549,35.404017590123246,34.87431705464706,34.80075944268256,34.40337241286245
4116,36.4586849855,36.6796145105,35.39288238855788,34.82909148129412,34.8425157665886,34.39730514253165
4117,36.411553353500004,36.64573865,35.387404566053135,34.78975736194118,34.84936845438872,34.40940249211949
4118,36.424809125,36.692870282,35.38099346114272,34.81297662182353,34.85322951786047,34.39770431096227
4119,36.4645764395,36.686978828,35.391515432352946,34.80206010411765,34.86648354533605,34.40685075651655
4120,36.445429214,36.6560486945,35.37283478545454,34.845899453,34.825409390835524,34.42442668256576
4121,36.457212122,36.760622003,35.393782724724296,34.895283699764704,34.8225741045102,34.4163374300962
4122,36.286359956,36.678141647000004,35.376785916875,34.93894977058824,34.80432716629261,34.43006689567068
4123,36.35116595,36.678141647000004,35.36926409115637,34.85646941458823,34.800579299815666,34.43009192119787
4124,36.362948858,36.654575831,35.372186839758065,34.88540685041177,34.816300145849056,34.41542929656051
4125,36.374731766000004,36.719381825,35.37622533645161,34.78386590794118,34.82779345491003,34.39698537320999
4126,36.374731766000004,36.639847196000005,35.37824871090909,34.97499160682353,34.8273909300627,34.47636079454786
4127,36.3231815435,36.591242700500004,35.37143451689796,34.99942381311765,34.80323095064651,34.460468290337666
4128,36.4704678935,36.684033101000004,35.402197472041145,34.89874926094118,34.83079847330275,34.43215003271255
4129,36.4233362615,36.622172834,35.37331873675522,34.82770525682353,34.850311171664075,34.41192375422789
4130,36.309925772,36.631010015,35.36204450256468,34.66499715958824,34.84685361885974,34.39851511543599
4131,36.480777938,36.6913974185,35.376209927243245,34.806218777529416,34.80397509644717,34.414539970376836
4132,36.451320668,36.613335653,35.37181222377412,34.806218777529416,34.85748431582848,34.44611437595386
4133,36.480777938,36.657521558,35.3761957736,34.806218777529416,34.84633426925156,34.39201124127429
4134,36.489615119,36.6501572405,35.379218910357146,34.867212654235296,34.86376433465672,34.40598757847458
4135,36.523490979500004,36.701707463000005,35.38996653263158,34.91798312547059,34.81179275949444,34.425765982224256
4136,36.4469020775,36.604498472,35.39424374,34.84728567747059,34.89708967617021,34.42606851245283
4137,36.492560846,36.6413200595,35.395135175,34.880035230588234,34.875963600851065,34.43114081231644
4138,36.4203905345,36.6501572405,35.383111083636365,34.861667756352944,34.90284258683153,34.43617152856484
4139,36.501398027,36.6501572405,35.385612112550135,34.90775972,34.83277485254962,34.44247235651706
4140,36.4940337095,36.648684377,35.38322368525284,34.869118712882354,34.8858365945283,34.446393170867374
4141,36.2789956385,36.535273887500004,35.36699448686636,34.772256278,34.926414956322446,34.43319883113044
4142,36.442483487000004,36.67519592,35.38068615959678,34.776414951411766,34.917331788867926,34.441431460771405
4143,36.342328769,36.595661291,35.36487573539097,34.71247534770588,34.94907762166755,34.42486055924933
4144,36.417444807500004,36.560312567000004,35.381180130714284,34.795128981764705,34.85012933531101,34.451378729289274
4145,36.4351191695,36.684033101000004,35.377344746138995,34.79738159652941,34.85958124710752,34.428950250468084
4146,36.411553353500004,36.6413200595,35.37022229135658,34.73309543670588,34.88162875414039,34.416211182526695
4147,36.3762046295,36.625118561,35.37532244607143,34.760646648058824,34.89122178059898,34.42788386223448
4148,36.301088591,36.5323281605,35.36943062097959,34.68925608782353,34.89047650445703,34.42626301139264
4149,36.4262819885,36.541165341500005,35.38465530586508,34.740719671294116,34.842245048260196,34.43752415889933
4150,36.3644217215,36.628064288000004,35.383343864944884,34.692201814823534,34.88547676962848,34.43406802421799
4151,36.377677493,36.5323281605,35.37734325941177,34.69081559035294,34.872867985094345,34.41958065604993
4152,36.3467473595,36.495506573,35.37561597971429,34.649575412352945,34.86998926112676,34.43171552786447
4153,36.289305683,36.333491588,35.36526837106068,34.67192828194118,34.90625063854508,34.41903063817762
4154,36.289305683,36.4469020775,35.369241486866144,34.59014103817647,34.93746479037855,34.40949426711957
4155,36.3791503565,36.6560486945,35.370970176640625,34.67868612623529,34.8643232471028,34.40580574073019
4156,36.3791503565,36.610389926,35.3945472952521,34.75822075523529,34.863908556704544,34.41878779206003
4157,36.3261272705,36.6089170625,35.39533961843446,34.77606839529412,34.880854812844035,34.4163769997645
4158,36.3408559055,36.6118627895,35.37355864657143,34.68423102411765,34.87405554297546,34.404695009
4159,36.4086076265,36.622172834,35.37105241704814,34.73794722235294,34.854416575130784,34.40392814796321
4160,36.3703131755,36.598607018,35.37148282742644,34.662397988705884,34.878904217847534,34.409262194184905
4161,36.3349644515,36.598607018,35.388147745196854,34.5932600432353,34.91004067009679,34.41193840580852
4162,36.3349644515,36.689924555000005,35.39748033964286,34.67903268235294,34.90582424979592,34.41092269244545
4163,36.2760499115,36.4881422555,35.367880199285715,34.63709939211765,34.90839062532382,34.384469551320755
4164,36.389460401,36.6619401485,35.37934461021965,34.60244378035294,34.87043443230155,34.37968987017882
4165,36.418917671,36.648684377,35.38202692137796,34.75267585735294,34.88661627848731,34.402676640500005
4166,36.418917671,36.5794597925,35.38009414841014,34.68544397052941,34.92646176884233,34.42802327815989
4167,36.460157849,36.589769837,35.378395249760004,34.75215602317647,34.85437129631058,34.428544848264465
4168,36.4144990805,36.657521558,35.39502556714286,34.795128981764705,34.924043370249,34.44683534484047
4169,36.4469020775,36.6059713355,35.387585918,34.78871769358824,34.90758082969636,34.43002079375345
4170,36.3762046295,36.58682411,35.380867360472976,34.74713095947059,34.945496624940695,34.43589377523767
4171,36.442483487000004,36.6501572405,35.37518448464567,34.760300091941176,34.89309059463636,34.42410300944419
4172,36.467522166500004,36.58682411,35.384297302142855,34.8465925652353,34.91173629850468,34.45226155046576
4173,36.4203905345,36.6324828785,35.38937606502041,34.772429556058825,34.933159639447005,34.41697528628077
4174,36.454266395000005,36.6354286055,35.392822766,34.86080136605882,34.906353430827835,34.44112206133984
4175,36.445429214,36.583878383,35.37799874555429,34.849538292235295,34.85962554431573,34.41975893
4176,36.3290729975,36.477832211,35.374371059375,34.788544415529415,34.88251491456489,34.41953965012658
4177,36.427754852,36.566204021000004,35.37314920189189,34.80084715770588,34.866405354573075,34.417644234365824
4178,36.477832211,36.6560486945,35.37633978692,34.80275321635294,34.866552555751404,34.42774752693727
4179,36.4940337095,36.636901469,35.380998295714285,34.86253414664706,34.82725039056109,34.42180239532266
4180,36.474886484,36.672250193,35.41073217957529,34.841047667352946,34.877606132209664,34.45858667813212
4181,36.4999251635,36.601552745,35.411923233928576,34.841047667352946,34.89702086713924,34.446223781366626
4182,36.283414229,36.6707773295,35.373649169229715,34.82008102223529,34.88193203429931,34.43970122075279
4183,36.389460401,36.5146537985,35.370098586285714,34.89580353394118,34.854476491875324,34.44068902076513
4184,36.474886484,36.676668783500006,35.39732448107143,34.842953726000005,34.854796750877554,34.420107291969835
4185,36.477832211,36.647211513500004,35.40223800633065,34.9084528322353,34.873580057368144,34.46992474349107
4186,36.3850418105,36.6000798815,35.390820733163245,34.843646838235294,34.88466375584671,34.438580888979594
4187,36.491087982500005,36.6796145105,35.383324945764976,34.85664269264706,34.86924227325569,34.42464949535231
4188,36.3791503565,36.613335653,35.37546710360686,34.79460914758823,34.90586426275317,34.444875355933306
4189,36.491087982500005,36.6619401485,35.39356281530947,34.828225091,34.86383114983556,34.43035246110158
4190,36.407134763,36.575041202,35.387573199940576,34.78802458135294,34.89969773031579,34.42821209688502
4191,36.418917671,36.6383743325,35.38004639712941,34.77468217082353,34.905996169589045,34.407676852193106
4192,36.430700579,36.5117080715,35.38213036523042,34.824932807882355,34.886668376081296,34.42647533070345
4193,36.3143443625,36.6855059645,35.38012640208457,34.71507451858824,34.91784119061665,34.40867528813986
4194,36.430700579,36.6059713355,35.37836336411291,34.824932807882355,34.9012803204888,34.408879130707355
4195,36.392406128000005,36.647211513500004,35.3706970832,34.860628088,34.83522367412131,34.47164678890818
4196,36.480777938,36.622172834,35.39192277626515,34.797554874588236,34.906095815627616,34.41316222124886
4197,36.442483487000004,36.5941884275,35.38403234257143,34.79807470876471,34.88411618821918,34.43113099783589
4198,36.442483487000004,36.551475386,35.388933284178286,34.83463637917647,34.90148570405195,34.43678808452746
4199,36.3909332645,36.55736684,35.38133558588706,34.79807470876471,34.89281806755165,34.43446352899183
4200,36.4586849855,36.595661291,35.38128449361371,34.86582642976471,34.89120445679749,34.430674795902085
4201,36.405661899500004,36.625118561,35.37405273051519,34.81332317794118,34.86153305446808,34.409884850718086
4202,36.404189036000005,36.580932656,35.38368446624,34.88142145505883,34.86150963327714,34.437936257122175
4203,36.4557392585,36.678141647000004,35.37957910533207,34.83966144288235,34.87779851536548,34.4221841764619
4204,36.4027161725,36.619227107,35.3519928158453,34.85958841964706,34.861497764449,34.395251556627166
4205,36.349693086500004,36.572095475,35.358715174976,34.80899122647059,34.8525735583159,34.41989498455345
4206,36.29225141,36.657521558,35.363203342055755,34.82268019311765,34.83508299086614,34.42168121457859
4207,36.3585302675,36.607444199,35.365596393248,34.780227068705884,34.898152770833335,34.394006349619666
4208,36.445429214,36.5617854305,35.376944799728115,34.83654243782353,34.87109219771967,34.40361880266729
4209,36.4439563505,36.522018116,35.35536293765,34.784212464058825,34.924348493167706,34.396317528301886
4210,36.445429214,36.501398027,35.36359191266353,34.81453612435294,34.859511549867655,34.41469766498429
4211,36.445429214,36.5382196145,35.37077563592,34.80309977247059,34.854332018012485,34.40678682506089
4212,36.477832211,36.533801024,35.368370426445715,34.857335804882354,34.8681839975,34.43284335897413
4213,36.4557392585,36.529382433500004,35.3602126997551,34.86080136605882,34.847546704746286,34.43279018398253
4214,36.3968247185,36.55736684,35.355934695078126,34.78490557629412,34.88239955252792,34.40266331445518
4215,36.339383042,36.566204021000004,35.34782283745332,34.76515187758824,34.8682229863743,34.39967498446751
4216,36.380623220000004,36.539692478,35.368483793307085,34.790450474176474,34.85233435349057,34.40004872945652
4217,36.4144990805,36.5794597925,35.36720808476378,34.81297662182353,34.840326666036944,34.42603144295285
4218,36.4616307125,36.5794597925,35.366232802821145,34.86738593229412,34.84051320283905,34.434246852569906
4219,36.4469020775,36.566204021000004,35.3711273539546,34.88852585547059,34.814704327322175,34.425036317008086
4220,36.41008049,36.6000798815,35.37639695752896,34.841740779588235,34.877872416861315,34.42739961529775
4221,36.4439563505,36.551475386,35.37313318152798,34.871544605705886,34.85702182252719,34.43009395310954
4222,36.333491588,36.569149748,35.37375087214286,34.885926684588235,34.862687825131104,34.43727431480437
4223,36.3290729975,36.4881422555,35.364595024103004,34.78837113747059,34.89570834067848,34.423846972739426
4224,36.433646306,36.601552745,35.36756929390625,34.85335040952941,34.8425241408125,34.42944083844737
