frame,left_eye_temp,right_eye_temp,forehead_temp,nose_temp,left_cheek_temp,right_cheek_temp
0,37.370387492,36.96976862,36.615270323423005,33.30147211470588,35.367881377024965,35.49469331133106
1,37.3571317205,37.299690044,36.60693981413374,32.253313136882355,35.470996009123525,35.513992565397224
2,37.365968901500004,37.302635771,36.604390619295195,32.43490854252941,35.41811981599382,35.466630579541615
3,37.376278946,37.3070543615,36.60825039796842,32.496768809529414,35.41654444057143,35.51460106241758
4,37.3806975365,37.290852863,36.607566937625,32.28502302164706,35.38527437221248,35.57557891385943
5,37.3865889905,37.282015682,36.60523674944361,32.485505735705885,35.39543086498423,35.54008023632353
6,37.3821704,37.2834885455,36.62988282354592,32.165980995235294,35.42249623614679,35.53878913492362
7,37.3821704,37.2834885455,36.616793680347826,32.577862941058825,35.412666028259494,35.654650686938304
8,37.3821704,37.299690044,36.61131604471591,32.72982779864706,35.42541440561577,35.6652029493007
9,37.385116127,37.2363569135,36.6201353374026,33.2735743472353,35.35073036509434,35.73061956935154
10,37.355658857,37.3011629075,36.62058987767273,33.33318199947059,35.37697789640475,35.73844804676504
11,37.337984495,37.296744317,36.620551225869306,32.90951714564706,35.37591134143245,35.66936968393684
12,37.337984495,37.310000088500004,36.62349394792727,33.22037798317647,35.39905575356522,35.64851604793617
13,37.3571317205,37.2893799995,36.62294233003266,33.13581829047059,35.39723127026097,35.63717158605791
14,37.365968901500004,37.279069955000004,36.597445286403165,33.18537581529412,35.384249838130316,35.69733264750557
15,37.360077447500004,37.254031275500004,36.608315893724495,33.35068308341177,35.35322987687855,35.741958289700996
16,37.360077447500004,37.2510855485,36.61721283517787,33.272707956941176,35.3952584319797,35.72713519878652
17,37.355658857,37.2893799995,36.6135350276199,33.31550763747059,35.397588253524454,35.69639791881188
18,37.349767403,37.276124228,36.5945300006679,33.274614015588234,35.41245209,35.6478258085065
19,37.3482945395,37.287907136,36.59540442797774,33.15435904276471,35.445072127378964,35.63871182
20,37.3453488125,37.2775970915,36.59653440121884,33.21465980723529,35.40521604986487,35.66634360760046
21,37.343875949,37.2775970915,36.583888505773196,33.00949858558824,35.44194776296615,35.57113342805903
22,37.35271313,37.2451940945,36.587937615051544,32.92476561482353,35.450101823501576,35.59878093692135
23,37.3512402665,37.252558412,36.583136528335785,32.687028118117645,35.426959640284814,35.56373067355895
24,37.3424030855,37.2746513645,36.563979696530616,32.34619017641177,35.439708292930945,35.51831176437697
25,37.337984495,37.226046869,36.57794584244997,32.43057659105882,35.44290790557845,35.50545096536264
26,37.364496038,37.223101142000004,36.59738156698605,32.53662276305882,35.430129329863014,35.55635282325792
27,37.355658857,36.70465319,36.583181544354844,32.66762097552942,35.48263136297125,35.579935956685205
28,37.326201587,35.1389992895,36.553158658571434,32.1011750012353,35.47197159100154,35.35690180364239
29,37.314418679,34.854736634,,32.34185822494118,35.2299551625089,34.20316466407108
30,37.0272102965,36.357057404,,34.69757343464706,35.033789567288544,33.83893960107438
31,36.1641122855,36.778296365,,36.17528872029412,35.22611415316231,35.10137557915493
32,,,,,,
33,37.248139821500004,35.5072151645,,31.80920147211765,35.52637756633694,33.14032352
34,37.2186825515,34.6176056105,,33.18537581529412,35.52040331529412,33.08356439
35,37.223101142000004,34.4114047205,,33.21240719247059,35.705634761945205,32.24979823793673
36,37.234884050000005,36.2554298225,,30.579100532529413,35.80717845823455,30.92682008857143
37,37.2687599105,36.651630104,,33.18554909335294,35.67732212474186,33.24115083528541
38,37.261395593,36.6324828785,,32.445131948000004,35.31027007083366,35.29908009417323
39,37.2510855485,36.2024067365,36.61994304435993,32.72081733958824,35.26140274988101,35.44239540542056
40,37.32325586,36.766513457,36.62695844873787,33.51009889752941,35.26045675007452,35.50496180923077
41,37.367441765,37.1774423735,36.60627702415094,32.726188959411765,35.34864732273973,35.59834186536545
42,37.355658857,37.2363569135,36.58496755936975,33.12594144111765,35.30093642087379,35.718185326785715
43,37.337984495,37.2952714535,36.63488706570924,32.707301651,35.40664894663751,35.82363718544361
44,37.3865889905,37.3129458155,36.62217802928571,33.14881414488235,35.34414196378886,35.855243631468845
45,37.3630231745,37.32325586,36.61955441,33.15435904276471,35.34074328955342,35.85158478322339
46,37.371860355500004,37.2864342725,36.611712775625,33.329889716352945,35.32905810488761,35.83469076277905
47,37.371860355500004,37.3129458155,36.614985805625004,33.392443095588234,35.33019307600228,35.88946059394398
48,37.3689146285,37.3217829965,36.624986730625004,33.29280821176471,35.33029558293142,35.83835652503331
49,37.35271313,37.3306201775,36.64123079504546,33.10549463017647,35.356606623251004,35.856749730909094
50,37.364496038,37.320310133,36.63940475479052,33.23597300847059,35.33018950680851,35.838541976506804
51,37.379224673,37.2805428185,36.65472446860092,33.50004877011765,35.36427187353846,35.935410441653374
52,37.3571317205,37.299690044,36.64190027845455,33.612506230294116,35.33266263010926,35.91582629580448
53,37.364496038,37.35271313,36.65046578502767,33.33196905305883,35.36563879821203,35.86800976042818
54,37.3571317205,37.332093041,36.64127952197248,33.07135885258823,35.31682346823598,35.869078550664824
55,37.3571317205,37.32325586,36.640848510316204,33.11086625,35.36220459611271,35.88388017349345
56,37.3541859935,37.314418679,36.63629284771901,33.30545751005882,35.30357258549247,35.881012695218956
57,37.355658857,37.3158915425,36.637335156199214,33.28743659194118,35.30584126962832,35.86065680829374
58,37.346821676000005,37.273178501000004,36.62282744,33.37944724117647,35.31123400189858,35.87147845162491
59,37.337984495,37.2717056375,36.63992902175,33.52811981564706,35.290632818436364,35.897027689411765
60,37.343875949,37.273178501000004,36.638865287,33.493117647764706,35.293570818065675,35.89746347816581
61,37.3541859935,37.26434132,36.63067232142857,33.43610916641177,35.2777430312,35.881646874151784
62,37.3482945395,37.298217180500004,36.64288873897415,33.51408429288235,35.324139874691724,35.8642700072
63,37.3482945395,37.276124228,36.647426368435596,33.47371050517647,35.31695885774194,35.8810478151957
64,37.343875949,37.287907136,36.63633136980341,33.42831165376471,35.301553170307415,35.86424927717141
65,37.361550311,37.2334111865,36.63923152153781,33.517723132117645,35.29601449534938,35.890267445
66,37.3541859935,37.2893799995,36.63738250522727,33.50646005829412,35.32900382188482,35.85252984897959
67,37.3541859935,37.287907136,36.630592889716795,33.53349143547059,35.27506642,35.879251175304745
68,37.3453488125,37.284961409000005,36.63449650347826,33.44009456176471,35.29096399428572,35.87797223191199
69,37.361550311,37.29379859,36.63651465636364,33.47267083682353,35.30664581141177,35.8527577021264
70,37.3512402665,37.2893799995,36.63211031931848,33.51235151229412,35.29399280883611,35.858195029732144
71,37.3571317205,37.3188372695,36.63553699805195,33.4886124182353,35.26589544857633,35.84812137699036
72,37.3512402665,37.3011629075,36.62536085023377,33.54787351435294,35.259758144909746,35.88334303233359
73,37.358604584,37.3011629075,36.63350049328182,33.52188180552941,35.29816021950207,35.87250156927153
74,37.3571317205,37.3158915425,36.642182547135135,33.31394813494118,35.26818015258065,35.865482904869694
75,37.3630231745,37.290852863,36.64634349564876,33.47423033935294,35.28008693543335,35.88709544124138
76,37.3541859935,37.290852863,36.639847196000005,33.26664322488235,35.2870574766226,35.83300484782023
77,37.376278946,37.290852863,36.64811685161468,32.88265904652941,35.29045459211864,35.85655627699773
78,37.360077447500004,37.252558412,36.64822779642685,33.10393512764706,35.26344870893309,35.8594897796882
79,37.371860355500004,37.287907136,36.64330639834863,33.308403237058826,35.24321617551602,35.83568497844156
80,37.360077447500004,37.255504139,36.63989271182038,33.374595455529416,35.25487782054054,35.86059420313343
81,37.370387492,37.259922729500005,36.65649722083334,32.8140409352353,35.24331489162819,35.81929617893119
82,37.3571317205,37.258449866,36.65525746201835,33.36818416735294,35.2784919567742,35.843107456419844
83,37.358604584,37.258449866,36.64057210237453,32.98471982317647,35.26599757329017,35.852138591954834
84,37.355658857,37.2334111865,36.645284062500004,33.205129514,35.24799724254844,35.829917284746514
85,37.3306201775,37.261395593,36.637673343989306,33.15851771617647,35.24631087943662,35.814588176420905
86,37.332093041,37.243721231,36.637169262363635,33.15903755035294,35.242583725106385,35.82258469712
87,37.326201587,37.255504139,36.63161613166667,33.27686663035294,35.23110545323407,35.83730497665702
88,37.302635771,37.259922729500005,36.6083823982194,33.052298266117646,35.226559590515464,35.768023082900655
89,37.308527225,37.267287047,36.62311011077273,33.17411274147059,35.24411190838934,35.799425605910066
90,37.329147314000004,37.267287047,36.63075161789474,33.51252479035294,35.25480058619289,35.81676679654706
91,37.329147314000004,37.199535326,36.63931160927273,33.57074621811765,35.23128413044623,35.88219007063014
92,37.3276744505,37.237829777,36.63859749363637,33.259365546411765,35.23207055011778,35.82908969994532
93,37.3129458155,37.276124228,36.636098088909094,33.50472727770588,35.24172436669806,35.88204034330678
94,37.317364406,37.136202195500005,36.62854036509091,32.71007409994118,35.2547995627654,35.699539611424754
95,37.180388100500004,37.214263961,36.59057846794118,32.16112920958824,35.29033135316456,35.43981738744186
96,37.1597680115,37.217209688000004,36.55686586602041,33.00170107294118,34.93031497713528,35.606351502594286
97,37.0183731155,37.2393026405,36.56170791136842,32.676111600411765,34.95554658561841,35.44705941047407
98,36.55736684,37.240775504,36.53417707425532,32.47354954964706,34.89842293933272,35.36740883977087
99,34.6971402395,37.282015682,36.507398582,32.53159769935294,35.05039822782516,35.47043020238011
100,35.3834946305,37.2834885455,36.5319681272,32.55031172970588,35.09736677668123,35.51630791085616
101,34.954891352000004,37.2775970915,36.52835087741573,32.566946423352945,35.15857121612457,35.56056071173965
102,35.620625654,37.310000088500004,36.512105104269565,32.55620318370588,34.88417991004751,35.49381659
103,36.9594585755,37.299690044,36.51631468712766,32.96080745105883,34.99870068258065,35.54072064199037
104,37.013954525,37.332093041,36.54231801728261,33.20478295788235,35.13548707653846,35.600280321899376
105,37.155349421000004,37.326201587,36.5588397035,32.52951836264706,35.249634238436705,35.58266766132867
106,37.2775970915,37.3424030855,36.56920750735294,32.621009177705886,35.29742333539275,35.55298164095183
107,37.3070543615,37.3394573585,36.569748604587915,32.589992405176474,35.25845341847134,35.542168309596256
108,37.299690044,37.3365116315,36.5966432,32.730867467,35.332207223791826,35.633251209867794
109,37.299690044,37.3365116315,36.589605041083914,32.736412364882355,35.352551365973255,35.6138136603125
110,37.32325586,37.3129458155,36.60347879726923,32.847483600588234,35.23785899921509,35.7152168086176
111,37.273178501000004,37.302635771,36.609518758616545,32.68841434258824,35.188356342992705,35.63105225604317
112,37.217209688000004,37.302635771,36.58928168795428,33.056630217588236,35.10544762223278,35.75133341185993
113,37.2304654595,37.3011629075,36.5465876612,33.233200559529415,34.85234411736758,35.704831131889506
114,37.011008798,37.284961409000005,36.52552063431035,33.12108965547059,34.798055145112905,35.66268142919769
115,36.9830243915,37.284961409000005,36.51381420502081,34.16162439870588,34.677479650788385,35.94196302368272
116,36.9918615725,37.2510855485,36.47706305891053,33.14361580311765,34.74246041868966,35.969765407255174
117,36.916745534,37.279069955000004,36.48784012965385,33.3959086567647,34.57750442375443,35.98290057886702
118,36.825427997,37.254031275500004,36.49942233106855,32.419313517235295,35.0782191224,35.903125884933836
119,36.857830994000004,37.270232774,36.50531399345331,32.297152485764705,35.09490667527831,35.79330936010363
120,36.654575831,37.2923257265,36.5215988415774,32.45188979229412,35.25618953713855,35.68013150936464
121,36.7620948665,37.296744317,36.5062127669931,32.59293813217647,35.235336142653566,35.66471799885467
122,36.934419896,37.329147314000004,36.53938291869892,32.94711848441177,35.26433395632327,35.71711172240952
123,37.0802333825,37.343875949,36.55938972019549,32.61373149923529,35.17989534051402,35.70763789769231
124,37.178915237,37.349767403,36.585015534529646,32.56937231617647,35.137565442251656,35.657115742307695
125,37.214263961,37.3424030855,36.586432059219604,32.59085879547059,35.03674208696184,35.7161615598324
126,37.211318234000004,37.3276744505,36.5748570940625,33.26127160505882,34.91421801736593,35.80876346182499
127,37.1833338275,37.304108634500004,36.53465485791305,33.01902887882353,34.92352263248,35.82163866607481
128,37.108217789,37.304108634500004,36.55654918020453,33.64612217370588,34.9542087150126,35.90524794486322
129,37.178915237,37.3365116315,36.54877217393403,32.829635960529416,35.21556684565218,35.66091504979827
130,37.1509308305,37.3424030855,36.559725972012984,33.24515674558824,35.18290459540933,35.70332378183342
131,37.2334111865,37.3394573585,36.53981681063312,32.92147333170588,35.30644981497285,35.71655559997869
132,37.2127910975,37.3306201775,36.52589781224063,33.40145355464706,35.11126991416998,35.828491861664
133,37.120000697,37.3365116315,36.54601585678006,33.44407995711765,35.17067019034483,35.81277673403805
134,37.211318234000004,37.3394573585,36.52579567457596,33.04086191423529,35.26674628800325,35.626474194183146
135,37.161240875000004,37.358604584,36.55217180958231,32.712499992764705,35.347197302474065,35.664136166264804
136,37.149457967000004,37.3394573585,36.53106300312875,32.81819960864706,35.260686758351824,35.66411614864722
137,37.2157368245,37.3335659045,36.543340369443335,32.671779648941175,35.3874065216035,35.60517448218868
138,37.267287047,37.2805428185,36.53818345044085,32.69863774805882,35.210408727792206,35.66362686444565
139,37.296744317,37.335038768000004,36.52247400232143,33.02890572817647,35.107692650588234,35.761972547930476
140,37.290852863,37.3424030855,36.52705865096114,33.04692664629412,35.191581591532845,35.73418385187393
141,37.305581498,37.337984495,36.512358762392346,33.17497913176471,35.11291223542219,35.753504781282345
142,37.299690044,37.314418679,36.5354999849671,33.43368327358824,35.14241785459779,35.83052102297896
143,37.2893799995,37.304108634500004,36.530506806975445,33.36333238170588,35.12685960090062,35.8007286025402
144,37.2952714535,37.3129458155,36.52662949785373,33.33716739482353,35.137779487701586,35.81077256600954
145,37.2687599105,37.317364406,36.543309967113686,33.467299217000004,35.12511961846482,35.79791195067843
146,37.2834885455,37.3011629075,36.51500448028572,33.395215544529414,35.07419007260394,35.82528437864792
147,37.2893799995,37.32325586,36.515834523785124,33.00949858558824,35.08924609100443,35.78649201532941
148,37.276124228,37.317364406,36.49655442511057,33.17359290729412,35.077683509006725,35.725549644285714
149,37.270232774,37.302635771,36.51457728611039,33.31290846658824,35.01360225965436,35.721374205559684
150,37.267287047,37.310000088500004,36.531482003991684,33.316893861941175,34.987285760874634,35.64050362012365
151,37.240775504,37.276124228,36.543401912,33.785091176882354,35.09976009338646,35.815976612657806
152,37.231938323,37.240775504,36.53124104696429,33.60990705941177,35.12446235298302,35.84673219741936
153,37.254031275500004,37.193643872,36.551863833516485,33.965646914176475,35.170684498591775,35.880587411350035
154,37.254031275500004,37.252558412,36.54767400364115,33.77642727394118,35.19724392169572,35.88177307931076
155,37.267287047,37.2746513645,36.551327213838164,33.67263371670588,35.26548736333844,35.91530780445868
156,37.2628684565,37.279069955000004,36.549620012843086,33.751475233470586,35.23357768817906,35.923731946645844
157,37.279069955000004,37.1744966465,36.55817250892308,33.87502248941176,35.20205711841122,36.01019273080762
158,37.284961409000005,37.211318234000004,36.54488709335484,33.809003549,35.192187290718145,35.960634248757245
159,37.276124228,37.2658141835,36.57406299187482,33.80501815364706,35.23349187574639,35.961679605990966
160,37.276124228,37.254031275500004,36.563647671706896,33.69152102511765,35.28142634968504,35.97730621023164
161,37.2628684565,37.26434132,36.57623585795,33.85301617594118,35.23303301633117,36.000823887265625
162,37.287907136,37.228992596,36.56629478569748,33.83083658441176,35.20854624539255,35.98940289544205
163,37.296744317,37.258449866,36.56790399270408,33.50160827264706,35.08006730441625,35.840092334979595
164,37.2893799995,37.276124228,36.562456221813186,33.47873556888236,35.0992083335313,35.8599935247305
165,37.2304654595,37.276124228,36.563594098376626,33.614585567,35.09939060984259,35.880574980013684
166,37.237829777,37.329147314000004,36.58085966857143,33.63763154882353,35.12584517825801,35.829016645555555
167,37.249612685,37.329147314000004,36.58479166395161,33.694293474058824,35.10475203336787,35.82635818573222
168,37.267287047,37.290852863,36.57445046,33.27755974258824,35.05968095513986,35.73560638640496
169,37.276124228,37.3217829965,36.58759107845709,33.38377919264706,35.12351763921602,35.755819019473684
170,37.254031275500004,37.308527225,36.57103038775826,33.53834322111765,35.14143634091879,35.75169721804303
171,37.2775970915,37.3129458155,36.57000288204918,33.55671069535294,35.126731951312294,35.74821117793343
172,37.2775970915,37.3011629075,36.548625455,33.509232507235296,35.123272908258066,35.710454801883344
173,37.282015682,37.258449866,36.53812609935714,32.916101711882355,35.114006422239505,35.65245051766355
174,37.290852863,37.299690044,36.550101298740685,33.08660732176471,35.12936235845081,35.672102426614174
175,37.270232774,37.29379859,36.562769671399344,33.58304896029412,35.194710762037175,35.7447726807665
176,37.310000088500004,37.2805428185,36.54453188664286,33.61822440623529,35.14155027210375,35.71920984907984
177,37.279069955000004,37.270232774,36.51825014,33.11866376264706,35.101065152746784,35.665266917619704
178,37.284961409000005,37.270232774,36.537928110265625,33.543888119,35.1668473789154,35.703504932402
179,37.2805428185,37.276124228,36.543294561283425,33.718205846176474,35.21530937356791,35.765520813057414
180,37.302635771,37.261395593,36.55516000773244,33.659118028117646,35.26112598558522,35.787935246352944
181,37.3129458155,37.242248367500004,36.543926113254436,33.58304896029412,35.24977687256637,35.77577795617947
182,37.3011629075,37.2186825515,36.537917261968786,33.65842491588236,35.19107511442077,35.78911250492897
183,37.308527225,37.252558412,36.5607019447069,33.49987549205883,35.16889133195059,35.720523134469374
184,37.3011629075,37.2658141835,36.5558656291678,33.53349143547059,35.21872862341556,35.706692267583286
185,37.326201587,37.223101142000004,36.57531207344827,33.71491356305882,35.21861964071429,35.77150618394178
186,37.317364406,37.261395593,36.56078289315967,33.51217823423529,35.17713844840865,35.67757873635817
187,37.310000088500004,37.2068996435,36.54479886390415,33.59517842441176,35.23200161280576,35.724451316053305
188,37.317364406,37.261395593,36.56258876820513,33.65132051547059,35.18723230613497,35.71386674143849
189,37.3188372695,37.2775970915,36.56877402739645,33.66674226270588,35.22125935806841,35.75272595797516
190,37.282015682,37.2393026405,36.56258537734266,33.64716184205882,35.193045398916254,35.72520767766864
191,37.2893799995,37.2334111865,36.554238634336286,33.76412453176471,35.183005251900454,35.7237367333935
192,37.284961409000005,37.240775504,36.55026320630531,33.597257761117646,35.204083595286626,35.66106261489958
193,37.3129458155,37.2216282785,36.54156193837838,33.49363748194118,35.20044165431072,35.70969015179425
194,37.2893799995,37.190698145,36.54689420667208,33.41115712594118,35.16533096431263,35.64892259073857
195,37.311472952,37.237829777,36.55297408921053,33.49762287729412,35.182499802574256,35.580861206852695
196,37.287907136,37.2658141835,36.547483150723686,33.31065585182353,35.181600030557185,35.63575946334573
197,37.299690044,37.2245740055,36.55667684989189,33.53626388441177,35.220914161429626,35.68646274584655
198,37.2952714535,37.2569770025,36.537863537609894,33.60020348811765,35.24290717206612,35.70940062353777
199,37.308527225,37.252558412,36.56445061207143,33.57594455988235,35.24912598396081,35.76407928800784
200,37.305581498,37.2510855485,36.56832218589967,33.52863964982353,35.23942090222819,35.71327466709472
201,37.3365116315,37.2628684565,36.57830843902655,33.399894052117645,35.22962639014413,35.75339575684013
202,37.3188372695,37.2510855485,36.543164227678574,33.55671069535294,35.2328126568533,35.70802837365535
203,37.29379859,37.2510855485,36.543833711087665,33.460194816588235,35.24341919631246,35.72317167884796
204,37.314418679,37.2010081895,36.55394769258929,33.564334929941175,35.21024807677808,35.71797012521682
205,37.3276744505,37.1892252815,36.534437937945945,33.61060017164706,35.19640442355617,35.69618498151456
206,37.311472952,37.2186825515,36.5485200949513,33.54059583588236,35.19477822114286,35.63874766028332
207,37.311472952,37.2186825515,36.54940541567568,33.55827019788235,35.215300022554345,35.66580382432433
208,37.310000088500004,37.226046869,36.537439153660934,33.490865033,35.20478384356071,35.694221444651475
209,37.310000088500004,37.231938323,36.55022568363636,33.510272175588234,35.233675733029706,35.706237294606304
210,37.320310133,37.2157368245,36.51144101383242,33.40717173058824,35.181060033201696,35.607033494139145
211,37.3070543615,37.2245740055,36.537944773942584,33.522921473882356,35.24814139839836,35.73169991270063
212,37.310000088500004,37.202481053,36.52918339789189,33.54787351435294,35.18656257058339,35.718722650020794
213,37.2628684565,37.17596951,36.538365573945946,33.26508372235294,35.168371352520666,35.750653556847155
214,37.2805428185,37.199535326,36.53472223317091,33.58426190670588,35.186990915624165,35.81476961488372
215,37.2805428185,37.178915237,36.542218585769234,33.6315668167647,35.1829078435894,35.83453520483301
216,37.2687599105,37.181860964,36.529961469541284,33.597604317235295,35.199565930357146,35.83636692340092
217,37.282015682,37.131783605,36.5241260674312,33.63936432941176,35.186012044692205,35.859069695348836
218,37.284961409000005,37.102326335,36.53098337208696,33.33110266276471,35.163042460152354,35.78003133207521
219,37.298217180500004,37.155349421000004,36.5223790339027,33.46920527564706,35.20078407466492,35.76105033858445
220,37.2952714535,37.1450393765,36.52358182139293,33.379620519235296,35.18011561739974,35.74934852270804
221,37.304108634500004,37.143566513,36.5201810829533,33.532625045176474,35.17353988529981,35.75678510372591
222,37.287907136,37.14651224,36.52885405597097,33.27773302064706,35.173252323751605,35.733913756561606
223,37.2834885455,37.081706246,36.50334012134956,33.52863964982353,35.200256938677384,35.82828890205421
224,37.2834885455,37.1126363795,36.48376926448917,33.51096528782353,35.21126716429983,35.78493660534419
225,37.226046869,37.167132329,36.46705844522342,32.95664877764706,35.315972021600004,35.65824166861813
226,37.208372507,37.062559020500004,36.503181938818706,33.226096159117645,35.44370365118658,35.518076238101266
227,37.2687599105,37.0861248365,36.512159038755655,33.483760632588236,35.31394975278418,35.6385514805
228,37.208372507,37.069923338,36.4767654859402,33.26317766370588,35.19393519974223,35.69296667012231
229,37.120000697,37.049303249000005,36.511165043705944,33.333355277529414,35.27520487532757,35.504323191642335
230,37.120000697,37.034574614,36.50590956777497,33.488092584058826,35.26504257462185,35.5168657178806
231,37.0772876555,36.9682957565,36.49090136236842,32.908650755352944,35.35344064346389,35.67528383564614
232,37.164186602,36.9358927595,36.496949378061224,32.59085879547059,35.180078205072995,35.63586311713401
233,37.198062462500005,37.1420936495,36.50720007009024,32.52674591370588,35.288949615979384,35.51443166774194
234,37.2393026405,37.131783605,36.47406741805928,32.60818660135294,35.22046235471857,35.660133736756755
235,37.273178501000004,37.1450393765,36.48522501061947,32.80624342258824,35.26645728740119,35.730716187955586
236,37.237829777,37.178915237,36.5103911439206,33.28154513794118,35.31789258117287,35.78452362187652
237,37.270232774,36.180313784,36.55142271655173,32.32487697517647,35.45867361737462,35.812813859576785
238,37.287907136,33.835515092,36.490975378256884,34.06406885158824,35.493725213866114,35.55878349935159
239,37.3306201775,35.974112894,36.49937740434711,32.33579349288235,35.308002776923075,35.73739077869542
240,37.343875949,37.031628887000004,34.57997807826271,31.854600323529414,35.618541468740844,35.8211624338699
241,37.26434132,36.2112439175,34.3699847625972,33.338033785117645,35.26745549263079,35.89055988256779
242,37.105272062,36.133182152,,33.030811786823534,35.41887200943191,35.17550954
243,,,,,,
244,,,,,,
245,37.433720622500005,34.3878389045,36.40152837935484,32.014535971823534,36.31227128038445,35.05097816128571
246,37.4661236195,37.084651973,36.638042226556905,33.83828754094118,35.486015801142855,36.058689975169194
247,37.464650756000005,36.937365623000005,36.648410901018565,33.62879436782353,35.51132367847369,35.99121744352332
248,37.4543407115,37.2275197325,36.63139741830273,33.56260214935294,35.57082533685477,35.921699030035256
249,37.4572864385,37.11705497,36.632158187564194,33.49294436970588,35.55109998690608,35.907607442115385
250,37.44108494,37.120000697,36.62763228669784,33.45153091364706,35.50903511580853,35.95674544806342
251,37.44108494,37.209845370500005,36.663093320697676,33.01539003958824,35.53415554892699,35.968557135384614
252,37.44108494,37.240775504,36.674408983361246,32.66224935570588,35.579662358955616,35.93161907694598
253,37.44108494,37.2893799995,36.68460473062676,32.39401492064706,35.57435532604731,35.9484850691
254,37.44108494,37.314418679,36.66393863313454,32.33960561017647,35.6016365465596,35.87187587885745
255,37.4425578035,37.2363569135,36.680397246744185,32.49312997029412,35.649429601181744,35.90776890721364
256,37.4484492575,35.576439749,36.70242157863637,32.990784555235294,35.521175194505496,35.905901280254895
257,37.4484492575,35.8459737695,36.70815867951705,33.14015024194118,35.57876295852941,35.875005198328914
258,37.449922121,35.159619378500004,36.72624745643307,33.07690375047059,35.56094546676334,35.95172319081331
259,37.4572864385,36.501398027,36.81272839217267,33.82321234982353,35.52672100024348,36.13760712959237
260,37.485270845,36.4498478045,36.78882303909091,33.165102282411766,35.50216123846801,36.136148869928746
261,37.485270845,36.5382196145,36.81562449285715,32.923552668411766,35.540335093095784,36.06972941541532
262,37.49999948,37.3630231745,36.78174797713775,33.62013046488235,35.51001452903269,36.00227825436124
263,37.49999948,37.0272102965,36.80313821020737,33.64785495429412,35.52789196212646,36.048899778836834
264,37.44108494,37.317364406,36.7573865065437,33.632086650941176,35.56774165797639,35.68881923405
265,37.44108494,37.0331017505,36.75516597888393,33.27166828858824,35.530152433656056,35.953095139358126
266,37.44108494,37.131783605,36.753384508138176,33.233200559529415,35.54832111490269,35.92245859335118
267,37.497053753,37.124419287500004,36.76576722748846,33.25070164347059,35.605947006031556,35.95385533007441
268,37.497053753,37.1332564685,36.76441521098214,33.4267521512353,35.61947121389935,35.89492231542825
269,37.520619569000004,37.3954261715,36.75965345330612,32.7580721222353,35.72600060563452,35.8290385769145
270,37.52945675,37.2363569135,36.74513034386615,33.17688519041177,35.55113600553873,35.86079498449143
271,37.505890934,37.3924804445,36.754489622582334,33.377194626411764,35.59054308292322,35.89024241964045
272,37.511782388,37.3247287235,36.76385249415682,33.548393348529416,35.53753049265712,35.93071007073092
273,37.508836661000004,37.32325586,36.75788824365714,33.642656612529414,35.546870178557185,35.89670192865116
274,37.4867437085,37.332093041,36.745604155700384,33.16250311152941,35.52265015527421,35.832257679884634
275,37.520619569000004,37.3453488125,36.743489753209566,33.248102472588236,35.509614652037946,35.82611920678297
276,37.517673842,37.3571317205,36.73724355858186,33.4886124182353,35.54316135021694,35.91710116426353
277,37.476433664,37.3924804445,36.74507218067775,33.27790629870589,35.580948836010684,35.76723517899739
278,37.4985266165,37.3895347175,36.73618405664597,33.07690375047059,35.574148628,35.79287978850189
279,37.502945207,37.371860355500004,36.73425276565217,33.37580840194118,35.55657317731708,35.83282817920792
280,37.483797981500004,37.3806975365,36.73194661661492,33.22332371017647,35.57112040245535,35.81981443298913
281,37.473487937,37.3424030855,36.73619447989666,33.737786266823534,35.53455965543986,35.91908587114403
282,37.458759302000004,37.3365116315,36.732178099038904,33.461754319117645,35.54871938401326,35.97416806890739
283,37.479379391,37.29379859,36.717021430886945,33.664662926,35.530704282400706,35.98539871976036
284,37.467596483,37.3335659045,36.72504943956231,33.64872134458824,35.561200148176525,35.806116095276074
285,37.491162299,37.3424030855,36.732835106931034,33.62983403617647,35.521176959360446,35.87460341664529
286,37.477906527500004,37.3630231745,36.7290531740625,33.67419321923529,35.52415377642086,35.91681212589124
287,37.4808522545,37.376278946,36.72374390608959,33.659464584235295,35.53758812173023,35.89051359448059
288,37.4513949845,37.383643263500005,36.735393535281304,33.71162127994118,35.55872238368613,35.833161815066475
289,37.4602321655,37.3748060825,36.724607386689655,33.722884353764705,35.52169399966636,35.82612453201849
290,37.4484492575,37.3306201775,36.7151655259375,33.66431636988236,35.53059113676237,35.8197567992
291,37.452867848000004,37.343875949,36.725927885000004,33.70815571876471,35.527359064548875,35.91860597588785
292,37.4661236195,37.3482945395,36.73570274486487,33.71855240229412,35.523937138353375,35.919047515754244
293,37.470542210000005,37.3158915425,36.72246687692568,33.673153550882354,35.48685003726803,35.9470703928
294,37.467596483,37.299690044,36.728968785212764,33.65270673994118,35.53329193852861,35.99900398595092
295,37.4513949845,37.184806691,36.72965754745289,33.60834755688236,35.50058279378197,36.00850513692231
296,37.4543407115,37.287907136,36.73954229702128,33.585474853117645,35.50982842473908,36.03141960691235
297,37.458759302000004,37.2864342725,36.739237444055945,33.60713461047059,35.516935339834156,36.01445963633678
298,37.4513949845,37.2717056375,36.72163949897811,33.48462702288236,35.480365091065444,36.04741176324676
299,37.455813575,37.370387492,36.71454191893617,33.32105253535294,35.5339182777677,35.964909943117014
300,37.467596483,37.2510855485,36.73043563136032,33.72790941747059,35.551392033527605,36.047509710097486
301,37.477906527500004,37.365968901500004,36.72365189144958,33.744890667235296,35.54675308369592,36.01208239307337
302,37.458759302000004,37.367441765,36.728064161777226,33.68510973694118,35.55803310546024,35.95548730765625
303,37.455813575,37.3821704,36.73454330151837,33.72842925164706,35.561084835258704,35.98191049591963
304,37.488216572,37.383643263500005,36.732023931062486,33.653573130235294,35.591161074503724,35.86337760555102
305,37.4484492575,37.383643263500005,36.73450652413445,33.704516879529415,35.56069662981991,35.969222486656676
306,37.4513949845,37.3748060825,36.73314817651838,33.723577466,35.548029766363065,35.94792118947942
307,37.4425578035,37.3424030855,36.72422173106383,33.70001165,35.537538436775435,35.98480787457114
308,37.4484492575,37.3424030855,36.734673512713286,33.69533314241177,35.54459609054341,35.886146176502244
309,37.449922121,37.32325586,36.73177146014389,33.72184468541177,35.511582533063546,35.95520509220936
310,37.449922121,37.3276744505,36.746948037681584,33.68788218588235,35.53766682281463,35.9444833071407
311,37.449922121,37.329147314000004,36.763697430489515,33.65721196947059,35.53585234849162,35.91960041162518
312,37.455813575,37.3777518095,36.778660289314686,33.676272555941175,35.51069133776966,36.00248152576087
313,37.44108494,37.340930222,36.77189764857081,33.676272555941175,35.46047804950893,36.09625720565789
314,37.438139213,37.346821676000005,36.76731683709091,33.903786647176474,35.44375871524646,36.11510098773355
315,37.426356305,37.371860355500004,36.72898574695439,33.601069878411764,35.426488512429025,36.07196226043479
316,37.446976394,37.3541859935,36.76624921370305,33.985747169,35.46755171907616,36.16636574786049
317,37.4013176255,37.332093041,36.76196096981818,33.40301305717647,35.45837836283759,36.111219706392404
318,37.420464851000006,37.3571317205,36.74711756623377,32.09684304976471,35.61414592611686,35.98670535048451
319,37.429302032,37.388061854,36.728628723424464,31.975548408588235,35.63355382067134,36.05408960760337
320,37.461705029,37.383643263500005,36.71092005011305,32.19197270405883,35.543356554899525,36.08449893645236
321,37.4661236195,37.3924804445,36.71244340570466,32.35485407935294,35.54066527960483,36.12031222601791
322,37.455813575,37.3983718985,36.73646209079832,32.32903564858824,35.58182980265958,36.09538526026906
323,37.4572864385,37.3689146285,36.71678265411765,32.02441282117647,35.64347612491483,36.0673629229703
324,37.458759302000004,37.371860355500004,36.73315069932331,32.112264797,35.629182083892964,36.05793661327983
325,37.446976394,37.3821704,36.733515363636364,32.09251109829412,35.58428324398051,36.053619093563476
326,37.4307748955,37.399844762,36.73678839363637,32.185561415882354,35.5608105378238,36.01502313249713
327,37.446976394,37.4042633525,36.7377492992353,31.948863587529413,35.584576608573556,35.95701175455135
328,37.444030667,37.405736216,36.72965104385928,31.993569326705884,35.65303309402715,35.95890310181818
329,37.455813575,37.4366663495,36.7586800052,32.37478105611765,35.75437026505878,36.02576490819464
330,37.4661236195,37.3983718985,36.74477118628572,32.478054779176475,35.51261988272825,36.09017924411765
331,37.467596483,37.4248834415,36.740123137333335,32.80468392005883,35.550336225349945,36.11346959579024
332,37.464650756000005,37.417519124,36.75879427046908,33.07673047241177,35.60391785867188,36.11800969993353
333,37.464650756000005,37.35271313,36.74739945398496,32.75564622941177,35.56080473646154,36.111402443092786
334,37.4513949845,37.32325586,36.75235388289773,33.77937300094118,35.48393409142547,36.18769452748699
335,37.4131005335,37.3865889905,36.73721122526316,33.18208353217647,35.353500555085084,36.2544996552856
336,37.4425578035,37.383643263500005,36.743966463872184,33.60921394717647,35.46193111745583,36.278179001311884
337,37.4425578035,37.3865889905,36.742893090500004,33.882993280117645,35.45112931736882,36.22386643159398
338,37.4101548065,37.383643263500005,36.73000125445255,33.709541943235294,35.45109716643094,36.16698268903226
339,37.432247759,37.4013176255,36.72547523191489,33.59743103917647,35.41310315596504,36.17895159810405
340,37.444030667,37.3821704,36.725273279,33.84036687764706,35.41395223384106,36.21393274322361
341,37.4425578035,37.385116127,36.73376529309898,33.41912791664706,35.40004745423853,36.21939144158789
342,37.41162767,37.3821704,36.71441028477416,33.257806043882354,35.398436723978264,36.1851291035717
343,37.4131005335,37.383643263500005,36.70588152993007,33.323651706235296,35.42365776404526,36.127223872140505
344,37.4101548065,37.383643263500005,36.713163853841536,32.856147503529414,35.413192052491254,36.08799000751151
345,37.421937714500004,37.385116127,36.71416865940631,32.63903009582353,35.4727810613198,36.082586216740474
346,37.452867848000004,37.383643263500005,36.70864561013911,32.79411395847059,35.47386252371581,36.09942403171946
347,37.4513949845,37.3821704,36.730799187506044,33.28310464047059,35.4566708,36.158832467553076
348,37.4484492575,37.385116127,36.737733546684495,33.178791249058825,35.46965390105727,36.154484995310455
349,37.429302032,37.421937714500004,36.730129747837836,33.09648417111765,35.41830975465798,36.05285176834769
350,37.41162767,37.417519124,36.73950184363395,33.37598168,35.5134130888352,36.0871658286637
351,37.444030667,37.388061854,36.74769081264553,33.205822626235296,35.45217490759605,36.08689308217822
352,37.435193486,37.385116127,36.75313134115746,33.431603936882354,35.44963419983746,36.097611355454546
353,37.444030667,37.388061854,36.76744180732727,33.11779737235294,35.46142584912795,36.0503261947063
354,37.4484492575,37.385116127,36.75749774709091,32.80468392005883,35.46803198849859,36.075931030269075
355,37.446976394,37.383643263500005,36.76176458801818,32.739877926058824,35.48078202688103,36.05803659062361
356,37.438139213,37.385116127,36.75226149881371,32.91124992623529,35.453856875082764,36.04227567150417
357,37.423410578,37.385116127,36.75684166748633,32.748195272882356,35.4738119470373,36.03079110381057
358,37.435193486,37.385116127,36.749106888363634,32.89011000305882,35.45931123471738,36.049242425203374
359,37.4513949845,37.383643263500005,36.754789858939596,32.98316032064706,35.457888450014295,36.08049541051934
360,37.4425578035,37.385116127,36.767673894909095,32.903452413588234,35.46523405300971,36.08741143709389
361,37.4396120765,37.388061854,36.76740726819499,32.94573225994118,35.49124949111584,36.05633218113737
362,37.4513949845,37.3821704,36.7631985912782,33.32382498429412,35.478971792989014,36.134126583557254
363,37.4160462605,37.3821704,36.75888565426641,33.32313187205882,35.48599270608696,36.10587516202051
364,37.446976394,37.355658857,36.74595348487755,33.35224258594118,35.44851789722363,36.125757541842106
365,37.446976394,37.364496038,36.74459895458142,33.129753558411764,35.42942430737187,36.11911502506104
366,37.444030667,37.349767403,36.74493951354286,33.199931172235296,35.43817571647347,36.090431512430634
367,37.388061854,37.349767403,36.740593334092665,33.08158225805882,35.46055048709883,36.097829024820626
368,37.399844762,37.358604584,36.70241550622449,33.30025916829412,35.407164419482086,36.05409801938674
369,37.414573397,37.349767403,36.733171011929734,33.449278298882355,35.49057000133801,36.12722827484838
370,37.4042633525,37.355658857,36.73585934283428,33.24290413082353,35.43566830942472,36.12254019459859
371,37.402790489,37.3821704,36.72145786117143,32.888203944411764,35.46146335078249,36.075038251839466
372,37.446976394,37.3482945395,36.7428196999529,33.230428110588235,35.47138334985075,36.13167757213449
373,37.44108494,37.3954261715,36.72930917917546,33.26560355652941,35.42058550408027,36.100941995417465
374,37.4042633525,37.3571317205,36.718264163508316,33.716299787529415,35.410966549407895,36.15715427517242
375,37.4366663495,37.370387492,36.72336649496076,33.864972362,35.42702622868008,36.174798671428576
376,37.4101548065,37.349767403,36.716579573287675,33.75546062882353,35.394343002302634,36.15612047585799
377,37.3954261715,37.3630231745,36.70024515766129,33.778853166764705,35.40762892013158,36.17613768841223
378,37.3924804445,37.3365116315,36.67598649500284,33.84296604852941,35.42156644564178,36.170971065693074
379,37.393953308,37.3424030855,36.67672204937931,33.63503237794118,35.41432836237263,36.13392162434352
380,37.3895347175,37.349767403,36.69711193363712,33.7007047622353,35.46792506645066,36.08759144083697
381,37.3630231745,37.3571317205,,33.61163984,35.49292380332574,35.99067566090566
382,37.3924804445,37.379224673,,33.85457567847059,35.44543840719026,36.112014106292136
383,37.365968901500004,37.3541859935,,33.746796725882355,35.40967527796357,36.06743491978698
384,37.365968901500004,37.35271313,36.693698627035154,33.71647306558824,35.41802732788705,36.12874121934656
385,37.3070543615,37.3158915425,36.690489152675,33.74315788664706,35.49000715335763,36.211876378785085
386,37.2775970915,37.311472952,36.69490963146154,33.72773613941177,35.55267408239261,36.121874361258065
387,37.3394573585,37.3571317205,36.69523446547613,33.68129761964706,35.53253438942857,36.145813429376
388,37.3482945395,37.355658857,36.696728606776475,33.56052281264706,35.593304520007734,36.041832029524336
389,37.346821676000005,37.367441765,36.70193405738462,33.75407440435294,35.511884164559504,36.116870581850534
390,37.349767403,37.355658857,36.70004816108228,33.814548446882355,35.52442182965211,36.132801112686565
391,37.340930222,37.3630231745,36.68948953202532,33.81940023252941,35.5086439797458,36.124129807545984
392,37.3335659045,37.361550311,36.70689316990625,33.79375507982353,35.48944899196827,36.15258359777535
393,37.358604584,37.349767403,36.70378272295878,33.78890329417647,35.50517987616679,36.118777223263734
394,37.3453488125,37.3541859935,36.71113874020168,33.794274914,35.49955892810811,36.147409646722
395,37.337984495,37.3217829965,36.675901867647056,33.88541917294118,35.49931350458928,36.1189444715
396,37.358604584,37.355658857,36.67941328558708,33.87346298688235,35.46563775552251,36.179326701612226
397,37.358604584,37.361550311,36.684652458984615,33.85994729829412,35.479879575683285,36.205273668333334
398,37.3541859935,37.3394573585,36.68522348324841,33.861853356941175,35.47343668340496,36.185241909519654
399,37.371860355500004,37.3424030855,36.6711823669625,33.96495380194118,35.451345227253704,36.18847075471254
400,37.355658857,37.314418679,36.68056704615385,33.979682436941175,35.46137269810245,36.216745377616014
401,37.11705497,37.2658141835,36.697293306164966,33.57473161347059,35.54561928966652,36.20010589158028
402,37.246666958,37.26434132,36.693337034517604,33.72738958329412,35.48999152704097,36.10171702162595
403,37.314418679,37.3306201775,36.68861018862205,33.58842058011765,35.380621692971324,36.117095444335014
404,37.3306201775,37.3512402665,36.66427819055944,33.66483620405882,35.35817524452354,36.056953033450384
405,37.332093041,37.367441765,36.6816765194,33.47267083682353,35.3569951403928,35.95235603115772
406,37.346821676000005,37.349767403,36.6639366968,32.64700088652941,35.414465076979475,35.86958577285714
407,37.346821676000005,37.329147314000004,36.66181252332553,32.590685517411764,35.39875433885598,35.93182001922158
408,37.326201587,37.335038768000004,36.680845658388535,32.82842301411765,35.470706397566374,35.95006304507535
409,37.3365116315,37.173023783000005,36.66900163425234,33.47371050517647,35.486972645588914,35.93867675970326
410,37.3748060825,37.3011629075,36.632884150444966,33.39313620782353,35.341308495750305,36.003456043825665
411,37.3541859935,37.2334111865,36.583595749143925,32.43126970329412,35.38338750120482,35.987700606396764
412,37.358604584,37.3247287235,36.57762704380091,32.840552478235296,35.45288244795397,35.95488786696721
413,37.370387492,37.310000088500004,36.58417762596594,33.052644822235294,35.41778496515076,35.990335098172444
414,37.3512402665,37.32325586,36.61006904070588,33.46435349,35.45357089102305,36.0063619155527
415,37.3821704,37.3276744505,36.62717589414286,33.134085509882354,35.38226191434658,36.02093837946768
416,37.3689146285,37.335038768000004,36.60481561031056,33.27721318647059,35.3926361030165,36.007951674568716
417,37.367441765,37.335038768000004,36.630429167422534,33.88697867547059,35.38442597607973,36.083866832426445
418,37.360077447500004,37.32325586,36.65667508472414,33.33231560917647,35.448245761389686,36.034458183598936
419,37.388061854,37.355658857,36.66829757692759,33.63433926570588,35.43547568361092,36.1096251489454
420,37.3865889905,37.3806975365,36.65757758283784,33.35553486905882,35.388026915726314,36.0620739237211
421,37.408681943000005,37.388061854,36.66272776083494,33.79462147011765,35.41668362195785,36.1406718648052
422,37.4101548065,37.364496038,36.66492751227578,33.327983657705886,35.38975599945946,36.07606281573986
423,37.4101548065,37.3247287235,36.66968146285771,33.713527338588236,35.40447937714095,36.141631086396494
424,37.388061854,37.3335659045,36.650376432527224,33.21743225617647,35.41453879214194,36.073815099127515
425,37.3865889905,37.35271313,36.65610484472141,33.103242015411766,35.387756359353155,36.014691915260904
426,37.3821704,37.3424030855,36.64518331813993,33.12490177276471,35.42578539865451,35.97013563083033
427,37.3865889905,37.3482945395,36.66354629164642,33.186588761705885,35.4213583075135,35.984462179978685
428,37.388061854,37.3365116315,36.65068529939539,33.26144488311765,35.407081898184074,36.00412383955947
429,37.3895347175,37.332093041,36.64107038605769,33.237879067117646,35.395208050952824,36.011130295722545
430,37.388061854,37.3306201775,36.64117514076312,33.71404717276471,35.40458388838035,36.05176865889739
431,37.3924804445,37.3306201775,36.64653606017516,33.79635425070588,35.36577515711399,36.07292047381228
432,37.3924804445,37.32325586,36.664690629140274,33.7684564832353,35.38794028025974,36.094433616600796
433,37.385116127,37.1185278335,36.66887849077206,33.65045412517647,35.40633048054496,36.0569630065272
434,37.3821704,37.326201587,36.64581042697368,33.250008531235295,35.45562753028727,35.9219011211209
435,37.3821704,37.32325586,36.625099989200734,33.21847192452941,35.38535804692308,35.987031072040566
436,37.396899035000004,37.311472952,36.627718249387755,33.473537227117646,35.37342849970064,36.02016341382268
437,37.3365116315,37.096434881,36.63976013017734,33.67142077029412,35.392894347321715,36.05800486571089
438,37.385116127,37.2923257265,36.64216921039541,33.82407874011765,35.40326338848427,36.065127599252335
439,37.3806975365,37.3011629075,36.67356260757339,33.61978390876471,35.44180979180521,36.03725546973093
440,37.3821704,37.335038768000004,36.66562663072407,32.86585107482353,35.44864839058136,36.02502255160503
441,37.373333219,37.329147314000004,36.64239516338552,33.04207486064706,35.42217420149701,36.068099144057754
442,37.3821704,37.305581498,36.66611705628537,33.2470628042353,35.47699368146568,36.012146021540204
443,37.383643263500005,37.326201587,36.669827907903525,33.52378786417647,35.454595906288,36.05884540339292
444,37.3865889905,37.282015682,36.68945377671233,33.56329526158824,35.47354029176972,36.09671249732442
445,37.3821704,37.252558412,36.70369308058574,33.676272555941175,35.501644753606556,36.13518980522321
446,37.3865889905,37.024264569500005,36.70258393210739,33.75753996552941,35.46007694348941,36.122227959771514
447,37.383643263500005,37.242248367500004,36.69782298082702,33.41999430694118,35.52072534365573,36.08067896362505
448,37.3821704,37.3335659045,36.680843037325765,33.20478295788235,35.47964416447302,36.05869337222935
449,37.383643263500005,37.147985103500005,36.67919422369318,33.673153550882354,35.463317707339144,36.12984479655491
450,37.3821704,37.102326335,36.69569158104414,33.67003454582353,35.48693000062466,36.10560702893006
451,37.3821704,37.170078056,36.689811569379074,33.42449953647059,35.464432411243806,36.102158573987914
452,37.3821704,36.651630104,36.69950331762238,33.73795954488235,35.46897723422122,36.138573593298894
453,37.3821704,37.299690044,36.677097489318285,32.85805356217647,35.45650238059851,36.050222310670684
454,37.3821704,36.585351246500004,36.67527960542614,33.81576139329412,35.44474637885329,36.11331393691974
455,37.3821704,37.1597680115,36.66828869806896,33.089899604882355,35.511563677531484,36.0589507296875
456,37.3821704,36.9771329375,36.673442835476415,33.62359602605883,35.49888544067227,36.12311337219189
457,37.3821704,36.8975983085,36.6739126520963,33.6948133082353,35.531098206324884,36.135654498651945
458,37.3821704,37.2569770025,36.66098811280663,33.263697497882355,35.47632870734761,36.05501120297277
459,37.3821704,36.754730549,36.662692508925026,33.70728932847059,35.455240550764174,36.11384291038433
460,37.383643263500005,36.984497255,36.670904420558514,33.736226764294116,35.4768316108867,36.13209260644295
461,37.3821704,37.155349421000004,36.67117602409396,33.673500107,35.475657253114754,36.0863925492598
462,37.3821704,36.9918615725,36.66676327791103,33.65028084711765,35.48588444863612,36.09268726548305
463,37.3821704,36.7856606825,36.64165300565517,33.63693843658824,35.398550976608476,36.07175540708679
464,37.3821704,36.96976862,36.66437488204082,33.626368475,35.49430781232258,36.08868781731411
465,37.3821704,36.9594585755,36.672189271105495,33.628967645882355,35.44754207522247,36.112067605632745
466,37.3821704,36.94031135,36.66265220662234,33.69533314241177,35.451195285798526,36.0995503787316
467,37.3821704,37.226046869,36.670192888578015,33.304071285588236,35.43717851471892,36.07900710572067
468,37.388061854,36.563258294,36.66035936572475,33.749222618705886,35.411154646596216,36.08433226874226
469,37.3821704,37.32325586,36.63247353687104,32.740744316352945,35.36406141208738,35.96460125104501
470,37.3821704,37.2245740055,36.65522504328046,33.29592721682353,35.45425946441176,36.02989183509392
471,37.3821704,37.024264569500005,36.66498869103448,33.66916815552941,35.42535302193984,36.100768072505645
472,37.3821704,37.308527225,36.668492517524584,33.361946157235295,35.42278576839465,36.086314908362006
473,37.3821704,36.987442982000005,36.686840476829744,33.60245610288236,35.51683443204852,36.114378992623436
474,37.3394573585,37.2717056375,36.66815638778462,33.26733633711765,35.40590654707007,36.064101146891176
475,37.365968901500004,37.305581498,36.669672681875,33.17186012670588,35.428569636996,36.03837887493614
476,37.383643263500005,37.055194703,36.6753371341419,33.706076382058825,35.487836343911724,36.1034556431882
477,37.3821704,37.062559020500004,36.688558911448276,33.68355023441177,35.49742025733605,36.11181220251641
478,37.3821704,37.2628684565,36.71427296086539,33.70503671370588,35.50263530531159,36.15131988678652
479,37.3689146285,37.2658141835,36.70159724872449,33.54891318270588,35.456905346573514,36.1230412725268
480,37.3865889905,37.32325586,36.644897013714285,32.26977455247059,35.414004512234186,35.91400431766593
481,37.3394573585,37.2775970915,36.63989430407796,32.532117533529416,35.42085180472728,35.94635089977349
482,37.3689146285,37.26434132,36.64740264845801,32.24880790735294,35.436221514397474,35.946367714670764
483,37.3424030855,37.282015682,36.64201474341837,32.12387442694118,35.51674794964569,35.91668040375884
484,37.343875949,37.2923257265,36.57484720995705,31.901731955529414,35.62156520918876,35.83263729315068
485,37.346821676000005,37.326201587,36.58798729450769,31.917846815,35.59927216610259,35.832155054134745
486,37.337984495,37.3424030855,36.581638594739765,32.05872187682353,35.4821500990541,35.89743043560653
487,37.3365116315,37.340930222,36.60556850103846,33.094231556352945,35.49437379534304,36.07912089077984
488,37.335038768000004,37.3276744505,36.59014354863433,33.322958594,35.43848566016807,36.06442277468415
489,37.326201587,37.3365116315,36.551662755108694,32.12560720752941,35.43853383013037,35.86686525831552
490,37.32325586,37.3247287235,36.606444992718735,32.02493265535294,35.62508852285431,35.9433204226799
491,37.32325586,36.888761127500004,36.6046925702907,33.41548907741176,35.41537409781991,36.05713267453026
492,37.3188372695,37.290852863,36.591540924927685,33.601069878411764,35.43465470952815,36.047276696393446
493,37.32325586,37.243721231,36.57677254114542,33.59899054170588,35.39756761009787,35.99378084100778
494,37.3188372695,37.258449866,36.57181962096656,33.372862674941175,35.3641567930745,36.01604740343008
495,37.287907136,37.337984495,36.5624931701039,32.81958583311765,35.31939579114679,35.9138281843051
496,37.267287047,37.296744317,36.58065553649932,33.04813959270589,35.3257232084403,35.92439381670057
497,37.26434132,37.279069955000004,36.565917483479154,32.94088047429412,35.31275923714625,36.024170315761424
498,37.2510855485,37.279069955000004,36.57860591635141,32.975362808,35.40507828701998,35.95464988270868
499,37.317364406,37.314418679,36.5789538470229,32.95422288482353,35.44317275633052,35.89031440194066
500,37.326201587,37.3276744505,36.581841288208956,32.50959138588235,35.43909979684211,35.87967547384291
501,37.332093041,37.299690044,36.60215856678461,32.78077154794118,35.36336714005023,35.98880543855513
502,37.3276744505,37.3306201775,36.606266485982346,32.788915616705886,35.356194486779245,36.008040060705184
503,37.329147314000004,37.335038768000004,36.610649377787325,33.02318755223529,35.387406885198985,36.00617997476316
504,37.346821676000005,37.311472952,36.56939522525,33.05715005176471,35.338270377972805,35.90115072040323
505,37.367441765,37.343875949,36.58069957659091,33.29298148982353,35.37316698455826,35.932878006933095
506,37.3541859935,37.3453488125,36.601519079548574,33.295060826529415,35.34578646497088,35.962837058793255
507,37.3777518095,37.332093041,36.60387503771429,33.53158537682353,35.348574511499805,36.002145017460045
508,37.371860355500004,37.3217829965,36.599209892218845,33.62567536276471,35.3663864125613,36.033527651792454
509,37.364496038,37.3188372695,36.60729628322115,33.67419321923529,35.33672919195167,36.03066838218868
510,37.373333219,37.304108634500004,36.606208793998945,33.30996273958824,35.33841824564236,35.962036635593364
511,37.340930222,37.287907136,36.58635444163916,33.55913658817647,35.32218473031889,35.93164365983674
512,37.343875949,37.2923257265,36.59880770013139,33.367144499,35.34019340783142,35.99827237858925
513,37.311472952,37.2834885455,36.59023735548348,33.48618652541177,35.32916590567686,35.970104553150684
514,37.2864342725,37.2245740055,36.556166173135715,33.338033785117645,35.28988942506329,35.885595067359915
515,37.317364406,37.290852863,36.55386577102459,32.78319744076471,35.32004803916225,35.78795703075697
516,37.287907136,37.214263961,36.56977476728814,33.300952280529415,35.35805712335392,35.91125069106179
517,37.2952714535,37.2216282785,36.597107853366076,33.00464679994118,35.382011980531566,35.958364770103884
518,37.302635771,37.2010081895,36.58052982153846,33.42935132211765,35.37972061921226,35.92742677827314
519,37.3070543615,37.228992596,36.567484771869566,32.91159648235294,35.35149794067242,35.84797518795405
520,37.304108634500004,37.248139821500004,36.555547420382354,32.049364861647064,35.329998807235626,35.661523689485485
521,37.32325586,37.270232774,36.56759167752066,31.940199684588237,35.26862487985962,35.70978376208047
522,37.317364406,37.259922729500005,36.58653880956417,32.065133165,35.293858067356155,35.76949694106038
523,37.296744317,37.2893799995,36.54895047714286,31.879379085941178,35.34037916727869,35.659683393186185
524,37.3365116315,37.2805428185,36.541924536804515,32.01262991317647,35.3522289078481,35.74643373304595
525,37.379224673,37.267287047,36.53457478639171,31.94279885547059,35.36727025256699,35.66178592704225
526,37.340930222,37.2805428185,36.5398765859375,31.982652809,35.402491891716366,35.66732507199409
527,37.3424030855,37.2775970915,36.554241400212206,31.97520185247059,35.38143177268732,35.739294754085456
528,37.3453488125,37.282015682,36.55415417863673,31.93500134282353,35.356100889495025,35.812352371508055
529,37.320310133,37.2510855485,36.56129724389007,32.10429400629412,35.323374230994844,35.88076480732039
530,37.361550311,37.234884050000005,36.56532125797592,32.728961408352944,35.34600431323077,35.937145321010796
531,37.371860355500004,37.2393026405,36.570555836152224,33.35744092770588,35.35535430650284,35.98481098970617
532,37.3335659045,37.242248367500004,36.554886075080034,32.57664999464706,35.361935243645284,35.81531673092226
533,37.3365116315,37.267287047,36.57270167390774,33.03011867458824,35.325139233125,35.91104536183607
534,37.340930222,37.2393026405,36.56940314387097,33.20253034311765,35.32872833418355,35.93070013841957
535,37.3424030855,37.248139821500004,36.572631311534515,33.213620138882355,35.33908469771845,35.98795398895723
536,37.3394573585,37.2216282785,36.56308513438141,33.32070597923529,35.34076523682791,35.966488659411766
537,37.3276744505,37.248139821500004,36.54589400852632,33.12212932382353,35.35338893717039,35.892842190152095
538,37.2923257265,37.270232774,36.53156031383476,32.84436459552941,35.30767774988848,35.81062195773585
539,37.2510855485,37.305581498,36.53490679954887,33.40439928164706,35.27061972772727,35.9348984651882
540,37.267287047,37.296744317,36.59200994974026,33.66275686735294,35.31244184358566,36.03661521375117
541,37.3247287235,37.310000088500004,36.57865641240909,33.53158537682353,35.316921853454545,36.015480724795104
542,37.329147314000004,37.3217829965,36.57687867141544,33.14534858370588,35.318408244542674,35.94650153923077
543,37.308527225,37.3365116315,36.57858340625875,33.510272175588234,35.36665996146096,35.953709801464086
544,37.329147314000004,37.296744317,36.57851525542753,33.066853623058826,35.321244487867645,35.93252830859168
545,37.2864342725,37.311472952,36.574839044264706,32.8994670182353,35.295759318922755,35.93328846404475
546,37.284961409000005,37.311472952,36.56408425420086,32.87018302629412,35.288620667,35.93186773342037
547,37.284961409000005,37.304108634500004,36.560754632622725,32.583581117,35.28338820310656,35.86990582268686
548,37.32325586,37.29379859,36.564803883692576,33.62394258217647,35.33941827733058,35.99623635779661
549,37.32325586,37.228992596,36.57466934981537,33.646988564000004,35.350480646036075,35.99166055806452
550,37.32325586,37.240775504,36.57943572610294,33.632086650941176,35.30578929566745,35.97078176996341
551,37.32325586,37.173023783000005,36.57976125578948,33.47890884694118,35.28980880246298,35.97281593398396
552,37.32325586,37.2275197325,36.55732090273684,33.31949303282353,35.27093365777528,35.90718058297536
553,37.32325586,37.2304654595,36.58501706738656,33.231987613117646,35.29495235765608,35.82315257482464
554,37.32325586,37.248139821500004,36.56284485863158,32.90206618911765,35.310920854182626,35.78601125538259
555,37.32325586,37.2127910975,36.570284699918716,33.02596000117647,35.28224839076923,35.86630943427017
556,37.32325586,37.2304654595,36.55090720903559,33.16804800941176,35.277765458404104,35.88327733729826
557,37.3247287235,37.2510855485,36.53969653547521,33.15349265247059,35.27988275985622,35.900388899621575
558,37.326201587,37.2068996435,36.545828426268656,33.16146344317647,35.29190414081468,35.91448769058011
559,37.3276744505,37.2952714535,36.531478272878154,33.23545317429412,35.311223610384616,35.87879245726185
560,37.32325586,37.290852863,36.530569777361706,32.93238984941176,35.2744874119688,35.89097397667674
561,37.32325586,37.2834885455,36.52592676772288,32.85528111323529,35.30275133888846,35.83045248928469
562,37.32325586,37.296744317,36.52226725708955,32.98558621347059,35.289262566676406,35.89218450978968
563,37.3217829965,37.290852863,36.52613047767789,32.53021147488236,35.28942994290556,35.877720691733586
564,37.3247287235,37.308527225,36.516873719568835,32.677844381,35.32339948685225,35.849421385398664
565,37.3247287235,37.2775970915,36.52422741125,32.27462633811765,35.30883098262064,35.81639086504537
566,37.3247287235,37.276124228,36.53785848658371,32.453969129,35.30526009508798,35.80240933143622
567,37.3247287235,37.255504139,36.52684995597122,32.8022580272353,35.29702182895479,35.88799511263826
568,37.32325586,37.243721231,36.51740149343277,32.588086346529415,35.28536824345212,35.800964516285454
569,37.3070543615,37.2687599105,36.51964946483995,32.93204329329412,35.24666174991012,35.8008420747684
570,37.3217829965,37.2393026405,36.511573631626774,32.684775503352945,35.32590156760172,35.678230982
571,37.2775970915,37.2334111865,36.52140865524138,32.9760559202353,35.387687252999314,35.72697630154541
572,37.305581498,37.282015682,36.52694058085527,32.863425182,35.34111712603774,35.74414477076923
573,37.326201587,37.2393026405,36.513927454856166,32.602468425411764,35.32807980326981,35.63128184828557
574,37.3276744505,37.231938323,36.49935198016749,32.70019725058824,35.26461740160715,35.68868231568323
575,37.3247287235,37.26434132,36.500564546104656,33.00430024382353,35.301822343579765,35.75784424873377
576,37.317364406,37.2658141835,36.49539874431487,33.301645392764705,35.28077695819184,35.72179583806835
577,37.3335659045,37.2010081895,36.51101522356925,32.70123691894118,35.2797470783558,35.750163442327455
578,37.337984495,37.243721231,36.52059108593104,33.27062862023529,35.27571052958234,35.862703788939314
579,37.3306201775,37.2275197325,36.53054669702857,32.59675024947059,35.248208331807966,35.71899648244978
580,37.329147314000004,37.259922729500005,36.52062874816327,33.15973066258824,35.27641632659708,35.811770285271926
581,37.305581498,37.282015682,36.52580337027398,33.21258047052941,35.30632642226994,35.76323605630158
582,37.3011629075,37.26434132,36.52711284559211,32.90310585747059,35.26231776611111,35.730476723375
583,37.32325586,37.284961409000005,36.4931131698125,32.92181988782353,35.264116554890656,35.680084259672824
584,37.332093041,37.267287047,36.50540748875,32.964619568352944,35.31938758157636,35.675477992312636
585,37.329147314000004,37.254031275500004,36.500807285,32.43594821088235,35.26500057073092,35.648167297852766
586,37.299690044,37.002171617,36.49899688818488,32.557069574,35.24748530518314,35.78970478474129
587,37.314418679,37.261395593,36.482610434052276,32.90847747729412,35.24035983039354,35.81788130602871
588,37.2746513645,37.199535326,36.50036702255,33.278599410941176,35.27518263271275,35.877920365982405
589,37.3011629075,37.196589599,36.49200977462245,33.36090648888236,35.28427663540848,35.871353647651134
590,37.3276744505,37.255504139,36.51586365066072,32.961500563294116,35.3131595293763,35.84039792910714
591,37.284961409000005,37.2834885455,36.510020791984765,33.1351251782353,35.285694781468024,35.8546122851907
592,37.258449866,37.259922729500005,36.54233707434348,33.49398403805883,35.32420400499438,35.943583102592285
593,37.2363569135,37.2746513645,36.53382817355761,33.37355578717647,35.31758901326316,35.95430804309963
594,37.2039539165,37.240775504,36.54641450735484,33.346697688058825,35.43913945948518,35.99013794605297
595,37.2687599105,37.273178501000004,36.500655742356244,32.489317853,35.26849616391984,35.72284196187767
596,37.2451940945,37.187752418,36.492167599889434,33.0997764542353,35.27553676449853,35.82585494917017
597,37.2245740055,37.158295148,36.48723391670572,33.222977154058825,35.25715676496662,35.856607241507
598,37.240775504,37.1096906525,36.480161947441864,33.349816693117646,35.22501093563143,35.90699449567663
599,37.2363569135,37.2157368245,36.47735659882812,33.137204514941175,35.22298972937726,35.843327729864356
600,37.2746513645,37.2334111865,36.47627812340993,33.23112122282353,35.278061460589,35.82790790768887
601,37.279069955000004,37.255504139,36.50189409431039,33.084354707,35.3196118308397,35.81443153688312
602,37.282015682,37.249612685,36.509669628416,32.90951714564706,35.26277995386272,35.79285466656827
603,37.2775970915,37.273178501000004,36.494461721115385,33.05143187582353,35.277809085424565,35.84069880589216
604,37.2834885455,37.261395593,36.458693107909006,33.23112122282353,35.240448273584036,35.87061630977755
605,37.2923257265,37.228992596,36.474152131726505,33.15262626217647,35.30095070938399,35.86129603284242
606,37.326201587,37.261395593,36.49923872597254,33.071185574529416,35.310852671699436,35.84740070852561
607,37.3217829965,37.234884050000005,36.541901773250004,33.14257613476471,35.321457025212695,35.891264322125004
608,37.2923257265,37.243721231,36.56239190370589,33.23268072535294,35.27053058970964,35.9228425614486
609,37.2923257265,37.273178501000004,36.566173409928055,32.78822250447059,35.367001984563956,35.957849955729046
610,37.305581498,37.284961409000005,36.538510384217325,32.67541848817647,35.329727737896995,35.940929980708574
611,37.3424030855,37.305581498,36.581879745531914,33.23285400341177,35.34249734952519,36.00336263724462
612,37.3394573585,37.2805428185,36.579089353993965,33.52066885911765,35.313956531818185,36.04410705688454
613,37.355658857,37.276124228,36.54908584521679,33.17082045835294,35.2854351882623,36.02051532835364
614,37.346821676000005,37.276124228,36.552999748223776,33.21258047052941,35.320182822671015,36.0015389450702
615,37.337984495,37.284961409000005,36.5583031804323,33.18884137647059,35.33406363605756,35.97610373701835
616,37.343875949,37.284961409000005,36.568863357875,33.38048690952941,35.344441559705885,36.00548841604412
617,37.329147314000004,37.2775970915,36.56432946745455,33.21656586588235,35.382136535584415,35.98296751909988
618,37.3158915425,37.252558412,36.554070921678324,33.45880859211765,35.33348205393675,35.99772499007855
619,37.329147314000004,37.290852863,36.56869655923077,33.49259781358823,35.3288209122103,36.00899940516129
620,37.3306201775,37.26434132,36.5608836062766,33.355015034882356,35.306079915979154,35.982950075000005
621,37.329147314000004,37.2393026405,36.55506875510638,33.52153524941177,35.29600810845832,36.01427254331878
622,37.3306201775,37.261395593,36.54602648253521,33.2794658012353,35.31286935548457,35.986964815830646
623,37.3070543615,37.2628684565,36.552866867009755,33.320532701176475,35.31394298208181,35.98995781690276
624,37.329147314000004,37.214263961,36.55985937823077,33.69256069347059,35.30265743615807,36.05614490816948
625,37.3217829965,37.276124228,36.56010485548077,33.426925429294116,35.29880865353528,35.972511112161115
626,37.326201587,37.246666958,36.56400319048276,33.42242019976471,35.324390209142855,35.99075891301038
627,37.3247287235,37.254031275500004,36.5546734090625,33.619610630705886,35.28056082711876,36.04676656008514
628,37.326201587,37.226046869,36.54639144789576,33.656345579176474,35.280155548173376,36.02188504904341
629,37.3217829965,37.228992596,36.53893716338462,33.677485502352944,35.2870297264657,36.02636628649496
630,37.002171617,37.26434132,36.552359523122334,33.45309041617647,35.2052331740687,36.00564402670929
631,37.3070543615,37.2864342725,36.56280829160115,33.49987549205883,35.311422207153136,36.05134169175281
632,37.2893799995,37.282015682,36.5696407025,33.605748386,35.34632547356037,36.07128302316623
633,37.302635771,37.2658141835,36.573674532420064,33.61163984,35.334160994653466,36.057237184394225
634,37.314418679,37.131783605,36.57385876228874,33.74558377947059,35.288541650662864,36.084844467230596
635,37.308527225,37.190698145,36.566886179796484,33.602802659,35.29216544612509,36.04907199288299
636,37.3276744505,37.161240875000004,36.55430680120597,33.12698110947059,35.26777520412908,36.00510819845133
637,37.2451940945,37.093489154000004,36.5449190172441,32.96236695358824,35.310593537621486,35.900846263798
638,37.17596951,37.0272102965,36.51894562615779,33.253474092411764,35.28391492506115,35.84682386136284
639,37.1892252815,36.996280163,36.48951033029249,33.41306318458824,35.29447525512067,35.7607687138247
640,37.180388100500004,36.9977530265,36.4698203051458,33.15141331576471,35.26419099502585,35.84284951359091
641,37.125892151,37.0213188425,36.47214379192173,33.29246165564706,35.323911846875,35.935654311583576
642,37.17596951,36.7562034125,36.48727707694056,33.08782026817647,35.325047096,35.96865463514706
643,37.111163516000005,37.05814043,36.42721758103774,33.249142140941174,35.26169356421984,35.82465600831579
644,37.124419287500004,37.062559020500004,36.44029307461538,33.22817549582353,35.26856025451501,35.797209134334764
645,37.131783605,37.0861248365,36.445893389163636,33.26491044429412,35.26111082010399,35.8095609093623
646,37.180388100500004,37.062559020500004,36.450380614567976,33.20703557264706,35.22200505294737,35.8196507364557
647,37.2068996435,37.143566513,36.46116629608108,33.07239852094118,35.25003948078365,35.8149412501231
648,37.186279554500004,37.149457967000004,36.453898179125005,33.10185579094118,35.251068360983986,35.830304021146134
649,37.1715509195,37.1037991985,36.46060236185811,33.205129514,35.232500727551724,35.865291268236994
650,37.1509308305,37.149457967000004,36.454337806563636,33.108267079117645,35.262539542286376,35.82749563243363
651,37.187752418,37.158295148,36.44063245584459,33.32694398935294,35.228977703806756,35.81981488395775
652,37.147985103500005,37.149457967000004,36.445899346768975,32.86134584529412,35.24216478736127,35.76630755903459
653,37.1568222845,37.131783605,36.456389441486486,32.966525627,35.2508600994898,35.83747842787966
654,37.124419287500004,37.0831791095,36.449927820835384,33.13287256347059,35.21155174010471,35.833178994759514
655,37.1656594655,37.0802333825,36.44958905820946,33.055070715058825,35.221598972702544,35.85218931764706
656,37.164186602,37.125892151,36.45077974910399,33.00204762905882,35.22870498163407,35.78900885806358
657,37.199535326,37.143566513,36.457564440112634,32.95197027005882,35.272671200000005,35.79255049369748
658,37.1833338275,37.134729332,36.445746774271925,33.12420866052941,35.232847130461536,35.80330251136171
659,37.1744966465,37.1273650145,36.44674267668832,33.22436337852941,35.244779527812504,35.854606386125
660,37.134729332,37.0566675665,36.420657932888176,32.884045271,35.21578400572255,35.79461113353394
661,37.152403694,37.078760519,36.42803101390625,32.86117256723529,35.23083722095238,35.81801025468085
662,37.1420936495,37.072869065,36.40953015752213,32.72948124252941,35.18433864181928,35.73362162502994
663,37.137675059,37.081706246,36.43687895446104,33.27062862023529,35.28930960174365,35.84476591950173
664,37.111163516000005,37.125892151,36.44886093636364,33.368704001529416,35.28425350097088,35.88825244430135
665,37.11705497,37.0861248365,36.452080855612905,33.29020904088235,35.311316823511454,35.9795444592194
666,37.134729332,37.1656594655,36.44799728369231,33.39348276394118,35.27224185607773,35.90891823893348
667,37.152403694,37.226046869,36.43250951254464,33.394868988411766,35.27401696806019,35.8921670683432
668,37.214263961,37.2451940945,36.43198166339844,33.309442905411764,35.28875204513143,35.85462472637931
669,37.2569770025,37.161240875000004,36.44348697641758,33.43021771241177,35.26500332861854,35.893084055652174
670,37.231938323,37.240775504,36.4358424871112,33.39608193482353,35.283449360955416,35.856757234410715
671,37.2216282785,37.2393026405,36.45493043545455,33.53331815741176,35.26074951711454,35.963623232
672,37.223101142000004,37.284961409000005,36.45520150290076,33.553418412235295,35.2614869822,35.94751113565912
673,37.228992596,37.2717056375,36.444120002000005,33.01053825394118,35.215465357209666,35.89908551040971
674,37.223101142000004,37.2805428185,36.43672320202272,33.03029195264706,35.21387422264494,35.860077726984436
675,37.237829777,37.252558412,36.42700157647919,32.62690063170589,35.22181986835527,35.82282035528
676,37.2687599105,37.2304654595,36.41754190814712,32.554123847,35.22419056817392,35.79996550796611
677,37.267287047,37.180388100500004,36.44544026738462,32.668314087764706,35.25633925723077,35.8559424955063
678,37.2775970915,37.228992596,36.44670743873373,32.68460222529412,35.26937541990878,35.87326089257773
679,37.279069955000004,37.2451940945,36.44501541849624,33.15297281829412,35.27788613658642,35.88224126916793
680,37.2805428185,37.2393026405,36.426806417170454,33.106707576588235,35.23902576632827,35.86682736125
681,37.2805428185,37.228992596,36.432471017761195,33.40803812088235,35.20888338157993,35.88049358658871
682,37.279069955000004,37.1892252815,36.4385994914,33.37979379729412,35.21654941727273,35.89757757773623
683,37.2775970915,37.198062462500005,36.42194775705495,33.36853072347059,35.221838207775285,35.92126361488301
684,37.26434132,37.2569770025,36.4258244810219,33.20790196294118,35.2321206705618,35.884277445114826
685,37.2658141835,37.228992596,36.43048626140093,33.31637402776471,35.268405001600584,35.903231630142784
686,37.2658141835,37.1833338275,36.4182085989435,33.49762287729412,35.22780610678687,35.92539160410857
687,37.26434132,37.1597680115,36.42548246636189,33.49918237982353,35.23775760122567,35.914282045547836
688,37.26434132,37.190698145,36.405126006372996,33.420167585,35.23632867108174,35.8282597717761
689,37.2687599105,37.170078056,36.41013522294315,33.520322303,35.219960558038515,35.86826066624933
690,37.2687599105,37.170078056,36.40577519669231,33.17775158070588,35.2182341321239,35.79975145704292
691,37.2687599105,37.0920162905,36.41642688253282,33.05316465641177,35.22669370658228,35.79233028118971
692,37.2687599105,37.131783605,36.418053791982096,33.15626510141177,35.239126704671385,35.79555346028121
693,37.267287047,37.1391479225,36.41397617401752,33.184509425,35.24572573090789,35.78859576627986
694,37.391007581000004,37.3821704,36.57627950617647,32.657397570058826,35.57412226222516,35.795823974590164
695,37.3983718985,37.3821704,36.581034087058825,32.98801210629412,35.57023041079137,35.83770709833519
696,37.196589599,37.3276744505,36.55977908888189,33.189014654529416,35.392792337353995,36.04357418870536
697,37.3895347175,37.376278946,36.58512156331516,32.788915616705886,35.46218254086956,35.918301231021566
698,37.391007581000004,37.32325586,36.575262685233085,32.92251300005883,35.46299382979382,35.97078008928731
699,37.417519124,37.361550311,36.58817784483456,32.921126775588235,35.538385187277974,35.90851969342597
700,37.391007581000004,37.3571317205,36.58948700751263,32.93897441564706,35.5415845101933,35.86648341389163
701,37.4160462605,37.371860355500004,36.59144434408759,32.981080983941176,35.513222558192425,35.95749830392762
702,37.4101548065,37.349767403,36.589364265891305,33.15695821364706,35.51409323915547,35.96409366968153
703,37.41162767,37.3247287235,36.6065432686331,33.65981114035294,35.512479349678884,36.08196642876358
704,37.399844762,37.358604584,36.59924695179655,33.37476873358823,35.49852732145773,35.961844674655175
705,37.388061854,37.361550311,36.61265481714286,33.581489457764704,35.49198904634974,36.0223646296
706,37.383643263500005,37.364496038,36.607471100616436,33.40561222805883,35.49413002390834,36.00879834172186
707,37.432247759,37.367441765,36.624956925363946,33.61267950835294,35.529806422523095,36.049567336586435
708,37.3482945395,37.3335659045,36.601373897289285,33.59205941935294,35.382281650415855,36.0711095661826
709,37.4189919875,37.3571317205,36.621934271602115,33.311868798235295,35.420895571509696,35.98827612434783
710,37.3954261715,37.3394573585,36.63342582285714,33.37164972852941,35.461021593440705,36.06386066858553
711,37.4072090795,37.332093041,36.623473756569055,33.20062428447059,35.446390230460686,36.00439994625352
712,37.4042633525,37.3630231745,36.64417624889841,33.34184590241176,35.46539512412783,36.032748451498605
713,37.388061854,37.358604584,36.65358485740429,33.17151357058824,35.46916619075,36.016439114603
714,37.383643263500005,37.370387492,36.65086845793979,33.20530279205882,35.44147558083631,35.995850565608905
715,37.365968901500004,37.391007581000004,36.637474619502264,32.87763398282353,35.459555871121495,35.96213065109023
716,37.349767403,37.3689146285,36.629380376113446,32.96375317805882,35.50494967566265,35.888295684964724
717,37.367441765,37.373333219,36.62631228395994,32.692226459882356,35.512436034193215,35.913463795060935
718,37.388061854,37.3571317205,36.61527059132353,32.94711848441177,35.42777314963489,35.92083986752728
719,37.367441765,37.3394573585,36.6165324911541,33.11173264029412,35.429940695405406,35.938475872020724
720,37.364496038,37.3453488125,36.61271800056452,32.817853052529415,35.45086313881169,35.936891744211124
721,37.3630231745,37.3453488125,36.61289800213143,33.02249444,35.48353021983456,35.92965691168443
722,37.3482945395,37.370387492,36.604607573,32.783370718823534,35.446505273362185,35.94677003211268
723,37.4131005335,37.376278946,36.59049997446154,32.42260580035294,35.46604625408871,35.944444549778716
724,37.3924804445,37.337984495,36.58193538580153,32.59103207352941,35.50392406103631,35.92373247666667
725,37.4013176255,37.3365116315,36.566869185161295,33.32936988217647,35.461426913494506,36.00349455797631
726,37.385116127,37.326201587,36.57374438784091,33.54822007047059,35.48760069967112,36.06796395250833
727,37.385116127,37.3276744505,36.60156510123742,33.442520454588234,35.48781264266,36.053382533755354
728,37.388061854,37.340930222,36.60947037983811,33.67003454582353,35.512762998815404,36.10842912719962
729,37.391007581000004,37.32325586,36.60477332685193,33.65045412517647,35.50250528999043,36.12648665340943
730,37.393953308,37.034574614,36.60627518223695,33.63191337288235,35.49614337413434,36.163338509340775
731,37.3924804445,37.3335659045,36.58706782707115,33.45759564570589,35.49100467141374,36.008045708105726
732,37.3895347175,37.332093041,36.58265481520099,32.92441905870589,35.478617888624164,35.918658868242716
733,37.391007581000004,37.326201587,36.58312112194218,32.87278219717647,35.448131042904734,35.9979732827
734,37.393953308,37.0448846585,36.59659817305601,33.84521866329412,35.437414444119874,36.12775439042009
735,37.393953308,37.3571317205,36.59444135261975,32.84696376641177,35.464649281755705,35.842116010573015
736,37.393953308,37.326201587,36.59296139940181,33.075517526,35.452169895279724,35.92921515320236
737,37.426356305,37.0655047475,36.608948400021276,33.66414309182353,35.517103324144486,36.07566484407623
738,37.417519124,37.343875949,36.583657809239135,33.36523844035294,35.52362050081445,35.96002994179935
739,37.429302032,37.2451940945,36.60664525440994,33.662583589294115,35.544761328763684,36.113798665119454
740,37.414573397,37.2864342725,36.59794278544118,33.692733971529414,35.49243812103482,36.07565383647059
741,37.408681943000005,37.305581498,36.59504695422751,33.38273952429412,35.48776256654235,36.057183089328625
742,37.3983718985,37.335038768000004,36.592604141702125,32.97674903247059,35.49377046659189,35.898330053003335
743,37.402790489,37.340930222,36.601208439246754,32.84904310311765,35.54215594299222,35.85402126846277
744,37.396899035000004,37.3306201775,36.587445773165584,32.79030184117647,35.5096559219866,35.743639692500004
745,37.3821704,37.335038768000004,36.557966340407035,32.43750771341177,35.555491262341135,35.62327112783471
746,37.370387492,37.243721231,36.54239325115565,32.46696498341176,35.53437027803447,35.697207853549486
747,37.3821704,37.326201587,36.5617531780146,32.65705101394118,35.499564456875,35.7265821084264
748,37.393953308,37.276124228,36.54982328514286,32.35329457682353,35.531938526743666,35.73209369752299
749,37.3924804445,37.32325586,36.560661748542785,32.312054398823534,35.52596258991857,35.77165216334129
750,37.4013176255,37.298217180500004,36.55570235994532,32.37634055864706,35.557031434029774,35.733638498162364
751,37.3983718985,37.305581498,36.54805112098428,32.41480828770588,35.573314001076,35.77808299202312
752,37.4101548065,37.29379859,36.562767550300556,32.529345084588236,35.58500305042355,35.805040099005524
753,37.427829168500004,37.299690044,36.57368489604317,32.544593553764706,35.56982303615651,35.868743393370785
754,37.408681943000005,37.261395593,36.57075119482143,32.55810924235294,35.54948236623784,35.86503063527607
755,37.391007581000004,37.228992596,36.57262650076974,32.53107786517647,35.55050806752777,35.845846920011965
756,37.405736216,37.298217180500004,36.553796261818185,32.36750337764706,35.5945807465179,35.75336759324068
757,37.402790489,37.259922729500005,36.55936370963534,32.47545560829412,35.578360264696066,35.78670682657669
758,37.393953308,37.282015682,36.564748817733815,32.47909444752941,35.589533354253646,35.743818705989916
759,37.361550311,37.259922729500005,36.560188440785204,32.331981375588235,35.54721146545585,35.76990298244137
760,37.391007581000004,37.128837878,36.559461848308324,32.50456632217647,35.52214798037987,35.78757528800698
761,37.3924804445,37.2717056375,36.54992069675,32.40337193582353,35.541157006938775,35.77705745875581
762,37.358604584,37.302635771,36.53349159889496,32.164421492705884,35.56382127420673,35.65612284119238
763,37.3865889905,37.2893799995,36.549452946567165,32.437334435352945,35.58018545955733,35.73543435894737
764,37.3865889905,37.2068996435,36.5412752773911,32.301484437235295,35.544704795659825,35.6858086419197
765,37.3865889905,37.1450393765,36.53572312691177,32.54909878329412,35.55063749653071,35.740445188249076
766,37.371860355500004,37.209845370500005,36.53012752915294,32.29819215411765,35.57521852510846,35.76203930064927
767,37.385116127,37.2275197325,36.551280396978726,32.45882091464706,35.52207924337506,35.77715294972587
768,37.385116127,37.242248367500004,36.53154438314911,32.37980611982353,35.530967236220256,35.71630983750853
769,37.279069955000004,36.7562034125,36.518283354982145,32.47788150111765,35.53875515837227,35.631352018586696
770,37.361550311,37.0272102965,36.508916901994546,32.25591230776471,35.5620328174877,35.70729365118975
771,37.346821676000005,37.075814792,36.53287030942127,32.252966580764706,35.50548042844772,35.73800980648438
772,37.3365116315,37.055194703,36.52663259238636,32.06097449158823,35.47930674174574,35.71896481253713
773,37.3335659045,37.173023783000005,36.53301497450798,32.10152155735294,35.41228684685966,35.66300946718824
774,37.332093041,37.102326335,36.53542939345023,32.224375701058825,35.36144285194166,35.624710815508024
775,37.310000088500004,37.167132329,36.51649035614006,32.81767977447059,35.376601714641566,35.55841723922842
776,37.273178501000004,37.137675059,36.52844367895546,33.12143621158824,35.378076461686376,35.54912865152857
777,37.254031275500004,37.161240875000004,36.550517010770015,33.374595455529416,35.445880261827284,35.76689830331175
778,37.2658141835,37.1067449255,36.53313286630063,33.30389800752941,35.447379351314744,35.87421508777007
779,37.3129458155,36.404189036000005,36.503166620088365,32.94850470888235,35.47186144774237,35.99270468692308
780,37.3276744505,37.170078056,36.47647863312021,33.339246731529414,35.446411976566985,35.798615929795226
781,37.3453488125,37.214263961,36.457862687222224,33.57819717464706,35.382350985172614,35.91088095259542
782,37.2893799995,37.124419287500004,36.456077528386466,33.46868544147059,35.41605888992701,35.95905806268808
783,37.2893799995,37.223101142000004,36.466566652903225,32.978655091117645,35.41699170213483,35.7679417337931
784,37.3365116315,37.237829777,36.49973598837156,33.04432747541176,35.47019865257885,35.78804155350803
785,37.3247287235,37.2569770025,36.509131574743805,33.011924478411764,35.48884348837183,35.81259626482412
786,37.3482945395,37.228992596,36.50651720522677,33.38568525129412,35.444622069820554,35.821076484896004
787,37.3276744505,37.273178501000004,36.50840173190266,33.06321478382353,35.43828000732533,35.798865516285716
788,37.302635771,37.248139821500004,36.50869138057522,33.005686468294115,35.394018878534034,35.70186276604651
789,37.343875949,37.2334111865,36.51124955243243,33.434722941941175,35.44117514972973,35.78893840017241
790,37.3276744505,37.2334111865,36.524940671106194,33.43229704911765,35.4440022677551,35.8579530593
791,37.332093041,37.2628684565,36.52801504360102,33.1793110832353,35.431623144430176,35.81326368451613
792,37.335038768000004,37.26434132,36.51683162230769,32.88508493935294,35.431115675541605,35.758054291255675
793,37.304108634500004,37.2717056375,36.526701156426874,32.90189291105882,35.43028611873122,35.715606496183085
794,37.3335659045,37.255504139,36.518012858735176,32.89097639335294,35.366551169566726,35.59114995881157
795,37.317364406,37.217209688000004,36.50961505494737,33.010364975882354,35.405550957619894,35.6832439419544
796,37.332093041,37.2186825515,36.48792471391768,33.25399392658824,35.381699190397114,35.742780226158835
797,37.317364406,37.2127910975,36.479772080000004,33.087993546235296,35.445322455572686,35.70417541584158
798,37.332093041,37.209845370500005,36.48617199452756,33.29800655352941,35.456153833665965,35.651359326321746
799,37.3276744505,37.217209688000004,36.50360968260817,33.19542594270588,35.445641036625766,35.77755949825243
800,37.3306201775,37.226046869,36.516138444908,33.33855361929412,35.421343575963405,35.83405278054688
801,37.2923257265,37.226046869,36.51739954993624,33.434722941941175,35.432304925754885,35.7429715154
802,37.2834885455,37.2245740055,36.507688639385506,33.476136398,35.422624735822005,35.776108809565216
803,37.326201587,37.231938323,36.520742762931036,33.45153091364706,35.3945696731361,35.89355648152284
804,37.335038768000004,37.143566513,36.49714708864782,33.55480463670588,35.38894978170686,35.918185094398034
805,37.270232774,37.0861248365,36.474226641152,33.25486031688236,35.44255390275145,35.808557279478826
806,37.3129458155,37.1303107415,36.49823763163563,33.37754118252941,35.42692590527183,35.81981645949367
807,37.2952714535,37.122946424,36.51956844697713,32.872955475235294,35.33143210765218,35.715870827
808,37.3306201775,37.226046869,36.52305239348,33.08782026817647,35.34330890804124,35.71339717163462
809,37.332093041,37.167132329,36.526431402069626,33.34219245852941,35.35580336673544,35.771673086430226
810,37.3247287235,37.178915237,36.50561721021008,33.03878257752941,35.349871777226994,35.65975423250582
811,37.317364406,37.1303107415,36.494723349398825,33.02249444,35.37585759186889,35.62329365403401
812,37.1892252815,37.0478303855,36.470271114165996,32.90362569164706,35.47594787901129,35.707246207883685
813,37.093489154000004,37.0596132935,36.46200975825368,33.10341529347059,35.63145750387866,35.811895292857145
814,37.2039539165,37.064031884,36.47694635831522,33.243423965,35.494513349127395,35.84505637345212
815,37.2393026405,37.1273650145,36.48179646567474,33.29523410458824,35.462811717917674,35.86046287306574
816,37.273178501000004,37.128837878,36.53578253405406,33.39261637364706,35.42240794154091,36.0452696757017
817,37.282015682,37.125892151,36.547505132421875,33.376501514176475,35.39095122963727,36.03413422103293
818,37.3011629075,37.122946424,36.56041515450747,33.38880425635294,35.40995574182617,35.987374726666665
819,37.287907136,37.0566675665,36.53017466390473,33.16406261405883,35.42588406099068,35.85985999973703
820,37.2893799995,37.1155821065,36.53223715978032,33.27565368394118,35.42716164923414,35.87332078353118
821,37.290852863,37.131783605,36.52523007987794,33.123862104411764,35.42591766998395,35.774879739765225
822,37.282015682,37.1686051925,36.509113685616924,32.97934820335294,35.44061171318158,35.66769737290848
823,37.329147314000004,37.2363569135,36.47831447603983,32.615810835941176,35.40792743079334,35.695913183592815
824,37.314418679,37.2245740055,36.47074257699115,32.20704789517647,35.43848450721006,35.6315388149499
825,37.3276744505,37.2393026405,36.45900517321739,32.11573035817647,35.4741760470515,35.57474957777049
826,37.320310133,37.234884050000005,36.48563647474026,32.19699776776471,35.47371955710813,35.63035703684578
827,37.329147314000004,37.2334111865,36.470013852872185,32.00725829335294,35.50996388428025,35.59724988490323
828,37.3247287235,37.237829777,36.462601547338345,32.095630103352946,35.470243794271184,35.56154348761971
829,37.3394573585,37.2275197325,36.47033008171053,32.31725274058824,35.428725088545995,35.6246006598346
830,37.335038768000004,37.2304654595,36.46926541073913,32.19197270405883,35.44972736091344,35.64299502626051
831,37.343875949,37.242248367500004,36.477218137879255,32.61789017264706,35.433406899305496,35.695124171767155
832,37.346821676000005,37.237829777,36.49593981551668,32.808496037352946,35.39718775884716,35.807300114920196
833,37.349767403,37.255504139,36.5006492182458,32.53783570947059,35.39459486562006,35.78017059524818
834,37.3394573585,37.1951167355,36.47377868923077,32.17811045935294,35.359037428563994,35.68757190277344
835,37.340930222,37.267287047,36.46168660864801,32.611825440588234,35.38245784138973,35.6633923625911
836,37.3394573585,37.2746513645,36.51299354778626,32.61841000682353,35.41119524403286,35.752656750108194
837,37.3306201775,37.2039539165,36.54529673332016,33.38915081247059,35.398924013605495,35.99673296195468
838,37.329147314000004,37.273178501000004,36.538969583598345,32.63175241735294,35.43476388947094,35.883856445192734
839,37.329147314000004,37.273178501000004,36.49767285985636,32.80901587152941,35.38680566153127,35.91304666963791
840,37.3276744505,37.311472952,36.4921625892028,33.117277538176474,35.378608801398705,35.95013529523984
841,37.349767403,37.310000088500004,36.517367642523006,32.86966319211765,35.37248677918722,35.93926297607714
842,37.3512402665,37.320310133,36.51165621010916,32.858573396352945,35.37017929113503,35.82884817448942
843,37.337984495,37.311472952,36.51515801971223,32.438893937882355,35.381414838996065,35.82210676428638
844,37.3453488125,37.26434132,36.51055466118874,32.56486708664706,35.39778350056872,35.85699590089876
845,37.3453488125,37.2923257265,36.52271691985037,32.559148910705886,35.44224156556262,35.812118971399386
846,37.340930222,37.2893799995,36.520381253913044,32.41810057082353,35.43526020640992,35.79751648524223
847,37.3630231745,37.287907136,36.527807181157456,32.54251421705882,35.436934155331414,35.818643969
848,37.367441765,37.2775970915,36.527709180408166,32.68286944470589,35.409876458475956,35.82866818212443
849,37.3777518095,37.2746513645,36.523568742978725,32.7639635762353,35.426193394013936,35.843314493057605
850,37.371860355500004,37.261395593,36.528378208386364,32.787356114176475,35.39945905383904,35.84440403605382
851,37.379224673,37.255504139,36.52903189052944,32.60628054270588,35.472919375536094,35.77171934486984
852,37.3394573585,37.2393026405,36.51714932216403,32.65289234052941,35.435157612559316,35.71939749051447
853,37.3541859935,37.2628684565,36.513354680273004,32.85060260564706,35.42461925382939,35.77720754501038
854,37.346821676000005,37.26434132,36.49716104941609,32.70522231429412,35.406834028755846,35.7296894
855,37.3335659045,37.270232774,36.48716259416612,32.64804055488236,35.43165088260685,35.708621278084415
856,37.332093041,37.252558412,36.48692961349172,32.802951139470586,35.425420925037265,35.755941552458836
857,37.332093041,37.237829777,36.478588069007195,32.763790298176474,35.43468763199269,35.718280967272726
858,37.3188372695,37.2157368245,36.46956748682806,32.63989648611765,35.426089196691045,35.694575184608
859,37.3247287235,37.223101142000004,36.477370902723955,32.76205751758824,35.43327458010834,35.75021211023835
860,37.3365116315,37.234884050000005,36.475842858723404,32.72324323241177,35.43014823172001,35.710169419903224
861,37.3365116315,37.231938323,36.49260515713211,32.6844289472353,35.45057978341524,35.7409612564828
862,37.335038768000004,37.226046869,36.48396427877998,32.621875568,35.441439865842206,35.66802724480863
863,37.298217180500004,37.214263961,36.4967008458194,32.605933986588234,35.428395138539784,35.58794318235551
864,37.3394573585,37.234884050000005,36.494332196787376,32.6903204012353,35.42820204099564,35.67515117265329
865,37.340930222,37.237829777,36.49576137321064,32.59103207352941,35.45910415189337,35.65950419877814
866,37.335038768000004,37.252558412,36.47541678385812,32.601255479,35.4556103915,35.61781448690149
867,37.335038768000004,37.237829777,36.48054337867647,32.60801332329412,35.452226500806454,35.68725456426009
868,37.335038768000004,37.255504139,36.47267078944734,32.79931230023529,35.44514671082945,35.6863564499266
869,37.3394573585,37.246666958,36.47389697508514,32.697251523588236,35.45908117977626,35.68259263796435
870,37.3394573585,37.2275197325,36.48356240257299,32.63556453464706,35.43361520309902,35.72568058639463
871,37.335038768000004,37.2157368245,36.47841716633352,32.876247758352946,35.401093308140766,35.71333193799552
872,37.3394573585,37.237829777,36.479995906760834,32.74594265811765,35.40098341350953,35.73101459548741
873,37.335038768000004,37.2451940945,36.485577989550364,32.916794824117645,35.40586357579302,35.69208715980707
874,37.3247287235,37.240775504,36.496178967206525,32.76049801505882,35.40601567229867,35.68431157564984
875,37.335038768000004,37.26434132,36.49966302489819,32.759458346705884,35.42345370032238,35.71278436331863
876,37.282015682,37.155349421000004,36.4765622260372,32.58981912711765,35.37854900897125,35.5069459313871
877,37.304108634500004,37.2010081895,36.502391730702705,32.6520259502353,35.35608810258483,35.704174953170735
878,37.32325586,37.243721231,36.51691423484375,33.04224813870589,35.50914760389381,35.839929888107775
879,37.335038768000004,37.2186825515,36.50292827479221,32.759111790588236,35.42988440250615,35.78148220703371
880,37.332093041,37.122946424,36.474487273522726,32.583581117,35.436783764469276,35.705035969068966
881,37.3365116315,37.11705497,36.48755000686941,32.938108025352946,35.46775831099814,35.8686558674
882,37.3306201775,37.186279554500004,36.494503083582416,33.200970840588234,35.41727903246443,35.92389658561321
883,37.3365116315,37.075814792,36.487555424363634,33.36610483064706,35.39805006808564,35.98275585124176
884,37.332093041,37.0861248365,36.47356873100839,33.30199194888235,35.442064186914436,35.7079383912279
885,37.3247287235,36.7827149555,36.47094240577708,33.01209775647059,35.504069970612136,35.91675447288797
886,37.284961409000005,36.3231815435,36.45107598176155,33.154185764705886,35.53123042462721,35.935442158257615
887,37.248139821500004,35.041790298500004,36.45294844806907,33.24082479411765,35.640202163562314,35.970018247085044
888,37.258449866,34.798767821,36.45595486285714,33.211194246058824,35.7663583385563,34.872918729034176
889,37.211318234000004,35.2509369155,36.4567211675,33.47856229082353,35.59351060714395,33.357508476779664
890,37.243721231,34.3465987265,36.483948790037054,33.41115712594118,35.59099630897295,33.87762097213662
891,37.2805428185,35.6692301495,36.51294392248276,33.39972077405883,35.50592293520283,35.96708912793244
892,37.240775504,36.9948072995,36.523569160784014,32.937241635058825,35.516792005640525,35.950995181109725
893,37.304108634500004,37.0331017505,36.51895333328537,32.99269061388235,35.402254416856074,35.753186766609
894,37.290852863,37.093489154000004,36.53890681952875,32.59709680558824,35.36584624845319,35.722023686731355
895,37.282015682,37.1450393765,36.51150552151104,32.41290222905882,35.36535789347194,35.66080551961977
896,37.267287047,37.2363569135,36.50911786327586,32.25695197611765,35.37387356272077,35.77543593222222
897,37.261395593,37.211318234000004,36.488119741898636,32.899293740176475,35.357251422955464,35.8718773465901
898,37.192171008500004,37.211318234000004,36.42614171578572,32.493996360588234,35.42738763255551,35.71133095802659
899,37.234884050000005,37.102326335,36.403643531,31.96636467147059,35.46544615037264,35.73560762668122
900,37.2717056375,37.096434881,36.401031524705886,31.83519318094118,35.5142009146747,35.55545987654962
901,37.304108634500004,37.099380608000004,36.400748910134915,31.93742723564706,35.426034594882104,35.67699894269071
902,37.2834885455,37.114109243,36.42076567409231,32.15107908217647,35.410603955259624,35.728848668325426
903,37.3070543615,37.11705497,36.42797268727395,32.12300803664706,35.40512246821053,35.698228722194486
904,37.3070543615,37.131783605,36.43755640791072,32.082980805058824,35.35761562115212,35.72761572184634
905,37.299690044,37.173023783000005,36.4514008440373,31.93898673817647,35.33153169668652,35.761176946125076
906,37.326201587,37.209845370500005,36.464374281764705,32.06842544811765,35.350556510083045,35.831481520000004
907,37.32325586,37.192171008500004,36.46366748566367,32.19769088,35.36123004209898,35.87047289378779
908,37.3129458155,37.2127910975,36.44606016971871,32.233732716235295,35.36371675902625,35.88258791143662
909,37.32325586,37.1833338275,36.455613467995676,32.67004686835294,35.40877878725,35.92170309335548
910,37.3158915425,37.184806691,36.46255160857143,32.48689196017647,35.42343183138763,35.93271776638079
911,37.317364406,37.149457967000004,36.46120733878138,32.55308417864706,35.34914231626583,35.995271816563
912,37.304108634500004,37.17596951,36.46405084103327,32.60264170347059,35.34473327455564,36.00619760270127
913,37.2923257265,37.184806691,36.44698640174619,32.499887814588234,35.36395297388635,35.93663047509119
914,37.3217829965,37.217209688000004,36.454636204883116,32.517908732705884,35.35606410435577,35.943572870291895
915,37.3247287235,37.208372507,36.45898788629275,32.25695197611765,35.37528621578947,35.917990741786305
916,37.326201587,37.1951167355,36.443849919804194,32.08038163417647,35.363061765768336,35.86056763788847
917,37.3188372695,37.192171008500004,36.4346726452715,32.32037174564706,35.35500029306244,35.879431111409836
918,37.3276744505,37.2068996435,36.445793191543345,32.171006058941174,35.374759109362124,35.864115175034414
919,37.32325586,37.152403694,36.44312001521803,31.995821941470588,35.365382181063694,35.816099293530044
920,37.279069955000004,37.1450393765,36.45865624477947,32.081074746411765,35.31370850191922,35.88117956382979
921,37.326201587,37.1833338275,36.46038444338462,32.05005797388235,35.354368743168195,35.87170319255521
922,37.220155415,37.0095359345,36.4699155696875,32.03030427517647,35.36468439934051,35.82072363527333
923,37.317364406,37.1126363795,36.45877146044034,32.056469262058826,35.355310129759694,35.83377039462437
924,37.3365116315,37.181860964,36.4433904411145,31.903638014176472,35.36050377777369,35.70785018085263
925,37.3276744505,37.155349421000004,36.44396414342857,31.924431381235294,35.342413776676686,35.73477487899896
926,37.290852863,37.096434881,36.455580385145986,32.032903446058825,35.34658518507597,35.80333239292448
927,37.3011629075,37.131783605,36.460696104764125,32.03758195364706,35.34059180826891,35.76315825249478
928,37.3306201775,37.140620786,36.45244697538236,32.13444438852942,35.35062935397222,35.80919456656115
929,37.332093041,37.173023783000005,36.46269317018272,32.17984323994118,35.33356871089718,35.79306633881741
930,37.310000088500004,37.193643872,36.46878758443662,32.05889515488236,35.36474045035294,35.79114003955088
931,37.320310133,37.161240875000004,36.46393413812406,32.25210019047059,35.32421943148721,35.82135282145721
932,37.3129458155,37.125892151,36.475253982105265,32.10204139152941,35.35165061451231,35.83033094336207
933,37.282015682,36.949148531,36.472082092386366,32.33665988317647,35.37014559805564,35.86356813571885
934,37.3011629075,37.0183731155,36.4446116826664,32.574397379882356,35.39241376733863,35.85664568132543
935,37.302635771,36.9918615725,36.46950334147727,33.05922938847059,35.42121541101026,35.94194158339326
936,37.304108634500004,36.639847196000005,36.475661403930985,33.302511783058826,35.39685655432432,35.96694424874931
937,37.302635771,36.819536543,36.460346238517445,33.00360713158824,35.3255655682243,35.94851713818182
938,37.276124228,37.055194703,36.50085671819231,32.93654852282353,35.38011859431645,35.96591751944134
939,37.2658141835,37.0213188425,36.49214189816,33.107573966882356,35.37409849576177,35.98808839095034
940,37.228992596,37.0478303855,36.470820083594475,32.76119112729412,35.41375134245321,35.85620781655636
941,37.214263961,37.1538765575,36.45172971401416,32.157490370352946,35.46932546312087,35.74697452449622
942,37.32325586,36.6442657865,36.42993047090596,32.20930050994118,35.499221793932264,35.674890166189044
943,37.32325586,36.5323281605,36.39976663965116,31.759990503411764,35.45924476282289,35.52919380520597
944,37.32325586,33.0976104785,36.386514674,31.89705344794118,35.404424091683595,34.9625829725
945,37.32325586,33.284664143,36.37102546194672,31.937600513705885,35.458284199892994,34.94428876984456
946,37.3247287235,33.5630353445,36.398297582,31.80746869152941,35.499133672033516,34.98843247079546
947,37.3335659045,33.596911205,36.42144094877907,31.746648092882353,35.51400123118066,35.191799832110725
948,37.3276744505,33.5011750775,36.39698837,31.76605523547059,35.5145822636119,35.248805380124224
949,37.3306201775,33.554198163500004,36.3947190692,31.721696052411765,35.5861475544566,35.2849412000654
950,37.3070543615,33.508539395,36.384116176917,31.886136930235295,35.44940226452742,35.339085381444676
951,37.290852863,33.306757095500004,36.38202214055631,31.84455019611765,35.48189620650333,35.17345274352941
952,37.310000088500004,33.127067748500004,36.37283439296993,31.74560842452941,35.47126434382133,35.186549105578365
953,37.282015682,33.3155942765,36.394283624329674,31.686867162588236,35.50251404029766,35.16159227835691
954,37.3011629075,33.442260537500005,36.41047832746917,31.702635465941178,35.57197729801153,35.2846268
955,37.296744317,33.484973579,36.42644564,31.771253577235296,35.57725116892169,35.121810617072384
956,37.284961409000005,33.275826962000004,36.38884155078992,31.780090758235296,35.61289633688545,34.876206239775286
957,37.2216282785,33.1741993805,36.23183904271187,31.710259700529413,35.637407508048966,34.789521984231214
958,37.243721231,34.216986738500005,34.69256137728458,32.09511026917647,35.53736099627145,34.90467265761364
959,37.26434132,33.6337327925,34.76080159734737,31.926510717941177,35.536427681371684,34.45245731682783
960,37.1833338275,34.5115594385,34.71481025997163,32.22385586688235,35.75646408596786,35.13458770707375
961,37.255504139,34.756054779500005,35.16222783930567,31.80746869152941,35.77556625525985,33.92689442746853
962,37.105272062,33.3273771845,34.8192571055029,32.322970916529414,35.52083995830486,34.222527510714286
963,37.170078056,32.9974557605,36.296535228676476,31.840044966588238,35.54636727500939,34.793036409187735
964,37.237829777,32.966525627,36.378922166380285,31.934308230588236,35.52389900070617,34.96822539854705
965,37.2304654595,32.833967912,36.373620919454545,31.839005298235296,35.5458758703728,34.875986284707125
966,37.2510855485,33.007765805,36.38169750087857,31.96965695458824,35.62163568950834,34.53062582072042
967,37.242248367500004,33.1535792915,36.3923515775,31.973122515764707,35.644544828745914,34.63312125296483
968,37.202481053,32.901719633,36.36509641441408,31.918366649176473,35.61432906452085,34.597330833995215
969,37.240775504,33.087300434,36.37807180291339,31.96185944194118,35.562260477877814,34.55561449685649
970,37.26434132,33.3097028225,36.37531860504567,32.02909132876471,35.64159306719415,34.391090320150944
971,37.2834885455,33.090246161,36.38773973044003,32.08765931264706,35.5408732582774,34.599300021285714
972,37.299690044,36.298142864,36.42840520731169,32.60610726464706,35.46610286464159,35.64021658733264
973,37.3011629075,36.8003893175,36.430809088987,32.2749728942353,35.47858642536538,35.71836584167213
974,37.302635771,36.955039985,36.46247185832168,32.174125064,35.43419905019802,35.69552600119247
975,37.32325586,36.949148531,36.45046683408696,32.21016690023529,35.44619653378572,35.697559940000005
976,37.32325586,37.066977611,36.42780072964309,32.24516906811765,35.44557524079056,35.606123369865664
977,37.296744317,33.076990389500004,36.35016857786614,31.948343753352944,35.425377936679865,35.19132123600639
978,37.296744317,35.334890135,36.32675791365024,31.979013969764708,35.384035890501245,35.320315807333685
979,37.2834885455,33.561562481,36.35405502840385,31.85546671382353,35.3975503923015,35.27138559015996
980,37.32325586,33.2095481045,36.388774500562434,31.790314163705883,35.451235696393994,35.17079198394475
981,37.310000088500004,33.7810191425,36.390744858991596,31.765015567117647,35.48309453,35.476049794159714
982,37.273178501000004,35.620625654,36.41801569962665,32.45379585094118,35.35806420492228,35.61821061933159
983,37.311472952,37.000698753500004,36.41814551681437,32.32938220470589,35.3905355092621,35.69004180496802
984,37.305581498,36.934419896,36.38570442741259,32.19162614794118,35.33477858823387,35.68211493062433
985,37.3217829965,37.11705497,36.392458111417646,31.95163603647059,35.35706126496815,35.63188468208644
986,37.317364406,36.916745534,36.38752955755597,31.896880169882355,35.37370467094067,35.5879325358937
987,37.3217829965,37.0331017505,36.379505748936566,31.952502426764706,35.362902770000005,35.60570926243171
988,37.158295148,36.9830243915,36.44023017894974,32.392282140058825,35.480701496155845,35.7445619682242
989,36.591242700500004,36.869613902,36.47271340670492,33.41410285294118,35.70461530475265,35.7217467655079
990,37.164186602,36.990388709,36.44967222175764,32.89392212035294,35.35253862486826,35.51646733025145
991,37.2569770025,37.0272102965,36.4843865976908,32.77695943064706,35.37936351564502,35.75919384227273
992,37.276124228,37.0537218395,36.49829887671875,32.80936242764706,35.36445788081008,35.80645094865484
993,37.2834885455,37.066977611,36.51743612186293,32.678884049352945,35.354619260109324,35.81835986335025
994,37.299690044,37.0802333825,36.49053061869565,32.527785582058826,35.35973944,35.7538525028094
995,37.335038768000004,37.1126363795,36.43428614318514,32.59692352752941,35.345463521671164,35.7506662276873
996,37.3335659045,37.1008534715,36.44832632341515,32.72376306658823,35.35338503620291,35.72584383787027
997,37.308527225,37.137675059,36.43837375989437,32.49416963864706,35.37088251363399,35.649181841285184
998,37.329147314000004,37.208372507,36.46288379583555,32.54857894911765,35.398922440630116,35.64313119267606
999,37.311472952,37.178915237,36.452539589517244,32.45674157794118,35.375373139768755,35.559022193969234
1000,37.173023783000005,37.14651224,36.4907705896563,32.68425566917647,35.367112074962336,35.70940398356508
1001,37.209845370500005,37.102326335,36.4953406165493,32.552391066411765,35.34523737998129,35.65288984710995
1002,37.2717056375,37.108217789,36.511234913617024,32.836220526764706,35.338201223488376,35.718536008571434
1003,37.284961409000005,37.2010081895,36.4974150721831,32.779558601529416,35.31037284735276,35.663327944671536
1004,37.3011629075,37.1509308305,36.51271582021053,32.671779648941175,35.331857630259364,35.684570234360315
1005,37.3011629075,37.2068996435,36.52323106241177,32.247421682882354,35.353464391897404,35.61653311725191
1006,37.273178501000004,37.158295148,36.51402885215352,32.47926772558824,35.31064636567968,35.72037406482759
1007,37.2805428185,37.2068996435,36.49710039630435,32.364904206764706,35.31784963963332,35.63448459817143
1008,37.223101142000004,37.158295148,36.49576459288321,32.17065950282353,35.33298535687605,35.65203828941176
1009,37.2952714535,37.209845370500005,36.520535549841895,32.27739878705882,35.37399093790383,35.67451470580108
1010,37.3394573585,37.209845370500005,36.51979814782609,32.53194425547059,35.33332248325495,35.741068151453156
1011,37.305581498,37.209845370500005,36.522129538297875,32.58063539,35.34703956202765,35.74806710631579
1012,37.2923257265,37.2245740055,36.52241204309776,32.415674678,35.30189670505152,35.7564219064151
1013,37.290852863,37.2245740055,36.52274773594553,32.843324927176475,35.295246706214954,35.929264029559164
1014,37.270232774,37.26434132,36.51163805862236,32.76760241547059,35.334562832,35.897028549798904
1015,37.259922729500005,37.26434132,36.51745173817602,32.02649215788235,35.341619679831496,35.851631796325385
1016,37.259922729500005,37.2717056375,36.49965463755102,32.13479094464706,35.347766607204015,35.88025621757764
1017,37.2510855485,37.2717056375,36.495752338707405,32.15541103364706,35.370757088750004,35.88561255826179
1018,37.248139821500004,37.2510855485,36.48810244837838,32.360572255294116,35.30704577125902,35.91304049606133
1019,37.254031275500004,37.26434132,36.484761683085715,32.57716982882353,35.28455888376102,35.9550827740013
1020,37.2717056375,37.258449866,36.479910561770986,32.99788895564706,35.352805888201026,36.06392097764823
1021,37.2157368245,37.2186825515,36.469920316962025,33.24983525317647,35.29156358494436,36.097931706648794
1022,37.20542678,37.209845370500005,36.47838508329692,33.179484361294115,35.35265815238753,36.11832452627346
1023,37.20542678,37.158295148,36.494439382195125,33.14950725711765,35.42367340881947,36.129802719611305
1024,37.209845370500005,37.2245740055,36.4845203894079,33.35362881041176,35.329089549487875,36.12510952327615
1025,37.20542678,37.258449866,36.49350064912522,33.149853813235296,35.42411921272887,36.117081842595425
1026,37.208372507,37.243721231,36.49414306288169,33.221071095411766,35.44959979290614,36.15009664472362
1027,37.199535326,37.26434132,36.493958818135596,33.08937977070588,35.48846151170689,36.14197167292649
1028,37.211318234000004,37.228992596,36.505756675380816,32.82617039935294,35.469557712374275,36.150656147316376
1029,37.209845370500005,37.217209688000004,36.512695375604395,33.39105687111765,35.38301572396319,36.16957450499429
1030,37.20542678,37.255504139,36.48409932217143,33.116064591764705,35.28319175463314,36.04339598008762
1031,37.214263961,37.2245740055,36.50978201923077,33.279812357352945,35.366283839083664,36.069997424864574
1032,37.211318234000004,37.226046869,36.49561246514706,32.902759301352944,35.329078015567916,36.000492895740194
1033,37.20542678,37.26434132,36.50761792442857,32.40631766282353,35.35361108435442,35.930633192439025
1034,37.214263961,37.240775504,36.50958020357882,31.96636467147059,35.299458342776575,35.88291219472957
1035,37.2127910975,37.2658141835,36.51185203560151,31.81370670164706,35.44901069234487,35.82428629419233
1036,37.208372507,37.234884050000005,36.48145634785455,31.904850960588238,35.42023911949569,35.83731910472623
1037,37.237829777,37.220155415,36.44456513408,31.93257545,35.409468461428574,35.82384802239686
1038,37.240775504,37.2893799995,36.45432780471363,31.841777747176472,35.45361303717678,35.834681816
1039,37.259922729500005,37.242248367500004,36.425342403163796,31.897746560176472,35.37913481739275,35.886887402647254
1040,37.0861248365,36.9358927595,36.38123725886761,31.641295033117647,35.56433320269419,35.75032167925676
1041,37.2216282785,37.255504139,36.42485595118122,31.853040821,35.51815200203263,35.832220733907604
1042,37.217209688000004,37.246666958,36.42104525282087,31.708007085764706,35.51157012181456,35.840124215469935
1043,37.220155415,37.196589599,36.42173871114286,31.787888270882355,35.54244151553128,35.90643801805217
1044,37.2186825515,37.248139821500004,36.4104718803007,31.98005363811765,35.44364826173391,35.94149569803869
1045,37.217209688000004,37.26434132,36.42759326282432,31.995648663411767,35.48663204301189,35.9606753481521
1046,37.217209688000004,37.242248367500004,36.425777443564016,31.96047321747059,35.384937486594225,35.98462978735026
1047,37.223101142000004,37.226046869,36.43012779875,31.796378895764708,35.33313298455868,35.84696730676715
1048,37.226046869,37.2393026405,36.405968495575515,31.88301792517647,35.32795512748879,35.78475284839229
1049,37.226046869,37.2569770025,36.43283574860036,31.818731765352943,35.4499808671808,35.841659767032056
1050,37.208372507,37.26434132,36.43879150916,31.95128948035294,35.34350499698113,35.74963510693182
1051,37.187752418,37.26434132,36.45284054598116,31.847149367,35.30063475159546,35.7386016681107
1052,37.134729332,37.248139821500004,36.424113606125005,31.796378895764708,35.366623743083984,35.71072974630482
1053,37.173023783000005,37.254031275500004,36.445207938732395,31.870888461058826,35.34865163664843,35.7811474277577
1054,37.17596951,37.214263961,36.44888372853966,31.82150421429412,35.29661978814184,35.77565034112785
1055,37.1185278335,37.0890705635,36.394771007422534,31.82150421429412,35.30201438008636,35.69718314687738
1056,37.228992596,37.2334111865,36.42103794702747,31.89410772094118,35.267898601612906,35.81029892666426
1057,37.214263961,37.20542678,36.44165636168473,31.855986548,35.24622325217657,35.800986313335734
1058,37.226046869,37.2127910975,36.44904010516129,31.826875834117647,35.27355943689888,35.780806660206615
1059,37.234884050000005,37.2216282785,36.4501601167495,31.951809314529413,35.25327660140898,35.74988874032488
1060,37.2304654595,37.2127910975,36.444085940193,31.78962105147059,35.267952826164176,35.7441937882369
1061,37.2363569135,37.2186825515,36.46887979885847,31.965151725058824,35.28791501387355,35.74671847463346
1062,37.2363569135,37.211318234000004,36.45693915888031,31.995475385352943,35.29713541268293,35.69094967200944
1063,37.243721231,37.211318234000004,36.46063403795113,32.27930484570588,35.30409224564641,35.74261543405573
1064,37.223101142000004,37.193643872,36.45184014685578,32.068078892,35.30358604301934,35.81211816553746
1065,37.223101142000004,37.20542678,36.454618754688994,32.31032161823529,35.28042000931406,35.82975646208945
1066,37.217209688000004,37.202481053,36.448611408778284,32.292473978176474,35.29252868027097,35.753909435958136
1067,37.2068996435,37.20542678,36.458423257142854,32.46245975388236,35.27858456175251,35.83357164907923
1068,37.186279554500004,37.20542678,36.45677552776286,32.73467958429412,35.30861998320103,35.92102309656051
1069,37.155349421000004,37.223101142000004,36.45209112841849,32.93308296164706,35.358871806989846,35.99327632779553
1070,37.20542678,37.226046869,36.45913370735484,32.96687218311765,35.32070514066302,36.01206869580474
1071,37.20542678,37.2451940945,36.469649412279566,32.82980923858824,35.33074362766871,35.98878849967526
1072,37.2157368245,37.243721231,36.46913782840028,32.877807260882356,35.395067978708376,35.990532017351335
1073,37.217209688000004,37.240775504,36.4761629657,32.973976583529414,35.3467602186786,36.00966551167213
1074,37.209845370500005,37.243721231,36.45512846952678,32.784583665235296,35.31055452971429,35.956772373926626
1075,37.220155415,37.249612685,36.44775839348837,32.614251333411765,35.25450519305155,35.987641418
1076,37.2304654595,37.267287047,36.44335778953425,32.70106364088235,35.298479852466755,35.986024069391895
1077,37.2275197325,37.259922729500005,36.44736358945128,32.79203462176471,35.33395995462393,35.99321616173026
1078,37.226046869,37.2157368245,36.42831594285715,32.85943978664706,35.294780019203856,35.97722406299781
1079,37.2216282785,37.243721231,36.42397759845946,32.5960571372353,35.28757789042017,35.972429621428574
1080,37.2275197325,37.2569770025,36.43423981544,32.762577351764705,35.277353767721195,35.98333103422951
1081,37.2127910975,37.2216282785,36.446770358,32.598309752,35.32623666405063,35.93394982393352
1082,37.2127910975,37.2186825515,36.46003922912081,32.624821295000004,35.300466287531464,35.98678298072624
1083,37.211318234000004,37.209845370500005,36.4323646563579,32.74109087247059,35.30777706216217,36.00559548540423
1084,37.209845370500005,37.2157368245,36.42961066001,32.61338494311765,35.32099341263158,35.94685842514286
1085,37.211318234000004,37.220155415,36.43320737316888,32.40302537970588,35.35350147171769,35.946751719896376
1086,37.1509308305,37.26434132,36.42803163171812,32.483946233176475,35.344270053417894,35.92413348532027
1087,37.1715509195,37.26434132,36.43924053349189,32.52518641117647,35.368190288106334,35.93566879924843
1088,37.184806691,37.2245740055,36.42001509870588,32.235292218764705,35.35711288757566,35.791881198832435
1089,37.208372507,37.26434132,36.441251158255035,32.47926772558824,35.34575316276783,35.93410088819637
1090,37.196589599,37.248139821500004,36.448677139263665,32.76205751758824,35.318324009473685,35.94461369194306
1091,37.199535326,37.26434132,36.44476771741053,32.52986491876471,35.341842050720004,35.9437345771281
1092,37.1892252815,37.26434132,36.43805023071835,32.60316153764706,35.29538489929744,35.942922843411765
1093,37.187752418,37.243721231,36.44914032164909,32.75062116570588,35.32972717343352,35.99671701062456
1094,37.187752418,37.246666958,36.44279283013813,32.43092314717647,35.291258944824676,35.949699677082194
1095,37.17596951,37.2393026405,36.4535463284,32.34463067388236,35.322952776373974,35.93569655084828
1096,37.140620786,37.26434132,36.455036855418484,32.386044129941176,35.33835852197652,35.939673776912116
1097,37.161240875000004,37.254031275500004,36.44993897564952,32.07726262911765,35.39630927815641,35.85007809325036
1098,37.158295148,37.2186825515,36.45268551674114,31.791007275941176,35.36322487521446,35.8327246650547
1099,37.0772876555,37.2127910975,36.4118529352845,31.834673346764706,35.28350629436913,35.76295077957895
1100,37.072869065,36.9771329375,36.367091439253734,31.897400004058824,35.27750792193323,35.58362859900722
1101,37.131783605,37.1597680115,36.35756127835526,31.695011231352943,35.246738323761015,35.55719927195143
1102,37.190698145,37.1833338275,36.355078820451126,31.643894204000002,35.280022422265894,35.66261652953939
1103,37.140620786,37.2068996435,36.35885642608392,31.82254388264706,35.309520920603234,35.69768547988343
1104,37.1774423735,37.211318234000004,36.341387434752065,31.687560274823532,35.30291873100285,35.67217470663225
1105,37.120000697,37.2068996435,36.3526689927039,31.651864994705882,35.344024843597374,35.69296280900225
1106,37.1096906525,37.20542678,36.374946782569346,31.718230491235296,35.26840170393779,35.71630814781513
1107,37.152403694,37.211318234000004,36.39273582007299,31.75340593717647,35.28260778736842,35.76734632813075
1108,37.1744966465,37.209845370500005,36.4041036526087,31.668326410294117,35.35325464960361,35.79313567596431
1109,37.1155821065,37.137675059,36.386552622173916,31.63245785211765,35.28715540847493,35.671657636507696
1110,37.14651224,37.193643872,36.386462870647485,31.60837220194118,35.33895545936541,35.693184140740186
1111,37.149457967000004,37.2068996435,36.394853985647885,31.64770632129412,35.309864795759815,35.69284819470213
1112,37.120000697,37.1774423735,36.3910745250503,31.623447393058825,35.33955731420281,35.683845080495516
1113,37.120000697,37.178915237,36.39551898844681,31.636096691352943,35.315596455829734,35.74008924678662
1114,37.122946424,37.137675059,36.38515510769231,31.597975518411765,35.36341421290647,35.67529900722689
1115,37.125892151,37.164186602,36.37832057424648,31.604906640764707,35.33922150675142,35.718488424179
1116,37.143566513,37.193643872,36.4003770462569,31.636443247470588,35.361575913396166,35.71975577130435
1117,37.1774423735,37.209845370500005,36.39908428631369,31.643547647882354,35.325398348,35.75618349152699
1118,37.164186602,37.208372507,36.38303336027273,31.625006895588236,35.31326352450528,35.73270910806931
1119,37.1627137385,37.180388100500004,36.37848665875,31.69882334864706,35.31494765108386,35.74789496112422
1120,37.143566513,37.14651224,36.39185761331724,31.660355619588238,35.34014273324324,35.691210002534035
1121,37.120000697,37.193643872,36.391462315594495,31.704368246529413,35.35906162391379,35.73736711294741
1122,37.128837878,37.20542678,36.39495733799107,31.721349496294117,35.27506617592618,35.79534975448634
1123,37.11705497,37.17596951,36.39316360065715,31.694318119117646,35.32066988965815,35.77090448857143
1124,37.134729332,37.170078056,36.38979685932867,31.71892360347059,35.259320389038585,35.75806449118815
1125,37.140620786,37.20542678,36.39801152667758,31.841257913,35.270276380270275,35.7779441961202
1126,37.137675059,37.155349421000004,36.39339490349651,31.74734120511765,35.29772523394616,35.786676635076404
1127,37.155349421000004,37.20542678,36.400652262108665,31.828262058588237,35.31217276464078,35.81323448003971
1128,37.137675059,37.111163516000005,36.39041308651786,31.632804408235295,35.29147766237277,35.794012835230156
1129,37.149457967000004,37.14651224,36.4053246685225,31.722215886588238,35.33908105890221,35.79671168574032
1130,37.120000697,37.214263961,36.39547774076923,31.673524752058825,35.32537466159869,35.79205914754679
1131,37.125892151,37.1744966465,36.381522106815005,31.619115441588235,35.3656723051937,35.771560235
1132,37.075814792,37.167132329,36.35092893748276,31.695704343588236,35.33691666787416,35.727066468851675
1133,37.122946424,37.2275197325,36.360245139968605,31.80729541347059,35.29375479050337,35.787685122795196
1134,37.134729332,37.246666958,36.37975486510204,31.763282786529413,35.36604721627573,35.76494637343919
1135,37.046357522,36.9948072995,36.33958267361702,31.684267991705884,35.40560042056319,35.716146549297996
1136,37.105272062,37.2216282785,36.37378418948252,31.898786228529413,35.340831257548636,35.76480071652174
1137,37.0655047475,37.209845370500005,36.39792141901979,31.64233470147059,35.262998260621245,35.798427957777776
1138,37.0875977,37.102326335,36.38781219660714,31.624313783352942,35.2825279558978,35.74074431257304
1139,36.9977530265,37.099380608000004,36.392914011965516,31.617036104882352,35.26406555458682,35.61396658384365
1140,37.064031884,37.108217789,36.39900713667883,31.608198923882355,35.31789387891932,35.64894150966319
1141,36.9270555785,37.173023783000005,36.366961877391304,31.636616525529412,35.47831952238897,35.569438725899154
1142,36.8769782195,37.14651224,36.37318979003128,31.617382661,35.39800230757424,35.61258617844189
1143,33.225749603000004,37.228992596,36.39838821975385,32.36473092870588,35.54880602428572,35.37209887994912
1144,36.9918615725,37.3217829965,36.46267087033898,31.71857704735294,35.59604873295775,35.76970672612525
1145,37.0596132935,37.32325586,36.45936476865385,31.795339227411766,35.41164186613065,35.65043885828823
1146,37.002171617,37.2068996435,,31.940199684588237,35.67046072376623,35.5490705002864
1147,37.226046869,37.267287047,36.48518528526718,31.838312186,35.47839365883712,35.776921536128384
1148,37.2334111865,37.249612685,36.47425456872466,31.802097071705884,35.400327356214284,35.79902783531606
1149,37.220155415,37.2658141835,36.45483288096154,31.961339607764707,35.58568102199086,35.860274655047334
1150,37.26434132,37.299690044,36.467781317549075,32.566946423352945,35.52822168544524,36.010100721489685
1151,37.26434132,37.304108634500004,36.45731204228963,33.208075241,35.4455149378335,36.09688741993215
1152,37.26434132,37.2923257265,36.47498505401545,33.28934265058824,35.45590671685724,36.10900484776048
1153,37.270232774,37.3070543615,36.542051695597316,33.17082045835294,35.45048157632681,36.09508206544449
1154,37.2746513645,37.226046869,,33.17082045835294,35.41499256907503,36.100405094428574
1155,37.276124228,37.2569770025,,33.205129514,35.41898711816419,36.096480613847504
1156,37.276124228,37.284961409000005,36.5374980102349,33.33664756064706,35.392398034768625,36.11269630507309
1157,37.2805428185,37.2805428185,36.50059182803158,33.376848070294116,35.38925855963649,36.11737729084048
1158,37.308527225,37.290852863,36.5118923719519,33.47804245664706,35.41092552458716,36.17474432805126
1159,37.296744317,37.299690044,36.52190540238411,33.27998563541176,35.46031287110727,36.157461386257815
1160,37.317364406,37.284961409000005,36.4983466309851,33.320879257294116,35.513979348235296,36.17967457465099
1161,37.311472952,37.2451940945,36.509702359971236,33.13339239764706,35.52165607235294,36.16876468136279
1162,37.3070543615,37.2746513645,36.53748896120314,33.24013168188235,35.486979992311014,36.19763142388868
1163,37.311472952,37.2805428185,36.524346949793106,33.351722751764704,35.46940047017819,36.181810566250455
1164,37.2864342725,37.2864342725,36.49674926780924,33.338033785117645,35.43033851058611,36.16347419033383
1165,37.29379859,37.287907136,36.51010880132414,33.373035953,35.46474689687679,36.19839191471412
1166,37.290852863,37.299690044,36.49843512875547,33.26040521476471,35.46263470560309,36.161006797674595
1167,37.3276744505,37.340930222,36.51448815125,33.11086625,35.47004394202559,36.159266324840765
1168,37.329147314000004,37.329147314000004,36.510838795053424,32.93342951776471,35.53020817206338,36.11536949295775
1169,37.3335659045,37.3541859935,36.514405460209794,32.72982779864706,35.50094664077794,36.040857256954645
1170,37.2923257265,37.2687599105,36.48224035565958,32.18694764035294,35.56476609469559,35.9405663389099
1171,37.3070543615,37.3453488125,36.48008565683453,32.047458803,35.54422215430198,35.89252350818288
1172,37.304108634500004,37.282015682,36.463279172864965,32.88543149547059,35.49146441087968,36.044348034744466
1173,37.29379859,37.287907136,36.46013408401076,33.144308915352944,35.42388679618182,36.06295602032
1174,37.326201587,37.302635771,36.46437217375912,32.86307862588235,35.43635803299619,36.055468749728455
1175,37.3247287235,37.2923257265,36.47198344869565,32.94833143082353,35.426224099895435,36.118333734180815
1176,37.32325586,37.305581498,36.47656975657143,32.91402237517647,35.464039150362694,36.05647354923532
1177,37.32325586,37.305581498,36.483636700434786,33.17705846847059,35.47388620724628,36.10522000835322
1178,37.32325586,37.314418679,36.47550856299379,33.22973499835294,35.436153915683455,36.09434930852154
1179,37.32325586,37.310000088500004,36.488766056511764,33.45153091364706,35.46031521304348,36.179586444
1180,37.326201587,37.320310133,36.48141617885,33.27825285482353,35.431755819571336,36.12301880705179
1181,37.326201587,37.3276744505,36.4819562288,33.142749412823534,35.44396042591607,36.12242970673478
1182,37.3247287235,37.337984495,36.48207178366197,33.24203774052941,35.421340818695654,36.085478089568596
1183,37.32325586,37.332093041,36.50317056402598,33.25555342911765,35.436568439510786,36.108308591726455
1184,37.32325586,37.3276744505,36.50647910369541,33.33786050705883,35.41052110778278,36.13208984221147
1185,37.2834885455,37.298217180500004,36.43169524006494,32.804164085882356,35.409047937358494,35.93771212464286
1186,37.32325586,37.3306201775,36.4779949759805,33.05333793447059,35.36014367196617,36.01220543336792
1187,37.298217180500004,37.296744317,36.467266131088714,33.032371289352945,35.362899909969606,36.06932335870012
1188,37.29379859,37.332093041,36.46623552712069,32.73762531129412,35.37806228881536,35.985738897168915
1189,37.273178501000004,37.32325586,36.471795034685314,32.833967912,35.363568033346816,36.055006558641686
1190,37.282015682,37.32325586,36.47593842996694,32.814387491352946,35.382904907883734,36.00976548822171
1191,37.2746513645,37.2805428185,36.475287148017244,32.64492154982353,35.37175819278645,35.96416141177528
1192,37.2658141835,37.299690044,36.453013960051024,32.25781836641177,35.34219074324896,35.89964809322924
1193,37.2687599105,37.298217180500004,36.46151007796571,32.230613711176474,35.42633554852093,35.83993313043094
1194,37.2658141835,37.2775970915,36.47158100997085,32.20531511458824,35.35174398082183,35.873931776654224
1195,37.2775970915,37.261395593,36.46824690885715,32.05300370088236,35.426303080161944,35.8278739136
1196,37.282015682,37.2245740055,36.44595523667857,32.737971867411765,35.45171465900494,35.84671492398461
1197,37.3070543615,37.2510855485,36.42755234798561,32.375474168352945,35.433766963427814,35.85362501659719
1198,37.308527225,37.2893799995,36.424156856878575,32.50127403905883,35.434630283928456,35.9145768926076
1199,37.3129458155,37.326201587,36.442748656546236,32.386044129941176,35.404345072559245,35.92454341896552
1200,37.3188372695,37.332093041,36.442302906034485,32.97900164723529,35.40706880108108,35.975144363075714
1201,37.3188372695,37.296744317,36.44552126796875,33.21656586588235,35.4434975146999,36.02444962518868
1202,37.310000088500004,37.32325586,36.4406212457931,33.12420866052941,35.403796893568426,35.999160186736844
1203,37.3276744505,37.3188372695,36.462391905965134,33.17359290729412,35.39340141380704,36.017505505288135
1204,37.310000088500004,37.3188372695,36.45360039429772,33.07014590617647,35.453144791136936,35.97438200156286
1205,37.329147314000004,37.314418679,36.468176611267,33.14361580311765,35.41110314996094,36.04253640785742
1206,37.3276744505,37.32325586,36.459095627386205,33.02197460582353,35.39752271772399,36.000983889142425
1207,37.3247287235,37.32325586,36.46377976241758,33.11519820147059,35.43133165689655,36.028815464261065
1208,37.310000088500004,37.32325586,36.45640298132378,32.94833143082353,35.43439405284884,35.989475419620256
1209,37.296744317,37.3188372695,36.453431438367346,32.90310585747059,35.39695263455311,35.96255230501887
1210,37.2923257265,37.279069955000004,36.45068443104592,33.08626076564706,35.41139681747835,35.953178474375
1211,37.290852863,37.282015682,36.44820166294118,33.15886427229412,35.40829810343661,35.97901238532423
1212,37.2746513645,37.270232774,36.44110591933661,33.10341529347059,35.394209537952605,35.94793584747253
1213,37.267287047,37.2687599105,36.45641456819501,33.13391223182353,35.38834267265154,35.95870514132159
1214,37.287907136,37.267287047,36.45590291,33.037396353058824,35.38562001060964,35.99487900673873
1215,37.2893799995,37.2687599105,36.45614652087635,33.03930241170588,35.39022050252004,35.96898884189803
1216,37.284961409000005,37.2687599105,36.446924192567565,32.84419131747059,35.39603656875673,35.95873038195991
1217,37.2805428185,37.270232774,36.448961486751244,33.014350371235295,35.411582543076925,36.01591416285714
1218,37.2775970915,37.270232774,36.453308963117934,33.02873245011765,35.41246716061393,35.9741040810546
1219,37.279069955000004,37.267287047,36.45434443439421,33.08279520447059,35.40128300563033,35.99884905131184
1220,37.284961409000005,37.2746513645,36.4526844305,32.97761542276471,35.424845422430664,35.9507051199851
1221,37.2864342725,37.26434132,36.45698344211284,32.59276485411765,35.45738280976879,35.93096599446825
1222,37.249612685,37.2275197325,36.4295762411128,32.36161192364706,35.40493213016171,35.853251848459166
1223,37.2893799995,37.259922729500005,36.426600779425335,32.34515050805882,35.38994142647541,35.84303377348638
1224,37.279069955000004,37.273178501000004,36.44413367313268,32.262670152058824,35.44023443054844,35.83131421815385
1225,37.2893799995,37.270232774,36.45199284731544,32.07639623882353,35.47474359843576,35.800958074711225
1226,37.284961409000005,37.270232774,36.4576367312973,32.026665435941176,35.43842457292818,35.82765379868499
1227,37.2893799995,37.276124228,36.45935716481544,32.19075975764706,35.4234358692169,35.86340375504484
1228,37.282015682,37.273178501000004,36.45411029664616,32.21987047152941,35.38276631178471,35.8940718993722
1229,37.279069955000004,37.190698145,36.44794633281377,31.974508740235294,35.401244611527,35.84414692273249
1230,37.279069955000004,37.11705497,36.438367272450336,31.952329148705882,35.379583276154335,35.77283249384554
1231,37.2952714535,37.240775504,36.45701070476923,32.42347219064706,35.3923696731133,35.87733071855107
1232,37.290852863,37.2687599105,36.44638528328947,32.804510642000004,35.3373543853861,35.92555515607143
1233,37.2952714535,37.2923257265,36.44348510373672,32.86914335794118,35.339931733083574,35.90070140539326
1234,37.308527225,37.276124228,36.444723266352945,32.90622486252941,35.36034216947107,35.910821987242834
1235,37.32325586,37.273178501000004,36.45691369867647,33.10774724494118,35.35725717131178,35.93314914785924
1236,37.3276744505,37.252558412,36.444944222510124,33.06633378888235,35.362698944635035,35.93716653231735
1237,37.332093041,37.2216282785,36.446067256083,33.09353844411765,35.363905996366974,35.95934465488178
1238,37.3276744505,37.2186825515,36.438910605219355,32.97345674935294,35.349864539833135,35.93726242682353
1239,37.3247287235,37.217209688000004,36.45041577147059,33.19525266464706,35.333975818998155,35.996097197904845
1240,37.3217829965,37.240775504,36.43477261338236,32.99494322864706,35.33655073765087,35.947129831876076
1241,37.305581498,37.226046869,36.4525589474613,33.24983525317647,35.32957795146962,35.9736298157754
1242,37.290852863,37.258449866,36.43967592730769,32.87798053894118,35.33460681069768,35.85166206991379
1243,37.284961409000005,37.2393026405,36.45121532148786,32.906744696705886,35.34428856982283,35.89819443524193
1244,37.2746513645,37.2245740055,36.42907056133003,32.64526810594118,35.34833945454749,35.814805864313904
1245,37.2834885455,37.209845370500005,36.452123002200715,32.79116823147059,35.37564524065199,35.85951426312414
1246,37.284961409000005,37.2245740055,36.45449595140272,32.65635790170588,35.378217038453926,35.8349353859066
1247,37.2952714535,37.234884050000005,36.46660903614875,32.598309752,35.39948969874305,35.780771076943154
1248,37.284961409000005,37.211318234000004,36.46580382575,32.66103640929412,35.410974520221,35.842824064269344
1249,37.284961409000005,37.211318234000004,36.46472372585,32.599869254529416,35.41737609276284,35.81413725846154
1250,37.2923257265,37.1627137385,36.45679181767661,32.460033861058825,35.40052299973684,35.85910769827737
1251,37.3070543615,37.208372507,36.459496352410525,32.57405082376471,35.40554511923652,35.81581637817138
1252,37.3011629075,37.1686051925,36.4599614672,32.632965363764704,35.40362509082906,35.85696348868358
1253,37.249612685,37.1715509195,36.45820739030612,32.49902142429412,35.38091969143336,35.81056320771947
1254,37.305581498,37.131783605,36.46555240030941,32.815427159705884,35.38296439964,35.90924786739479
1255,37.29379859,37.240775504,36.461667183405716,32.79307429011765,35.39883913099005,35.810174572387346
1256,37.304108634500004,37.136202195500005,36.48343486823529,32.6844289472353,35.321665849893115,35.92959435858596
1257,37.282015682,37.128837878,36.463088290537435,32.55949546682353,35.33967589695556,35.85113110031348
1258,37.2864342725,37.17596951,36.438441428000004,32.99719584341177,35.32958526211099,35.79513045850348
1259,37.2334111865,37.096434881,36.40791512959872,32.61286510894118,35.30477179520646,35.67719062603572
1260,37.108217789,37.055194703,36.385411569897535,32.41671434635294,35.3251128639523,35.60274952987672
1261,37.081706246,37.0507761125,36.37031470495327,32.53229081158824,35.31626217592399,35.61956556753185
1262,37.066977611,37.049303249000005,36.366018503804085,32.86290534782353,35.36915816639839,35.72852874609306
1263,37.125892151,37.0537218395,36.35324408072129,32.872608919117646,35.317968466649845,35.719455271504856
1264,37.125892151,37.052248976,36.35444101293789,32.815427159705884,35.348699741871926,35.741385615723544
1265,37.1627137385,37.0596132935,36.35098742109091,32.52258724029412,35.339016593588816,35.657045186861815
1266,37.149457967000004,37.0537218395,36.3412923095,32.871049416588235,35.30414116452289,35.76096183205074
1267,37.0949620175,37.0713962015,36.35368476004348,32.60576070852942,35.31736287995128,35.79678586702922
1268,37.14651224,37.061086157,36.34533141826087,32.884045271,35.29163246551769,35.794918429136004
1269,37.140620786,37.0596132935,36.34405160567033,33.07569080405882,35.312266877858484,35.8336284516435
1270,37.124419287500004,37.0360474775,36.34057246187486,32.90206618911765,35.33461988481652,35.831944866993354
1271,37.128837878,37.0331017505,36.345301866285716,33.004126965764705,35.34419813671924,35.87095598138978
1272,37.122946424,37.034574614,36.351501301434425,32.935682132529415,35.292684950145244,35.87962613022762
1273,37.11705497,37.037520341000004,36.340269487625,32.97570936411765,35.255680504049295,35.83018249419355
1274,37.11705497,37.037520341000004,36.33916001252212,33.067200179176474,35.278509254328924,35.80314210812081
1275,37.0979077445,36.990388709,36.34550218504348,33.04848614882353,35.29939412465,35.81204504929853
1276,37.0861248365,37.005117344,36.33929263605627,33.00915202947059,35.26648859488117,35.82698414387097
1277,37.180388100500004,37.037520341000004,36.345055951990595,32.76136440535294,35.29278985297835,35.822761897441865
1278,37.161240875000004,37.037520341000004,36.344542377448434,32.71631211005882,35.26080256153018,35.81189805141593
1279,37.140620786,37.068450474500004,36.347683172921016,32.51132416647059,35.26197995583204,35.76056915085358
1280,37.143566513,37.0861248365,36.35058053,32.497288643705886,35.258457388368505,35.733362663175036
1281,37.128837878,37.1067449255,36.36313360742857,32.364211094529416,35.29629622212656,35.73974399955679
1282,37.114109243,37.090543427,36.355329383376166,32.374261221941175,35.251757791424,35.734416952257185
1283,37.152403694,37.069923338,36.359761091806725,32.78267760658824,35.22932552252597,35.81099118105932
1284,37.1450393765,37.090543427,36.366506744937546,32.874514977764704,35.234646537306034,35.85721533377254
1285,37.134729332,37.11705497,36.36895096230417,33.02041510329412,35.24129413512707,35.87662381748197
1286,37.114109243,37.102326335,36.37433201216908,32.941920142647064,35.27867729727811,35.89938128509253
1287,37.0875977,37.046357522,36.39000225713713,32.87659431447059,35.215004080047144,35.86686641992995
1288,37.0875977,37.1126363795,36.38622513673077,32.733293359823534,35.25774779338182,35.80440245778988
1289,37.136202195500005,37.1067449255,36.388570443344484,32.9318700152353,35.24438437137788,35.82022527626506
1290,37.1155821065,37.111163516000005,36.37377694414483,32.689627289,35.329483859564704,35.78569679016538
1291,37.0272102965,37.0537218395,36.38587191120066,32.73918481382353,35.350115799302586,35.84655010739131
1292,36.9977530265,37.120000697,36.35929052832049,32.533157201882354,35.3274905815311,35.83162286688867
1293,36.9948072995,37.125892151,36.35707696765181,32.558282520411765,35.437961799081585,35.78266467485041
1294,36.9889158455,37.137675059,36.37355981009678,32.33336760005882,35.4482937739721,35.8083938760396
1295,37.090543427,37.2334111865,36.38150975890561,32.35138851817647,35.43230846700508,35.799813450359714
1296,37.125892151,37.2451940945,36.38385122254744,31.90398457029412,35.392765519087455,35.69652591705988
1297,37.137675059,37.249612685,36.387591606451615,31.78476926582353,35.35912576178484,35.69133349257143
1298,37.105272062,37.248139821500004,36.37336262528169,31.89272149647059,35.29028967252111,35.674364059878584
1299,37.120000697,37.249612685,36.38168941612619,31.884750705764706,35.34411069727348,35.67099527834204
1300,37.069923338,37.246666958,36.40011676528642,32.07656951688235,35.296330367213514,35.776308093066405
1301,37.0861248365,37.259922729500005,36.39722911504773,31.89965261882353,35.50874900642516,35.720029625161985
1302,37.208372507,37.237829777,36.38431408361702,31.81232047717647,35.35141057474453,35.75945331289701
1303,37.149457967000004,37.20542678,36.393447577216854,31.888562823058823,35.31689222778416,35.85950906254015
1304,37.096434881,37.090543427,36.39288295431295,32.17516473235294,35.41010191233199,35.822026900741285
1305,37.0890705635,37.093489154000004,36.38224822304702,31.866036675411767,35.39153412387431,35.76072329106337
1306,37.0566675665,37.05814043,36.377504214941176,32.17135261505882,35.234071755185774,35.76234672046367
1307,37.099380608000004,37.084651973,36.378820764667836,32.499194702352945,35.223980625482355,35.79932528357853
1308,37.096434881,37.099380608000004,36.37921040129496,31.815786038352943,35.442877808886365,35.67280278763077
1309,37.081706246,37.111163516000005,36.388623960000004,31.604733362705883,35.40769167371429,35.69540414147192
1310,37.072869065,37.093489154000004,,31.740410082764708,35.455758457142856,35.751263793032955
1311,37.068450474500004,37.093489154000004,36.38774393412214,31.644067482058823,35.47667875040809,35.63976709944345
1312,37.068450474500004,37.081706246,36.373836264992,31.87851269564706,35.387072616974656,35.77519730643767
1313,37.0301560235,37.0419389315,36.375052860000004,32.10914579194118,35.331849505392114,35.77074185354037
1314,37.0655047475,37.022791706,36.374452171572884,32.55620318370588,35.17129280071622,35.77623032749648
1315,37.061086157,37.0154273885,36.363466591836364,32.83518085841177,35.20893296065301,35.70617480015865
1316,36.9830243915,36.975660074000004,36.35935792254307,32.276359118705884,35.25265274625767,35.64126569148984
1317,36.987442982000005,36.984497255,36.3269995488835,32.03740867558824,35.25986026941493,35.58365587956643
1318,36.9918615725,37.005117344,36.3132506519802,31.840564800764707,35.21832518934132,35.604082451168
1319,37.000698753500004,37.019845979,36.308821124375,31.813879979705884,35.27417626651061,35.63114864262048
1320,36.962404302500005,37.049303249000005,36.30423002494845,31.662088400176472,35.2202471569515,35.46563050461326
1321,36.978605801,37.0596132935,36.30293008363636,31.648399433529413,35.15994785884892,35.42759389647059
1322,36.990388709,37.0596132935,36.2949566694898,31.61253087535294,35.213914319821285,35.43560253236052
1323,36.952094258,37.0448846585,36.2956267221875,31.732266014,35.177924284013,35.5118132041612
1324,36.633955742,37.055194703,36.298320153125005,31.73954369247059,35.293642423171356,35.29095650888665
1325,36.9329470325,37.075814792,36.293838333636366,31.613570543705883,35.23906218309227,35.34021870233286
1326,36.946202804,37.055194703,36.31343684054546,31.711299368882354,35.18193159223301,35.421867763055296
1327,36.9653500295,37.0537218395,36.31476588909091,31.63730963776471,35.16525772175123,35.449484771345354
1328,36.9771329375,37.072869065,36.3149007776,31.661222009882355,35.20374298360734,35.39896722187473
1329,36.9241098515,37.0655047475,36.288689583235296,31.607332533588238,35.169378037829574,35.38529615510374
1330,36.9241098515,37.0655047475,36.30666533057693,31.599015186764706,35.285183625751074,35.42526410744439
1331,36.955039985,37.081706246,36.31934923847088,31.616689548764707,35.411003142453986,35.43780255487234
1332,37.025737433,37.074341928500004,36.351110889682246,31.79014088564706,35.287677292481206,35.61496580507125
1333,37.090543427,37.0331017505,36.359149696074766,31.852694264882356,35.29466016308934,35.68341631326338
1334,37.0772876555,37.05814043,36.36866726528705,31.81509292611765,35.2924240170541,35.65369430878961
1335,37.081706246,37.031628887000004,36.345892735,31.93638756729412,35.28334777196372,35.724926794365295
1336,37.0890705635,37.0566675665,36.34819319798165,31.828262058588237,35.262241704411764,35.69233279593166
1337,37.11705497,37.049303249000005,36.360112232,31.928070220470588,35.26275597703309,35.74571052471579
1338,37.128837878,37.037520341000004,36.357621092500004,32.28588941194118,35.263954192691465,35.82006687572632
1339,37.0979077445,37.0360474775,36.34996912775885,32.059934823235295,35.30358056575069,35.808675878882255
1340,37.124419287500004,37.0448846585,36.347179759793576,32.15367825305883,35.297970356600004,35.844128273140676
1341,37.1126363795,37.043411795000004,36.33371390701887,32.364904206764706,35.248852550636165,35.86747659849475
1342,37.0890705635,37.0478303855,36.333273386,32.31378717941177,35.31184023728814,35.87482680906022
1343,37.105272062,37.034574614,36.32970942,32.24031728247059,35.287873096498856,35.85094085243155
1344,37.122946424,37.040466068,36.33363841551402,32.39765375988235,35.279284745025464,35.84760542356436
1345,37.128837878,37.0389932045,36.326945528,32.48082722811765,35.24465225359729,35.8737945245
1346,37.1303107415,37.019845979,36.31997907882569,32.56088169129412,35.25420834752441,35.88026265958497
1347,37.096434881,37.046357522,36.311562287,32.56538692082353,35.24937064276331,35.86339863003279
1348,37.114109243,37.0301560235,36.31188959,32.447384562764704,35.271327521518415,35.85161150875839
1349,37.1008534715,37.008063071,36.3220947516907,32.30702933511765,35.28318570777589,35.807479300000004
1350,37.1155821065,37.031628887000004,36.322799690000004,32.48186689647059,35.282257046659154,35.85855271181966
1351,37.064031884,37.0331017505,36.315685961625164,32.235985331,35.27116658675768,35.81277300484486
1352,37.102326335,37.037520341000004,36.3188902375,32.35797308441177,35.27628102752304,35.846764289457624
1353,37.096434881,37.037520341000004,36.316331559285715,32.144667794,35.23894407826682,35.742857487258064
1354,37.05814043,37.0389932045,36.32587753263017,32.09545682529412,35.25196026336501,35.76406505791227
1355,37.1096906525,37.0389932045,36.334372553084116,32.32660975576471,35.2363958509726,35.75225447884449
1356,37.0920162905,37.031628887000004,36.34017792071429,32.225068813294115,35.21319117835294,35.71678204271043
1357,37.102326335,37.011008798,36.3312727287013,31.977974301411766,35.23170781876598,35.69987562534202
1358,37.108217789,37.005117344,36.32855228818182,32.13132538347059,35.23354210549575,35.747895027209054
1359,37.0772876555,37.034574614,36.33012504285715,32.09181798605883,35.23747385809786,35.76724280487261
1360,37.037520341000004,37.037520341000004,36.33025566117409,32.41168928264706,35.249628294909655,35.7771513579289
1361,37.0331017505,37.037520341000004,36.335735951428575,31.80382985229412,35.360457382449596,35.67474332708197
1362,37.069923338,37.0272102965,36.33127161982609,32.33856594182353,35.361584058846155,35.778793158836734
1363,37.052248976,36.952094258,36.29648727683271,32.12387442694118,35.526002528062826,35.73945020816153
1364,37.049303249000005,36.9859701185,36.26538410286957,31.80625574511765,35.443171824401546,35.64670519717936
1365,37.05814043,37.006590207500004,36.20886833120968,31.675430810705883,35.40668065150943,35.55498320178893
1366,37.0537218395,36.990388709,36.19732356125,31.702115631764705,35.49650128842346,35.53338251681629
1367,37.049303249000005,37.0036444805,36.183212379368,31.507697649764708,35.490254918136365,35.46448054258242
1368,37.0478303855,37.034574614,36.21316268857143,31.55067060835294,35.44662081156951,35.501633787026314
1369,37.0301560235,37.0389932045,36.189975768560004,31.49244918058824,35.468714480132306,35.49299860032258
1370,37.0389932045,37.0095359345,36.20332973096,31.442198543529415,35.511755846171816,35.470723863618964
1371,37.02868316,37.002171617,36.179734296721314,31.46177896417647,35.505267183741935,35.478138957054824
1372,37.0448846585,37.005117344,36.208971731384295,31.658276282882355,35.47881175372845,35.50462770159459
1373,37.052248976,37.008063071,36.21387365596579,31.48465166794118,35.50663788832967,35.45468438363136
1374,37.052248976,36.9889158455,36.22150932977273,31.663128068529414,35.44043716082314,35.58219496147284
1375,37.064031884,36.9859701185,36.21661075991058,31.503712254411766,35.47969186724164,35.56084528603616
1376,37.046357522,37.005117344,36.21526308738983,31.456407344352943,35.667910897530675,35.48345594218182
1377,37.0507761125,37.0301560235,36.21088305257713,31.46177896417647,35.725083228808934,35.48544197345622
1378,37.040466068,36.987442982000005,36.2293212197479,31.51809433329412,35.53407329731622,35.54381215111437
1379,37.0419389315,37.0183731155,36.21866189122951,31.576142483,35.34998667928393,35.54494312953846
1380,37.040466068,37.0507761125,36.23508105046053,31.544952432411765,35.294224434879666,35.516899894708175
1381,37.052248976,37.062559020500004,36.262702086031254,31.59139095217647,35.36719020310316,35.60230085546497
1382,37.0566675665,37.062559020500004,36.255449151417324,31.53871442229412,35.460661126029414,35.61680092920745
1383,37.0596132935,37.049303249000005,36.270634305707695,31.55101716447059,35.51436216448318,35.6514826214946
1384,37.0507761125,37.096434881,36.26061442657505,32.253313136882355,35.51085050491803,35.78549332980794
1385,37.096434881,37.072869065,36.291460020656714,32.94174686458824,35.343536216621835,35.911650652638194
1386,37.105272062,37.05814043,36.295053641107536,32.92667167347059,35.366494978645235,35.965239376937475
1387,37.11705497,37.052248976,36.30229581728261,33.13668468076471,35.27078768356505,36.029165787630795
1388,37.125892151,37.062559020500004,36.300030223575966,33.26906911770588,35.2401900521673,36.016530852938125
1389,37.137675059,37.066977611,36.30759226643885,32.71232671470588,35.268754298316864,35.93378985527705
1390,37.134729332,37.105272062,36.322555342855544,32.4428793332353,35.29746322911457,35.80311492666361
1391,37.102326335,37.046357522,36.312051338575586,32.17880357158823,35.318386965662654,35.72219388435387
1392,37.102326335,37.0419389315,36.303894367751724,32.25435280523529,35.32894303562574,35.73626282382436
1393,37.102326335,37.000698753500004,36.29176795259312,32.485505735705885,35.32168592493151,35.76101498054217
1394,37.114109243,37.011008798,36.29301986052174,32.79653985129412,35.29241867428571,35.839817185048446
1395,37.11705497,37.0360474775,36.288929742316434,32.869316636,35.31851354083916,35.808346246086955
1396,37.111163516000005,36.999225890000005,36.29720059728882,32.908650755352944,35.29307966721054,35.85068210363934
1397,37.105272062,37.005117344,36.279930388068756,32.87676759252941,35.2884607955298,35.78823972094984
1398,37.128837878,37.02868316,36.29133307784173,32.72948124252941,35.319915154223224,35.77097165414365
1399,37.11705497,37.0213188425,36.29697912,32.76153768341177,35.32797326344411,35.84361647464891
1400,37.102326335,37.02868316,36.280425498686135,32.52172085,35.35483322530057,35.813359356686604
1401,37.140620786,37.0095359345,36.29865890376642,32.66762097552942,35.30699635093306,35.84205706987357
1402,37.137675059,37.0331017505,36.30088903214358,32.527612304,35.31027881485751,35.793913393162015
1403,37.140620786,37.025737433,36.30058777514706,32.46817792982353,35.28733244015743,35.788234511044266
1404,37.128837878,37.012481661500004,36.29884259130435,32.4723366032353,35.33324499257331,35.75621040416331
1405,37.152403694,36.978605801,36.31226090012605,32.442012942941176,35.35004178562663,35.80330711740157
1406,37.152403694,37.011008798,36.31752660772628,32.55724285205883,35.339761510553934,35.840941904778155
1407,37.140620786,37.02868316,36.29877008306569,32.45483551929412,35.32947575246787,35.81351199231471
1408,37.1538765575,37.02868316,36.30405634408759,32.64422843758824,35.31071238571524,35.84756446208
1409,37.1450393765,37.012481661500004,36.2995860066187,32.52085445970588,35.28545201371193,35.75881016172249
1410,37.1509308305,37.02868316,36.30732407151095,32.56053513517647,35.2687217662818,35.84248372338044
1411,37.1420936495,37.02868316,36.30095995878534,32.595017468882354,35.33978074250723,35.80543800447826
1412,37.1627137385,37.02868316,36.2980950437565,32.52120101582353,35.32296785723206,35.815074643652636
1413,37.147985103500005,37.02868316,36.30163966237755,32.47580216441177,35.327582177072706,35.80331148904685
1414,37.178915237,37.0301560235,36.31395223650325,32.51080433229412,35.3048719985792,35.813850430126585
1415,37.14651224,37.02868316,36.295270322763976,32.599869254529416,35.3048880742455,35.868051011456004
1416,37.14651224,37.02868316,36.31757825844565,32.766562747117646,35.263527145636786,35.91043146173913
1417,37.11705497,36.9653500295,36.30538892238686,33.072225242882354,35.25944956725424,35.9371931156
1418,37.147985103500005,37.013954525,36.31973523544118,33.090246161,35.273256922008116,35.95939630696319
1419,37.14651224,36.978605801,36.328510196,33.07153213064706,35.27826271229358,36.00739657226804
1420,37.208372507,37.093489154000004,36.32760992046844,33.04588697794118,35.27967442670847,35.9756694016
1421,37.190698145,37.093489154000004,36.314254553750004,33.10220234705882,35.25763913823688,35.93411759325799
1422,37.164186602,37.099380608000004,36.33209670828172,33.02388066447059,35.26051645129357,35.97636793951904
1423,37.093489154000004,37.062559020500004,36.30606973353125,32.701410197,35.22892636095804,35.847633614630595
1424,37.1420936495,37.093489154000004,36.32891319986207,33.058536276235294,35.28445452520548,35.98214032835067
1425,37.11705497,37.037520341000004,36.33533524231119,32.921993165882355,35.297869511891896,35.99319067928536
1426,37.114109243,37.0389932045,36.343008995587084,32.94711848441177,35.29628571072927,35.95211610309065
1427,37.111163516000005,37.0389932045,36.33126362008349,32.87468825582353,35.275830532935,35.90061102693727
1428,37.102326335,37.043411795000004,36.32861590193104,32.85978634276471,35.29670409273477,35.93256846250704
1429,37.0875977,37.02868316,36.33126986580191,33.009325307529416,35.27294493222805,35.93613111793296
1430,37.05814043,37.0301560235,36.32349548719388,33.00516663411765,35.27255187495171,35.93198577009052
1431,37.114109243,37.000698753500004,36.30818851692628,32.93966752788236,35.26584138657895,35.891280392267554
1432,37.0655047475,37.0331017505,36.311015550290925,32.98905177464706,35.27550138647753,35.912278094380405
1433,37.061086157,37.0213188425,36.30417649359988,32.97155069070588,35.270203988565314,35.912708432332565
1434,37.02868316,37.0272102965,36.30755024230494,32.921993165882355,35.26477776550361,35.90853207279474
1435,37.02868316,36.990388709,36.305474103005324,32.86897007988235,35.24104453497814,35.90460597589235
1436,37.0478303855,37.02868316,36.30358768578125,32.93429590805882,35.25716359194505,35.914073269181564
1437,37.0566675665,37.0154273885,36.31980231412234,32.85372161070588,35.25470496083127,35.88847688562759
1438,37.0596132935,37.02868316,36.326319159157684,32.76517652264706,35.255226226445146,35.876919325654455
1439,37.0713962015,37.008063071,36.31495388084184,32.75616606358824,35.25444213048796,35.85857417489085
1440,37.0802333825,37.031628887000004,36.32447685633151,32.67091325864706,35.253444072723326,35.876821573349126
1441,37.0802333825,37.031628887000004,36.317821631653416,32.64266893505882,35.2649180345876,35.84343439883833
1442,37.0861248365,36.9712414835,36.31978336823529,33.06460100829412,35.23513793870187,35.948927789473686
1443,37.05814043,37.02868316,36.311874388030965,32.777132708705885,35.22023544998422,35.859829855033176
1444,37.05814043,36.9388384865,36.31555840963723,33.080889145823534,35.20483692385918,35.90520231058988
1445,37.0272102965,36.731164733,36.31471567262605,33.16059705288235,35.19185272901726,35.91395804789474
1446,37.040466068,37.024264569500005,36.31316827000373,32.81733321835294,35.25400455969708,35.86751800814706
1447,37.040466068,37.0875977,36.30490264797388,32.384484627411766,35.23872924144545,35.81722316582026
1448,36.9977530265,37.0713962015,36.302313122863374,32.30252410558823,35.25959555134328,35.78352393847466
1449,37.05814043,37.0831791095,36.310381328526645,32.56867920394118,35.291005982324265,35.77153995502693
1450,37.05814043,37.0949620175,36.31490611294671,32.066172833352944,35.27604137042253,35.77995510239748
1451,37.074341928500004,37.0537218395,36.2770318205,31.885443818000002,35.255644015812635,35.63263579587959
1452,37.0507761125,37.0890705635,36.26066704189808,31.897400004058824,35.21988796964534,35.660580719622644
1453,37.019845979,37.0478303855,36.246926820613446,31.61391709982353,35.19931421640041,35.58059835273824
1454,37.005117344,37.0478303855,36.2665522377554,31.542873095705882,35.22221634054344,35.55615752116129
1455,36.978605801,37.0154273885,36.26077170056716,31.56973119482353,35.33410378985233,35.63220847488302
1456,36.925582715000004,36.9682957565,36.263916621442306,32.292473978176474,35.3225401057271,35.81334968728119
1457,36.934419896,37.0213188425,36.26973877058871,32.492956692235296,35.26248447471868,35.82957486370757
1458,36.96976862,37.0331017505,36.315198834745814,32.663982136294116,35.25496555287299,35.83298750872168
1459,36.9830243915,37.0213188425,36.318137292163264,32.554297125058824,35.22736468645138,35.89141301241768
1460,36.984497255,37.031628887000004,36.31132782095085,32.00223322964706,35.223291754640826,35.76692020868305
1461,36.993334436,36.937365623000005,36.28699567913462,31.606292865235297,35.274214244529205,35.60375708464374
1462,36.9830243915,36.996280163,36.278217717637325,31.792046944294118,35.26775524389118,35.689622522361006
1463,36.96976862,37.022791706,36.2726229039803,32.14778679905883,35.40520029618327,35.73539689442911
1464,37.0507761125,37.02868316,36.278414393517245,32.34393756164706,35.28872969748247,35.80475105628459
1465,37.0713962015,37.02868316,36.292053393780414,32.754779839117646,35.23683821982402,35.89570715045988
1466,37.0596132935,37.0154273885,36.280955465,32.70262314341176,35.210210527093025,35.848619661100145
1467,37.0389932045,36.993334436,36.266034687448276,32.65895707258824,35.171181486857144,35.80012531403409
1468,37.02868316,37.000698753500004,36.271433004403946,32.73138730117647,35.1692375694431,35.80752989756522
1469,37.034574614,36.9859701185,36.25096508166976,32.73312008176471,35.1351510464322,35.782313964522324
1470,37.008063071,37.0183731155,36.28221120045039,32.546499612411765,35.15978424719226,35.79592367280494
1471,37.0301560235,37.0036444805,36.273014009183676,32.81386765717647,35.18674000039098,35.915242734067796
1472,37.0301560235,37.0154273885,36.2750680025,32.80121835888235,35.16143828602881,35.848616042211056
1473,37.0183731155,37.02868316,36.27057850491366,32.84938965923529,35.20056902049766,35.90266113799144
1474,37.031628887000004,37.0154273885,36.27505694496622,32.644055159529415,35.195314593913366,35.87108910360595
1475,37.0360474775,37.0154273885,36.27148882173469,32.96912479788235,35.198368281806694,35.89269511915411
1476,37.0360474775,37.008063071,36.26601251829314,32.84228525882353,35.179169982832434,35.84486288696662
1477,37.0331017505,37.016900252,36.26271761104568,32.75859195641176,35.184630695048234,35.81143320995595
1478,37.031628887000004,37.0213188425,36.248239443165716,32.777999099,35.16418587161088,35.801982181099426
1479,37.0448846585,37.012481661500004,36.26046702404092,32.52483985505882,35.20005250800685,35.797567676566885
1480,37.052248976,37.0213188425,36.241029365641715,32.798619188,35.17643524823895,35.80304628810345
1481,37.0301560235,36.9977530265,36.266955873509936,32.85528111323529,35.19762915840336,35.86768917725782
1482,37.031628887000004,36.9918615725,36.26691329613504,32.665888194941175,35.17642788759476,35.78730933839623
1483,37.0331017505,37.0036444805,36.266388055294115,32.69101351347059,35.15556806965567,35.85322644137026
1484,37.0360474775,36.972714347,36.27238688084741,32.80000541247059,35.149867745143275,35.87528664111765
1485,37.034574614,37.02868316,36.29714289192053,32.894095398411764,35.1723879845645,35.92184525713268
1486,37.046357522,37.0301560235,36.29091420498027,32.91870088276471,35.13332209058645,35.86303854017995
1487,37.034574614,36.9948072995,36.26146283317506,32.60818660135294,35.13001953912919,35.857198468958906
1488,37.05814043,37.012481661500004,36.265355641739134,32.83136874111765,35.15109788503865,35.84687631367481
1489,37.0448846585,36.9889158455,36.26422967947369,32.74161070664706,35.14819581520869,35.78637665076716
1490,37.0389932045,36.9889158455,36.27233294083581,32.716831944235295,35.15552765342915,35.828107173298534
1491,37.0331017505,36.981551528000004,36.26013939193625,32.74750216064706,35.15777654928717,35.81131638959184
1492,37.02868316,37.0095359345,36.27850308999189,32.74871510705883,35.174977875308244,35.82333671910641
1493,37.02868316,36.9889158455,36.273320058742115,32.621702289941176,35.18267590369748,35.800944185407765
1494,37.02868316,36.9889158455,36.27973998887097,32.698464470000005,35.1754303035316,35.79340366361878
1495,37.02868316,36.978605801,36.259713124834065,32.597443361705885,35.16865126151789,35.71624721011246
1496,37.0301560235,36.955039985,36.26169671229412,32.559148910705886,35.15793092924946,35.80274456669807
1497,37.066977611,36.9741872105,36.26366928171123,32.606800376882354,35.183097488049285,35.7639767526127
1498,37.078760519,36.999225890000005,36.27531955683121,32.68841434258824,35.18924990114403,35.771965410594696
1499,37.062559020500004,36.984497255,36.267579914957984,32.64786727682353,35.1977278066211,35.731300620594254
1500,37.0389932045,36.952094258,36.2659602082353,32.612691830882355,35.188220210507566,35.760056732
1501,37.055194703,36.960931439,36.26953244703955,32.639723208058825,35.22629824107111,35.74846039632713
1502,37.0448846585,36.962404302500005,36.261737293806455,32.75027460958824,35.18705497491064,35.791221422098644
1503,37.052248976,36.9653500295,36.28223322324424,32.75616606358824,35.197378323774956,35.834771080454544
1504,37.0478303855,36.9535671215,36.26963693074176,32.622915236352945,35.18625831637026,35.79751227045631
1505,37.031628887000004,36.96976862,36.24047606795086,32.68027027382353,35.17280386803993,35.74022966992928
1506,37.0419389315,36.9682957565,36.27404254292994,32.87763398282353,35.16965596538191,35.82874572977273
1507,37.0419389315,36.96976862,36.253687659063296,32.77990515764706,35.17420252922113,35.79689173861452
1508,37.0419389315,36.96976862,36.26745000030395,32.649080223235295,35.190398017468574,35.765278177505884
1509,37.0419389315,36.960931439,36.24102658757558,32.66848736582353,35.23325350743718,35.731337110188306
1510,37.0301560235,36.94031135,36.26844964089862,32.78666300194118,35.21120462285337,35.78257243300131
1511,36.9977530265,36.919691261000004,36.27694797327605,32.44010688429412,35.2690361786132,35.79348781352697
1512,36.9918615725,36.684033101000004,36.26242346557011,32.75737901,35.1571849649986,35.80506976231527
1513,36.960931439,36.896125445,36.291938034787236,32.70539559235294,35.26203624570335,35.786242039437425
1514,36.993334436,36.8710867655,36.303450340542106,32.66571491688235,35.281506003422685,35.813573689061386
1515,37.008063071,36.8710867655,36.299802198251825,32.66883392194118,35.31386749172046,35.80778121471698
1516,36.999225890000005,36.8180636795,36.30070243186685,32.47736166694118,35.31763659114286,35.75810534322785
1517,37.002171617,36.4704678935,36.28574367587822,32.36074553335294,35.273837730759,35.860141313642856
1518,37.0095359345,36.9270555785,36.29429451257764,32.42884381047059,35.287831671931926,35.76788135924578
1519,37.0213188425,36.9653500295,36.28602710549153,32.59085879547059,35.271698652436974,35.80945174745763
1520,36.91085408,36.9270555785,36.26959530380883,32.76586963488236,35.191531421,35.74639702762906
1521,36.899071172,36.899071172,36.272803496103805,32.89045655917647,35.1463878184548,35.77431799546725
1522,36.984497255,36.9270555785,36.26371986096154,32.370795660764706,35.15782220705176,35.739566329094345
1523,36.9830243915,36.922636988,36.26251991749633,32.46263303194118,35.15853706399269,35.78870606486487
1524,36.96976862,36.934419896,36.25400538190959,32.73727875517647,35.16559292653115,35.84000306179009
1525,36.96976862,36.950621394500004,36.244548113257416,32.69309285017647,35.164115323080196,35.79941324783674
1526,36.96976862,36.962404302500005,36.24287271701923,32.27739878705882,35.165280354605066,35.70375359609652
1527,36.902016899,36.9712414835,36.23835137905204,32.37841989535294,35.13265395673569,35.6910290249355
1528,36.9417842135,36.96976862,36.24018131837435,32.512537112882356,35.128925400329116,35.75332506219747
1529,36.919691261000004,36.9388384865,36.241627328848885,31.87885925176471,35.13327207567446,35.703172146663675
1530,36.913799807000004,36.946202804,36.25432855864662,31.74560842452941,35.100087371566616,35.58866117946602
1531,36.900544035500005,36.9182183975,36.20744486482143,31.754618883588236,34.96160669412875,35.515098669133685
1532,36.9182183975,36.9300013055,36.190220257002345,31.761723284000002,34.86162598900326,35.52420321837697
1533,36.8651953115,36.9859701185,,31.462645354470588,34.97809802618677,35.40962346997273
1534,36.9270555785,36.960931439,,31.622581002764708,35.27497002554217,35.50566764817616
1535,36.944729940500004,36.96976862,,31.86672978764706,35.204755127256895,35.61797855514393
1536,36.848993813,36.934419896,36.21293887946429,32.032556889941176,35.15511211136406,35.57249449309951
1537,36.9329470325,36.96976862,36.2487746615,32.13721683747059,35.24572606043202,35.704967528343296
1538,36.9182183975,36.9771329375,36.24544259739726,32.03498278276471,35.22842620535273,35.64681411726452
1539,36.943257077,36.96976862,36.254832715675676,32.289008417,35.19159535759913,35.73983160081006
1540,36.9771329375,36.9771329375,36.243494106517005,32.39782703794118,35.186732682862,35.73159520070423
1541,36.9771329375,36.9800786645,36.243927894441356,32.478054779176475,35.176949958890724,35.68356588082739
1542,36.972714347,36.972714347,36.233538777694804,32.525359689235295,35.175406922892094,35.654101435428046
1543,36.972714347,36.9712414835,36.230938035612084,32.48689196017647,35.1638086179927,35.695573685256655
1544,36.972714347,36.9712414835,36.23629882051613,32.30027149082353,35.17808084518339,35.646729872024046
1545,36.9889158455,36.9594585755,36.23711344307692,32.45934074882353,35.198970308410885,35.612335643664125
1546,36.9800786645,36.96976862,36.2220776468,32.561401525470586,35.18153104239815,35.603132029332016
1547,36.996280163,36.96976862,36.24370370251025,32.71891128094118,35.18167100817635,35.66002319165332
1548,37.012481661500004,36.96976862,36.233001063369564,32.616677226235296,35.19666756038462,35.5360331685562
1549,37.02868316,36.9417842135,36.2438121626,32.719084559,35.18240680192368,35.660244238781424
1550,36.9771329375,36.937365623000005,36.24004795672269,32.7079947632353,35.157569791340364,35.70743467830737
1551,36.9977530265,36.9417842135,36.26051774197232,32.74992805347059,35.179523860298204,35.78132717631169
1552,36.999225890000005,36.931474169,36.24871524821257,32.52639935758824,35.19086349030348,35.66470116686391
1553,37.0095359345,36.916745534,36.25250102496552,32.8081494812353,35.179210210128936,35.80224177368377
1554,37.000698753500004,36.9358927595,36.25381570191579,32.666061473,35.17598323990551,35.71555009395073
1555,36.869613902,36.884342537,36.25585556660774,32.432136093588234,35.15367704911219,35.635616723944736
1556,36.9300013055,36.9152726705,36.27022409312834,32.46765809564706,35.138835429327386,35.683645977844186
1557,36.913799807000004,36.9329470325,36.25664279640749,32.5607084132353,35.11844943744711,35.70267446019533
1558,36.9152726705,36.925582715000004,36.22898481912088,32.19006664541177,35.164989883995176,35.561711114000005
1559,36.91085408,36.922636988,36.228217377351974,31.48465166794118,35.24005527111215,35.35986477695652
1560,36.91085408,36.925582715000004,36.19580988810345,31.803656574235294,35.22392480714519,35.45430537569231
1561,36.919691261000004,36.9358927595,36.1625916903125,31.776105362882355,35.272559040851064,35.484833945137616
1562,36.916745534,36.907908353,36.12367661277311,32.32799598023529,35.21173180734593,35.52684728333333
1563,36.919691261000004,36.907908353,36.12001147928,32.18036307411765,35.179920435694946,35.569563760574866
1564,36.9182183975,36.928528442,36.14912960102858,32.715272441705885,35.16585431157895,35.747987409420205
1565,36.925582715000004,36.9594585755,36.188946400625,32.645961218176474,35.163558277465214,35.749525988152236
1566,36.922636988,36.949148531,36.1828890221875,32.216578188411766,35.17318863279094,35.621971417604065
1567,36.9241098515,36.9329470325,36.215584259579416,32.45882091464706,35.17847618021127,35.65088838430865
1568,36.91085408,36.9211641245,36.19752650221642,32.06981167258824,35.13521032003817,35.54929155408667
1569,36.913799807000004,36.9182183975,36.19692579344172,32.043126851529415,35.22571358221093,35.50208126018304
1570,36.9152726705,36.925582715000004,36.185000014838856,31.934654786705885,35.196903150009454,35.57587804020139
1571,36.919691261000004,36.9270555785,36.188339150472444,32.183655357235295,35.181345947044775,35.58854996
1572,36.9182183975,36.9417842135,36.189668153709924,32.22212308629412,35.17555796147541,35.529687138307
1573,36.9241098515,36.9594585755,36.1862476460299,32.206701339058824,35.179124425414884,35.57672898933626
1574,36.9152726705,36.952094258,36.18674170082334,31.985771814058825,35.241140826599356,35.55968290852459
1575,36.919691261000004,36.9712414835,36.18403284455883,32.01869464523529,35.15186254504414,35.57096296981231
1576,36.919691261000004,36.978605801,36.1839650308,32.218310969,35.115669490166326,35.60127238023834
1577,36.9182183975,36.956512848500005,36.17229493929225,32.25747181029412,35.13431650301857,35.62918906855019
1578,36.94031135,36.966822893,36.20123359720986,32.374607778058824,35.15636930414027,35.62459924517941
1579,36.96976862,36.972714347,36.19402441040441,32.35520063547059,35.14663291868179,35.5969736216
1580,36.9712414835,36.9682957565,36.17765598520301,32.180016518,35.162998972267445,35.5781517832574
1581,36.972714347,36.972714347,36.16907203015687,32.30200427141177,35.18349097123296,35.596532084351004
1582,36.9741872105,36.9476756675,36.18698842732143,32.50127403905883,35.21720553670514,35.657409138876005
1583,36.9653500295,36.956512848500005,36.177494623232846,32.19821071417647,35.19673076272053,35.58561284623684
1584,36.937365623000005,36.94031135,36.166152657563025,32.20427544623529,35.246720497417385,35.53933053159091
1585,36.9211641245,36.9476756675,36.19097925524011,32.035329338882356,35.25221466386505,35.59639929575433
1586,36.9152726705,36.934419896,36.177897224764344,32.034462948588235,35.26945296484349,35.543555014418025
1587,36.943257077,36.9417842135,36.20631222114848,32.21293934917647,35.26477731354746,35.597956314518974
1588,36.91085408,36.9358927595,36.199915403558514,31.924951215411767,35.236472924835375,35.581685098376624
1589,36.9417842135,36.9653500295,36.23918721347826,32.506645658882356,35.1897324490365,35.7486048045618
1590,36.912326943500005,36.946202804,36.22587281223669,32.41810057082353,35.16735147652873,35.66761318450195
1591,36.912326943500005,36.957985712,36.2381403466685,32.30997506211765,35.157329721288015,35.643268366135096
1592,37.2245740055,37.223101142000004,36.37238645576159,31.788408105058824,35.43351651104496,35.62303167779809
1593,37.2393026405,37.226046869,36.384884135531685,32.08557997594118,35.38552449693663,35.80823403332468
1594,37.2245740055,37.180388100500004,36.380379228595096,32.31153456464706,35.38319705705943,35.835259409529414
1595,36.993334436,36.937365623000005,36.3636835487766,32.097189605882356,35.3764472516013,35.86628942961684
1596,36.4203905345,36.7444205045,36.354215818863636,32.657744126176475,35.674315697056606,35.834888533684214
1597,,,,,,
1598,31.994435717,33.1093933865,32.806381325000004,35.852125140588235,32.61017714547801,36.494153014667965
1599,31.882498091000002,33.511485122,32.40735917980441,35.37543720076471,32.84959998811015,36.51754050942697
1600,35.0123330285,34.633807109,32.62250639678086,36.26140791552941,34.79341924639012,36.40827301730812
1601,36.5617854305,36.383568947,36.40829570169144,32.63053947094118,35.45459715476291,35.65897405604396
1602,37.1715509195,37.196589599,36.419429971347824,32.153504975000004,35.343550129413536,35.84629904208437
1603,37.211318234000004,37.223101142000004,36.40222911446429,32.30131115917647,35.316965311440356,35.918923534536084
1604,37.209845370500005,37.178915237,36.381895810685315,32.12196836829412,35.32123909171239,35.885298155378045
1605,37.2127910975,37.178915237,36.370845913361705,32.13305816405882,35.329447631113155,35.8605060227
1606,37.2157368245,37.093489154000004,36.37183963070305,32.17169917117647,35.32505681443478,35.91604734082096
1607,37.2127910975,37.096434881,36.3758306422163,32.01834808911765,35.361942916480444,35.865976040157136
1608,37.2186825515,37.105272062,36.39960049971154,32.243089731411764,35.381714842458706,35.9422990424
1609,37.211318234000004,37.17596951,36.37181674826303,32.213459183352946,35.3512179600514,35.87616102263573
1610,37.208372507,37.184806691,36.38186877052854,32.71353966111765,35.37572051464485,35.93473265445844
1611,37.120000697,37.193643872,36.36526093929064,32.80953570570588,35.36673258961877,35.94824172643479
1612,37.1155821065,37.11705497,36.38687239279156,32.427977420176475,35.39513993533564,35.92066225808038
1613,37.17596951,37.20542678,36.383313253693224,31.676123922941176,35.510766149572234,35.80968857140502
1614,37.220155415,37.20542678,36.38020832887324,31.947650641117647,35.42286877815195,35.881241579369956
1615,37.190698145,37.196589599,36.37146795580282,32.08592653205883,35.38823284533724,35.86395557926903
1616,37.186279554500004,37.199535326,36.371388966081504,31.870715183,35.370025291440435,35.86177205061597
1617,37.228992596,37.187752418,36.3902363151049,32.006218625,35.432675832629556,35.86466558906458
1618,37.226046869,37.20542678,36.39325293404177,32.047458803,35.412370582372006,35.84924168539062
1619,37.181860964,37.20542678,36.38048335714025,32.29628609547059,35.39115389404943,35.89731032385342
1620,37.181860964,37.209845370500005,36.38861825089482,32.283810075235294,35.38767877289474,35.945443498685094
1621,37.237829777,37.2068996435,36.3898417113229,32.46696498341176,35.388101732294764,35.96726422116828
1622,37.26434132,37.211318234000004,36.39526341035324,32.668314087764706,35.40700932550099,35.99580859621513
1623,37.246666958,37.2068996435,36.39344815387755,32.92753806376471,35.400503031529105,36.030390666357086
1624,37.254031275500004,37.202481053,36.39713779613221,32.80624342258824,35.381341983846156,35.99181539988854
1625,37.254031275500004,37.20542678,36.40019015682931,32.881272822058826,35.40467179797973,36.02120064609957
1626,37.246666958,37.20542678,36.40269857071153,33.06616051082353,35.37899599307065,36.051149796999184
1627,37.261395593,37.190698145,36.39564840469799,33.08175553611765,35.354543298351985,36.02746263487525
1628,37.267287047,37.20542678,36.3930907021732,32.959941060764706,35.3659391453078,36.00836547799757
1629,37.2569770025,37.20542678,36.388905312804056,33.01677626405883,35.372279741576456,36.034554138976446
1630,37.1656594655,37.161240875000004,36.388966713914655,33.12420866052941,35.2973516184185,36.03944214213816
1631,37.249612685,37.20542678,36.37350593449683,32.90969042370588,35.33622350724931,35.9795760597126
1632,37.242248367500004,37.20542678,36.38827646015693,33.113811977,35.33269961563031,36.02946946729277
1633,37.252558412,37.20542678,36.37454942370096,32.96808512952941,35.34661801179415,36.01443823442512
1634,37.2393026405,37.20542678,36.38289456752782,32.99303717,35.35282859666207,35.99739487371596
1635,37.228992596,37.20542678,36.37699484722464,32.97432313964706,35.33971134216609,35.989049045850514
1636,37.2304654595,37.184806691,36.37037866706528,32.92667167347059,35.345807125981565,35.94467991865567
1637,37.2304654595,37.20542678,36.387639225185815,32.90483863805883,35.36480594273007,35.973286942592125
1638,37.2275197325,37.20542678,36.38903781768037,32.98679915988235,35.353562502868854,35.983506328866994
1639,37.181860964,37.20542678,36.370703633594225,32.901719633,35.34686406283959,35.946882503010926
1640,37.1892252815,37.196589599,36.372661795675675,32.95352977258824,35.36686587419162,35.98564580030862
1641,37.184806691,37.181860964,36.379080694037164,33.021801327764706,35.333883575564855,35.985611727698114
1642,37.161240875000004,37.20542678,36.3851542070787,32.93083034688235,35.34035267820055,35.972762471937045
1643,37.178915237,37.181860964,36.3957659983057,32.99355700417647,35.3668021775,36.04425319348272
1644,37.1715509195,37.178915237,36.41064629590636,32.92996395658824,35.39337279389282,36.08098027271791
1645,37.140620786,37.258449866,36.426013189284134,32.89426867647059,35.378407980014174,36.067972990066224
1646,37.208372507,37.226046869,36.41802040932759,32.63799042747059,35.399779244052766,36.05730191681867
1647,37.131783605,37.223101142000004,36.41065082960753,32.720297505411764,35.3928743353868,36.045396276798364
1648,37.134729332,37.2451940945,36.41584515094595,32.63903009582353,35.38378516103602,36.04554045353244
1649,37.136202195500005,37.231938323,36.413857476947946,32.45552863152941,35.43238368638998,36.01714190964359
1650,37.143566513,37.226046869,36.425616173493154,32.645441384,35.39348167861842,36.051044512160665
1651,37.134729332,37.2304654595,36.41560701772484,32.484639345411765,35.422843488516314,36.00956962459357
1652,37.0772876555,37.2245740055,36.406152854,32.02146709417647,35.529101650360865,35.9113834662718
1653,37.0655047475,37.2157368245,36.41633264526531,31.63159146182353,35.56689070217198,35.885094279371614
1654,37.161240875000004,37.2157368245,,31.859105553058825,35.32341150609404,35.949857962293244
1655,37.198062462500005,37.2186825515,,31.784942543882355,35.33910220856826,35.95672639439419
1656,37.209845370500005,37.2068996435,,31.54807143747059,35.39672774256154,35.90337630012625
1657,37.0949620175,37.14651224,36.375927133478264,31.500073415176473,35.35401736687783,35.85702242669299
1658,37.037520341000004,37.152403694,36.36917938848921,31.473735150235296,35.42519366,35.82047052410686
1659,36.996280163,37.164186602,36.381309112316174,31.35573279217647,35.51394704205332,35.77345075454546
1660,37.0331017505,37.214263961,36.36324554992806,31.353826733529413,35.46252462938719,35.7585391518752
1661,37.016900252,37.2127910975,36.37143584767832,31.37288732,35.400764897924844,35.71334690810065
1662,37.024264569500005,37.2127910975,36.37275535942308,31.38657628664706,35.39163094534955,35.7220822288764
1663,37.0360474775,36.960931439,36.33028284966072,31.51913400164706,35.42442841556495,35.587965451841846
1664,37.0360474775,37.134729332,36.371601570772995,31.35122756264706,35.57378164228904,35.72405773713908
1665,37.074341928500004,37.064031884,36.350982985590065,31.433881196705883,35.390882365505135,35.67296146733636
1666,37.064031884,37.049303249000005,36.307847544628686,31.536115251411765,35.425782016867,35.629658941562724
1667,37.081706246,37.0655047475,36.32500459832168,31.46073929582353,35.45890202605359,35.723417106657344
1668,37.0861248365,37.0713962015,36.34854175416236,31.47061614517647,35.5071448815674,35.71152851170679
1669,37.099380608000004,37.164186602,36.350919048317216,31.767788016058823,35.46199964018809,35.843853815568316
1670,37.099380608000004,37.131783605,36.36142091325631,31.734518628764707,35.46634372318953,35.8318229244898
1671,37.099380608000004,37.1568222845,36.343937068224136,31.62466033947059,35.45885359451144,35.78454159748345
1672,37.096434881,37.2068996435,36.35690754743567,31.894627555117648,35.44539107309474,35.86698988524169
1673,37.105272062,37.211318234000004,36.36750582563707,32.05664254011765,35.46495735316009,35.89428127235997
1674,37.161240875000004,37.17596951,36.3655653735277,32.11919591935294,35.44792697465917,35.93030966652568
1675,37.120000697,37.211318234000004,36.35465381208495,32.20306249982353,35.346232053650574,35.90752752899448
1676,37.099380608000004,37.2245740055,36.37541612681818,32.04953813970588,35.36603277119403,35.88734063359013
1677,37.2186825515,37.273178501000004,36.36072854132245,32.01124368870588,35.425049228655894,35.83895416473405
1678,37.1774423735,37.234884050000005,36.370228991993386,32.057508930411764,35.43686369114765,35.855063333759595
1679,37.114109243,37.2245740055,36.373986316718366,31.92893661076471,35.42547365478033,35.85761948634798
1680,37.11705497,37.217209688000004,36.39021609186177,32.01470924988235,35.37364013052632,35.89791354423747
1681,37.158295148,37.2157368245,36.375782674010814,31.943665245764706,35.403918110029814,35.875056726457885
1682,37.167132329,37.2275197325,36.36922256151089,32.10204139152941,35.37055671661857,35.861966381425475
1683,37.158295148,37.2245740055,36.361882833317665,32.14310829147059,35.40340631166563,35.86913296008109
1684,37.1509308305,37.208372507,36.3745572044,32.53852882170588,35.3599028921024,35.98329260139535
1685,37.147985103500005,37.143566513,36.36335852864239,32.53003819682353,35.336198192677145,35.95681434707692
1686,37.131783605,37.14651224,36.36248694987013,32.39852015017647,35.33038326561514,35.9161131488633
1687,37.134729332,37.140620786,36.35197889413961,32.52258724029412,35.36318876473883,35.93374724520617
1688,37.11705497,37.173023783000005,36.3544156428877,32.58202161447059,35.390212658964984,35.94713754685453
1689,37.1273650145,37.155349421000004,36.350504124080885,32.48793162852941,35.358456876456174,35.945237394840056
1690,37.143566513,37.161240875000004,36.36030186485769,32.191799426,35.36619083568966,35.94496135162693
1691,37.137675059,37.173023783000005,36.36038569294805,32.398173594058825,35.368459793696275,35.945494031126614
1692,37.122946424,37.187752418,36.36057169720556,32.406837497,35.33603590083438,35.95699104348624
1693,37.093489154000004,37.17596951,36.36028367642857,32.256778698058824,35.37593737757443,35.91086104961472
1694,37.122946424,37.1892252815,36.378326123894524,32.37651383670588,35.36985644456941,35.949959736719975
1695,37.131783605,37.17596951,36.37523234705883,32.28640924611765,35.38220783230769,35.92732543628866
1696,37.143566513,37.20542678,36.369951060828484,32.25036740988235,35.36752527063871,35.923619018235094
1697,37.1096906525,37.114109243,36.35887432784314,31.769347518588237,35.33426563318982,35.838327356596686
1698,37.186279554500004,37.187752418,36.372483798539555,32.07882213164706,35.35008663694799,35.86093344191177
1699,37.161240875000004,37.149457967000004,36.35998553406452,31.88925593529412,35.356239400264776,35.852991530882356
1700,37.181860964,37.20542678,36.36328452525765,32.31032161823529,35.33820951948891,35.930501765
1701,37.2127910975,37.2068996435,36.367847984867375,31.89324133064706,35.31295406083993,35.87324172985916
1702,37.2039539165,37.173023783000005,36.36817821311134,31.970003510705883,35.34769574347181,35.85159163816794
1703,37.2039539165,37.152403694,36.36438608770565,31.97329579382353,35.362558271731515,35.893879521389614
1704,37.214263961,37.20542678,36.371221487905125,32.279478123764704,35.34154320167966,35.902267760155844
1705,37.214263961,37.161240875000004,36.37216901230499,32.222816198529415,35.33828356256131,35.90263605807091
1706,37.1774423735,37.170078056,36.3703063881106,32.42312563452941,35.30594520548418,35.92226592081331
1707,37.192171008500004,37.20542678,36.37245134117647,32.762577351764705,35.33029353669927,35.99883623034154
1708,37.096434881,37.20542678,36.362642808441564,32.69898430417647,35.34854844265403,35.98943234454997
1709,37.093489154000004,37.14651224,36.36500194045455,32.442359499058824,35.338836719576086,35.94744739314286
1710,37.096434881,37.181860964,36.37011642935529,32.24499579005882,35.387038451481715,35.924657574702934
1711,37.0875977,37.158295148,36.35250248675136,32.07916868776471,35.35626157515776,35.882085942905924
1712,37.096434881,37.152403694,36.36182921515837,32.05352353505882,35.364867126986084,35.88822927225131
1713,37.0713962015,37.173023783000005,36.370989207091185,31.89826639435294,35.38147464677658,35.870681912237124
1714,37.0875977,37.178915237,36.378250927856,31.948517031411765,35.37192699486744,35.90210714825419
1715,37.0861248365,37.149457967000004,36.36802877396556,31.91923303947059,35.36007452559492,35.8809468922063
1716,37.0875977,37.20542678,36.3649740453125,31.828781892764706,35.35435596387162,35.861278742391306
1717,37.0507761125,37.181860964,36.35830665462045,31.942625577411768,35.33568083531177,35.868021307848636
1718,37.0478303855,37.170078056,36.34844019612013,31.854253767411766,35.34628865226745,35.84134872633847
1719,37.046357522,37.122946424,36.33975030147013,31.829475005000003,35.331267229379314,35.84951034579109
1720,37.055194703,37.02868316,36.338322439336125,31.71060625664706,35.39289502211564,35.771177045269205
1721,37.062559020500004,37.093489154000004,36.336697423344376,31.99148999,35.381689731390075,35.79632562081208
1722,37.064031884,37.131783605,36.34707091761442,31.929803001058826,35.35817526682493,35.81734954766035
1723,37.062559020500004,37.114109243,36.329056847680924,31.95302226094118,35.37309329080119,35.80579656719852
1724,37.0537218395,37.149457967000004,36.346256405000005,31.98299936511765,35.40269924029221,35.837048829942574
1725,37.061086157,37.1303107415,36.34847051352941,31.909009634,35.42341990566136,35.833535185882354
1726,37.062559020500004,37.14651224,36.343195909415584,31.859452109176473,35.38559211150523,35.8413876747845
1727,37.062559020500004,37.1214735605,36.330690569215136,31.976761355,35.36086289691849,35.85822167845815
1728,37.064031884,37.1656594655,36.34145467745883,32.224202423,35.38955271535111,35.88174629671153
1729,37.055194703,37.143566513,36.33721075546019,32.08402047341177,35.366444544638256,35.89497052707771
1730,37.055194703,37.184806691,36.34538231345883,32.014535971823534,35.36698708244156,35.854305968728575
1731,37.049303249000005,37.149457967000004,36.34720312012903,32.067732335882354,35.39082590151449,35.83847190832685
1732,37.0537218395,37.143566513,36.34792125792208,32.199770216705886,35.38843879920052,35.902387049801234
1733,37.040466068,37.202481053,36.35672781216783,31.918020093058825,35.38626027766409,35.881559776298985
1734,37.0419389315,37.208372507,36.35646796239819,32.08557997594118,35.36428481191239,35.89377201056172
1735,37.037520341000004,37.178915237,36.351933739489034,31.942625577411768,35.37503156356979,35.87575514277284
1736,37.0419389315,37.2068996435,36.347876875735295,32.19665121164706,35.3466306245312,35.90486739880597
1737,37.037520341000004,37.1420936495,36.35007057096682,32.529345084588236,35.33203379021768,35.938785515847826
1738,37.0419389315,37.1214735605,36.35157411609412,32.147960077117645,35.34699021544946,35.879029620342614
1739,37.0478303855,37.111163516000005,36.34407126426201,32.42693775182353,35.32951148426047,35.913767240129175
1740,37.0537218395,37.114109243,36.34674353388052,32.31500012582353,35.33971477932158,35.88953392035405
1741,37.081706246,37.125892151,36.35141772153846,32.23494566264706,35.353449276449396,35.90111161067703
1742,37.062559020500004,37.128837878,36.353446703936655,32.355893747705885,35.36417965289294,35.89927105304636
1743,37.0537218395,37.114109243,36.34373745544118,32.37755350505883,35.34095600704605,35.91754714953745
1744,37.037520341000004,37.140620786,36.34279948652739,32.293167090411764,35.34903699376564,35.88479706564498
1745,37.05814043,37.134729332,36.35167093177143,32.50595254664706,35.35637554917503,35.92008420872165
1746,37.0772876555,37.134729332,36.351151781038965,32.39903998435294,35.3384866060177,35.93560416895665
1747,37.0301560235,37.102326335,36.346794779215685,32.23251976982353,35.37202017558901,35.88900497548861
1748,36.9977530265,37.122946424,36.33376938298319,32.50872499558824,35.317395924899174,35.88619016034846
1749,37.0566675665,37.108217789,36.31950713666316,32.412728951,35.346354274628425,35.875438356777856
1750,37.05814043,37.114109243,36.332524749622195,32.44859750917647,35.35082110755102,35.902906831266186
1751,37.0596132935,37.143566513,36.33315553358289,32.32227780429412,35.32464412804348,35.89253529529412
1752,37.064031884,37.14651224,36.3301583091135,32.48221345258823,35.304645469950806,35.89658745772274
1753,37.072869065,37.122946424,36.33099618953156,32.66068985317647,35.32895271386866,35.93193591236042
1754,37.052248976,37.134729332,36.327751196923074,32.386390686058824,35.2995715189911,35.88985876690323
1755,37.052248976,37.190698145,36.342827276646155,32.445131948000004,35.3289468362048,35.894807152352726
1756,37.024264569500005,37.173023783000005,36.35596268827173,32.75859195641176,35.29693666847589,35.933766677407796
1757,37.031628887000004,37.078760519,36.3561928821519,32.254179527176476,35.323457159371465,35.849432023770376
1758,37.034574614,37.137675059,36.345065110708695,32.03411639247059,35.32362279718241,35.80881814145179
1759,37.0389932045,37.0875977,36.32943599432198,32.159049872882356,35.308393031838236,35.803691547305306
1760,37.046357522,37.081706246,36.323583437656254,32.201676275352945,35.30672734787073,35.78983369330233
1761,37.0507761125,37.075814792,36.321913244375004,32.13912289611765,35.29164328874652,35.77668362727745
1762,37.0419389315,37.078760519,36.32281565810522,32.43057659105882,35.30414695940557,35.875031340483275
1763,37.0478303855,37.075814792,36.3219664311125,32.152292028588235,35.28115002134881,35.8127427008171
1764,37.043411795000004,37.0875977,36.30774081557887,32.12630031976471,35.277429494592276,35.810693673548386
1765,37.037520341000004,37.0802333825,36.31293465830017,32.275319450352946,35.29107665785671,35.83550546237088
1766,37.0389932045,37.0875977,36.31775030663104,32.19370548464706,35.29309498997363,35.79244654901343
1767,37.0360474775,37.046357522,36.326896520064174,32.55724285205883,35.28599700541358,35.874621718600686
1768,37.037520341000004,37.0331017505,36.31532343361272,32.28744891447059,35.28534913916498,35.83582083044
1769,37.037520341000004,37.040466068,36.31314323050134,32.290567919529416,35.270272530517445,35.799684333384306
1770,37.0360474775,37.0331017505,36.321447163043324,32.28727563641176,35.271724165951746,35.81501563859471
1771,37.034574614,37.037520341000004,36.33218577655065,32.42849725435294,35.30947947683504,35.81896342457543
1772,36.928528442,37.0272102965,36.32314111195294,32.33925905405882,35.270458779923885,35.86922439667564
1773,36.9771329375,37.0448846585,36.33354148537205,32.15211875052941,35.331726206,35.80014931005726
1774,37.0183731155,37.061086157,36.32111106843618,32.306162944823534,35.298996245349926,35.831966738765104
1775,37.031628887000004,37.031628887000004,36.33844188156627,32.45015701170588,35.3026219158571,35.857898155793734
1776,37.031628887000004,37.0713962015,36.3330733675,32.37911300758824,35.282362755167036,35.84984946150853
1777,36.937365623000005,36.987442982000005,36.332711781066614,32.000327171,35.33102531041123,35.829512604313585
1778,36.946202804,37.0389932045,36.30909681095955,32.18174929858824,35.28101643633238,35.80016355231869
1779,36.949148531,37.0566675665,36.31291864859375,32.39955981852941,35.29883604460918,35.843318502492146
1780,37.0036444805,37.062559020500004,36.31350866252038,32.236851721294116,35.31694732668089,35.81657866422732
1781,37.0183731155,37.0566675665,36.318414700636296,32.3309417072353,35.29232002962026,35.81723076440803
1782,37.040466068,37.052248976,36.3193520984,32.220910139882356,35.32526979999396,35.829211914554975
1783,37.0419389315,37.055194703,36.31159995336103,32.28484974358824,35.30337729094053,35.7975223497535
1784,37.0213188425,37.049303249000005,36.3131948822036,32.244822512,35.31728546824798,35.812957286354134
1785,37.0389932045,37.052248976,36.31222417233626,32.241530228882354,35.31414835132443,35.8176599130469
1786,37.037520341000004,37.072869065,36.3129818911361,32.31586651611765,35.2875382200545,35.838691223668214
1787,36.890233991,37.012481661500004,36.317003301853866,32.13132538347059,35.28726693249686,35.812758054996614
1788,36.9771329375,37.046357522,36.32080873758606,32.23407927235294,35.26575523642462,35.85174169941394
1789,36.981551528000004,37.061086157,36.32436783758983,32.47060382264706,35.27578216076923,35.88926044182952
1790,36.987442982000005,37.074341928500004,36.32242715,32.35727997217647,35.25700740477148,35.873339074054236
1791,36.996280163,37.084651973,36.32736663125,32.48256000870588,35.27888761374444,35.88941446077002
1792,36.996280163,37.111163516000005,36.33245755846359,32.35849291858823,35.29409344997148,35.8811553249765
1793,37.000698753500004,37.02868316,36.3115207754,32.308415559588234,35.27631768547248,35.86651275588715
1794,36.725273279,37.046357522,36.326897027910384,32.53488998247059,35.22562732069301,35.879986731655585
1795,37.005117344,37.128837878,36.3290116281875,32.497635199823534,35.286046456538465,35.90254085821207
1796,36.987442982000005,37.099380608000004,36.31445175879688,32.03151722158824,35.30853550723971,35.875790482685126
1797,37.025737433,37.0596132935,36.31512705566723,31.638176028058826,35.41356611975505,35.85903967601787
1798,37.040466068,37.0802333825,36.32668928420395,31.58099426864706,35.40749740856138,35.847366190520155
1799,37.034574614,37.0875977,36.32763967395973,31.619461997705884,35.382320494184015,35.7940124225
1800,36.984497255,36.987442982000005,36.30106454424898,31.552749945058824,35.3237374293668,35.76348066645161
1801,36.9741872105,36.987442982000005,36.27027443100394,31.567305302,35.28691907380245,35.782825085994475
1802,36.978605801,36.9830243915,36.23985446886957,31.57163725347059,35.34868313949795,35.67762900763819
1803,36.966822893,36.9741872105,36.235700725,32.015055806,35.2785856161052,35.754776329001956
1804,36.952094258,36.9653500295,36.204627721142856,31.915940756352942,35.32897836564138,35.71686120073276
1805,36.963877166,36.9653500295,36.21810109518681,32.03584917305882,35.327055754680856,35.77521360044053
1806,36.9535671215,36.96976862,36.20997420758621,32.22957404282353,35.242271887376624,35.77932541314286
1807,36.952094258,36.96976862,36.198006329500004,32.43750771341177,35.23194534268164,35.815282536379435
1808,36.9093812165,36.922636988,36.14647528585848,32.49607569729412,35.244121074084866,35.81409756309489
1809,36.919691261000004,36.946202804,36.169145716214956,32.42936364464706,35.22767708517034,35.833277286638115
1810,36.928528442,36.944729940500004,36.179146108432434,32.073623789882355,35.23163725910737,35.74271242344538
1811,36.922636988,36.928528442,36.16883083633712,32.36351798229412,35.25542824,35.83642949467927
1812,36.878451083,36.893179718,36.17105765516,32.76950847411765,35.259914369214286,35.97380197829499
1813,36.8651953115,36.9300013055,36.192137604875,32.57595688241177,35.287361034161414,36.00001730242748
1814,36.9152726705,36.919691261000004,36.193999521863354,32.7698550302353,35.24084515304476,35.9097978545
1815,36.866668175,36.8710867655,36.189311853763655,32.49572914117647,35.280195028250574,35.92876491321101
1816,36.863722448000004,36.8534124035,36.194485335934694,32.72289667629412,35.22794363694362,35.93942295878594
1817,36.893179718,36.944729940500004,36.19203275098583,32.67437881982353,35.21380356856174,35.82950129908012
1818,36.950621394500004,36.955039985,36.16850809242024,32.34359100552941,35.22447325492848,35.697325978297876
1819,36.9476756675,36.9270555785,36.15636990678075,32.68876089870589,35.178341852977304,35.75993771272727
1820,36.94031135,36.902016899,36.16721823225164,32.46956415429412,35.19725768169583,35.813378463133645
1821,36.916745534,36.893179718,36.196928164724774,32.47147021294118,35.237923258547944,35.82306318174905
1822,36.904962626,36.9093812165,36.18704687428571,32.54476683182353,35.21661109670061,35.812224842258544
1823,36.9152726705,36.919691261000004,36.17366961351843,32.49971453652941,35.223359796012865,35.852713235818186
1824,36.912326943500005,36.913799807000004,36.17320123217513,32.26960127441177,35.19067346106509,35.78009518063694
1825,36.925582715000004,36.9152726705,36.18060950513158,32.19197270405883,35.202135513114975,35.75613762198263
1826,36.912326943500005,36.913799807000004,36.19479231769042,32.50456632217647,35.21447140489011,35.84008124588235
1827,36.91085408,36.922636988,36.176800965171125,32.32158469205883,35.2299036469703,35.80344816399133
1828,36.928528442,36.9182183975,36.18278791029767,32.01366958152941,35.23118050029353,35.7610604612
1829,36.934419896,36.9241098515,36.18957086029605,32.063400384411764,35.22493685240728,35.754571585172414
1830,36.928528442,36.9182183975,36.179027743893805,32.01834808911765,35.214754400976275,35.74571769778917
1831,36.937365623000005,36.9270555785,36.18568939640553,32.08246097088235,35.22687010503068,35.77606133918458
1832,36.928528442,36.9241098515,36.18169777802092,32.2190040812353,35.207851908472506,35.786750385299015
1833,36.9270555785,36.9241098515,36.17901688206859,32.227494706117646,35.166740835778256,35.778728659863326
1834,36.94031135,36.9241098515,36.176879077377315,32.272547001411766,35.17797831085916,35.789196391343964
1835,36.9358927595,36.9241098515,36.173029917027314,32.266655547411766,35.173544633409094,35.81508760207463
1836,36.9300013055,36.9358927595,36.18589254674107,32.27272027947059,35.22746184464455,35.7959727812
1837,36.9270555785,36.9388384865,36.18348667831606,32.12976588094118,35.208708103095894,35.777255582838336
1838,36.916745534,36.925582715000004,36.16775987490754,32.16944655641176,35.18572162677485,35.75500898168018
1839,36.9329470325,36.9241098515,36.176546928421054,32.37252844135294,35.17964717719573,35.82014605598214
1840,36.9211641245,36.9241098515,36.169555476695656,32.141375510882355,35.1412904105,35.80351459451709
1841,36.9211641245,36.928528442,36.171192366184215,32.145707462352945,35.15543527373134,35.814598997962264
1842,36.916745534,36.9241098515,36.15989106988116,32.203582334000004,35.148758692129306,35.764844624557526
1843,36.922636988,36.9152726705,36.16082309663341,32.34705656670588,35.15754709380814,35.79341232728358
1844,36.8917068545,36.9093812165,36.15267504954592,32.561401525470586,35.17613894067749,35.80880562588236
1845,36.91085408,36.928528442,36.158903653275864,32.43352231805883,35.17268805371913,35.78538321241379
1846,36.9270555785,36.928528442,36.16162514237363,32.44599833829412,35.157941950625,35.7782984192
1847,36.9388384865,36.913799807000004,36.19042418204092,32.48723851629412,35.200989754378455,35.856863004562214
1848,36.9300013055,36.913799807000004,36.19895485517028,32.64873366711765,35.20344160033309,35.861300755296874
1849,36.937365623000005,36.9270555785,36.20647965495408,32.558282520411765,35.20664218883687,35.85839654710901
1850,36.9417842135,36.9211641245,36.1877172040708,32.55013845164706,35.18265254535032,35.864617842872676
1851,36.9476756675,36.916745534,36.19566894847944,32.33925905405882,35.20480068026099,35.835251583519884
1852,36.9358927595,36.9300013055,36.19513716460526,32.53627620694118,35.19014462946704,35.87547207904025
1853,36.934419896,36.9211641245,36.18278905006352,32.22957404282353,35.207935705054346,35.830858956875005
1854,36.9358927595,36.94031135,36.172198348076925,32.01072385452942,35.17599365927039,35.7132896137819
1855,36.955039985,36.922636988,36.17991296746505,32.24620873647059,35.17251462185745,35.80920043664929
1856,36.943257077,36.9358927595,36.17526434815336,32.176204400705885,35.17970434408305,35.793035032511014
1857,36.928528442,36.922636988,36.167242806554036,31.951809314529413,35.14203063549669,35.65546004471429
1858,36.952094258,36.934419896,36.170138929869566,32.13427111047059,35.147382065225486,35.79097427692308
1859,36.972714347,36.9358927595,36.18790204565789,32.131152105411765,35.15424932030281,35.84864375493151
1860,36.9653500295,36.9182183975,36.19148193158261,32.14553418429412,35.1797492010932,35.79890148364835
1861,36.963877166,36.9182183975,36.196127686842104,32.0510976422353,35.19389331021622,35.7981507038152
1862,36.9535671215,36.912326943500005,36.18050573613534,32.22264292047059,35.18320854106134,35.75837787115083
1863,36.957985712,36.922636988,36.19143347276316,32.26890816217647,35.17050642107217,35.785074065652175
1864,36.937365623000005,36.916745534,36.187184275921055,32.056469262058826,35.15488902856174,35.76380520285103
1865,36.944729940500004,36.913799807000004,36.174006023552636,32.20600822682353,35.16033631205703,35.76621674230769
1866,36.950621394500004,36.913799807000004,36.17826788691951,32.189546811235296,35.18040528656954,35.80677126991151
1867,36.9329470325,36.9152726705,36.177166796149066,32.18348207917647,35.19540598083784,35.79186010612834
1868,36.9329470325,36.9152726705,36.18125056177888,32.14951957964706,35.19798722801329,35.80349761446016
1869,36.9329470325,36.9152726705,36.17890861733168,32.15263858470588,35.19769780952,35.7822833170858
1870,36.931474169,36.913799807000004,36.1639683213985,32.30564311064706,35.16733211532258,35.795652188429514
1871,36.934419896,36.9182183975,36.173770976700624,32.20340905594118,35.17240130651474,35.78425491480059
1872,36.937365623000005,36.9211641245,36.181900646222914,32.15766364841176,35.202332420000005,35.80242295243119
1873,36.9329470325,36.9388384865,36.1817083793913,32.30546983258824,35.196188925187165,35.80591502082192
1874,36.9241098515,36.931474169,36.176536225424044,32.154717921411766,35.189989547831324,35.7288838589145
1875,36.937365623000005,36.913799807000004,36.178055089303406,31.935521177000002,35.18641400668524,35.62105863451693
1876,36.937365623000005,36.925582715000004,36.167813655513044,32.29697920770588,35.19586522819277,35.75833839125
1877,36.9388384865,36.913799807000004,36.17390886189863,32.3796328417647,35.185448130456095,35.79229043434483
1878,36.9300013055,36.916745534,36.16640848884472,32.03896817811765,35.16467210509546,35.665799282413026
1879,36.9388384865,36.9182183975,36.163864635884956,32.103774172117646,35.194049905152674,35.768048485559845
1880,36.9358927595,36.88139681,36.15986568154534,32.20531511458824,35.162104774572,35.757775237558825
1881,36.912326943500005,36.9152726705,36.15261153525862,32.15731709229412,35.15047212097369,35.72665870472161
1882,36.925582715000004,36.913799807000004,36.16095614942857,32.05265714476471,35.156733909496985,35.73915157264516
1883,36.9270555785,36.9211641245,36.16024390262931,32.05023125194118,35.154347726787336,35.698830301225385
1884,36.9241098515,36.9152726705,36.16329241566995,32.11053201641177,35.1672124903301,35.72668460572668
1885,36.925582715000004,36.9182183975,36.163494633064516,31.875220412529412,35.15632841719834,35.56523845136691
1886,36.9417842135,36.9182183975,36.158199065044336,32.19318565047059,35.164247417299414,35.690551922328765
1887,36.94031135,36.9270555785,36.17757663642733,31.88388431547059,35.218403411607596,35.769893514054054
1888,36.9476756675,36.922636988,36.176860917186815,32.06288055023529,35.15942267685993,35.73140321873418
1889,36.9594585755,36.9211641245,36.17273173885218,32.12040886576471,35.17933858982524,35.778797823836015
1890,36.9476756675,36.9211641245,36.173609715655175,32.00292634188236,35.17564144185279,35.726952371428574
1891,36.957985712,36.928528442,36.18518795588075,32.095630103352946,35.20200185213217,35.740919049892014
1892,36.952094258,36.91085408,36.1823888527734,32.04867174941177,35.18921531503817,35.748563228757895
1893,36.960931439,36.913799807000004,36.17146237243478,32.08124802447059,35.17488659089981,35.748828543349894
1894,36.937365623000005,36.9211641245,36.15094734449761,31.71701754482353,35.190452533333335,35.614922575827336
1895,36.944729940500004,36.946202804,36.154627545693785,32.34896262535294,35.20279060177576,35.73378033629687
1896,36.899071172,36.934419896,36.145375834481094,32.43438870835294,35.212064834552336,35.79021318516654
1897,36.937365623000005,36.925582715000004,36.14711423837245,32.177763903235295,35.18852867565159,35.664738825
1898,36.96976862,36.931474169,36.14222791242733,32.159396429000005,35.20222048610513,35.672258823150685
1899,36.957985712,36.9241098515,36.151385630929624,32.282250572705884,35.21626367401369,35.738818932974546
1900,36.931474169,36.9270555785,36.15794654824617,32.28606269,35.18882969068758,35.739631390554784
1901,36.807753635,36.857830994000004,36.17188721949091,31.714938208117648,35.176715681169355,35.66775362443754
1902,36.6825602375,36.851939540000004,36.1572389225,31.651345160529413,35.412234632401486,35.36613463824518
1903,35.944655624,36.899071172,,31.548937827764707,35.39462750377095,35.27481716303371
1904,36.371786039,36.8975983085,36.1151768094382,31.953195539000003,35.399008482949526,35.183042846745565
1905,36.545583932,36.882869673500004,,31.312759833588238,35.35523436996655,35.149092946569645
1906,34.571946842,36.8651953115,,31.278277499882353,35.53334661369355,35.07937836461894
1907,36.5146537985,36.801862181000004,,31.009176674529414,35.56205600264635,35.21122860631741
1908,36.701707463000005,36.781242092,36.00085103138461,31.520346948058826,35.26011919315467,35.36146473637615
1909,36.737056187,36.825427997,36.00557667369566,31.21624395482353,35.33729618682443,35.35394568849793
1910,36.731164733,36.8298465875,35.99150218564516,31.086285410705884,35.35562705169972,35.28663447559211
1911,36.728219006,36.7856606825,36.015551006225294,31.115222846529413,35.407722931182946,35.36651806977519
1912,36.810699362,36.6707773295,36.01678324380435,31.112970231764706,35.35861797574553,35.34739289911575
1913,36.7944978635,36.7002345995,36.01904332340659,31.18574701647059,35.26374302773832,35.34841060456376
1914,36.807753635,36.7591491395,36.00759799479592,31.101707157941178,35.29824749353271,35.30010548638298
1915,36.816590816,36.7002345995,36.01736856942105,31.17448394264706,35.30395182397286,35.35764843510425
1916,36.807753635,36.719381825,36.03068776566507,31.141214555352942,35.32440363944134,35.34095755562451
1917,36.8121722255,36.8033350445,36.0196693803125,31.098068318705884,35.38444501031193,35.37143307264865
1918,36.843102359,36.8180636795,36.00458750270619,31.402517868058826,35.478492029207736,35.29593319118072
1919,36.863722448000004,36.8563581305,36.03321446428571,31.092176864705884,35.4148134488088,35.412479299439255
1920,36.848993813,36.843102359,36.02930256845828,31.08264657147059,35.38515979665282,35.439261801473215
1921,36.8445752225,36.878451083,36.043968705714285,31.499726859058825,35.44618283852071,35.3771313740135
1922,36.825427997,36.869613902,36.04141829272727,31.254884961941176,35.444086342524166,35.395960638520805
1923,36.8681410385,36.8799239465,36.0478763027551,31.09789504064706,35.42932370147682,35.36612778945055
1924,36.854885267,36.878451083,36.04215341176471,31.03759427617647,35.424627456932946,35.41815571560863
1925,36.857830994000004,36.872559629,36.04004213238637,31.104999441058826,35.444089809965874,35.38563207875
1926,36.848993813,36.872559629,36.032438288600005,31.10863828029412,35.410911847329196,35.37952888043044
1927,36.8740324925,36.8769782195,36.04287457854286,31.24812711764706,35.43479720338496,35.37423124462374
1928,36.866668175,36.872559629,36.046337756,31.204287768764708,35.42707803789592,35.42025002188764
1929,36.860776721,36.8710867655,36.04759896356,31.312586555529414,35.430172381743475,35.38870409712062
1930,36.840156632,36.8593038575,36.0368807262784,31.33805843017647,35.39384635195246,35.36124663973684
1931,36.819536543,36.831319451,36.027536759183675,31.701422519529412,35.5126068675028,35.31824780264501
1932,36.834265178,36.8681410385,36.07320635681818,31.177256391588237,35.40100700243655,35.43171057918712
1933,36.854885267,36.899071172,36.07507624294118,31.19163847047059,35.42534061561779,35.42938959193646
1934,36.857830994000004,36.9093812165,36.08200848683495,31.103613216588236,35.39131843105769,35.46866397582569
1935,36.8740324925,36.931474169,36.11225882639706,31.12735231064706,35.40941076059575,35.461987907578475
1936,36.875505356000005,36.934419896,36.10392629923077,31.110544338941178,35.35516869043478,35.498286910916846
1937,36.8769782195,36.9358927595,36.10497175057143,31.130124759588238,35.40622850752412,35.468739835526314
1938,36.854885267,36.931474169,36.0863162998797,31.11158400729412,35.407904552902885,35.438550440394735
1939,36.8769782195,36.925582715000004,36.104149785755894,31.194410919411766,35.41462568267327,35.448534569261746
1940,36.866668175,36.9093812165,36.07975074740594,31.09442947947059,35.40693777935935,35.508043428045056
1941,36.878451083,36.937365623000005,36.094143977846535,31.146759453235294,35.354042387337884,35.616043412
1942,36.869613902,36.928528442,36.09487486558824,31.06462565335294,35.328803644280825,35.55581966
1943,36.882869673500004,36.943257077,36.12006773891641,31.11556940264706,35.35593220142149,35.54006662225657
1944,36.8858154005,36.9358927595,36.12666151359223,31.120247910235296,35.369050803359116,35.54568245693305
1945,36.893179718,36.931474169,36.130795411147396,31.153344019470588,35.36090164164309,35.58437152427448
1946,36.888761127500004,36.9300013055,36.119627687902096,31.127179032588238,35.35713911117585,35.55314919619247
1947,36.893179718,36.931474169,36.12598998737663,31.099627821235295,35.34922390042895,35.564728688
1948,36.88139681,36.9241098515,36.11672043919383,31.138442106411766,35.3102845578361,35.577293183925235
1949,36.884342537,36.9241098515,36.129211355164834,31.146586175176473,35.31732186909958,35.60260122586091
1950,36.882869673500004,36.922636988,36.12152050891938,31.154730243941177,35.31740819170473,35.569137049271255
1951,36.8858154005,36.919691261000004,36.12790279711688,31.13618949164706,35.33476261435065,35.57952965842284
1952,36.887288264,36.9241098515,36.12593676136646,31.125446252,35.31758756378641,35.58357477639701
1953,36.902016899,36.934419896,36.12902497883117,31.119728076058824,35.31254270870157,35.60796889397129
1954,36.882869673500004,36.928528442,36.12693388779473,31.090790640235294,35.33601113047569,35.552873933
1955,36.902016899,36.928528442,36.131086153942306,31.098761430941178,35.3380490294494,35.58550305000698
1956,36.893179718,36.9270555785,36.123103851756994,31.101187323764705,35.32064714278207,35.55892254616963
1957,36.893179718,36.925582715000004,36.124000665246754,31.085938854588235,35.32102698117524,35.55670137420408
1958,36.890233991,36.9211641245,36.123363062,31.051456520882354,35.32436310956793,35.551383931457906
1959,36.907908353,36.913799807000004,36.09604813890909,31.041579671529412,35.3146986251332,35.53284137971312
1960,36.896125445,36.904962626,36.10918823726644,31.073636112411766,35.31451660464758,35.51684609132159
1961,36.887288264,36.9270555785,36.103622865480524,31.16859248864706,35.32341238039563,35.50561605555714
1962,36.8327923145,36.922636988,36.104966225150505,31.079354288352942,35.359510097130844,35.4868415713278
1963,36.8946525815,36.9270555785,36.09878413922241,31.141734389529415,35.313009457727276,35.5026287385683
1964,36.902016899,36.9211641245,36.09436486633766,31.181068508882355,35.30147067828604,35.516881161161294
1965,36.8975983085,36.9241098515,36.1013096890223,31.23495798517647,35.38061693225376,35.56093714696339
1966,36.9093812165,36.9241098515,36.08061849131193,31.25835052311765,35.33860262454695,35.534189778174444
1967,36.878451083,36.9388384865,36.10621946162162,31.269440318882353,35.38827470708094,35.56379305639098
1968,36.860776721,36.9417842135,36.105421331994556,31.431108747764707,35.3403624937564,35.63031630151463
1969,36.8799239465,36.9300013055,36.09989710115254,31.296471696058823,35.313174481499054,35.72098232864489
1970,36.866668175,36.922636988,36.123705735135935,31.303922652588238,35.354254902082324,35.73398181656762
1971,36.9417842135,36.9358927595,36.14168316,31.43959937264706,35.38409894927176,35.763758442035396
1972,36.952094258,36.9358927595,36.13674750886389,31.346202498941178,35.402114700215414,35.69566730545455
1973,36.957985712,36.96976862,36.12842230372093,31.459353071352943,35.366684159591344,35.643708563934425
1974,36.9594585755,36.94031135,36.12714082454876,31.184534070058824,35.37847438007353,35.655028978336595
1975,36.94031135,36.9476756675,36.126608383809526,31.136882603882356,35.36185448609828,35.641408673568286
1976,36.928528442,36.952094258,36.1348037180649,31.202901544294118,35.36735445217774,35.66861453858399
1977,36.9211641245,36.91085408,36.11176559605299,31.328181580823532,35.34413140637568,35.67578213559889
1978,36.872559629,36.91085408,36.110454658757035,32.30529655452941,35.219536939695075,35.859330366068455
1979,36.934419896,36.9182183975,36.11928436307692,31.460912573882354,35.317546246004845,35.76591642110371
1980,36.928528442,36.919691261000004,36.12658281011628,31.483438721529414,35.346398552101654,35.71588723120764
1981,36.957985712,36.925582715000004,36.12929014081633,31.13272393047059,35.4512057462406,35.59509602
1982,36.972714347,36.922636988,36.14096875903497,31.27810422182353,35.338655171921225,35.71580475887703
1983,36.972714347,36.955039985,36.173370932055384,31.427989742705883,35.32645013067416,35.826712001783605
1984,36.9329470325,36.963877166,36.17013214298461,31.641641589235295,35.24329832174302,35.88539537520782
1985,36.9358927595,36.944729940500004,36.15920740356852,31.485344780176472,35.23634626117647,35.84189854595092
1986,36.9712414835,36.9476756675,36.15294476123967,31.127005754529414,35.30926007445609,35.72798430286783
1987,36.9329470325,36.931474169,36.13153601044118,31.210005944705884,35.28329393622475,35.627440757349504
1988,36.934419896,36.9476756675,36.130629637986274,31.459526349411767,35.29808449909025,35.69318860620776
1989,36.922636988,36.972714347,36.14464431196967,31.347935279529413,35.36685766751346,35.74563850694194
1990,36.928528442,36.9712414835,36.136127879,31.38519006217647,35.35158817496444,35.71151368185874
1991,36.9358927595,36.96976862,36.14594520297662,31.288500905352944,35.37745140101597,35.70444665402088
1992,36.9329470325,36.96976862,36.129788264749486,31.38605645247059,35.3731548740562,35.716528958218724
1993,36.94031135,36.96976862,36.12939461315394,31.319690955941176,35.36855926877144,35.681815598989566
1994,36.9300013055,36.963877166,36.12582474935211,31.287114680882354,35.37199151009411,35.67147115139724
1995,36.9476756675,36.943257077,36.13870547318746,31.43318808447059,35.3492155152187,35.72224970345324
1996,36.952094258,36.9594585755,36.126097244470735,31.342563659705885,35.35448481270253,35.6752236392244
1997,36.9270555785,36.96976862,36.12403616423833,31.159408751529412,35.4302679015511,35.62995110668852
1998,36.9270555785,36.9476756675,36.129854279786095,31.25245906911765,35.408986235822454,35.670963408756904
1999,36.912326943500005,36.950621394500004,36.128841199071815,31.41204816129412,35.35211953355387,35.71547669647332
2000,36.9182183975,36.931474169,36.125856210997306,31.347588723411764,35.386212762698676,35.72445020949807
2001,36.9211641245,36.922636988,36.134409913788886,31.213818062,35.39847393081202,35.70666186779024
2002,36.925582715000004,36.928528442,36.157772568695655,31.24136927335294,35.47624739871704,35.69393823652261
2003,36.9241098515,36.9741872105,36.160524541076924,31.247953839588238,35.451272087585224,35.72419862176109
2004,36.9182183975,36.922636988,36.137610942385734,31.12648592035294,35.40161531477273,35.59746542425834
2005,36.9211641245,36.9241098515,36.12686626701008,31.100147655411767,35.490259842312305,35.56400024168088
2006,36.8946525815,36.916745534,36.1099545491,31.157502692882353,35.37025543907693,35.65270012615026
2007,36.913799807000004,36.9182183975,36.09601797250053,31.17049854729412,35.3492551,35.602588163060574
2008,36.882869673500004,36.9358927595,36.094025213364866,31.218323291529412,35.35417047644315,35.5381561345187
2009,36.888761127500004,36.9329470325,36.09633942291866,31.228200140882354,35.32703540340121,35.600969480903146
2010,36.8858154005,36.916745534,36.09542409774955,31.357465572764706,35.335752900230126,35.65498201661866
2011,36.888761127500004,36.9152726705,36.081015731505104,31.355212958000003,35.34396081875,35.65389146855064
2012,36.872559629,36.913799807000004,36.07922883642105,31.348108557588237,35.37269824254078,35.64688520265487
2013,36.831319451,36.916745534,36.079353728355265,31.066531712,35.29979598,35.606444034048444
2014,36.882869673500004,36.904962626,36.072738613956446,31.12735231064706,35.30341554091311,35.62872209663158
2015,36.8740324925,36.912326943500005,36.06612380302249,31.15091812664706,35.27455868142082,35.65439562235294
2016,36.884342537,36.913799807000004,36.06978107263158,31.273772270352943,35.24860131149448,35.68774614778572
2017,36.900544035500005,36.922636988,36.081954447368425,31.266321313823532,35.23957992205635,35.68322322633452
2018,36.8740324925,36.913799807000004,36.083420406607146,31.182628011411765,35.196233728924625,35.700031586189326
2019,36.912326943500005,36.916745534,36.067493091609514,31.279837002411767,35.14656932641902,35.757516538594025
2020,36.899071172,36.916745534,36.06353944001023,31.258697079235297,35.15145690105263,35.70722767256425
2021,36.9211641245,36.9241098515,36.08046379637931,31.37773910564706,35.30777462709065,35.67447754947245
2022,36.888761127500004,36.9211641245,36.07324885651623,31.373407154176473,35.27864775999043,35.65646672805003
2023,36.8416294955,36.919691261000004,36.07617332887574,31.10725205582353,35.44135224137331,35.50185795904762
2024,36.878451083,36.9152726705,36.09596634980296,31.576315761058826,35.287360920214724,35.667905174220664
2025,36.8858154005,36.9211641245,36.107131417171054,31.75323265911765,35.2905416459709,35.766039823106915
2026,36.902016899,36.919691261000004,36.09747790922414,31.726547838058824,35.230807781,35.734943665454544
2027,36.896125445,36.9300013055,36.09794372791209,31.65948922929412,35.264679729511954,35.696488922369504
2028,36.8858154005,36.9300013055,36.098562934059565,31.47581448694118,35.26139641342466,35.63129433096588
2029,36.890233991,36.9358927595,36.09310846373652,31.41014210264706,35.30445287754403,35.621618980546515
2030,36.888761127500004,36.934419896,36.096953322274246,31.45103572452941,35.28591958536204,35.63163425661715
2031,36.8858154005,36.931474169,36.08170746096154,31.426083684058824,35.18476656163266,35.62950528063401
2032,36.8740324925,36.9300013055,36.08250557673846,31.36595619764706,35.1988703700304,35.61883231769616
2033,36.8710867655,36.928528442,36.08101615605932,31.326275522176473,35.199097661321815,35.65615330854893
2034,36.8769782195,36.922636988,36.08399438576923,31.333726478705884,35.23570546003021,35.60806399058621
2035,36.8917068545,36.9152726705,36.07929142254438,31.50683125947059,35.200058525473686,35.68879048496852
2036,36.8740324925,36.9152726705,36.0712450733442,31.797591842176473,35.20256357072094,35.72761133823835
2037,36.890233991,36.916745534,36.089408933391304,31.906930297294117,35.21488365102041,35.76098487653026
2038,36.888761127500004,36.9152726705,36.08748011931035,31.729493565058824,35.22344099639196,35.75552166227273
2039,36.884342537,36.9152726705,36.091413111525426,31.767614738000002,35.21272059281925,35.76542265723944
2040,36.882869673500004,36.916745534,36.078247024745764,31.669539356705883,35.183574742780856,35.74992551198676
2041,36.9977530265,37.074341928500004,36.31066220375,31.802963462,35.455416434166665,35.80065546190955
2042,37.006590207500004,37.0478303855,36.314508014,31.710259700529413,35.37180342759069,35.859766446906406
2043,36.984497255,37.0154273885,36.277599150051856,31.72880045282353,35.29471565250731,35.866977545630256
2044,36.963877166,36.981551528000004,36.234765335255574,31.99079687776471,35.31017056111044,35.78395279210527
2045,36.9771329375,36.990388709,36.21817969542333,32.09944222064706,35.34291276455304,35.83683942370836
2046,36.981551528000004,36.9977530265,36.239674898432206,31.96965695458824,35.358428867517574,35.884116326118196
2047,36.925582715000004,36.9535671215,36.20257706765306,31.895493945411765,35.372696571347305,35.882796967566975
2048,36.9859701185,36.9388384865,36.21504893897877,32.09944222064706,35.29790420035069,35.933167903674324
2049,36.9653500295,36.975660074000004,36.257914641175034,32.57820949717647,35.40259528324111,36.030892945586906
2050,36.956512848500005,36.9889158455,36.2555724992921,32.355893747705885,35.34247422323386,36.01835613675183
2051,36.96976862,36.984497255,36.24386921108959,32.127686544235296,35.341034277685075,35.93379133436464
2052,36.950621394500004,36.963877166,36.23519256111607,32.561401525470586,35.29378472882353,35.90389074153846
2053,36.9417842135,36.9918615725,36.24416964953683,32.14414795982353,35.30322508193019,35.94346885628777
2054,36.949148531,36.96976862,36.254061232522126,32.22697487194118,35.318329766205586,35.91222955342037
2055,36.957985712,36.9535671215,36.24359892646616,31.88093858847059,35.34282361214159,35.86984562305085
2056,36.934419896,36.952094258,36.231077610353985,32.180189796058826,35.36035097282803,35.86224417389474
2057,36.9594585755,36.955039985,36.241847824654606,32.36473092870588,35.328070786640474,35.97081563480536
2058,36.950621394500004,36.946202804,36.235709686661366,32.806763256764704,35.30774323911765,36.029785157302015
2059,36.934419896,36.975660074000004,36.23309776878247,32.66207607764706,35.343451407685954,36.03784771454546
2060,36.9329470325,36.9594585755,36.242239189926295,32.561401525470586,35.39206359035144,36.05015375376745
2061,36.94031135,36.934419896,36.23888401824676,32.57266459929412,35.336505031571996,36.04902624486239
2062,36.9270555785,36.922636988,36.222305748874064,32.63487142241176,35.388822785733424,36.05910710892779
2063,36.9476756675,36.9270555785,36.23196924028357,32.68182977635294,35.37891451967101,36.1153954434325
2064,36.937365623000005,36.916745534,36.237572874115706,32.666061473,35.38006057442514,36.0936483782241
2065,36.957985712,36.9653500295,36.25422475236364,32.66207607764706,35.394593543289226,36.10495890277027
2066,36.952094258,36.984497255,36.24862158611735,32.55810924235294,35.36212385623226,36.06720883533245
2067,36.966822893,36.956512848500005,36.24139781212838,32.57561032629412,35.35638072907652,35.98328229984963
2068,36.960931439,36.9093812165,36.2280968052629,32.60732021105883,35.340071113033865,36.02513821301862
2069,36.9476756675,36.9476756675,36.244101835642205,32.52137429388235,35.397353158019804,36.085303189682875
2070,36.955039985,36.966822893,36.24111898296567,32.67524521011765,35.375654235909096,36.046397999352706
2071,36.962404302500005,36.981551528000004,36.24192229785245,32.654105286941174,35.390975035763546,36.04520157136719
2072,36.9594585755,36.9741872105,36.239387471330275,32.36299814811765,35.37435988241423,35.98286892549587
2073,36.962404302500005,36.9300013055,36.23374224527523,32.43005675688235,35.3500774817197,35.993541803345096
2074,36.963877166,36.956512848500005,36.23482324600918,32.49001096523529,35.34537707949569,36.02667831055085
2075,36.9653500295,36.950621394500004,36.22426709052464,32.47736166694118,35.336201845496184,35.99166874974138
2076,36.9388384865,36.944729940500004,36.21971626075229,32.01401613764706,35.328685015625,35.87847721161378
2077,36.9594585755,36.9712414835,36.20523085091743,31.994608995058826,35.38937532158516,35.83718318528198
2078,36.960931439,36.946202804,36.194490301818185,31.93014955717647,35.37218627279236,35.901179333907564
2079,36.956512848500005,36.962404302500005,36.197729180989015,31.899306062705882,35.34706445900187,35.828478511072966
2080,36.9388384865,36.987442982000005,36.18712340600152,31.983345921235294,35.303154454796115,35.868225049618104
2081,36.912326943500005,36.9476756675,36.23194101897059,32.29663265158824,35.377349606593405,35.93911392650396
2082,36.943257077,36.96976862,36.2138009721875,32.06981167258824,35.353956139488346,35.819138679436065
2083,36.949148531,36.984497255,36.20243115790738,31.92460465929412,35.334465092835636,35.87153803514523
2084,36.9300013055,36.9889158455,36.19512888264676,32.25747181029412,35.36508527415745,35.86714670984241
2085,36.925582715000004,36.9741872105,36.20859461828916,32.18313552305882,35.413072265514664,35.944851117194574
2086,36.931474169,36.981551528000004,36.21427432059473,32.30096460305882,35.37928975659008,35.89922052818052
2087,36.9417842135,36.975660074000004,36.19898233909925,32.25192691241177,35.40463407181313,35.87721777596294
2088,36.9388384865,36.9594585755,36.19202726409091,32.41827384888235,35.35498668646794,35.90955254783878
2089,36.946202804,36.9859701185,36.172169922258064,31.97277595964706,35.336360292688305,35.7302650383796
2090,36.946202804,36.962404302500005,36.185896869884296,32.24378284364706,35.31481561880671,35.83307697548387
2091,36.946202804,36.9358927595,36.20863867063377,32.34930918147059,35.31888550439356,35.932001444633805
2092,36.9712414835,36.9653500295,36.21417118756391,32.64076287641176,35.33912166638718,36.04264589819253
2093,36.975660074000004,37.000698753500004,36.22443157484442,32.85805356217647,35.33029307022032,36.11090948404908
2094,36.9682957565,36.9977530265,36.22105980701434,32.70608870458824,35.33368172142687,36.10645468146604
2095,36.972714347,36.9948072995,36.22847941566313,32.78441038717647,35.334577898643246,36.10147417138979
2096,36.9594585755,36.978605801,36.225711004210524,32.39488131094118,35.334110332195124,36.017149811243456
2097,36.9653500295,36.960931439,36.23499856215385,32.209820344117645,35.31496842504559,35.9126618581602
2098,36.950621394500004,36.978605801,36.24153667147368,31.703155300117647,35.34509792222899,35.92903046339131
2099,36.925582715000004,36.9594585755,36.23958163458471,32.15610414588235,35.34124475362265,35.94025772736714
2100,36.9800786645,37.0419389315,36.25714768473684,31.894627555117648,35.3810953597715,35.8762487114848
2101,36.963877166,37.002171617,36.241534056741074,31.916980424705883,35.36265487237164,35.90857138764045
2102,36.957985712,36.9830243915,36.23651114478449,32.170312946705884,35.314424786303654,35.93958045579518
2103,36.963877166,36.9977530265,36.23438712920204,31.993222770588236,35.35432172523515,35.92277627868271
2104,36.944729940500004,37.0036444805,36.23349664394519,32.29541970517647,35.37860645752299,35.969119755730624
2105,36.96976862,36.9300013055,36.22510380361162,32.48013411588236,35.34538920010165,36.01842976118973
2106,36.975660074000004,36.955039985,36.22458576543831,32.71977767123529,35.32853977976729,36.0364641155
2107,36.972714347,36.9889158455,36.22663576276939,32.27739878705882,35.35603254325945,35.998332461422976
2108,36.962404302500005,36.996280163,36.2321703916391,32.566946423352945,35.35231039275399,36.05636489906977
2109,36.978605801,36.993334436,36.229437695130436,32.14276173535294,35.37309429551724,36.01706902947573
2110,36.962404302500005,36.9859701185,36.22189793509068,32.333194322000004,35.363877142068965,36.019553671119695
2111,36.9800786645,36.990388709,36.22055013023737,32.256778698058824,35.37623063187616,36.001072404700466
2112,36.96976862,36.993334436,36.21458634305685,32.102561225705884,35.36381415853933,35.953861506007904
2113,36.9859701185,37.000698753500004,36.22024475,32.21675146647059,35.37531712114972,35.968861406249204
2114,36.987442982000005,37.000698753500004,36.2096074025,32.13496422270588,35.34626334780365,35.935751276586316
2115,36.984497255,36.993334436,36.20582897816177,31.80434968647059,35.354667503131445,35.825108203250004
2116,36.978605801,36.999225890000005,36.21096272065016,32.49538258505883,35.3560631315409,35.9626354092633
2117,36.981551528000004,36.996280163,36.20708209056035,32.371488773,35.35084694354073,35.98319971288136
2118,36.984497255,36.9859701185,36.209297028965516,32.41238239488236,35.32220714375,35.998382867848605
2119,36.9859701185,36.9889158455,36.21831903796258,32.26093737147059,35.325114492300884,36.01816302400802
2120,36.9800786645,36.981551528000004,36.212217361767244,32.489837687176475,35.331890918793775,36.02280285931174
2121,36.9741872105,36.987442982000005,36.206328943989384,32.62239540217647,35.30963456432532,36.02138543343245
2122,36.984497255,36.978605801,36.20615130472034,32.71146032441177,35.32944654802225,36.081595443963494
2123,36.963877166,36.9859701185,36.184216242846155,32.53592965082353,35.3446314855542,36.11999651685714
2124,36.784187819,36.9270555785,36.19378557548,32.1512523602353,35.42814727522811,36.17800809715969
2125,,,,,,
2126,35.816516499500004,34.508613711500004,32.996179680398775,36.14739095282353,35.98222214305416,35.04724709632378
2127,35.5484553425,34.401094676,33.01981239700256,36.177887891176475,36.052754602094005,35.15478637013308
2128,35.1095420195,34.3495444535,32.83155570087912,36.334531256352946,36.1013822235944,35.36497640087704
2129,35.461556396,34.2346611005,32.82989287077482,36.20665204894118,36.12604061396045,35.28236507058425
2130,,,,,,
2131,36.913799807000004,36.9093812165,36.26945631636364,32.44929062141176,35.43238146405112,36.19139260607763
2132,36.912326943500005,36.96976862,36.24180929797022,31.497300966235294,35.530941427074666,35.85249136836957
2133,36.8740324925,36.912326943500005,36.17393325655173,31.90415784835294,35.371406465816065,35.85646433208914
2134,36.8740324925,36.9211641245,36.13331349689321,31.36491652929412,35.3606908329501,35.73078440819555
2135,36.878451083,36.91085408,36.13877415459737,31.391601350352943,35.34460326359712,35.71884901380165
2136,36.896125445,36.9152726705,36.18832460594059,31.817345540882354,35.33844747480932,35.85639917670493
2137,36.8858154005,36.956512848500005,36.16968812589286,31.60248074794118,35.337138895247726,35.85730186313163
2138,36.887288264,36.91085408,36.14259795794643,31.43803987011765,35.268798505911015,35.892759116978056
2139,36.9152726705,36.9064354895,36.12575781184953,31.46073929582353,35.29883482369113,35.89169286005461
2140,36.9211641245,36.912326943500005,36.12814107401869,31.690852557941177,35.4257567785031,35.819845662320525
2141,36.922636988,36.899071172,36.118906705769234,31.775238972588237,35.438155699226456,35.819971534439254
2142,36.91085408,36.907908353,36.13168901973624,31.831554341705882,35.46876277174962,35.80857219430052
2143,36.91085408,36.919691261000004,36.1908146985447,32.041220792882356,35.32973288339051,35.753598485
2144,36.893179718,36.9211641245,,31.934654786705885,35.31084078713823,35.84601879152839
2145,36.916745534,36.928528442,,31.98161314064706,35.33409864293225,35.93942861969925
2146,36.8917068545,36.919691261000004,36.21661787891892,32.068945282294116,35.34865151635821,35.96039542413408
2147,36.937365623000005,36.943257077,36.205954416408694,31.768307850235296,35.38216402236749,35.870726032530584
2148,36.94031135,36.9476756675,36.16856672663286,32.22368258882353,35.33200549450461,35.984367006974686
2149,36.9329470325,36.9535671215,36.16052616540943,32.428670532411765,35.35332029720631,35.926161715905515
2150,36.928528442,36.950621394500004,36.18301700562954,32.409783224,35.342988786153846,35.9550638594
2151,36.934419896,36.972714347,36.18375203040858,32.334753824529415,35.343707501692826,35.978864832384154
2152,36.9388384865,36.950621394500004,36.16643391779661,32.49434291670588,35.35019448211727,36.005769640160004
2153,36.9152726705,36.950621394500004,36.19698688903941,32.543900441529416,35.36091441488722,36.07634694870588
2154,36.931474169,36.916745534,36.230673392145754,32.24447595588235,35.32978981910857,35.98484375664286
2155,36.922636988,36.934419896,36.22807593950502,31.953715373176472,35.36253319485114,35.902495970520235
2156,36.925582715000004,36.955039985,36.20845022177515,32.03948801229412,35.334103908932384,35.880896736177064
2157,36.952094258,36.96976862,36.18740429995192,32.177070791,35.3594972975908,35.93635669876412
2158,36.937365623000005,36.9771329375,36.187490330397935,32.41723418052941,35.34239009946524,35.946592997958895
2159,36.9594585755,36.950621394500004,36.18095698571429,32.308935393764706,35.35485712979215,35.90092349939948
2160,36.972714347,36.9594585755,36.18799343,31.972949237705883,35.37154358739726,35.87692182831643
2161,36.978605801,36.9682957565,36.18759876693208,32.34289789329412,35.34514711117543,35.94504339359761
2162,36.949148531,36.949148531,36.17220086232438,32.31101473047059,35.3260325918318,35.89659558908689
2163,36.963877166,36.944729940500004,36.19151589340614,32.664328692411765,35.31667785763479,35.99157379752174
2164,36.975660074000004,36.934419896,36.173464370000005,32.32660975576471,35.323242874462764,35.96151985805616
2165,36.963877166,36.946202804,36.163828419411765,32.74906166317647,35.30452475773341,36.02692676643466
2166,36.9594585755,36.981551528000004,36.1848305654,32.53766243141177,35.31959501403846,35.997393902140885
2167,36.9417842135,36.975660074000004,36.192991734571564,32.508551717529414,35.32453506847162,36.00475091469729
2168,36.963877166,37.0036444805,36.19006329873372,32.57422410182353,35.31796807819726,36.01987988550035
2169,36.960931439,36.9771329375,36.179327216987666,32.383618237117645,35.3324099940304,36.00462004019146
2170,36.943257077,36.949148531,36.179333274129384,32.55568334952941,35.336999226524064,36.062476299643365
2171,36.9712414835,36.952094258,36.18922620706897,32.629499802588235,35.33557870288484,36.08998957354651
2172,36.9741872105,36.949148531,36.20546607849649,32.647174164588236,35.33995624863326,36.08421344587382
2173,36.972714347,36.934419896,36.19699859143493,32.56486708664706,35.3272524117006,36.036373589569315
2174,36.966822893,36.950621394500004,36.18315209106318,32.415674678,35.337087795576366,35.998604791397995
2175,36.944729940500004,36.96976862,36.19513447296875,32.642495657,35.34456691934783,36.05336590080949
2176,36.9329470325,36.957985712,36.19039074909091,32.42191268811765,35.34179418265625,36.004425688673265
2177,36.949148531,36.9594585755,36.192219095090216,32.53021147488236,35.32393538512456,36.005308363208705
2178,36.946202804,36.9476756675,36.18229019057692,32.56971887229412,35.30124979205251,36.00059929290873
2179,36.925582715000004,36.975660074000004,36.19403903577365,32.37374138776471,35.32520617009175,36.01713087205684
2180,36.949148531,36.9594585755,36.19875261594406,32.26977455247059,35.33857674617896,36.03016034036961
2181,36.946202804,36.934419896,36.19810459033654,32.42295235647059,35.338381760866426,36.032107671139244
2182,36.9417842135,36.9358927595,36.18210236599701,32.37755350505883,35.32870850490747,36.011371261710345
2183,36.9476756675,36.962404302500005,36.17722708501994,32.35797308441177,35.316474778475836,36.002409364696355
2184,36.949148531,36.957985712,36.176497444888774,32.39349508647059,35.309777410878254,36.00356213202454
2185,36.9653500295,36.9712414835,36.1842266099095,32.50040764876471,35.31707194907776,36.048236157303826
2186,36.949148531,36.960931439,36.17427548418744,32.1807096302353,35.329945269532374,35.97093620903714
2187,36.9682957565,36.9741872105,36.179899678808574,32.21623163229412,35.34436861063397,35.970139018518005
2188,36.960931439,36.9712414835,36.17112179554622,32.16216887794118,35.34007433986014,35.96090735658936
2189,36.94031135,36.955039985,36.16007647308475,31.911088970705883,35.33217182238842,35.805638288071215
2190,36.9417842135,36.9682957565,36.15678509901261,32.40926338982353,35.3199921079931,35.96834723617082
2191,36.9417842135,36.9594585755,36.17035801802198,32.30131115917647,35.316072137811766,36.00683945873038
2192,36.957985712,36.919691261000004,36.16134407877119,32.31742601864706,35.31399081383265,35.97597441579164
2193,36.934419896,36.9211641245,36.155869417842105,32.20410216817647,35.32971064938145,35.97873162971429
2194,36.934419896,36.9211641245,36.156698040423734,32.3744345,35.31034804991384,35.95933091585513
2195,36.937365623000005,36.9270555785,36.16480840835794,32.225068813294115,35.3076257359132,35.98001242401645
2196,36.944729940500004,36.9300013055,36.1640900954661,32.35052212788236,35.30826859985998,35.99287018444444
2197,36.943257077,36.94031135,36.16306024014286,32.30269738364706,35.31473239554102,35.99201620910479
2198,36.9417842135,36.943257077,36.14827502455222,32.38344495905883,35.28519309699941,35.95828504534083
2199,36.962404302500005,36.9241098515,36.156224597536614,32.366463709294116,35.29170520519418,35.99217111844193
2200,36.956512848500005,36.9594585755,36.166048048957144,32.31482684776471,35.31035972761905,35.988486080665744
2201,36.957985712,36.962404302500005,36.16677627831962,32.373914665823534,35.308756469516034,36.024919890134846
2202,36.9388384865,36.955039985,36.15606900091237,32.4664451492353,35.29214838440638,35.99833240808599
2203,36.944729940500004,36.946202804,36.16829241238572,32.32210452623529,35.30098166172352,36.01542002034091
2204,36.9211641245,36.9388384865,36.16281470714058,32.37772678311765,35.30374715995376,36.01444031152113
2205,36.9241098515,36.955039985,36.16664194936441,32.3545075232353,35.32488165602374,36.03515443458453
2206,36.931474169,36.9594585755,36.153253660233126,32.230613711176474,35.295990540554904,35.91797587696925
2207,36.943257077,36.9476756675,36.16453698433199,32.469390876235295,35.33012901810465,36.05305171117398
2208,36.934419896,36.944729940500004,36.16050797159222,32.23148010147059,35.322356633100966,35.998931787656986
2209,36.919691261000004,36.9476756675,36.172695105739805,32.46176664164706,35.32239655071725,36.04087618168771
2210,36.919691261000004,36.9417842135,36.158945234419235,32.39609425735294,35.298706470111966,36.0159491581289
2211,36.9211641245,36.9417842135,36.159719972671724,32.283810075235294,35.3149784026393,36.013861158529615
2212,36.9270555785,36.944729940500004,36.166408954008475,32.14830663323529,35.31443561379391,36.00892163521204
2213,36.9329470325,36.987442982000005,36.16371417877342,32.12387442694118,35.293529371684215,36.010698497845304
2214,36.943257077,36.9859701185,36.1772931656356,32.0893920932353,35.299282159184884,35.9752911848
2215,36.9358927595,36.9476756675,36.178376624162894,32.24170350694118,35.302080830827585,35.99215799045144
2216,36.937365623000005,36.931474169,36.18098880390853,32.14432123788235,35.28930643335677,36.000590301104296
2217,36.9388384865,36.946202804,36.18275729303644,32.11988903158824,35.32152915896429,35.99172880075124
2218,36.9300013055,36.9182183975,36.1599958882248,32.171525893117646,35.28917398220779,35.985960900939226
2219,36.9270555785,36.9358927595,36.13567084964798,32.286582524176474,35.28264168561717,35.99241632295688
2220,36.916745534,36.9300013055,36.13530618825175,31.86828929017647,35.29361058063654,35.800227068850745
2221,36.934419896,36.9594585755,36.1441468025,32.176204400705885,35.32246311759767,35.963535540216924
2222,36.934419896,36.934419896,36.13059358997839,32.141722067,35.286054888025625,35.93041961911263
2223,36.9093812165,36.94031135,36.13538173911017,32.27861173347059,35.28860994856643,35.972800502095765
2224,36.931474169,36.9358927595,36.143105164233475,32.1512523602353,35.29161527958763,35.96295901074669
2225,36.9329470325,36.9329470325,36.143507714530465,32.10446728435294,35.3028799016,35.95195368812457
2226,36.934419896,36.912326943500005,36.13826140691347,32.04711224688236,35.30481488031469,35.93430599759547
2227,36.9270555785,36.9152726705,36.140416103050846,32.18538813782353,35.28673680269368,35.95908646692623
2228,36.9241098515,36.9152726705,36.13591981152396,31.976761355,35.305743304613586,35.89464411582713
2229,36.925582715000004,36.916745534,36.13545456997143,31.989237375235295,35.294801868155226,35.8638549232235
2230,36.946202804,36.9388384865,36.13807637309004,32.090431761588235,35.30783859974148,35.92691745563899
2231,36.9211641245,36.9329470325,36.13351108662014,31.961166329705883,35.31444668571429,35.935378782253736
2232,36.919691261000004,36.9300013055,36.125187297528704,31.966711227588235,35.290001192529836,35.88192923556245
2233,36.937365623000005,36.931474169,36.12550015805883,32.05612270594118,35.29490237402504,35.91172069754173
2234,36.944729940500004,36.9388384865,36.1166371916334,31.921832210352942,35.287909521414264,35.851394772900235
2235,36.956512848500005,36.943257077,36.13026809948387,31.95302226094118,35.306613934787734,35.89088484582569
2236,36.925582715000004,36.944729940500004,36.14167296043962,32.06755905782353,35.314283558509175,35.954748907456604
2237,36.928528442,36.943257077,36.12761144485362,31.918539927235294,35.30665952627289,35.891462161095895
2238,36.9241098515,36.9476756675,36.13273192524887,32.03169049964706,35.30909985299588,35.935625648082194
2239,36.9388384865,36.913799807000004,36.13667405642527,32.00257978576471,35.323077717654684,35.929907010444616
2240,36.9329470325,36.913799807000004,36.12199837491526,31.90796996564706,35.34204789751574,35.907216805454546
2241,36.931474169,36.9182183975,36.11948621439655,31.737464355764708,35.348117432864676,35.820658495915495
2242,36.928528442,36.944729940500004,36.099194099945784,32.048151915235294,35.32694476381064,35.808989386034355
2243,36.9329470325,36.9682957565,36.11279219792188,31.867596177941177,35.321260527597516,35.88501318234749
2244,36.9300013055,36.9241098515,36.125034090653294,32.01852136717647,35.291644537515964,35.89596516370428
2245,36.9270555785,36.9241098515,36.11711280796422,32.055949427882354,35.283497506338925,35.90418980313605
2246,36.913799807000004,36.9182183975,36.11880193632258,31.861704723941177,35.288045012265584,35.852832072546015
2247,36.922636988,36.916745534,36.12182405472486,32.000327171,35.277722774051576,35.87828275393617
2248,36.9211641245,36.916745534,36.12573428972164,31.998767668470588,35.279300343307,35.896669506305344
2249,36.922636988,36.919691261000004,36.1167938033282,32.01782825494118,35.28647640711785,35.88756083813128
2250,36.922636988,36.9241098515,36.11436263558313,32.112264797,35.25722153109439,35.901659125750946
2251,36.9388384865,36.9270555785,36.10433848135982,32.11486396788236,35.27211304230548,35.89308341846269
2252,36.9388384865,36.9329470325,36.109702575771216,32.150732526058825,35.26307296621053,35.90153070791946
2253,36.934419896,36.9388384865,36.11183130483821,32.118329529058826,35.28406476378567,35.92630756541827
2254,36.925582715000004,36.928528442,36.1012381665883,32.03619572917647,35.278156679313895,35.86225677927748
2255,36.9152726705,36.919691261000004,36.105522274745766,32.14258845729412,35.28500442172743,35.887712368988595
2256,36.8946525815,36.9329470325,36.11121535132369,32.15731709229412,35.27747921435035,35.9196169445
2257,36.928528442,36.931474169,36.11103206255388,32.19821071417647,35.26903758872872,35.92121328158683
2258,36.9270555785,36.922636988,36.10666431471154,32.03151722158824,35.28764766036488,35.85601163058122
2259,36.937365623000005,36.916745534,36.09417218253102,31.98941065329412,35.24714386548263,35.88407610786957
2260,36.9270555785,36.94031135,36.10172370876631,31.918713205294118,35.263643158752714,35.84909154038462
2261,36.928528442,36.916745534,36.1006277935336,31.922871878705884,35.28680025445783,35.814079730973205
2262,36.9270555785,36.931474169,36.10446798951049,31.92113909811765,35.2833194446915,35.824014529504815
2263,36.9270555785,36.952094258,36.113764055051725,32.00413928829412,35.278116905671645,35.824542911763125
2264,36.922636988,36.946202804,36.11632747055652,31.890468881705882,35.29395068087007,35.84732306393776
2265,36.91085408,36.9712414835,36.1153117646098,31.779397646,35.28346286310881,35.881211698385094
2266,36.884342537,36.966822893,36.1130611142009,31.647013209058827,35.27320573229851,35.762679733664335
2267,36.9270555785,36.975660074000004,36.12795970377527,31.847322645058824,35.282485202731536,35.79262817364017
2268,36.9300013055,36.9741872105,36.12586357560249,31.87123501717647,35.290034356221575,35.82858144519149
2269,36.9270555785,36.956512848500005,36.11594795610345,31.914554531882356,35.30916194322438,35.854132965714285
2270,36.9300013055,36.9388384865,36.120891360034484,31.911088970705883,35.28679865937079,35.869291086444605
2271,36.94031135,36.9270555785,36.114541312158806,32.02805166041176,35.28781691684986,35.86544412853503
2272,36.9388384865,36.9152726705,36.102210412186444,31.97814757947059,35.29110729412771,35.842768125411766
2273,36.9300013055,36.9182183975,36.11371039725424,31.90935619011765,35.283220306415316,35.84645103885715
2274,36.934419896,36.9152726705,36.1109251517494,31.89913278464706,35.29550194026196,35.84013702492353
2275,36.943257077,36.922636988,36.11306490501816,31.88301792517647,35.273708998144095,35.87969856707692
2276,36.9300013055,36.913799807000004,36.099186647126054,31.918366649176473,35.27317134373928,35.82783115609827
2277,36.8975983085,36.91085408,36.10573905430769,32.02285331864706,35.26314635410634,35.875219370494015
2278,36.9211641245,36.893179718,36.10286556427971,31.769174240529413,35.25471959234723,35.77318353311259
2279,36.9241098515,36.9093812165,36.09801649577966,31.97624152082353,35.246459105904655,35.79296127964029
2280,36.9270555785,36.900544035500005,36.0963571889534,31.92720383017647,35.23321998519075,35.805596393195266
2281,36.907908353,36.912326943500005,36.109454036991735,31.782343373,35.2680858505436,35.821737090728476
2282,36.888761127500004,36.902016899,36.11115573912088,31.90259834582353,35.25360044986403,35.79797574720588
2283,36.9211641245,36.9241098515,36.1110891995,31.756524942235295,35.25470496083127,35.78964817590062
2284,36.913799807000004,36.9241098515,36.11384835462185,31.97710791111765,35.25930590743136,35.864853201636365
2285,36.9270555785,36.9388384865,36.1092851444393,32.09407060082353,35.23951530956996,35.89893720682243
2286,36.907908353,36.9358927595,36.1155743601017,31.905370794764707,35.27805999831579,35.88766767322275
2287,36.912326943500005,36.937365623000005,36.124671916096226,31.907796687588238,35.280583727556085,35.87861118621622
2288,36.9093812165,36.9329470325,36.113263958915695,31.90398457029412,35.27215064983549,35.894294803972286
2289,36.9152726705,36.9329470325,36.11418712507928,32.014189415705886,35.26128083840138,35.89748817768997
2290,36.904962626,36.919691261000004,36.106565839553355,31.88786971082353,35.2484057473341,35.85394362284389
2291,36.913799807000004,36.9329470325,36.10883413730509,31.966711227588235,35.24613978531542,35.86018977430464
2292,36.9182183975,36.9211641245,36.12039128966843,31.98889081911765,35.24770718343049,35.84261036479104
2293,36.8917068545,36.907908353,36.100116697653675,31.87296779776471,35.23041996820168,35.834808793210875
2294,36.890233991,36.931474169,36.11098300557994,32.00517895664706,35.240763763648886,35.854817095966624
2295,36.88139681,36.91085408,36.128272607,31.662781512411765,35.3133982721327,35.76588543994562
2296,36.900544035500005,36.928528442,,31.577701985529412,35.320225712032695,35.73719198955204
2297,36.8917068545,36.9270555785,,31.565052687235294,35.31804915794958,35.77251458075347
2298,36.899071172,36.931474169,,31.649092545764706,35.28033007555681,35.77670990864
2299,36.9093812165,36.9329470325,,31.64441403817647,35.300619428548124,35.80818555022631
2300,36.8946525815,36.943257077,,31.876779915058826,35.2948180046663,35.8365613149446
2301,36.8681410385,36.9476756675,36.14287276792523,31.68114898664706,35.280201497574396,35.809883043161875
2302,36.88139681,36.8946525815,36.13019096625,31.672485083705883,35.292692553953486,35.803108053125
2303,36.869613902,36.8622495845,36.10947692916667,32.070504784823534,35.245793364149534,35.821113079546826
2304,36.872559629,36.875505356000005,36.10473181716642,32.343071171352946,35.24467051817296,35.8698781986883
2305,36.8975983085,36.896125445,36.08883334965438,32.05456320341177,35.2355180331813,35.86304749912756
2306,36.899071172,36.91085408,36.10996946106045,32.04087423676471,35.26105358623632,35.94693266512244
2307,36.9034897625,36.91085408,36.09690938071777,31.85442704547059,35.24271885183967,35.84271976874419
2308,36.887288264,36.9093812165,36.092093036923075,31.554309447588235,35.294153040343716,35.74348754896104
2309,36.887288264,36.899071172,36.09650309967742,31.943491967705885,35.27817402842478,35.8212012701506
2310,36.857830994000004,36.869613902,36.084483466587436,31.57111741929412,35.259438656132595,35.74088327229008
2311,36.863722448000004,36.890233991,36.06824413662185,31.867076343764708,35.25401362003443,35.851001970909095
2312,36.878451083,36.8975983085,36.08010827760345,32.130458993176475,35.2495350333735,35.89245021311032
2313,36.8710867655,36.91085408,36.089449732903226,31.948343753352944,35.26203165019712,35.85423289116935
2314,36.887288264,36.907908353,36.095331143774196,31.61183776311765,35.275118210841995,35.78504507395473
2315,36.875505356000005,36.8858154005,36.08654574366957,31.794646115176473,35.25741347965754,35.81462886409483
2316,36.851939540000004,36.866668175,36.07826364246075,31.633324242411767,35.25975325409198,35.798401353532846
2317,36.851939540000004,36.8975983085,36.07441115378178,31.96012666135294,35.263455823831286,35.835214811596515
2318,36.875505356000005,36.899071172,36.069011510882355,31.92564432764706,35.29917866754777,35.87160670629068
2319,36.884342537,36.916745534,36.08500716923259,31.98646492629412,35.311678505868386,35.93213680691271
2320,36.88139681,36.919691261000004,36.07930351837072,31.82600944382353,35.28011007616182,35.83991138554552
2321,36.875505356000005,36.9211641245,36.085429772931036,31.684961103941177,35.27467667979371,35.834827504239215
2322,36.8769782195,36.8622495845,36.070525351150444,31.74248941947059,35.262425905769874,35.77031598810345
2323,36.884342537,36.863722448000004,36.072200435157896,31.66936607864706,35.254632711875004,35.770017385567485
2324,36.872559629,36.8622495845,36.0704588511816,31.491582790294117,35.294468481468186,35.708770869615385
2325,36.8946525815,36.8710867655,36.03732060736842,31.843857083882355,35.26832425391351,35.80887353214865
2326,36.8917068545,36.893179718,36.05420615293233,31.83346040035294,35.282129953640975,35.76615116126399
2327,36.8769782195,36.878451083,36.07446676684211,31.805042798705884,35.28227310159399,35.84994665165062
2328,36.907908353,36.872559629,36.070753265381356,31.48135938482353,35.260720107196214,35.791986800907125
2329,36.872559629,36.838683768500005,36.07182976896552,31.571290697352943,35.25065716850809,35.7282503561347
2330,36.8298465875,36.8799239465,36.09581613639891,31.87019534882353,35.24989777867485,35.855335122489855
2331,36.88139681,36.8858154005,36.12290297795063,32.08800586876471,35.27050074569462,35.878026541628664
2332,36.884342537,36.9152726705,36.10871625275,31.734518628764707,35.29097057059675,35.799883064808455
2333,36.8799239465,36.916745534,36.10857666764706,31.874700578352943,35.28651482461796,35.878575396946566
2334,36.882869673500004,36.9093812165,36.098815337000005,31.681495542764708,35.270779277511686,35.76934071103265
2335,36.872559629,36.890233991,36.09104327762712,32.02770510429412,35.26036818500933,35.81077529597502
2336,36.8593038575,36.8946525815,36.09370522106012,32.14951957964706,35.2370485557956,35.85039236
2337,36.872559629,36.9182183975,36.099552549033696,31.84558986447059,35.27489619148936,35.80784528965273
2338,36.8710867655,36.9152726705,36.08519358123637,31.980226916176473,35.25025719697661,35.88337076139942
2339,36.869613902,36.919691261000004,36.085326160901644,31.941239352941178,35.253737266802034,35.903147845710166
2340,36.8946525815,36.882869673500004,36.08972285966,32.11694330458824,35.246991776154296,35.84740076182803
2341,36.896125445,36.872559629,36.086876330646156,32.17568456652941,35.234230488463,35.8690465810856
2342,36.8858154005,36.872559629,36.07324032065126,32.18157602052941,35.206781598602895,35.88821507535943
2343,36.8858154005,36.9034897625,36.09993406938525,32.09493699111765,35.262899098054895,35.894578265
2344,36.902016899,36.900544035500005,36.1035437026087,31.878339417588236,35.26990692927355,35.886716221213796
2345,36.770932047500004,36.8681410385,36.09040309981093,31.613570543705883,35.26380537186972,35.81189172852391
2346,36.902016899,36.887288264,36.08665334488784,31.999980614882354,35.24067937627535,35.81091057970711
2347,36.872559629,36.893179718,36.094691919297176,32.24343628752941,35.23766573143231,35.867025116226415
2348,36.863722448000004,36.88139681,36.07254927125,32.487411794352944,35.23077264677966,35.933132633088235
2349,36.8681410385,36.88139681,36.08594076862146,32.26630899129412,35.221823221538465,35.8989223848736
2350,36.860776721,36.8563581305,36.08852803807555,32.138256505823534,35.26440429566705,35.91091220081744
2351,36.8769782195,36.860776721,36.093286762413044,32.229400764764705,35.26637755086493,35.89956895950414
2352,36.8681410385,36.8710867655,36.08375385149153,31.90745013147059,35.24056419595745,35.81312250969565
2353,36.8445752225,36.846048086,36.06562905076923,32.432655927764706,35.218243098318474,35.90018044290456
2354,36.834265178,36.8298465875,36.05627224128846,32.371142216882355,35.23521495395349,35.911714964355184
2355,36.8003893175,36.838683768500005,36.03609533400922,32.03654228529412,35.30930183,35.87889796763336
2356,36.8534124035,36.857830994000004,36.05363970940053,31.738677302176473,35.260548619547414,35.86312028446532
2357,36.8210094065,36.8475209495,36.07291184432817,32.45830108047059,35.232458802504155,35.99478095900977
2358,36.831319451,36.82248227,36.099140819627365,32.189893367352944,35.23882200957992,35.87001766250492
2359,36.8121722255,36.8416294955,36.09192165864138,31.737464355764708,35.244038135237055,35.793043077151296
2360,36.804807908,36.8445752225,36.06815299686364,31.91230191711765,35.242789668755265,35.790556594877145
2361,36.828373724,36.848993813,36.07530510075472,31.98594509211765,35.25436424548572,35.80012237770335
2362,36.825427997,36.834265178,36.06132961170632,32.25227346852941,35.25373080090206,35.844899575819554
2363,36.816590816,36.8534124035,36.03437496874745,31.923738269,35.277082371040464,35.78592634033601
2364,36.82248227,36.854885267,36.00658098487395,31.85633310411765,35.288491403644116,35.78351315052989
2365,36.831319451,36.869613902,36.0208391791124,32.01730842076471,35.274156399255816,35.87322275444445
2366,36.8327923145,36.869613902,36.03141167236058,32.06097449158823,35.26440084329764,35.86822551032481
2367,36.810699362,36.854885267,36.04913203358553,32.11330446535294,35.263333025950885,35.81450088689451
2368,36.851939540000004,36.8445752225,36.05084001192962,32.065133165,35.25860683635359,35.812729654889075
2369,36.7532576855,36.8033350445,36.06883714302442,32.07812901941177,35.24252997394456,35.93812656675325
2370,36.7738777745,36.887288264,36.05820378857143,31.766748347705885,35.27531871831516,35.867783963195265
2371,36.8151179525,36.8710867655,36.03436517240826,31.372714041941176,35.283230371015726,35.78401553876229
2372,36.837210905,36.8858154005,36.04357418870536,31.257137576705883,35.341684066462996,35.794590148091984
2373,36.813645089000005,36.8062807715,36.0262241587526,31.586712444588237,35.31843743481482,35.76331695797066
2374,36.813645089000005,36.790079273,36.019700164271846,31.305135599,35.376778780049364,35.71332587918367
2375,36.7915521365,36.757676276,36.01937950323254,31.41655339082353,35.37108708833063,35.77394630736224
2376,36.793025,36.751784822000005,36.02204265524064,31.77731830929412,35.3836797104963,35.84186930201342
2377,36.810699362,36.8121722255,36.00973660807355,31.83484662482353,35.36634337619144,35.817732232159265
2378,36.8504666765,36.7974435905,35.9997521586165,31.83675268347059,35.33016585584906,35.80527112469778
2379,36.863722448000004,36.793025,36.019644439796096,31.922005488411767,35.28511503547103,35.82672759725682
2380,36.846048086,36.589769837,36.02122545980583,31.829648283058823,35.33151371506318,35.852861572338234
2381,36.7974435905,36.737056187,36.01424097061235,31.551710276705883,35.385512999,35.781049155620806
2382,36.787133546,36.748839095,36.0262154403125,31.80486952064706,35.34460299777987,35.77443100556439
2383,36.793025,36.770932047500004,36.04140768704951,31.725508169705883,35.33709808393967,35.783189283597125
2384,36.776823501500004,36.595661291,36.06270886188586,31.888562823058823,35.35388613822785,35.7497389922884
2385,36.7974435905,36.745893368000004,36.04678194674861,31.461432408058826,35.335091009476464,35.7430574324375
2386,36.757676276,36.653102967500004,36.04733653628866,31.670405747,35.301930363226376,35.76860511623529
2387,36.6855059645,36.6796145105,36.04760846176471,31.911608804882356,35.31497031519963,35.69832634714286
2388,36.778296365,36.678141647000004,36.049378156139355,31.648919267705885,35.38444416887363,35.78435920110009
2389,36.7797692285,36.7856606825,36.04283825529264,31.08559229847059,35.458061665771545,35.67040232
2390,36.8092264985,36.816590816,36.01188349776675,31.12977820347059,35.34066236411649,35.749284898613865
2391,36.8033350445,36.625118561,36.006485522680414,31.43509414311765,35.300444253346754,35.517895254194464
2392,36.804807908,36.843102359,35.97603663408164,31.18418751394118,35.421598221437655,35.70479691069487
2393,36.8092264985,36.837210905,35.94980262411765,31.074155946588235,35.37100749415666,35.670404171130436
2394,36.778296365,36.831319451,35.939858297171426,31.020266470294118,35.38838270922426,35.63970884195652
2395,36.8033350445,36.82248227,35.934055014591834,30.855479036352943,35.4156868298615,35.58019809034483
2396,36.7296918695,36.8769782195,35.914373550440004,31.030489875764708,35.369403928169966,35.633065977467815
2397,36.7238004155,36.8769782195,35.918268011262136,30.93154810417647,35.31711037033899,35.545179284159886
2398,36.725273279,36.875505356000005,35.913882786601945,30.90001149747059,35.36642989515632,35.586156876899004
2399,36.7503119585,36.872559629,35.9430845696,30.964470935352942,35.397392598407585,35.639146538418
2400,36.7503119585,36.8622495845,35.92837309417476,31.069650717058824,35.315768512799636,35.623280317575336
2401,36.804807908,36.860776721,35.9249411792233,30.972961560235294,35.355183069977244,35.53610959793558
2402,36.748839095,36.8622495845,35.90757411941176,30.93588005564706,35.37214026380484,35.511051638926176
2403,36.8151179525,36.8681410385,,31.011256011235297,35.39231768169941,35.607011970162006
2404,36.8180636795,36.840156632,,31.13722916,35.426859015351155,35.56825766581518
2405,36.826900860500004,36.816590816,35.94600450909091,31.06046697994118,35.4163974680543,35.586466911849755
2406,36.826900860500004,36.765040593500004,35.9326763342,31.045738344941178,35.40471204375057,35.673164028002994
2407,36.838683768500005,36.692870282,35.93558465514286,31.32662207829412,35.337830611149734,35.77965510487838
2408,36.831319451,36.6442657865,35.93921358743412,31.35711901664706,35.34669673517426,35.77082571222826
2409,36.8327923145,36.664885875500005,35.94587671596154,31.423311235117648,35.34379878944541,35.76097282220246
2410,36.834265178,36.678141647000004,35.943505475140185,31.208966276352943,35.343899508810026,35.72403723888889
2411,36.848993813,36.695816009,35.9423311047347,31.05232291117647,35.35980043696007,35.720679591603705
2412,36.838683768500005,36.6855059645,35.93308312507143,31.147799121588235,35.351261652762645,35.724718680923914
2413,36.848993813,36.745893368000004,35.94241126057143,31.145373228764708,35.35497696793734,35.72063911005642
2414,36.834265178,36.6707773295,35.930908898,31.200822207588235,35.32794690299873,35.69458101202446
2415,36.843102359,36.728219006,35.93890182079439,31.218496569588236,35.33124619935121,35.7423493535575
2416,36.837210905,36.722327552,35.96149441920673,31.08559229847059,35.383123212747826,35.73395819250696
2417,36.854885267,36.726746142500005,35.967210899005146,31.154556965882353,35.34423357405223,35.75766913571137
2418,36.854885267,36.7002345995,35.96216165874286,31.19059880211765,35.353130148088425,35.80023770787172
2419,36.8710867655,36.728219006,35.972176541986016,31.435787255352942,35.31309659417659,35.806950325454544
2420,36.863722448000004,36.676668783500006,35.9670528871405,31.46368502282353,35.30839836197987,35.80393899445783
2421,36.863722448000004,36.722327552,35.96705250071429,31.793259890705883,35.2690618968421,35.76815748125
2422,36.8593038575,36.751784822000005,35.95608974579151,31.497474244294118,35.302827800306126,35.73879462557692
2423,36.8563581305,36.745893368000004,35.97200494256881,31.669019522529414,35.31930916338448,35.78386359425271
2424,36.8622495845,36.813645089000005,35.96659993889909,31.45762029076471,35.34756844019383,35.74921399637584
2425,36.8651953115,36.8210094065,35.97282137405406,31.53091690964706,35.35293447314211,35.745022548277944
2426,36.8622495845,36.819536543,35.96488835440367,31.299244145000003,35.35557154008673,35.70057861109468
2427,36.866668175,36.8180636795,35.980972619375,31.421578454529413,35.355660622033454,35.79635527647059
2428,36.8651953115,36.8210094065,35.979301697522935,31.30461576482353,35.352780414162304,35.77953624775337
2429,36.875505356000005,36.8298465875,35.97208215690695,31.38501678411765,35.31993046258824,35.75107315729455
2430,36.834265178,36.8210094065,35.95980507714286,31.385709896352942,35.31397879458803,35.72203650783784
2431,36.860776721,36.8210094065,35.96783536830931,31.258697079235297,35.336943978771856,35.69467110889868
2432,36.8475209495,36.8180636795,35.963078107142856,31.39731952629412,35.30501278545854,35.703660198871205
2433,36.775350638,36.8092264985,35.966648288064086,31.479453326176472,35.30444747559592,35.70731419142857
2434,36.7002345995,36.660467285,36.00189710546117,31.130471315705883,35.31546072208314,35.396870817789555
2435,36.698761736,36.642792923,35.98070679059231,31.55586895011765,35.261529749792004,35.427675293992884
2436,36.653102967500004,36.681087374,35.949658272785925,31.236517487705882,35.28916317017438,35.53062236443077
2437,36.6737230565,36.7296918695,35.95836275689516,31.072249887941176,35.37583136545792,35.622463214370114
2438,36.6619401485,36.766513457,35.95031095912024,31.781476982705883,35.3197925924233,35.73739321075676
2439,36.7326375965,36.793025,35.93082420504043,32.08713947847059,35.27666639953677,35.77684803489933
2440,36.7326375965,36.775350638,35.94514207433028,32.27566600647059,35.24275746994376,35.879936269029415
2441,36.748839095,36.8180636795,35.9725418396,31.975375130529414,35.28577607817001,35.83244348580645
2442,36.6324828785,36.689924555000005,35.95358359317212,31.66243495629412,35.244238423813606,35.75153280250185
2443,36.731164733,36.6855059645,35.98369940505421,31.76518884517647,35.238772154,35.84518159192032
2444,36.695816009,36.698761736,35.97121021181142,31.733305682352942,35.25027366691653,35.816097532463345
2445,36.70465319,36.686978828,35.993562210084036,32.14847991129412,35.25526966182407,35.98321705932024
2446,36.70465319,36.686978828,35.97772631912,32.06946511647059,35.285730540190954,35.98920031809155
2447,36.766513457,36.7797692285,36.000043247051764,32.427977420176475,35.22718837861376,36.03153789657359
2448,36.698761736,36.7444205045,36.00345765359375,32.43716115729412,35.22450554391913,36.01846956578261
2449,36.701707463000005,36.707598917,36.015680375,32.11694330458824,35.22460458339559,35.9557311993769
2450,36.7061260535,36.6855059645,35.990524713846156,32.24811479511765,35.222424449256714,36.010406049557254
2451,36.7238004155,36.67519592,35.98948453912229,32.36819648988235,35.22211087271429,36.05246833547945
2452,36.636901469,36.713490371,35.996023165755815,32.185907972,35.2518438848404,36.029441138826186
2453,36.6442657865,36.710544644,36.00136086875,32.10325433794118,35.245488860693456,36.02427645914347
2454,36.713490371,36.7620948665,36.01213019326613,32.435428376705886,35.231806100735376,36.096506814433155
2455,36.766513457,36.772404911,36.001364045763594,32.341338390764705,35.23746653169213,35.98487212470079
2456,36.76356773,36.7620948665,36.00011697982773,32.417754014705885,35.228036588477316,36.015316564151824
2457,36.765040593500004,36.701707463000005,35.99706679887425,32.35953258694118,35.21481368446406,35.97316880892142
2458,36.8180636795,36.7061260535,35.98498828004546,32.17915012770588,35.212979626024094,35.92537450181818
2459,36.760622003,36.795970727000004,35.982248711428575,32.17135261505882,35.23944758781583,35.96238178935252
2460,36.716436098,36.784187819,35.992856653783676,32.09372404470588,35.24380030253675,36.015192567644235
2461,36.713490371,36.714963234500004,35.99083706324325,32.20150299729412,35.208121327636164,35.963511899523446
2462,36.737056187,36.7326375965,35.998294386619264,32.28363679717647,35.210434057587456,35.99328378448355
2463,36.707598917,36.698761736,35.9767571309969,32.29767231994118,35.190750610935524,35.930664551981565
2464,36.7002345995,36.734110460000004,35.97350042879513,32.195438265235296,35.201738029982195,35.98169831650517
2465,36.6413200595,36.734110460000004,35.97720338244115,32.05508303758823,35.212404692813905,35.939281789760386
2466,36.67519592,36.722327552,35.98176944632143,32.14362812564706,35.195717568440266,35.99528004658572
2467,36.692870282,36.719381825,35.990151881428574,32.262670152058824,35.21295951141145,35.96101425587482
2468,36.70465319,36.681087374,35.997278194486846,32.47043054458824,35.202299021734696,35.98991764329151
2469,36.719381825,36.6501572405,35.97752091883262,32.339778888235294,35.213127892307696,36.027272461559846
2470,36.6855059645,36.6707773295,35.98224276766949,32.3486160692353,35.21861569432581,35.99279590960312
2471,36.726746142500005,36.6707773295,35.981218627027026,32.34393756164706,35.22363586056935,35.98879203906501
2472,36.701707463000005,36.657521558,35.96366850046453,31.861704723941177,35.211121146046516,35.91267219642433
2473,36.714963234500004,36.692870282,35.970316879025496,31.87608680282353,35.2213381840339,35.943343476547085
2474,36.719381825,36.692870282,35.97117854046332,32.0010202832353,35.21113767355391,35.910556602363634
2475,36.725273279,36.6943431455,35.977904603243246,32.109665626117646,35.20497092393865,35.941677526373624
2476,36.725273279,36.6707773295,35.96890309583471,32.312054398823534,35.18715746272727,35.95237253252202
2477,36.722327552,36.6796145105,35.98158405834711,32.16060937541177,35.20948013992647,35.984148213755134
2478,36.7061260535,36.6707773295,35.960829215612634,32.03030427517647,35.21775611417978,35.91866282537736
2479,36.720854688500005,36.6884516915,35.98379758146034,32.18816058676471,35.204942766977005,35.98588662528037
2480,36.751784822000005,36.6972888725,35.97973303103947,32.26024425923529,35.20119816498301,35.98759381660828
2481,36.7061260535,36.692870282,35.984743126217396,32.19769088,35.1948335534592,35.95675135256637
2482,36.703180326500004,36.6913974185,35.9619947,32.0798618,35.19748479718919,35.86156964612245
2483,36.7002345995,36.6619401485,35.9734132838375,32.310841452411765,35.21515499635294,35.95929499454546
2484,36.7002345995,36.657521558,35.96488086153846,32.032903446058825,35.25028239829626,35.897724629752325
2485,36.713490371,36.648684377,35.968589296640005,32.214152295588235,35.2106162776873,35.96886274486212
2486,36.6913974185,36.6796145105,35.95693860896537,32.233039604,35.183237084,35.93040734209978
2487,36.7120175075,36.689924555000005,35.9756071210402,32.092857654411766,35.199122436807926,35.88141354324364
2488,36.672250193,36.6737230565,35.97121392457143,32.04018112452941,35.19176314485569,35.90533051134213
2489,36.707598917,36.678141647000004,35.9904351190164,32.16390165852941,35.20668406215909,35.934870266497384
2490,36.742947641,36.701707463000005,35.995851335930524,32.004832400529416,35.201240778262886,35.92191623032538
2491,36.9300013055,36.888761127500004,36.14550209818182,32.21640491035294,35.377287848,36.11808390106464
2492,36.937365623000005,36.887288264,36.148222687505886,32.53575637276471,35.340640526016905,36.16702685177715
2493,36.9417842135,36.888761127500004,36.16060419243637,32.65601134558824,35.34512002952604,36.194298633437946
2494,36.9300013055,36.8740324925,36.14608965155333,32.4723366032353,35.34905356278781,36.1515483929395
2495,36.944729940500004,36.907908353,36.15422888292055,32.492090301941175,35.37323409401681,36.14811973286509
2496,36.950621394500004,36.896125445,36.15231875077922,32.42225924423529,35.36880836213198,36.15237786239942
2497,36.9358927595,36.91085408,36.14634348793251,32.438893937882355,35.36286956,36.13864976038849
2498,36.934419896,36.902016899,36.13908696530612,32.422779078411764,35.35015672789153,36.13636004403471
2499,36.9417842135,36.9034897625,36.151304481700464,32.467484817588236,35.34836987500283,36.14905576177524
2500,36.907908353,36.9241098515,36.14411946307294,32.39453475482353,35.341918745008655,36.11567757253602
2501,36.949148531,36.9270555785,36.15878571797177,32.33076842917647,35.357695491425304,36.11816972403286
2502,36.960931439,36.937365623000005,36.15262874,32.200463328941176,35.354534084148064,36.07646975742718
2503,36.9241098515,36.9329470325,36.16636018402722,32.06028137935294,35.376280095728816,36.06917912799388
2504,36.925582715000004,36.931474169,36.14707339283266,32.35346785488235,35.347284677466746,36.08386004910922
2505,36.937365623000005,36.922636988,36.147620127030365,32.50837843947059,35.36818316,36.15004468161663
2506,36.9241098515,36.922636988,36.141356123606855,32.491397189705886,35.36308677426869,36.15044339375
2507,36.934419896,36.919691261000004,36.15032709762673,32.56867920394118,35.36057661660831,36.196367007651006
2508,36.9182183975,36.91085408,36.14721847328111,32.50751204917647,35.32884889827119,36.15392658755459
2509,36.912326943500005,36.922636988,36.149847995,32.37772678311765,35.3430032982708,36.13087298299553
2510,36.887288264,36.922636988,36.156635289918036,32.360918811411764,35.33541414226601,36.13648170727931
2511,36.893179718,36.899071172,36.152216285,32.25123380017647,35.341482320000004,36.13896130555719
2512,36.9270555785,36.916745534,36.15921919411027,32.47060382264706,35.34957066340773,36.136308572667616
2513,36.888761127500004,36.9241098515,36.17951621011105,32.30443016423529,35.336627691719954,36.14513314713267
2514,36.9093812165,36.9270555785,36.17408798822581,32.159396429000005,35.341614252126845,36.08001107971487
2515,36.9300013055,36.928528442,36.182966213506496,31.985771814058825,35.34989589982291,36.097873370061016
