frame,left_eye_temp,right_eye_temp,forehead_temp,nose_temp,left_cheek_temp,right_cheek_temp
0,36.8651953115,36.9476756675,35.806876989403456,33.369397113764705,34.79394617833164,34.18439803878729
1,36.8475209495,36.937365623000005,35.76902029732673,33.27842613288235,34.7624727322172,34.30604442742115
2,36.8475209495,36.946202804,35.781816178965016,33.25711293164706,34.76675414052659,34.33357308992188
3,36.8593038575,36.946202804,35.764592216428575,33.25832587805883,34.765799148130746,34.35276439884837
4,36.8622495845,36.9417842135,35.755771400578574,33.23372039370588,34.77033223352912,34.28961642263158
5,36.8740324925,36.962404302500005,35.75751482038961,33.281718416000004,34.77184441343465,34.35077595930898
6,36.8151179525,36.9535671215,35.739361111538464,33.30147211470588,34.79441966170258,34.3367463846016
7,36.8327923145,36.962404302500005,35.73282565244534,33.532278489058825,34.78529554161491,34.35712582456842
8,36.8475209495,36.943257077,35.68986075061063,33.17619207817647,34.788462271505594,34.320816176545456
9,36.7326375965,36.887288264,35.61991313772676,33.19802511358824,34.75662582776459,34.23383330990291
10,36.8475209495,36.875505356000005,35.590636516625004,33.37355578717647,34.74990243543645,34.06057560693491
11,36.8799239465,36.857830994000004,35.578026787965115,33.15453232082353,34.74073837489362,34.17771774616644
12,36.8710867655,36.890233991,35.55271569146694,33.05455088088235,34.730333806737164,34.15176094282609
13,36.860776721,36.899071172,35.605242413,33.166141950764704,34.73436046314242,34.13776515714286
14,36.807753635,36.904962626,35.589027276875,33.401800110764704,34.66701929365783,34.15118979300109
15,36.834265178,36.9064354895,35.64225718309775,33.24273085276471,34.693847956382356,34.24232833641133
16,36.8504666765,36.931474169,35.649758815616686,33.21587275364706,34.68098990747394,34.31578924715285
17,36.838683768500005,36.922636988,35.752763836288665,33.29731344129412,34.71994960212556,34.31831647096057
18,36.8445752225,36.922636988,35.74463118653061,33.48341407647059,34.72607282897939,34.29549814530333
19,36.8475209495,36.928528442,35.74409583711599,33.39694832511765,34.73545208652559,34.327152659130434
20,36.848993813,36.9388384865,35.722295317314284,33.29610049488235,34.73236708147557,34.31551068896488
21,36.8622495845,36.963877166,35.77918505386139,33.209288187411765,34.743428538366935,34.342573993649026
22,36.8534124035,36.9712414835,35.75628739941177,33.13945712970588,34.72499954940344,34.30428519589512
23,36.8445752225,36.9682957565,35.7633534581448,33.11935687488236,34.735063663816796,34.3112500025
24,36.8357380415,36.955039985,35.76580445622853,33.013483980941174,34.734086088436726,34.293711742250686
25,36.819536543,36.956512848500005,35.75055700075243,33.03947568976471,34.75159707311543,34.32227186068768
26,36.848993813,36.949148531,35.717412557420815,33.03514373829412,34.743188525619836,34.30526477067416
27,36.848993813,36.949148531,35.75176880405527,33.084874541176475,34.74382748584259,34.317154969009174
28,36.838683768500005,36.946202804,35.71854552934389,33.02786605982353,34.73771093409091,34.306886991754716
29,36.8357380415,36.955039985,35.75271487647059,33.168567843588235,34.724210196396946,34.2938054018936
30,36.840156632,36.949148531,35.739506004499496,33.031158342941175,34.70075696286595,34.27885260574145
31,36.851939540000004,36.9535671215,35.73999909572816,33.13876401747059,34.71377138449551,34.26908962016394
32,36.843102359,36.956512848500005,35.73699837317227,33.05333793447059,34.690593850221326,34.30639829851084
33,36.8357380415,36.962404302500005,35.760965334770674,33.07794341882353,34.7165856744,34.300454282580645
34,36.857830994000004,36.931474169,35.75927204403846,33.06616051082353,34.710903997104076,34.266010057744076
35,36.8563581305,36.928528442,35.76285004730082,33.00204762905882,34.71249081585758,34.27425194287558
36,36.8475209495,36.928528442,35.73054011585165,33.067546735294115,34.69971589282543,34.273512780497335
37,36.857830994000004,36.9417842135,35.74676739096154,33.04363436317647,34.71828494008942,34.30986878384
38,36.846048086,36.9417842135,35.7690682324896,33.03964896782353,34.726748648410464,34.28312095218131
39,36.843102359,36.9388384865,35.77844471441054,33.02197460582353,34.74056820567976,34.31340016819343
40,36.816590816,36.931474169,35.75175222058824,33.11502492341177,34.751543292217704,34.31817301258427
41,36.8298465875,36.937365623000005,35.75414583425743,33.102029069000004,34.73359342161606,34.337788020813626
42,36.8180636795,36.916745534,35.711855694158416,33.040168802000004,34.73116547763692,34.31957365637931
43,36.834265178,36.9329470325,35.75437499265205,33.25139475570588,34.72449699238291,34.28061750147309
44,36.831319451,36.9241098515,35.75387501070014,33.143962359235296,34.71291876181539,34.31993759580078
45,36.8416294955,36.9358927595,35.766033336183,33.060788891,34.71823569714286,34.34253580313535
46,36.8327923145,36.9300013055,35.75621035743448,33.02041510329412,34.70720544435325,34.35091084493976
47,36.8298465875,36.9300013055,35.75840746493507,33.07569080405882,34.73870324730274,34.347610419432485
48,36.8327923145,36.9300013055,35.74895852150637,33.15262626217647,34.72431361467013,34.322575912507205
49,36.8416294955,36.9182183975,35.75851061922841,33.15470559888235,34.71735919519751,34.37256935663275
50,36.834265178,36.9182183975,35.759530922718056,33.13165961705882,34.73163193142857,34.337207727574395
51,36.8445752225,36.9241098515,35.76600830287755,33.17896452711765,34.71973397998046,34.27386706956443
52,36.834265178,36.899071172,35.757001904,33.100816122588235,34.71076780178641,34.22470779586821
53,36.8121722255,36.8975983085,35.78353357242719,33.031331621,34.71561170621608,34.26940791983051
54,36.7503119585,36.888761127500004,35.74656277465347,33.06044233488235,34.71326103315069,34.27359471867925
55,36.795970727000004,36.9182183975,35.76158735485294,33.111039528058825,34.720698727820896,34.2794639611549
56,36.8033350445,36.9064354895,35.73831594590645,33.09856350782353,34.71066752002973,34.30653071396976
57,36.828373724,36.9064354895,35.729695940693276,33.111039528058825,34.710377248407646,34.341313899185124
58,36.8210094065,36.8975983085,35.741286933995944,33.06061561294118,34.69266058259625,34.31425028
59,36.8151179525,36.922636988,35.74472897851382,33.029598840411765,34.71611418694118,34.32577606976043
60,36.838683768500005,36.91085408,35.76243365087379,32.846790488352944,34.672886312136164,34.34544371119796
61,36.784187819,36.925582715000004,35.73267340063551,33.04848614882353,34.69787318105213,34.260078347325305
62,36.726746142500005,36.887288264,35.71909064804855,33.128540612,34.68055343493671,34.315673577309646
63,36.8092264985,36.9182183975,35.72599631274992,33.16631522882353,34.69672889924325,34.31161661044541
64,36.6089170625,36.8651953115,35.72767261786539,33.22020470511765,34.68831333770688,34.39087595372019
65,36.82248227,36.9182183975,35.799092624489795,32.987318994058825,34.696089135570475,34.322407513691935
66,36.790079273,36.9182183975,35.768535138557695,33.087473712058824,34.68733715888587,34.34591266956026
67,36.795970727000004,36.9152726705,35.74909253109203,33.168567843588235,34.72263266178973,34.37526661867647
68,36.7856606825,36.919691261000004,35.747085732038954,33.09648417111765,34.684510452299016,34.320326951976746
69,36.709071780500004,36.8946525815,35.719882626628575,33.09631089305883,34.687751195187595,34.42663202334643
70,36.834265178,36.9388384865,35.719774278049265,32.950584045588236,34.68588665227624,34.31916869120616
71,36.834265178,36.9417842135,35.73679150038775,33.0614820032353,34.690971766480445,34.34640325771767
72,36.8092264985,36.931474169,35.729835217556655,32.90501191611765,34.690790118143134,34.32046827405595
73,36.8210094065,36.934419896,35.74092159897537,33.01105808811765,34.71409676999065,34.32735905664122
74,36.828373724,36.931474169,35.73271290422857,33.266989781,34.68448397877318,34.348143966584765
75,36.801862181000004,36.931474169,35.77185714283423,33.18762843005882,34.70659293502154,34.428879064
76,36.793025,36.8917068545,35.73275031028572,33.227309105529415,34.68383194389302,34.35335756014682
77,36.801862181000004,36.9211641245,35.76509053843672,33.08937977070588,34.718435239258525,34.3846848690183
78,36.784187819,36.9152726705,35.7536632015534,33.049005983,34.71807318699321,34.30997220390612
79,36.748839095,36.922636988,35.71932589375867,33.10220234705882,34.72431132800594,34.328629280832615
80,36.7856606825,36.919691261000004,35.75547126533991,33.115371479529415,34.6859096553125,34.27061554758442
81,36.7856606825,36.9270555785,35.72084288079576,33.141189910294116,34.68394323562095,34.3148298790625
82,36.8033350445,36.902016899,35.735233298561575,33.14708136429412,34.67641593502227,34.28370964950044
83,36.7856606825,36.904962626,35.7175105666601,33.20235706505883,34.682633443200004,34.286968508163966
84,36.7856606825,36.8917068545,35.68672270171984,33.077077028529416,34.674164017260274,34.309824228774424
85,36.776823501500004,36.8917068545,35.7055165216921,33.046753368235294,34.688738358238865,34.29796720598165
86,36.776823501500004,36.896125445,35.70828531021978,33.10254890317647,34.68899253043994,34.28015169674033
87,36.781242092,36.893179718,35.70650492576923,33.12594144111765,34.680717520395255,34.259269746861314
88,36.737056187,36.878451083,35.70953967199176,33.04536714376471,34.66048295549801,34.25061896744361
89,36.769459184,36.878451083,35.706950021881866,33.11086625,34.68609376325,34.27950252575419
90,36.770932047500004,36.888761127500004,35.72741540757281,33.15124003770588,34.68731286129096,34.30334219293358
91,36.7679863205,36.8946525815,35.732992269368935,33.21587275364706,34.687227860641876,34.298776859575646
92,36.7532576855,36.8799239465,35.713363452232144,33.18589564947059,34.6745313348167,34.29581037493357
93,36.7856606825,36.887288264,35.72909191775025,33.204263123705886,34.68772172318159,34.32134581230909
94,36.7856606825,36.888761127500004,35.71896920371849,33.21154080217647,34.693340624546835,34.31574313342081
95,36.7856606825,36.890233991,35.728870807079836,33.21881848064706,34.6980263525,34.323227439641514
96,36.769459184,36.88139681,35.736953546201924,33.21050113382353,34.6938352775,34.338991183834864
97,36.769459184,36.899071172,35.73167352427185,33.27755974258824,34.69680092157975,34.38630666175285
98,36.7886064095,36.899071172,35.71121889823489,33.272707956941176,34.69043314773387,34.29515008079311
99,36.787133546,36.888761127500004,35.70406991203883,33.18918793258824,34.693409758456696,34.36259636846021
100,36.787133546,36.8917068545,35.709708501551724,33.26075177088235,34.67040575686352,34.30448525775221
101,36.778296365,36.9034897625,35.685427522331935,33.179484361294115,34.69853492396595,34.341784161798365
102,36.778296365,36.8946525815,35.68812343301724,33.230774666705884,34.6698728367347,34.324913683610866
103,36.804807908,36.8917068545,35.6868921344958,33.15470559888235,34.681478960830454,34.331532278770645
104,36.778296365,36.884342537,35.69310460267904,33.21777881229412,34.66291439163366,34.30650787776794
105,36.776823501500004,36.896125445,35.71706049177101,33.15869099423529,34.708883573737175,34.34083142692103
106,36.776823501500004,36.8917068545,35.71418178724801,33.200970840588234,34.684271835436704,34.28766930909091
107,36.8033350445,36.893179718,35.723948786584884,33.15470559888235,34.695830219743335,34.3131082882243
108,36.6678316025,36.857830994000004,35.72521959084034,33.08296848252941,34.71034974303665,34.33543946340541
109,36.7944978635,36.9034897625,35.697714513980586,32.97137741264706,34.70455870101341,34.28760952521659
110,36.751784822000005,36.8975983085,35.726952371428574,33.06338806188236,34.705054704595746,34.28282373695
111,36.601552745,36.838683768500005,35.741898968646154,33.15903755035294,34.76224110329804,34.36381513934454
112,36.769459184,36.902016899,35.75723267010933,33.195945776882354,34.72985178102767,34.36702312034965
113,36.742947641,36.9064354895,35.71246206385576,33.148294310705886,34.718844133716985,34.248849770051635
114,36.766513457,36.9093812165,35.74550108841191,33.456729255411766,34.68750032650532,34.29291266031223
115,36.76356773,36.916745534,35.70717119497226,32.85285522041177,34.69542770473983,34.26148352472318
116,36.766513457,36.916745534,35.74942886074171,32.940360640117646,34.69972538995851,34.282814335693615
117,36.751784822000005,36.9064354895,35.74905194056604,33.01261759064706,34.70984936683436,34.29981294368087
118,36.784187819,36.9182183975,35.751460396603775,33.02561344505882,34.72756210170639,34.24461065393357
119,36.7827149555,36.899071172,35.73702882581002,33.01504348347059,34.694052344208494,34.254626295887526
120,36.7562034125,36.912326943500005,35.738041855822104,33.09093927323529,34.69525164265829,34.27245031774166
121,36.7562034125,36.912326943500005,35.71320961541105,32.95300993841177,34.68141284785887,34.2587187315688
122,36.760622003,36.8710867655,35.74474272817308,32.99788895564706,34.68100594389734,34.28694524133106
123,36.760622003,36.8769782195,35.717483033023875,32.93689507894118,34.69783042191305,34.24759257177982
124,36.7532576855,36.854885267,35.70084311998652,32.85198883011765,34.698525213166505,34.2221608461126
125,36.7591491395,36.8799239465,35.7300934012077,33.02578672311765,34.724720330529415,34.390050765714285
126,36.769459184,36.872559629,35.7012731132,33.087127155941175,34.70746810089718,34.42712181056
127,36.778296365,36.8858154005,35.68637719,33.06304150576471,34.70940265116618,34.29122193405502
128,36.7473662315,36.8769782195,35.684841721240055,32.91506204352941,34.69245591163148,34.23857947320755
129,36.775350638,36.884342537,35.71615320391028,32.989744886882356,34.68962749389535,34.26977726710526
130,36.769459184,36.88139681,35.72543388524966,32.95959450464706,34.68770919650655,34.250820061426
131,36.769459184,36.884342537,35.731891889230766,33.08418142894118,34.704950008400004,34.23818961521583
132,36.765040593500004,36.8769782195,35.692708124819696,32.83795330735294,34.69086041850746,34.300570383394835
133,36.769459184,36.8769782195,35.73776553071222,32.97657575441177,34.68886866105263,34.18080373517483
134,36.686978828,36.795970727000004,35.73968351734182,33.02006854717647,34.683106578986695,34.340638447102805
135,36.7738777745,36.8858154005,35.72598018429986,32.95300993841177,34.69547070497791,34.3411973557409
136,36.760622003,36.878451083,35.723881339004556,32.898427349882354,34.682015064326926,34.237214492681225
137,36.7532576855,36.887288264,35.72261571592524,32.98766555017647,34.684658984910584,34.28267953513089
138,36.710544644,36.875505356000005,35.71577436098894,32.98073442782353,34.677763185632735,34.26611298638377
139,36.709071780500004,36.882869673500004,35.71232605737401,32.99269061388235,34.68743394266921,34.256916415905515
140,36.695816009,36.8622495845,35.71613686145813,33.010364975882354,34.680137906473384,34.17582145186441
141,36.7179089615,36.857830994000004,35.726370054168065,32.99546306282353,34.70052088152854,34.23444319021391
142,36.714963234500004,36.8504666765,35.70545870285149,33.09873678588235,34.683533612178664,34.25554486669078
143,36.722327552,36.8710867655,35.69402384967546,33.04120847035294,34.69032992121335,34.24735578114286
144,36.701707463000005,36.8710867655,35.71023670087586,33.08418142894118,34.677419823390174,34.229109538076926
145,36.647211513500004,36.8710867655,35.69816139682143,33.09544450276471,34.67879505378379,34.1922728730038
146,36.728219006,36.8858154005,35.71994744229655,33.03341095770588,34.69610039177019,34.279299415976446
147,36.633955742,36.8651953115,35.746074171515154,33.15626510141177,34.689508859912614,34.32276619213203
148,36.701707463000005,36.884342537,35.707588872871284,33.01296414676471,34.692500909767446,34.31564660996269
149,36.716436098,36.8975983085,35.73372990455446,33.093018609941176,34.69494597346939,34.31766578536673
150,36.716436098,36.899071172,35.732021632885434,33.12455521664706,34.67433804539782,34.3337248085
151,36.713490371,36.888761127500004,35.71835875764706,33.072571799,34.69015302451207,34.26725563580269
152,36.701707463000005,36.884342537,35.722405600689655,33.17497913176471,34.67925609934033,34.298514716597744
153,36.689924555000005,36.890233991,35.72101400242424,33.15383920858824,34.69677780712042,34.31046121778199
154,36.6354286055,36.887288264,35.71190110918572,33.135298456294116,34.68892143630534,34.29103849622498
155,36.6855059645,36.887288264,35.696130158181816,32.96825840758824,34.695026336963736,34.321526445551335
156,36.695816009,36.875505356000005,35.6736050996,33.07517096988235,34.67014476638733,34.31571322522727
157,36.6884516915,36.887288264,35.70983039370345,33.02907900623529,34.69436073360157,34.34820488081448
158,36.6737230565,36.890233991,35.70738028099693,33.04623353405883,34.68212448933671,34.353984545656935
159,36.6737230565,36.8975983085,35.69641500152857,33.00170107294118,34.705060326433994,34.3712555525
160,36.6619401485,36.88139681,35.68545268890715,33.08574093147059,34.68027262182915,34.338398237884974
161,36.6619401485,36.8799239465,35.68614828879774,33.089899604882355,34.68218821389203,34.33485322895579
162,36.6825602375,36.8563581305,35.69306783279919,33.045713699882356,34.673778947003,34.298718227692305
163,36.6825602375,36.8622495845,35.687387214663865,33.17584552205882,34.672791144946565,34.35691956120879
164,36.676668783500006,36.8710867655,35.69913986776471,33.13356567570588,34.66189403328994,34.30060978894922
165,36.695816009,36.878451083,35.680990429006485,33.074651135705885,34.680194870545456,34.300966616162896
166,36.689924555000005,36.8622495845,35.68924376529412,33.13599156852941,34.668080089692836,34.28106029585895
167,36.689924555000005,36.869613902,35.69696111687266,33.08262192641177,34.664633100636365,34.31062325207447
168,36.6855059645,36.863722448000004,35.67620940464706,33.040168802000004,34.67467437357213,34.25896269013405
169,36.698761736,36.878451083,35.68679861935294,33.03254456741177,34.66779913497566,34.25873043656307
170,36.684033101000004,36.8710867655,35.69306783279919,32.96323334388235,34.67424657816459,34.27064332845807
171,36.6884516915,36.8651953115,35.694920115496956,33.059749222647056,34.66905680454591,34.30249961292876
172,36.664885875500005,36.863722448000004,35.68685372310345,33.07153213064706,34.66963823428571,34.29072638927511
173,36.6825602375,36.869613902,35.69721057259635,33.054897437,34.6766109233996,34.29382222850679
174,36.684033101000004,36.8799239465,35.68856122758669,33.047619758529414,34.67432419103622,34.25943319837104
175,36.684033101000004,36.8769782195,35.70526574958152,32.94763831858823,34.68816916181818,34.24644268279028
176,36.6678316025,36.8622495845,35.68523165521924,32.94798487470588,34.67610028443439,34.270705792967036
177,36.6825602375,36.8563581305,35.71315661807213,32.978308535000004,34.66810637252089,34.27185840517272
178,36.6825602375,36.840156632,35.727217331,32.88595132964706,34.70296583375,34.330748480000004
179,36.695816009,36.8799239465,35.720022066039604,33.00326057547059,34.68379383024615,34.32953924926214
180,36.6825602375,36.8769782195,35.72488953739496,33.10688085464706,34.67221974363089,34.27806562721127
181,36.695816009,36.88139681,35.71249025458572,32.94278653294118,34.67876884333334,34.31970836902507
182,36.6825602375,36.8858154005,35.71283742955357,33.15782460394118,34.67501667825829,34.301520502737226
183,36.710544644,36.8563581305,35.73868577141177,33.185029259176474,34.68052208525223,34.3153861260274
184,36.6884516915,36.838683768500005,35.7179043545639,33.138937295529416,34.66961014910448,34.29858444466002
185,36.6884516915,36.8357380415,35.73804641540594,33.19507938658823,34.678736986006825,34.32074119870036
186,36.6943431455,36.8475209495,35.74329622590099,33.13391223182353,34.700478350984554,34.28808437630252
187,36.7061260535,36.8445752225,35.74461573164706,33.069626072,34.71160794260615,34.28526549464567
188,36.6943431455,36.857830994000004,35.69173339257607,32.98402671094118,34.68424292741904,34.248069754958294
189,36.692870282,36.8651953115,35.7050777948073,33.073784745411764,34.68041856589277,34.26028204409704
190,36.692870282,36.8563581305,35.715335059208925,33.025266888941175,34.66626554811293,34.30656239583562
191,36.636901469,36.840156632,35.68768989981613,33.07066574035294,34.668553568977735,34.29726455550459
192,36.636901469,36.837210905,35.68619646150101,33.11034641582353,34.665690708292196,34.26374565151458
193,36.6678316025,36.857830994000004,35.6835858812942,33.036356684705886,34.67374653681489,34.300441939406475
194,36.6678316025,36.8740324925,35.683487747018255,33.15591854529412,34.66260111246131,34.305750411266054
195,36.6383743325,36.869613902,35.683919202595476,33.00170107294118,34.69572688563636,34.321473725329675
196,36.701707463000005,36.8534124035,35.7040755419958,32.94174686458824,34.705990716158475,34.29407975731904
197,36.703180326500004,36.869613902,35.71662657148979,33.02388066447059,34.680256725389164,34.27403319223614
198,36.6589944215,36.854885267,35.71686325527955,32.944692591588236,34.68165836250607,34.25529048620379
199,36.654575831,36.846048086,35.70440061618662,33.03912913364706,34.680172444065285,34.27570391210574
200,36.6501572405,36.840156632,35.68692339436539,33.08071586776471,34.64473366679321,34.19796168600922
201,36.6589944215,36.854885267,35.687013059249495,33.165102282411766,34.66134477362692,34.258634417613024
202,36.654575831,36.857830994000004,35.69743954787836,33.143962359235296,34.67936739479941,34.26944545624299
203,36.654575831,36.8710867655,35.71712759085193,33.01053825394118,34.66089432422037,34.21972205642857
204,36.6383743325,36.851939540000004,35.705782193352945,33.03531701635294,34.66386779230071,34.238360227723504
205,36.664885875500005,36.860776721,35.71273066257426,33.09111255129412,34.69486124083333,34.29502725439134
206,36.6560486945,36.8651953115,35.71949771602434,33.078116696882354,34.67697788059344,34.29865768302703
207,36.672250193,36.8593038575,35.726380169861386,32.98021459364706,34.68419925496072,34.2986036
208,36.6560486945,36.825427997,35.6894540890069,33.04865942688235,34.67343981949287,34.27205798368897
209,36.686978828,36.8327923145,35.71397774399454,32.92147333170588,34.67584313932327,34.27511410564246
210,36.583878383,36.7944978635,35.6935746873901,33.042421416764704,34.68261734818182,34.32851830126801
211,36.672250193,36.840156632,35.69424293687627,33.33508805811765,34.67405372329377,34.16462810219925
212,36.6707773295,36.828373724,35.67654518716968,32.99979501429412,34.66833448773585,34.25274009532967
213,36.684033101000004,36.828373724,35.68112400302645,33.058536276235294,34.657487574468085,34.24321211016043
214,36.681087374,36.834265178,35.67668598668487,33.01105808811765,34.64683111010152,34.259213775545376
215,36.681087374,36.834265178,35.689189989344825,33.039822245882355,34.67136204694561,34.27125931533649
216,36.4851965285,36.7444205045,35.672445901475,33.1616367212353,34.668680085055314,34.296755373850466
217,36.7002345995,36.8416294955,35.64892527348058,33.13113978288236,34.67023221430911,34.1639636525
218,36.6884516915,36.8357380415,35.680662375714284,33.09787039558824,34.666896988412944,34.25506669481553
219,36.6972888725,36.8357380415,35.70227127001707,33.18832154229412,34.664479856338026,34.2863149148422
220,36.669304466,36.826900860500004,35.6577383947832,33.18797498617647,34.64634757746479,34.281313064310346
221,36.660467285,36.8504666765,35.66273939242069,33.012790868705885,34.66383711705003,34.23043612585916
222,36.64573865,36.8504666765,35.68839246066234,33.23683939876471,34.65778163326824,34.26775555119417
223,36.657521558,36.8504666765,35.68390799610345,33.060788891,34.66348669801887,34.27381360809437
224,36.647211513500004,36.8445752225,35.68559658457494,33.21154080217647,34.65773216,34.254017947022476
225,36.639847196000005,36.840156632,35.66281267282143,33.10064284452941,34.65091299736842,34.23704034153846
226,36.603025608500005,36.857830994000004,35.66228665014286,33.212060636352945,34.65917341945892,34.24693589195837
227,36.639847196000005,36.851939540000004,35.669211400176806,33.06979935005882,34.65638099652041,34.242227026692014
228,36.647211513500004,36.837210905,35.64860519956436,33.056630217588236,34.64910906339585,34.254841424568724
229,36.666358739,36.8445752225,35.68396575545639,33.08626076564706,34.660552630315685,34.267741040334265
230,36.666358739,36.8445752225,35.70766188002732,32.99251733582353,34.68066230042382,34.28095815436083
231,36.678141647000004,36.843102359,35.697369908742395,33.03479718217647,34.686323339139676,34.302711663369564
232,36.6589944215,36.8445752225,35.683967333042,32.931350181058825,34.66775373114413,34.29365708281162
233,36.6089170625,36.854885267,35.67536160356998,33.05177843194118,34.66916455677197,34.25069971437676
234,36.64573865,36.8563581305,35.67314875804809,32.96444629029412,34.66525244166667,34.28611165554511
235,36.663413012,36.854885267,35.66842900588235,32.974496417705886,34.65919842530612,34.27138159536702
236,36.657521558,36.8534124035,35.669390328289126,32.91731465829412,34.65931051991098,34.252676160462634
237,36.6707773295,36.851939540000004,35.67652363622348,33.03029195264706,34.68350152349,34.244631148808864
238,36.6560486945,36.843102359,35.674911053545365,32.991304389411766,34.65788182625939,34.29932464363798
239,36.569149748,36.760622003,35.663458339873955,32.96877824176471,34.68738022701245,34.35600037390375
240,36.651630104,36.816590816,35.68116158960312,32.93498902029412,34.63502752283056,34.28050768380873
241,36.653102967500004,36.860776721,35.68987802837736,32.991650945529415,34.69206036334694,34.275938409512605
242,36.642792923,36.8534124035,35.71213071738727,33.267682893235296,34.67074878940019,34.2370710142132
243,36.5824055195,36.826900860500004,35.709150113718486,33.08158225805882,34.66442472777833,34.295986244083046
244,36.642792923,36.860776721,35.66157902693712,33.02197460582353,34.66085296047733,34.22697524237676
245,36.653102967500004,36.8740324925,35.69372122590385,32.98766555017647,34.64726032959239,34.20008802650888
246,36.622172834,36.869613902,35.70105494013926,33.030465230705886,34.65957344516957,34.181094830797875
247,36.648684377,36.869613902,35.68765461704907,32.81871944282353,34.657967602281694,34.177936644486955
248,36.64573865,36.854885267,35.67395252106349,32.940360640117646,34.64104011095904,34.20949434591304
249,36.666358739,36.872559629,35.67893839941444,32.89600145705882,34.64842722473097,34.2053332124756
250,36.639847196000005,36.838683768500005,35.700192653626374,32.847483600588234,34.67287675131579,34.22923406291892
251,36.639847196000005,36.8534124035,35.676910917778514,32.88023315370588,34.65239741682342,34.19762447751979
252,36.639847196000005,36.857830994000004,35.66141695931429,32.89773423764706,34.64963653044805,34.1570575592
253,36.653102967500004,36.8563581305,35.739854683465346,32.816640106117646,34.67733066118343,34.33844746388087
254,36.58682411,36.819536543,35.620077139317246,33.08695387788235,34.638887993825506,34.263069534432795
255,36.6177542435,36.8210094065,35.608228695036445,33.07049246229412,34.625205127234665,34.19879488391892
256,36.628064288000004,36.8210094065,35.638743260188086,32.87174252882353,34.6443635859144,34.1984604121463
257,36.6265914245,36.838683768500005,35.6483154878,33.05368449058824,34.652520219884224,34.264240291646054
258,36.6236456975,36.838683768500005,35.64671580416525,33.21413997305883,34.65244452433029,34.239583964190835
259,36.6383743325,36.7738777745,35.648762425689654,32.817853052529415,34.62223798137606,34.247401302643574
260,36.598607018,36.837210905,35.6678880256172,32.92996395658824,34.66084885465773,34.22700971039508
261,36.628064288000004,36.831319451,35.67122094302198,32.963060065823534,34.65006735616143,34.27173662998276
262,36.6324828785,36.828373724,35.64940704764589,32.85025604952941,34.63859408816518,34.201198675368424
263,36.64573865,36.8416294955,35.68363456926415,33.007765805,34.65018790107304,34.180243356141595
264,36.642792923,36.834265178,35.67853940213462,32.92719150764706,34.652835139204925,34.23784356055604
265,36.6413200595,36.8327923145,35.68922710394231,33.01244431258824,34.65781594271171,34.24462743441659
266,36.6059713355,36.8062807715,35.64102807844335,33.08106242388235,34.62942847991279,34.19626117264884
267,36.46899503,36.6913974185,35.629179592019234,32.98905177464706,34.62334258971963,34.34568935354588
268,36.613335653,36.828373724,35.65643592047926,32.97068430041177,34.63823751577159,34.263848691267604
269,36.580932656,36.760622003,35.663806639076,33.09163238547059,34.63456132895652,34.251903026678356
270,36.6089170625,36.810699362,35.657948986208794,32.89201606170588,34.644657067451526,34.24217062989437
271,36.6206999705,36.825427997,35.663393851276005,33.12230260188235,34.60975343826129,34.26108299093913
272,36.6148085165,36.8357380415,35.653601697436564,32.996329453117646,34.64276777180252,34.20481270198072
273,36.577986929,36.8121722255,35.67732608547059,32.78129138211765,34.647996068824426,34.25723215528796
274,36.6177542435,36.8445752225,35.66762246076976,32.93013723464706,34.65087626321324,34.26274798991972
275,36.6148085165,36.837210905,35.67661080945215,32.91246287264706,34.6531858548495,34.30676851391459
276,36.6059713355,36.8298465875,35.67444273649596,33.032371289352945,34.623568808567335,34.2143963570844
277,36.603025608500005,36.8327923145,35.68585246614286,33.089033214588234,34.633961533857565,34.28439627909091
278,36.631010015,36.8298465875,35.65459393717624,32.950064211411764,34.64322587479763,34.244556076720755
279,36.625118561,36.8563581305,35.6771422222301,33.02284099611765,34.64372462997555,34.2315060262069
280,36.603025608500005,36.8475209495,35.69042378347664,33.01452364929412,34.645518864173916,34.2239799407874
281,36.5941884275,36.828373724,35.65011842656847,33.052644822235294,34.66265546947213,34.27138749394973
282,36.622172834,36.8327923145,35.65481796527852,32.88057970982353,34.64960478151546,34.19299799451231
283,36.622172834,36.8121722255,35.697421616385945,32.928924288235294,34.63387412356083,34.1617049053902
284,36.6324828785,36.8180636795,35.67646093816621,33.087127155941175,34.61327552456685,34.177337467704916
285,36.6354286055,36.828373724,35.66440724352941,33.02110821552941,34.62008062854639,34.1681351462017
286,36.598607018,36.8121722255,35.67054168515213,32.96080745105883,34.61461525127273,34.19029666659091
287,36.560312567000004,36.654575831,35.648564741623076,32.96548595864706,34.626992607029976,34.217105057174514
288,36.585351246500004,36.816590816,35.652649498019805,32.99546306282353,34.62325221506906,34.20222358326172
289,36.592715564,36.82248227,35.65219811133874,32.889070334705885,34.61459760755986,34.1443056225876
290,36.592715564,36.795970727000004,35.64896775592143,32.88005987564706,34.61610120173381,34.1774156134574
291,36.610389926,36.8416294955,35.65345359481093,33.07066574035294,34.62989229165535,34.205694785
292,36.598607018,36.816590816,35.65731599623763,33.178791249058825,34.60286578919494,34.20565787112782
293,36.589769837,36.816590816,35.622666621992856,33.07863653105883,34.63630922987107,34.17246413939793
294,36.5882969735,36.8121722255,35.65686879015842,33.3089230712353,34.613818569433384,34.15626558267981
295,36.604498472,36.8180636795,35.64656909250714,32.98402671094118,34.618343186369756,34.202833959906016
296,36.598607018,36.7827149555,35.638513897168316,32.991304389411766,34.62550015886,34.190459419941575
297,36.6000798815,36.787133546,35.617859087199434,32.892189339764705,34.64628438878505,34.181775186171215
298,36.5882969735,36.7620948665,35.63153151706796,32.97778870082353,34.63016878116085,34.15170800723563
299,36.5971341545,36.7974435905,35.640218912249914,32.962713509705885,34.64645006140387,34.2148469179434
300,36.5971341545,36.7915521365,35.627180408956356,33.042941250941176,34.631891438098066,34.21101271891501
301,36.604498472,36.772404911,35.64739810993915,32.94781159664706,34.640472526897575,34.187552803709224
302,36.58682411,36.775350638,35.63399472269231,32.96756529535294,34.63300606544838,34.17867916037433
303,36.603025608500005,36.804807908,35.646474433567775,32.98437326705883,34.655855340408166,34.22348227015668
304,36.604498472,36.787133546,35.658617979153846,33.031158342941175,34.6505317557377,34.21153204570627
305,36.591242700500004,36.7797692285,35.65976006694297,32.90917058952941,34.65854831360591,34.13819539815643
306,36.591242700500004,36.7915521365,35.66243781782524,32.99113111135294,34.636557602631584,34.1723288138843
307,36.5941884275,36.807753635,35.65087230182353,32.86498468452941,34.64445306973684,34.193912751362426
308,36.575041202,36.787133546,35.64849676330769,33.027692781764706,34.64707156142436,34.18938423750238
309,36.5765140655,36.793025,35.64926307765049,32.922686278117645,34.63580809088646,34.19713661639344
310,36.5824055195,36.7856606825,35.633547246386556,32.957515167941175,34.664681592745595,34.25592797446348
311,36.595661291,36.8121722255,35.64386857477607,32.97432313964706,34.631764451591245,34.202383482899904
312,36.591242700500004,36.8033350445,35.645030382543695,32.833967912,34.64170165736,34.18102071141544
313,36.589769837,36.798916454,35.669816434970876,32.92649839541176,34.6420314875762,34.187219391973684
314,36.5735683385,36.784187819,35.65644043622718,32.950064211411764,34.622716461327435,34.202432084670875
315,36.575041202,36.7915521365,35.67903647745067,32.963060065823534,34.65620306301924,34.25755041885875
316,36.5824055195,36.813645089000005,35.67235949608754,32.95023748947059,34.63242207020528,34.19108293698079
317,36.580932656,36.816590816,35.668131725943205,32.94677192829412,34.6439667426739,34.21486882529197
318,36.5765140655,36.7974435905,35.6296847260529,32.97432313964706,34.61809417359961,34.204884556788585
319,36.5765140655,36.804807908,35.65059862156499,32.839859366,34.62943443510792,34.166386574383694
320,36.5794597925,36.798916454,35.65400398545029,32.92649839541176,34.63655712575476,34.194149996621256
321,36.5824055195,36.7915521365,35.66362585756604,32.85684061576471,34.61332782913002,34.163246306112605
322,36.5765140655,36.8033350445,35.66392228292453,32.840552478235296,34.63220689264098,34.14365753613518
323,36.592715564,36.8033350445,35.658304757715634,32.8817926562353,34.6639052599112,34.23769946042453
324,36.589769837,36.819536543,35.64563289306404,32.826343677411764,34.62910678431962,34.186383908
325,36.58682411,36.8210094065,35.64597185445055,32.962713509705885,34.64682739785501,34.204061113640314
326,36.585351246500004,36.8033350445,35.63395565469496,32.77678615258824,34.62725194853308,34.15616538908146
327,36.589769837,36.798916454,35.612237505389,32.77158781082353,34.64296479442137,34.23129745355372
328,36.585351246500004,36.760622003,35.61018355966897,33.40006733017647,34.623418032800004,34.212214771190254
329,36.592715564,36.7974435905,35.668729236490876,33.449278298882355,34.66318046773613,34.2501798866482
330,36.592715564,36.793025,35.6156304658215,32.888203944411764,34.67535504952239,34.32161182203515
331,36.5971341545,36.8092264985,35.63559397669222,32.993210448058825,34.63658942766716,34.16288610301299
332,36.545583932,36.6855059645,35.649960637375294,32.90518519417647,34.63672107614016,34.26504136496
333,36.607444199,36.8092264985,35.637028210057146,32.91298270682353,34.62408534265947,34.21625828254513
334,36.575041202,36.754730549,35.64418160817543,33.31637402776471,34.63579240015905,34.24047446850091
335,36.5882969735,36.778296365,35.63684209026369,32.75737901,34.632990964180735,34.26887715686661
336,36.585351246500004,36.7738777745,35.625072568798075,32.77072142052941,34.62801743233959,34.211860965525155
337,36.595661291,36.775350638,35.63675217915271,32.94833143082353,34.62525173147982,34.196970629496406
338,36.6000798815,36.7385290505,35.63628288167421,32.88075298788235,34.64486468723618,34.278747741475414
339,36.607444199,36.7679863205,35.61090553625995,32.90847747729412,34.60869551546535,34.22685805770213
340,36.5941884275,36.740001914000004,35.61557175067268,32.77401370364706,34.607088444570316,34.20315445742627
341,36.5941884275,36.76356773,35.63021141908911,33.10999985970588,34.60518409251128,34.217664040693435
342,36.5824055195,36.737056187,35.62713828915783,32.95318321647059,34.60413911415708,34.18202504432482
343,36.598607018,36.731164733,35.61628259496154,32.91731465829412,34.60301812799799,34.182970366320276
344,36.5941884275,36.740001914000004,35.61873866972812,32.890629837235295,34.6005125269733,34.145465104728316
345,36.536746751,36.6619401485,35.62585360444272,32.827210067705884,34.65116022916667,34.23678544985701
346,36.592715564,36.7355833235,35.61425287205883,32.98853194047059,34.60005510632219,34.219718181491714
347,36.5882969735,36.765040593500004,35.63514629842365,32.717698334529416,34.61398780015534,34.17858555826087
348,36.5882969735,36.7562034125,35.62330534654187,32.87243564105882,34.64949549018646,34.17350166167939
349,36.6059713355,36.765040593500004,35.64980899520889,32.83829986347059,34.64138101526316,34.18855075887701
350,36.5941884275,36.7385290505,35.6362202032555,32.98991816494118,34.641483412364536,34.1543559005298
351,36.589769837,36.710544644,35.62110835716386,32.855800947411765,34.64878181735794,34.14455626307692
352,36.6059713355,36.701707463000005,35.61918751821082,32.87208908494118,34.622126573303966,34.17644364093512
353,36.8210094065,36.9182183975,35.8426896175534,33.28951592864706,34.858394109944975,34.380251343364144
354,36.798916454,36.916745534,35.81329499361998,33.159210828411766,34.85968037004414,34.32098777953447
355,36.8239551335,36.9211641245,35.80773010689656,33.044847309588235,34.88363676448692,34.45452710664908
356,36.837210905,36.9182183975,35.80533676417143,33.15661165752941,34.855208066008835,34.40103516636364
357,36.8445752225,36.9270555785,35.80228817051429,33.193173327941174,34.85330711091172,34.40859289018182
358,36.8151179525,36.9211641245,35.801315976194175,32.948158152764705,34.878747684212584,34.42671059374341
359,36.807753635,36.9241098515,35.76391196917972,33.16180999929412,34.838858691972725,34.356465881975524
360,36.781242092,36.922636988,35.73895495179245,33.092325497705886,34.83055626311936,34.37842940405471
361,36.7886064095,36.9300013055,35.74887199844828,33.09804367364706,34.84067124718195,34.3429070037013
362,36.7532576855,36.913799807000004,35.738918678058255,33.20010445029412,34.850739265499044,34.37853422757679
363,36.7886064095,36.907908353,35.73183350498159,33.285703811352946,34.85363860520341,34.220389027390546
364,36.790079273,36.9093812165,35.74468937949515,33.066853623058826,34.881652383900374,34.29936606776173
365,36.790079273,36.91085408,35.767392399635284,33.060788891,34.873330191833944,34.35770234523104
366,36.819536543,36.884342537,35.77727520767857,33.02994539652941,34.862949409027436,34.45602878919355
367,36.834265178,36.9358927595,35.781269855148516,33.24533002364706,34.86353169306959,34.380626907677474
368,36.8151179525,36.9300013055,35.77296652067618,33.410464013705884,34.85284935263308,34.30510083077063
369,36.819536543,36.9300013055,35.77769296161165,33.24740936035294,34.829794628938224,34.362524407865166
370,36.8475209495,36.9034897625,35.7630409652353,33.01331070288236,34.89032699966797,34.445861164795645
371,36.8327923145,36.902016899,35.77532610418573,33.09041943905883,34.88377986330893,34.41446192870882
372,36.8151179525,36.9270555785,35.772353510339464,33.20842179711765,34.862783498,34.37121658785714
373,36.8445752225,36.9358927595,35.76090646094231,33.502647941,34.83958597103019,34.33398101861011
374,36.8180636795,36.9270555785,35.755006914285715,33.19421299629412,34.83918799546072,34.31100361269517
375,36.8445752225,36.943257077,35.77554311811414,33.11051969388235,34.85551475056604,34.31728621945897
376,36.8445752225,36.931474169,35.76723787536214,33.15106675964706,34.85017578229697,34.291671695000005
377,36.8092264985,36.9270555785,35.77844864288462,33.32677071129412,34.85090888509597,34.34923335787906
378,36.787133546,36.9270555785,35.751068488076925,33.05715005176471,34.8419966103192,34.3353722336
379,36.82248227,36.931474169,35.76113490658824,33.093885000235296,34.870062453421056,34.364342212057764
380,36.825427997,36.931474169,35.73311023196287,33.026479835352944,34.84099367371045,34.380546046684636
381,36.795970727000004,36.8975983085,35.775019389157535,33.22003142705883,34.85159170824795,34.42862925507853
382,36.8092264985,36.934419896,35.737917486023576,33.10116267870588,34.85677653211622,34.41507706016
383,36.7974435905,36.904962626,35.761124438873786,33.203396733411765,34.85549094200857,34.338057183562384
384,36.754730549,36.900544035500005,35.746253357403845,33.33370183364706,34.81875818213777,34.31054674335135
385,36.8003893175,36.9064354895,35.78094801491429,33.21310030470588,34.840684342390894,34.26802246758562
386,36.7886064095,36.8858154005,35.7283244022878,33.142749412823534,34.81576044551031,34.270971295181575
387,36.8327923145,36.9064354895,35.77473244187479,33.33751395094118,34.84098797510827,34.28232517611268
388,36.8092264985,36.904962626,35.771934970970875,33.22869533,34.84557697036819,34.32281509265845
389,36.776823501500004,36.912326943500005,35.71622283211321,33.11710426011765,34.840466094340556,34.378989982338354
390,36.787133546,36.8946525815,35.732838680582525,33.065640676647064,34.84804323195917,34.36587368
391,36.7827149555,36.896125445,35.71258463224688,33.12698110947059,34.83557069175953,34.38213641189807
392,36.7827149555,36.91085408,35.72377102294118,33.08626076564706,34.840779331057924,34.39246036876033
393,36.790079273,36.9093812165,35.72917738689655,33.01729609823529,34.855026556991646,34.2985515307027
394,36.76356773,36.8946525815,35.73342214581265,33.167008341058825,34.827047084399425,34.34284571950574
395,36.76356773,36.912326943500005,35.77130361027295,33.381180021764706,34.83991361176471,34.30539173259965
396,36.7827149555,36.912326943500005,35.75427967516505,32.988878496588235,34.86669367364532,34.369356670861286
397,36.7120175075,36.8740324925,35.73908391840777,32.97259035905883,34.85370257505311,34.41491791438961
398,36.769459184,36.912326943500005,35.75957667270058,33.08140898,34.86181560221135,34.42025113162041
399,36.7886064095,36.9152726705,35.797380238244415,33.206862294588234,34.88161621661082,34.293264852788994
400,36.7886064095,36.91085408,35.74028637194231,33.08920649264706,34.853483195605385,34.38408083867993
401,36.795970727000004,36.900544035500005,35.73401437704433,33.16804800941176,34.85283698689092,34.34142651872083
402,36.7915521365,36.913799807000004,35.766840468417854,33.124381938588236,34.83907814300723,34.346075401373625
403,36.7915521365,36.902016899,35.77990669629412,33.41185023817647,34.83928016082192,34.40632088
404,36.775350638,36.882869673500004,35.7903542764147,33.03687651888235,34.85843662494591,34.41293090032579
405,36.757676276,36.916745534,35.77402974700135,32.941920142647064,34.8629392818145,34.38433263889764
406,36.7591491395,36.916745534,35.78672479270006,33.09994973229412,34.87119412137028,34.39424185502929
407,36.7797692285,36.9211641245,35.77071609227024,33.04398091929412,34.88104507453448,34.420826291690744
408,36.766513457,36.9152726705,35.773566795818624,33.15193314994118,34.8566868481148,34.37806154119349
409,36.7620948665,36.916745534,35.80120984417734,33.20131739670588,34.85682173292162,34.331926475630254
410,36.7503119585,36.9152726705,35.82410741138462,33.243770521117646,34.8595203913395,34.31948955922006
411,36.7503119585,36.9093812165,35.82163375601923,33.14136318835294,34.837907708951334,34.38108359710736
412,36.748839095,36.8769782195,35.79098472877134,33.10254890317647,34.85277477102041,34.34454539745857
413,36.745893368000004,36.9211641245,35.783114992761966,33.312735188529416,34.852697507345134,34.20917008089888
414,36.7355833235,36.9152726705,35.76891613442009,33.223843544352945,34.836449794108916,34.32856610040541
415,36.757676276,36.913799807000004,35.74855408208262,33.200277728352944,34.863359068687785,34.365836329050815
416,36.7296918695,36.912326943500005,35.74548212194118,33.368704001529416,34.84975653266467,34.27413356148713
417,36.709071780500004,36.9093812165,35.7323822520519,33.29471427041177,34.83553262166911,34.30105111750944
418,36.737056187,36.899071172,35.722977514910895,33.228002217764704,34.832128943737025,34.333509067424814
419,36.760622003,36.907908353,35.74397675689109,33.180350751588236,34.85014389731463,34.351082027335245
420,36.7444205045,36.9064354895,35.748654653164905,33.227309105529415,34.84390605942771,34.3579459988169
421,36.742947641,36.8975983085,35.75760547948788,33.10393512764706,34.833595645043566,34.33642308779468
422,36.7179089615,36.893179718,35.74390769808126,33.058189720117646,34.83413149792894,34.32075461877629
423,36.728219006,36.913799807000004,35.783211749336736,33.356921093529415,34.82595077200205,34.35231320285998
424,36.765040593500004,36.9211641245,35.727513462285714,33.21500636335294,34.820950948816325,34.35233663874517
425,36.7532576855,36.922636988,35.72224468695801,33.455516309000004,34.84148846241486,34.33336988120658
426,36.7444205045,36.907908353,35.75372245629412,33.32347842817647,34.82505161704985,34.317081860867056
427,36.76356773,36.9152726705,35.74821214040287,33.15869099423529,34.83857704625,34.332251945
428,36.686978828,36.904962626,35.76063432552941,33.44511962547059,34.84782134241311,34.31043796749049
429,36.7355833235,36.9064354895,35.74286316682069,33.201490674764706,34.836280326231005,34.37244603694118
430,36.7738777745,36.912326943500005,35.75799569528713,33.284490864941176,34.842116287401495,34.351823751768066
431,36.754730549,36.91085408,35.72226339317931,33.26161816117647,34.84730415581489,34.402130536043956
432,36.772404911,36.91085408,35.75735405178218,33.33404838976471,34.84845934170277,34.33313589827554
433,36.760622003,36.916745534,35.769688602028396,33.35744092770588,34.845429421238855,34.34931626338028
434,36.7444205045,36.9182183975,35.75043017317647,33.216046031705886,34.83562476877021,34.3618736348169
435,36.7532576855,36.902016899,35.76130063680616,33.159210828411766,34.85635874960949,34.37495763719165
436,36.720854688500005,36.878451083,35.76384959617647,33.18364303470588,34.86042177249027,34.3585960210586
437,36.720854688500005,36.890233991,35.76337424978641,33.21032785576471,34.85018679823762,34.367049130764975
438,36.748839095,36.890233991,35.75317383590291,33.152106428,34.84078349777888,34.32954635987203
439,36.720854688500005,36.9034897625,35.76491861151457,33.159210828411766,34.85300762032609,34.350673822332155
440,36.720854688500005,36.884342537,35.74690237292936,33.10722741076471,34.845227866501666,34.348126445251395
441,36.7238004155,36.882869673500004,35.74311880175,33.070319184235295,34.841177646398485,34.358921462298646
442,36.7238004155,36.88139681,35.75562022585203,33.09249877576471,34.83044860307915,34.31189896534483
443,36.7238004155,36.884342537,35.748533967866166,33.252434424058826,34.83323268548248,34.367035732282005
444,36.734110460000004,36.888761127500004,35.73562064090133,33.156091823352945,34.85580542471577,34.32849819193214
445,36.754730549,36.882869673500004,35.74810387821154,33.21240719247059,34.847499052931454,34.346849859907834
446,36.725273279,36.882869673500004,35.755538043980586,33.16129016511765,34.84019608714932,34.3013218115
447,36.7061260535,36.854885267,35.76497040266807,33.10636102047059,34.8672427353775,34.3827693855618
448,36.7414747775,36.899071172,35.750408928357,33.334914780058824,34.82752877472264,34.36019789786885
449,36.7591491395,36.890233991,35.74871664570588,33.28119858182353,34.83795911827742,34.383867766202535
450,36.737056187,36.884342537,35.74132058022096,33.26924239576471,34.82946422553149,34.369695050491806
451,36.748839095,36.893179718,35.75705324564706,33.422246921705884,34.84193815991058,34.33828934461539
452,36.737056187,36.8917068545,35.75168003246207,33.22488321270588,34.844555143670824,34.37465635374761
453,36.70465319,36.8917068545,35.74974192095146,33.3707833382353,34.84474887251534,34.36146125818182
454,36.737056187,36.8858154005,35.72572444640492,33.338900175411766,34.84493728086432,34.37326997759036
455,36.7385290505,36.8858154005,35.75461248407921,33.426059039,34.841971817,34.36911249714286
456,36.7385290505,36.890233991,35.751815710035714,33.27409418141177,34.82389207972477,34.34413645851145
457,36.7385290505,36.8975983085,35.73920640226897,33.187455152,34.8180601714151,34.35299959193609
458,36.692870282,36.857830994000004,35.739361111538464,33.10220234705882,34.831647073263476,34.31019014250697
459,36.751784822000005,36.88139681,35.770609562956466,33.152106428,34.80930062027314,34.35158579063158
460,36.7296918695,36.8681410385,35.75303404643318,33.26750961517647,34.80645545,34.323621800416305
461,36.713490371,36.8327923145,35.785630222977666,33.02405394252941,34.85938533673731,34.36173733381443
462,36.714963234500004,36.8710867655,35.75076636223077,33.338900175411766,34.80827409879692,34.340635520956596
463,36.720854688500005,36.878451083,35.742358005012406,33.39192326141177,34.80651003037745,34.365053438824546
464,36.722327552,36.875505356000005,35.75466776447229,33.355015034882356,34.841470142969435,34.360793563241316
465,36.740001914000004,36.869613902,35.76749837250475,33.286396923588235,34.83127115906569,34.384011533855634
466,36.695816009,36.8651953115,35.750428845375254,33.343232126882356,34.819036726523606,34.367278351282955
467,36.707598917,36.8563581305,35.781624902881305,33.21777881229412,34.83330727934066,34.36766533972851
468,36.70465319,36.843102359,35.7391590254649,33.198371669705885,34.81993096878924,34.408928944598934
469,36.6560486945,36.8327923145,35.80095644224688,33.164582448235294,34.874578289439164,34.51748852955707
470,36.684033101000004,36.8681410385,35.792455721208164,33.293501324000005,34.85099137412006,34.490543307117754
471,36.686978828,36.8357380415,35.82059115209478,33.67956483905883,34.80748415166154,34.58815878634043
472,36.714963234500004,36.884342537,35.79526547735849,33.515470517352945,34.82300993743516,34.46574504668679
473,36.731164733,36.8858154005,35.732126876,32.96687218311765,34.84840020613293,34.406137566666665
474,36.714963234500004,36.8710867655,35.72791000245879,32.99788895564706,34.85874653935929,34.379369939375
475,36.7296918695,36.860776721,35.77112919555979,33.24394379917647,34.84665700479549,34.48761139148789
476,36.713490371,36.8858154005,35.72799860204402,33.192480215705885,34.852891429459326,34.40618320611584
477,36.67519592,36.857830994000004,35.786599152641514,32.97917492529412,34.86019951742088,34.403026132732
478,36.666358739,36.8416294955,35.81065060921896,33.15037364741177,34.81636138435147,34.353335432061854
479,36.676668783500006,36.872559629,35.81887429333334,33.020241825235296,34.84618819660378,34.30018538753695
480,36.663413012,36.857830994000004,35.82271827379717,32.927884619882356,34.84245113750711,34.333227707464786
481,36.684033101000004,36.893179718,35.805060088334976,32.981080983941176,34.83559142888889,34.31318931502582
482,36.676668783500006,36.884342537,35.78681496149754,33.1793110832353,34.820523064913296,34.366522307072565
483,36.719381825,36.890233991,35.79133619850962,33.18849482035294,34.83181835759569,34.327693968896675
484,36.703180326500004,36.893179718,35.82437814753247,32.941573586529415,34.84473014572553,34.392118282948964
485,36.7238004155,36.893179718,35.75637851228406,33.29956605605882,34.80914319412298,34.33979524057301
486,36.703180326500004,36.882869673500004,35.75910398861386,33.364198772,34.80084381760226,34.27703436117302
487,36.7002345995,36.869613902,35.80075436686043,33.50386088741177,34.81443616260745,34.335066951907834
488,36.666358739,36.8651953115,35.744115150588236,33.13668468076471,34.808924323745174,34.321166173898305
489,36.628064288000004,36.872559629,35.719131505943395,32.93550885447059,34.80268102448049,34.323557841089965
490,36.6972888725,36.854885267,35.72480333897087,33.120396543235294,34.82907120407447,34.37100078368132
491,36.676668783500006,36.893179718,35.70321663819051,33.47752262247059,34.81110632875445,34.343113435643566
492,36.657521558,36.887288264,35.69885185321953,33.14638825205883,34.81658455246637,34.34326336769231
493,36.676668783500006,36.893179718,35.703370109662075,33.678698448764706,34.825576912181816,34.37387438665414
494,36.672250193,36.887288264,35.70775816137864,33.030811786823534,34.84750879805985,34.321953376541785
495,36.5971341545,36.8681410385,35.74308373357143,33.04519386570588,34.813022925772444,34.36233201226158
496,36.64573865,36.884342537,35.741005001834615,33.18693531782353,34.79137171507914,34.3513505440362
497,36.6442657865,36.8917068545,35.71653505955882,33.02699966952942,34.826525002731415,34.364477507277584
498,36.666358739,36.8917068545,35.7369485046602,33.21154080217647,34.809214306536816,34.330031031590494
499,36.666358739,36.882869673500004,35.722208364198195,33.158344438117645,34.81837311409569,34.36069613428572
500,36.660467285,36.863722448000004,35.70067012036539,33.00014157041176,34.83185950466601,34.35313414842386
501,36.6707773295,36.866668175,35.70047845011529,33.09215221964706,34.823169492269066,34.29697995137363
502,36.6383743325,36.7886064095,35.72704461031017,33.083141760588234,34.80560093004392,34.306235589276376
503,36.692870282,36.8769782195,35.709866075807696,33.01227103452941,34.80164139642016,34.33683477042781
504,36.689924555000005,36.872559629,35.698983187221096,33.11502492341177,34.8051352824075,34.34812544241316
505,36.695816009,36.860776721,35.68107165949602,33.185029259176474,34.78726146186829,34.296279705958554
506,36.651630104,36.8033350445,35.671977844432774,33.242557574705884,34.778801107537596,34.28008914721312
507,36.651630104,36.82248227,35.68990102689655,33.26577683458824,34.78032380476504,34.28543557994662
508,36.6265914245,36.831319451,35.72049795399879,32.996329453117646,34.81083579935484,34.37719734731511
509,36.654575831,36.882869673500004,35.70544419278465,33.292288377588235,34.76136686065403,34.35849697923193
510,36.684033101000004,36.875505356000005,35.68909607872479,33.22332371017647,34.75216639096616,34.33279329535415
511,36.684033101000004,36.887288264,35.67487149460378,33.01019169782353,34.79813252263332,34.25632064179551
512,36.663413012,36.869613902,35.670738174197616,33.023707386411765,34.77926195497872,34.27731908168224
513,36.698761736,36.8740324925,35.798480623844455,33.60973378135294,34.81562154387734,34.48711410508022
514,36.698761736,36.8622495845,35.665124256186616,33.13980368582353,34.783716883686544,34.32910524247369
515,36.681087374,36.875505356000005,35.69851105720389,33.12056982129412,34.781952629375,34.3502994507563
516,36.681087374,36.869613902,35.67651893553846,32.99113111135294,34.793591349281556,34.29705649091696
517,36.636901469,36.848993813,35.671061406590766,33.080889145823534,34.79505237099851,34.26893373239184
518,36.6324828785,36.857830994000004,35.68777502746219,33.135645012411764,34.80692521884615,34.36519678948488
519,36.692870282,36.887288264,35.68549638925275,33.138417461352944,34.79308208641902,34.3303775406015
520,36.642792923,36.872559629,35.66471825542987,33.116064591764705,34.797860874414866,34.33264641594153
521,36.648684377,36.890233991,35.637589800266994,33.106014464352945,34.80693431687293,34.3145833251579
522,36.6619401485,36.8799239465,35.6571090284,33.48341407647059,34.77444248994944,34.370328194
523,36.6678316025,36.88139681,35.61366787348416,33.09561778082353,34.79614160012164,34.29693874956772
524,36.654575831,36.88139681,35.63375194299451,33.065640676647064,34.76138891415886,34.305010114250706
525,36.692870282,36.857830994000004,35.66200610471429,33.02492033282353,34.75804573568844,34.31310542794805
526,36.663413012,36.854885267,35.684325468877006,33.09128582935294,34.81275817855639,34.321581239280576
527,36.654575831,36.854885267,35.63028374058253,33.12576816305882,34.77192258236328,34.25168740256
528,36.648684377,36.843102359,35.645343975921755,33.01261759064706,34.782327858885715,34.283330935600745
529,36.6825602375,36.843102359,35.63627629941177,33.11953015294118,34.77457926035398,34.33741450716141
530,36.6413200595,36.826900860500004,35.64722205333334,33.194386274352944,34.77420831898051,34.399150336807935
531,36.6884516915,36.8534124035,35.640736466511804,33.13685795882353,34.78110656406327,34.32467571978846
532,36.6560486945,36.854885267,35.62296353257143,33.205822626235296,34.77911756454115,34.25412817726795
533,36.686978828,36.866668175,35.63134437765797,33.011231366176474,34.77754274161369,34.3319554748913
534,36.692870282,36.8416294955,35.64980237857143,33.10618774241176,34.77445670057831,34.31662431776
535,36.701707463000005,36.854885267,35.63641030433962,33.12611471917647,34.775785458173914,34.26447388927586
536,36.6501572405,36.875505356000005,35.673782203359224,33.051605153882356,34.82029450893015,34.32927069674419
537,36.619227107,36.88139681,35.66190253887851,33.197505279411764,34.774978843863636,34.30913718835821
538,36.664885875500005,36.875505356000005,35.75187769541081,33.19646561105883,34.801471514318635,34.39307647470433
539,36.6619401485,36.882869673500004,35.70297809381514,33.02630655729412,34.78380470026866,34.31454592082168
540,36.6324828785,36.857830994000004,35.63721524034286,33.028385894,34.76122504805007,34.30078835891748
541,36.6324828785,36.8651953115,35.633250198285715,33.11225247447059,34.78883051591155,34.3142875476345
542,36.6678316025,36.8681410385,35.656581066191066,33.07603736017647,34.82033352275292,34.30166125308311
543,36.666358739,36.854885267,35.68094014346535,33.09856350782353,34.80374936937218,34.329064319855206
544,36.64573865,36.8681410385,35.65814118680289,33.15383920858824,34.81950109835735,34.29866359602122
545,36.64573865,36.8681410385,35.644801588213596,33.015216761529416,34.80353072658858,34.28797661295082
546,36.64573865,36.8710867655,35.72474614038835,32.99026472105882,34.80599824181818,34.383301892814075
547,36.663413012,36.875505356000005,35.730479420927196,33.02855917205883,34.76851520471,34.35798694558824
548,36.6589944215,36.8651953115,35.72686120886792,32.925112170941176,34.771653808761066,34.27941714620968
549,36.6796145105,36.878451083,35.72507030566038,32.93689507894118,34.78247049054054,34.29377731890457
550,36.6619401485,36.8799239465,35.71174232280374,32.9760559202353,34.78217046814528,34.328830714219656
551,36.6707773295,36.893179718,35.73779608722222,33.03029195264706,34.77127005607613,34.27022351608424
552,36.666358739,36.869613902,35.80594772165908,32.949371099176474,34.777906664520955,34.31609268599222
553,36.684033101000004,36.878451083,35.74520730660714,33.19473283047059,34.75770868101001,34.313125093783135
554,36.6442657865,36.869613902,35.720365301912295,33.01902887882353,34.76328811386944,34.26520537199681
555,36.6442657865,36.854885267,35.68403406847969,33.076557194352944,34.76770573604843,34.335608898846154
556,36.6442657865,36.854885267,35.69420705752949,33.11918359682353,34.79105860615611,34.299206635070426
557,36.64573865,36.8298465875,35.68802991047838,33.12403538247059,34.78683289398248,34.28499485962529
558,36.616281380000004,36.8062807715,35.709721452202764,33.15886427229412,34.786808934503895,34.31798180193252
559,36.589769837,36.837210905,35.660013173509434,33.042941250941176,34.78838552821758,34.28356450774141
560,36.6118627895,36.801862181000004,35.63901105355173,33.23718595488236,34.754753799466805,34.25033475196532
561,36.6236456975,36.8121722255,35.6542339591326,33.026133279235296,34.78950165063107,34.27960883144828
562,36.6413200595,36.8710867655,35.70492634658928,33.14465547147059,34.75164194237305,34.31222792
563,36.6206999705,36.8327923145,35.65757225909151,33.16527556047059,34.77337845971429,34.29713167005525
564,36.631010015,36.801862181000004,35.69854053014825,33.045713699882356,34.75094937625788,34.2685522238342
565,36.6442657865,36.8357380415,35.73650303833333,32.98437326705883,34.74980164193278,34.220838077516895
566,36.639847196000005,36.825427997,35.70492723589504,33.02093493747059,34.752498906734104,34.228938219849624
567,36.648684377,36.82248227,35.7177949451752,32.94989093335294,34.7651542900048,34.28962777172414
568,36.631010015,36.810699362,35.693473950285714,33.006552858588236,34.75497352780059,34.26524049169974
569,36.6678316025,36.770932047500004,35.719506224265146,32.99459667252941,34.7831339352362,34.31492913066667
570,36.633955742,36.825427997,35.675723717509435,32.90657141864706,34.77292350291084,34.25333996773222
571,36.5617854305,36.826900860500004,35.67242598539623,33.04086191423529,34.76652428336394,34.299184545175514
572,36.628064288000004,36.8210094065,35.70323098023636,32.99061127717647,34.781468581194474,34.365745952
573,36.625118561,36.8210094065,35.711573133503975,33.177231746529415,34.77916068950593,34.35001303741253
574,36.642792923,36.8327923145,35.70112053224265,33.066853623058826,34.80307894935623,34.32675779737202
575,36.653102967500004,36.825427997,35.685956539447005,33.057496607882356,34.76176881399618,34.30995909542571
576,36.628064288000004,36.8210094065,35.66332166299452,33.00274074129412,34.75941578491144,34.30050554258492
577,36.636901469,36.828373724,35.632991570468754,33.01764265435294,34.7922404549758,34.28783874625
578,36.6413200595,36.82248227,35.63897414463786,33.014350371235295,34.78626434502633,34.25547706253886
579,36.647211513500004,36.837210905,35.69866253240553,33.01383053705882,34.77332146166822,34.21913819879581
580,36.6354286055,36.843102359,35.701884524645436,33.03167817711765,34.76388567787234,34.24696824805085
581,36.672250193,36.851939540000004,35.68882474008178,33.07828997494118,34.7809148441771,34.28449823958814
582,36.6737230565,36.8563581305,35.68040515393278,33.207382128764706,34.75438524497791,34.32552317368675
583,36.686978828,36.857830994000004,35.67351236375,33.06044233488235,34.7770421893437,34.27927610746457
584,36.669304466,36.848993813,35.63748654420862,32.9377614692353,34.75326830011533,34.30001477441823
585,36.695816009,36.851939540000004,35.723809468632076,32.885604773529415,34.77193202819963,34.30397802753919
586,36.6884516915,36.838683768500005,35.723357883125004,33.01209775647059,34.752127143500005,34.2951813226087
587,36.6913974185,36.8003893175,35.71017768959606,33.13044667064706,34.77264567985735,34.21820085570946
588,36.6560486945,36.781242092,35.68955841980583,32.998928624,34.74872858489796,34.303315209700706
589,36.657521558,36.795970727000004,35.71620448539806,32.86654418705882,34.73655629426079,34.23778808235187
590,36.631010015,36.7886064095,35.7319959548,32.97259035905883,34.71878480580925,34.248106918903225
591,36.598607018,36.8121722255,35.696882057714284,33.21500636335294,34.7481378550897,34.33962547566379
592,36.583878383,36.807753635,35.66797752727103,32.91384909711765,34.77931198159881,34.270471644570975
593,36.589769837,36.714963234500004,35.67454730393899,33.02977211847059,34.7665905969653,34.27385969702128
594,36.616281380000004,36.7503119585,35.61814568688627,33.021801327764706,34.75482202496024,34.25285617181818
595,36.616281380000004,36.776823501500004,35.613581524217395,33.20253034311765,34.74836149756345,34.24983743409692
596,36.6148085165,36.775350638,35.62842530588235,33.15851771617647,34.738197296977084,34.271452552685425
597,36.619227107,36.765040593500004,35.67840047819643,33.25330081435294,34.75668698309049,34.19982357654639
598,36.616281380000004,36.7532576855,35.63751063817647,33.10376184958824,34.729971115349954,34.29530690110526
599,36.610389926,36.7503119585,35.63431518141748,33.09111255129412,34.76766350780511,34.28680256127886
600,36.6089170625,36.748839095,35.64744331533981,33.13685795882353,34.77708721698779,34.26639690292308
601,36.5971341545,36.725273279,35.66999064764706,33.15037364741177,34.761842529811325,34.243373462559326
602,36.591242700500004,36.709071780500004,35.63436046362864,33.16336950182353,34.74861394961039,34.217815224218754
603,36.5941884275,36.7120175075,35.630048659191985,33.02405394252941,34.75208082703774,34.27179276452632
604,36.585351246500004,36.695816009,35.67618269870968,33.05125859776471,34.75005832367052,34.27932070325132
605,36.595661291,36.7061260535,35.673843177425745,33.129060446176474,34.7469948728,34.30596153288591
606,36.6000798815,36.765040593500004,35.65281884674545,33.104801517941176,34.745428543634546,34.30984211827206
607,36.595661291,36.742947641,35.61359653991724,33.20963474352941,34.73990998699088,34.323695023449545
608,36.591242700500004,36.726746142500005,35.63225652447742,33.06772001335294,34.7398101728,34.29218483855908
609,36.5824055195,36.775350638,35.63750143507332,33.13027339258824,34.77058986282365,34.30498858752607
610,36.5558939765,36.781242092,35.67054049013103,33.19022760094118,34.76821099391705,34.33750539532609
611,36.622172834,36.82248227,35.661904338235296,33.34548474164706,34.771324511105604,34.269175923841914
612,36.6059713355,36.8003893175,35.70691765401844,33.07430457958824,34.765273489777115,34.257210433239436
613,36.6000798815,36.82248227,35.74352634165049,33.080889145823534,34.78104670142857,34.26743064723982
614,36.6177542435,36.826900860500004,35.72432544605195,33.032717845470586,34.766709284012094,34.340700851996516
615,36.622172834,36.8327923145,35.73446873277972,32.994769950588235,34.78451831027108,34.330487403316326
616,36.619227107,36.875505356000005,35.739437618083414,33.15262626217647,34.758487143288384,34.35597942160584
617,36.628064288000004,36.8416294955,35.776110164857144,32.928231176000004,34.789393425349544,34.35742642042553
618,36.639847196000005,36.834265178,35.79162603267925,33.024573776705886,34.76047337,34.330220809361705
619,36.6206999705,36.825427997,35.785228284506886,32.95716861182353,34.741931815079774,34.34495465084948
620,36.610389926,36.8210094065,35.79610946622642,33.27132173247059,34.77956216042726,34.391502469334355
621,36.6118627895,36.7915521365,35.75160461335294,32.94330636711765,34.799973910136984,33.29371079792
622,36.41008049,36.760622003,35.65989576974563,32.914542209352945,34.74952056902153,32.810825728979935
623,36.5441110685,35.5042694375,35.704469772500005,32.79913902217647,34.74558052821134,33.00961193765782
624,36.548529659,36.4763593475,35.628703427546796,32.71111376829412,34.747832258070865,32.34796736494472
625,36.4999251635,36.1847323745,35.59507195360294,33.00014157041176,34.7419421737921,33.846075706639006
626,36.533801024,36.231864006500004,35.56743969952153,33.068759681705885,34.69079987748111,34.12308982125889
627,36.5676768845,36.535273887500004,35.678796612427185,33.19733200135294,34.708481433274336,34.27728079149648
628,36.5706226115,36.5323281605,35.69583587560817,33.08036931164706,34.69470539247759,34.29769989759545
629,36.539692478,36.519072389,35.67836762305826,33.18416286888235,34.71326694415039,34.292821129410804
630,36.5500025225,36.5264367065,35.65468095198872,33.18554909335294,34.70481898039351,34.27053073005771
631,36.585351246500004,36.5441110685,35.645863428566095,32.962713509705885,34.74373270464755,34.250796460051816
632,36.5882969735,36.545583932,35.65467106744106,32.94642537217647,34.711014250000005,34.26229750930116
633,36.5647311575,36.545583932,35.627063672233014,32.91714138023529,34.731044465209436,34.261543892454696
634,36.610389926,36.5588397035,35.65187949376374,33.02249444,34.73192773698259,34.26646367893511
635,36.6118627895,36.5588397035,35.625359936676624,33.217952090352945,34.7420166182027,34.27695366907301
636,36.592715564,36.5588397035,35.64379955378641,33.004820078,34.74800303101254,34.275170319818336
637,36.601552745,36.5441110685,35.634927758393665,33.060095778764705,34.74631207111556,34.29131973564557
638,36.566204021000004,36.55736684,35.632077385591714,33.051951710000004,34.75082910059347,34.24050792227273
639,36.610389926,36.560312567000004,35.6727064663214,33.141189910294116,34.767252982894476,34.346372132115384
640,36.607444199,36.5647311575,35.625817133267326,33.053511212529415,34.76617624880743,34.2918954756212
641,36.6148085165,36.563258294,35.65132582785225,32.86827696764706,34.747874087433715,34.19662059148276
642,36.5941884275,36.5264367065,35.646326392934654,33.00083468264706,34.75011069675894,34.251067612967034
643,36.589769837,36.530855297,35.65118923776018,33.082102092235296,34.723320056486486,34.25441668266304
644,36.583878383,36.522018116,35.650220200598056,33.035490294411765,34.74416402893681,34.264121033905965
645,36.592715564,36.539692478,35.666242460576925,33.19074743511765,34.72884061299401,34.23741494501348
646,36.58682411,36.536746751,35.65021932061987,33.04848614882353,34.74677858628688,34.27615748354756
647,36.5882969735,36.541165341500005,35.680776672,33.004993356058826,34.74965175840649,34.241564435786756
648,36.575041202,36.5323281605,35.64752042750291,33.04068863617647,34.73990995754317,34.21895991611785
649,36.563258294,36.541165341500005,35.627826320000004,33.02699966952942,34.731764038496095,34.191276403057216
650,36.583878383,36.5500025225,35.63373171135302,32.97466969576471,34.73178159209817,34.20533284976583
651,36.580932656,36.569149748,35.63191420282247,32.98991816494118,34.74111245739046,34.25614588676296
652,36.5617854305,36.5647311575,35.62228441289321,32.9635799,34.72523290289168,34.22097308916031
653,36.5794597925,36.5794597925,35.64234730880482,32.96912479788235,34.74096695937067,34.23317570199149
654,36.577986929,36.585351246500004,35.63365097746939,33.116757704,34.73344068135289,34.22437112909711
655,36.585351246500004,36.592715564,35.65382647260797,33.05645693952941,34.75851866484455,34.24741944052771
656,36.5706226115,36.5941884275,35.63779515647059,33.023707386411765,34.76391606696513,34.21002363112903
657,36.585351246500004,36.604498472,35.64132589883673,33.143962359235296,34.756655837766544,34.21660122389262
658,36.5706226115,36.5971341545,35.6090820347479,32.884738383235295,34.74611229451872,34.28327552262848
659,36.5735683385,36.610389926,35.63035533012387,32.80000541247059,34.74889343612191,34.28092114089194
660,36.5558939765,36.591242700500004,35.649461963981786,32.95127715782353,34.73217375435284,34.222240835115684
661,36.566204021000004,36.5971341545,35.65838283403774,33.04744648047059,34.72693185685546,34.194027837366185
662,36.5882969735,36.6000798815,35.63821406640584,32.965832514764706,34.73870521638164,34.18542739565824
663,36.5882969735,36.589769837,35.602012446300634,33.11571803564706,34.731895011552446,34.230216692936025
664,36.5735683385,36.591242700500004,35.5536588246602,33.04848614882353,34.74215389792232,34.228007820551724
665,36.6324828785,36.6118627895,35.545184960582525,33.10410840570589,34.72068330573991,34.28900752071066
666,36.6236456975,36.622172834,35.56934140490874,33.01539003958824,34.750865640851664,34.21485814809932
667,36.631010015,36.619227107,35.573116736768476,32.86463812841177,34.73996039834546,34.233611972426345
668,36.585351246500004,36.607444199,35.574517679390695,32.99979501429412,34.73461106737705,34.260926101734604
669,36.6059713355,36.6148085165,35.56037623117647,32.91783449247059,34.75315239162517,34.26567120848869
670,36.592715564,36.613335653,35.57745103134616,33.094924668588234,34.741620178921885,34.23093678909091
671,36.5617854305,36.603025608500005,35.60166725715385,33.09371172217647,34.71093406814576,34.276393089067135
672,36.545583932,36.603025608500005,35.55904733379955,32.91298270682353,34.7046153387585,34.210341531970805
673,36.55736684,36.616281380000004,35.58181863415094,33.010364975882354,34.73425520494818,34.21073503336107
674,36.542638205,36.595661291,35.57432486807693,33.103242015411766,34.71987830207768,34.24751575172766
675,36.566204021000004,36.6265914245,35.565820316013316,33.20859507517647,34.74010701243667,34.289902174873525
676,36.5529482495,36.622172834,35.52236992893981,33.19300004988236,34.70997718066131,34.23256938678992
677,36.551475386,36.591242700500004,35.541049063076926,33.121956045764705,34.7411355386353,34.225271922699825
678,36.560312567000004,36.639847196000005,35.55713390743077,33.18936121064706,34.73095983014327,34.27771048651934
679,36.575041202,36.639847196000005,35.50850949909091,33.127847499764705,34.698457339241926,34.244278494019525
680,36.5735683385,36.6324828785,35.50458962521739,32.91280942876471,34.720122567369366,34.21668023099448
681,36.5794597925,36.6324828785,35.53220763651765,33.17237996088235,34.71019708586494,34.208725895391304
682,36.5765140655,36.6354286055,35.52031253992532,33.16960751194118,34.6903030110974,34.17491905061838
683,36.5441110685,36.5882969735,35.52079556196298,33.1292337242353,34.69665382666975,34.22308860157143
684,36.542638205,36.583878383,35.50289016733278,32.84124559047059,34.69794944118577,34.18291983172656
685,36.5676768845,36.592715564,35.54321309241165,33.065640676647064,34.693418808717496,34.23075844216847
686,36.569149748,36.603025608500005,35.549112466215384,33.17064718029412,34.704666353687884,34.22455777368421
687,36.5588397035,36.563258294,35.560205304158416,33.13824418329412,34.688942046307055,34.25035300065823
688,36.55736684,36.604498472,35.55598151313187,33.225749603000004,34.692385330990675,34.179609727727275
689,36.5765140655,36.604498472,35.535871261497256,33.134605344058826,34.71032618252853,34.16747203171861
690,36.5735683385,36.613335653,35.54627587158879,33.055070715058825,34.6888606195186,34.06576650625954
691,36.5765140655,36.6000798815,35.55919509687119,33.142402856705885,34.680651453579095,34.256127831680736
692,36.563258294,36.5941884275,35.553523993125,33.10289545929412,34.713460062391405,34.247382520292085
693,36.529382433500004,36.5882969735,35.55619407016075,33.17411274147059,34.72666523522527,34.19639798702128
694,36.539692478,36.5882969735,35.545946618956044,33.080542589705885,34.71310564564717,34.1347637047421
695,36.5647311575,36.601552745,35.569357300256065,33.17757830264706,34.68596540690707,34.179754862085076
696,36.5470567955,36.589769837,35.558180111192115,33.05021892941176,34.7023418371769,34.21482209453459
697,36.4940337095,36.535273887500004,35.56365622897143,33.32226548176471,34.70348834550219,34.30106834319613
698,36.563258294,36.6059713355,35.525893361623304,33.07569080405882,34.70950114102493,34.23364433331052
699,36.5500025225,36.598607018,35.53541883223301,33.28119858182353,34.69864865714797,34.212069865820894
700,36.548529659,36.6000798815,35.525207202941175,33.10220234705882,34.70209199325792,34.19212133705882
701,36.575041202,36.6148085165,35.54033966905661,33.183123200529415,34.70982517542048,34.15876713241379
702,36.5706226115,36.6236456975,35.54874128303297,33.036356684705886,34.703524430857925,34.2306352736
703,36.569149748,36.6177542435,35.561575157369234,33.16371605794118,34.72540519142857,34.2377894138843
704,36.5617854305,36.6148085165,35.530458353257146,32.97761542276471,34.6814675992508,34.19780414406518
705,36.580932656,36.6295371515,35.54795615396227,33.16146344317647,34.70815020662796,34.155921448033475
706,36.583878383,36.6295371515,35.57185644776699,33.10965330358824,34.71551510155951,34.23162535792737
707,36.591242700500004,36.6295371515,35.572334787115906,33.216912422,34.72098981819266,34.10923810238806
708,36.5588397035,36.585351246500004,35.53902701220408,33.15002709129412,34.69195885497908,34.21740216153846
709,36.5794597925,36.6619401485,35.5706673944744,32.986972437941176,34.69327981485947,34.13955528139738
710,36.577986929,36.6501572405,35.569734448591646,33.08972632682353,34.70054955852901,34.12987755357664
711,36.5794597925,36.6295371515,35.570717589655175,32.99840878982353,34.700949551933455,34.20554601090909
712,36.5617854305,36.6177542435,35.557850458730044,33.048312870764704,34.6650542384957,34.22178357410117
713,36.5529482495,36.631010015,35.50831396742857,33.18000419547059,34.64621658645813,34.27168895334792
714,36.519072389,36.622172834,35.518354338452795,33.14032352,34.666635540063986,34.12989902703204
715,36.539692478,36.6295371515,35.52840772497359,32.94971765529412,34.68256680947097,34.0370219370965
716,36.55736684,36.583878383,35.56877574215261,33.174459297588236,34.64994104495413,34.19166501761566
717,36.542638205,36.6148085165,35.56622411882692,33.067893291411764,34.69410740046406,34.16343941294915
718,36.539692478,36.6236456975,35.553238642057146,32.955609109294116,34.66298770850829,34.164996490390045
719,36.5470567955,36.631010015,35.57093404496429,32.91073009205883,34.70162730343096,34.19203251511729
720,36.5382196145,36.6265914245,35.540165225085715,32.95907467047059,34.686402277769446,34.123977759465056
721,36.5588397035,36.6265914245,35.57455541602556,32.82998251664706,34.71992988200845,34.15297127884183
722,36.548529659,36.631010015,35.56507765914286,32.934815742235294,34.7006032344993,34.18619639359793
723,36.5470567955,36.6354286055,35.56636326537864,32.95699533376471,34.70408687929105,34.22358106373173
724,36.542638205,36.595661291,35.57170471247718,33.07205196482353,34.70386082536266,34.14065144213576
725,36.530855297,36.628064288000004,35.55754660237871,33.04554042182353,34.69251748970297,34.22958137426434
726,36.533801024,36.5794597925,35.60775014907637,32.87243564105882,34.67671599573771,34.1940417350348
727,36.533801024,36.5765140655,35.613938671875005,33.04086191423529,34.69346911218339,34.23265997592705
728,36.4851965285,36.6118627895,35.5830244624554,32.92840445405882,34.70553642614482,34.21559486513747
729,36.5441110685,36.6059713355,35.5963531811186,33.123862104411764,34.69973813157749,34.253664405531914
730,36.539692478,36.6295371515,35.59142903388419,33.08348831670588,34.728064907829314,34.26287282998393
731,36.539692478,36.628064288000004,35.591822990000004,33.17359290729412,34.709793601538465,34.214596873128365
732,36.530855297,36.619227107,35.57077931531814,33.002220907117646,34.67797971500677,34.196826182912
733,36.535273887500004,36.607444199,35.57323707385047,32.99771567758824,34.70234689349631,34.227338272112675
734,36.554421113000004,36.5971341545,35.59089627002214,33.053511212529415,34.671995931062305,34.199174295546875
735,36.5588397035,36.6206999705,35.5545029237931,32.90691797476471,34.69421506408372,34.23205273329609
736,36.5470567955,36.628064288000004,35.56901833025155,33.03514373829412,34.694133313185596,34.229035611229136
737,36.5500025225,36.625118561,35.54660417808886,32.956822055705885,34.70647068103335,34.233954800982
738,36.4940337095,36.603025608500005,35.543950693024954,33.18000419547059,34.70443896966118,34.208684927915996
739,36.5175995255,36.6148085165,35.561628640815584,32.96202039747059,34.71362516619337,34.16368552556651
740,36.52790957,36.6148085165,35.56528339245715,33.19767855747059,34.68867860935259,34.2582439017463
741,36.542638205,36.572095475,35.578027998119815,33.051951710000004,34.70468840180086,34.23407001712171
742,36.536746751,36.572095475,35.582190178908604,32.88265904652941,34.691988809600005,34.261690136081086
743,36.5470567955,36.5735683385,35.601854018524705,32.9259785612353,34.68988816758183,34.198238363474715
744,36.523490979500004,36.5824055195,35.58357120649317,32.71544571976471,34.69842269479088,34.204785305163455
745,36.529382433500004,36.589769837,35.598618651094164,32.94798487470588,34.715253496023564,34.20778351307498
746,36.5323281605,36.572095475,35.59762632396154,32.98471982317647,34.689526578966536,34.2039579368517
747,36.486669392,36.5794597925,35.58758730411765,32.95197027005882,34.70060859548387,34.20089265028259
748,36.492560846,36.5617854305,35.60166847540323,33.03289112352941,34.6814907931333,34.212304275813956
749,36.507289481,36.5617854305,35.607948333841584,32.876940870588236,34.692269989797495,34.20615532638938
750,36.524963843,36.5794597925,35.59617667886148,32.929444122411766,34.66998841294118,34.19440628892606
751,36.5117080715,36.589769837,35.56970115782353,32.88248576847059,34.665379005363505,34.199583968351064
752,36.5205452525,36.5765140655,35.575169536230796,32.87364858747059,34.67804370528681,34.18693552896926
753,36.474886484,36.595661291,35.5690630544958,32.90501191611765,34.684343542337665,34.20276186948742
754,36.5175995255,36.6000798815,35.59381247882353,32.92580528317647,34.67780964545181,34.2165966710186
755,36.530855297,36.6089170625,35.586780296590234,33.07742358464706,34.68777340807882,34.195480380987014
756,36.513180935,36.604498472,35.59814425398352,32.896521291235295,34.698524180718735,34.198371130688756
757,36.5058166175,36.601552745,35.569882621841316,32.900853242705885,34.708901965378715,34.234547602604074
758,36.529382433500004,36.601552745,35.58808982580902,32.97345674935294,34.68882317861386,34.1949246313089
759,36.539692478,36.6177542435,35.57236105007692,32.92875101017647,34.698939472182595,34.205241396939314
760,36.529382433500004,36.616281380000004,35.57702126792233,32.957688446,34.68882206754286,34.21404738753247
761,36.541165341500005,36.633955742,35.5730152499938,32.88733755411765,34.69848949635078,34.20395874258905
762,36.52790957,36.598607018,35.581005487466335,32.90795764311765,34.668831635341554,34.21152032183086
763,36.523490979500004,36.591242700500004,35.57486198337273,32.975362808,34.69441290013612,34.238338644189795
764,36.498452300000004,36.5706226115,35.53439265568317,32.99217077970589,34.67640760611296,34.21182200079156
765,36.541165341500005,36.5765140655,35.55427941058824,33.098216951705886,34.66913712540303,34.20419907638279
766,36.539692478,36.563258294,35.53280371304,33.02249444,34.661884014173914,34.22682600471233
767,36.5617854305,36.589769837,35.539684305275145,33.11658442594118,34.66798803307404,34.21595861175844
768,36.5588397035,36.601552745,35.55395645506641,33.139976963882354,34.675950386691554,34.191279429990885
769,36.5500025225,36.598607018,35.59364795218182,33.01053825394118,34.693373052426615,34.262766564273974
770,36.5441110685,36.604498472,35.55344474572843,33.032717845470586,34.67291698615917,34.223495314078214
771,36.5382196145,36.610389926,35.55058996372141,33.13945712970588,34.676173594382355,34.185074696
772,36.5175995255,36.613335653,35.54347265563442,33.15730476976471,34.664031906220394,34.21060433
773,36.5323281605,36.589769837,35.58262796657201,33.013657259,34.67458925791357,34.25765235897481
774,36.529382433500004,36.5794597925,35.63761363300971,33.30060572441177,34.68784496315945,34.27065452987544
775,36.529382433500004,36.5264367065,35.62642084241177,33.06997262811765,34.678127888981976,34.224236658834954
776,36.5175995255,36.542638205,35.58896822562035,33.11519820147059,34.6616696675762,34.18740949521664
777,36.5264367065,36.548529659,35.596569879350916,33.14777447652941,34.66729279744868,34.17531586756318
778,36.5117080715,36.536746751,35.567417165698025,33.07915636523529,34.655079294729276,34.146742957316455
779,36.522018116,36.5529482495,35.58352284013593,32.97761542276471,34.648673892408404,34.18575655309123
780,36.5323281605,36.548529659,35.55878729572008,33.07291835511765,34.6561946342,34.20030926974866
781,36.4851965285,36.55736684,35.55984289768763,33.033064401588234,34.65747311979592,34.15652057224599
782,36.52790957,36.5382196145,35.57368522537526,33.116064591764705,34.65831059520079,34.194304109359784
783,36.5323281605,36.5382196145,35.55649683862069,33.15002709129412,34.67950399867294,34.14252586597092
784,36.533801024,36.535273887500004,35.56740332121353,33.200277728352944,34.671101555683805,34.151894354375
785,36.5175995255,36.5323281605,35.56822796237323,33.093365166058824,34.672243045446685,34.18090913237651
786,36.524963843,36.551475386,35.54303293427992,32.928924288235294,34.65970617410891,34.211059760890535
787,36.5205452525,36.589769837,35.57436453796218,32.97570936411765,34.645897602951806,34.19956593625588
788,36.5205452525,36.591242700500004,35.59579511378641,32.95387632870588,34.65541394399015,34.20372824199815
789,36.533801024,36.591242700500004,35.581256241803395,33.106014464352945,34.663445450674665,34.2561370251709
790,36.507289481,36.583878383,35.572011000820694,32.95145043588236,34.664082234407864,34.224212307989134
791,36.507289481,36.595661291,35.56003540737864,32.931176903,34.66454619559472,34.19515483218071
792,36.504343754000004,36.583878383,35.55776864873786,32.944692591588236,34.65970153444934,34.167990705691345
793,36.483723665,36.591242700500004,35.56448115963939,32.98350687676471,34.65219210765664,34.15522320906568
794,36.477832211,36.583878383,35.549981459852695,32.924592336764704,34.63902261469388,34.16004974949301
795,36.5028708905,36.58682411,35.56315509782353,33.00204762905882,34.64645571209629,34.17996949385609
796,36.4999251635,36.577986929,35.563161349006485,32.91142320429412,34.65506459494439,34.17808728691218
797,36.492560846,36.575041202,35.5611574208925,33.02855917205883,34.642272542523976,34.16067884901079
798,36.491087982500005,36.5676768845,35.55561337659664,33.072571799,34.645060764589836,34.18553981078948
799,36.504343754000004,36.5529482495,35.566610937128715,33.052298266117646,34.67544864045249,34.19129672900819
800,36.5117080715,36.613335653,35.579339644321074,33.00741924888236,34.682261312306125,34.247043234334605
801,36.522018116,36.589769837,35.57474490277228,32.96392645611765,34.67683840743719,34.249720031164586
802,36.8151179525,36.8475209495,35.704393401800004,33.23372039370588,34.937537177717395,34.324484034317344
803,36.8504666765,36.848993813,35.76160389837341,33.251568033764705,34.93996288486091,34.384142278896164
804,36.8475209495,36.846048086,35.739301542512806,33.271495010529414,34.916046350867056,34.39878723436084
805,36.8298465875,36.860776721,35.748818412184875,33.240998072176474,34.924067448421056,34.40302998121597
806,36.810699362,36.8445752225,35.751293813025214,33.40994417952941,34.930617428548075,34.361114118636365
807,36.8062807715,36.8445752225,35.74183998217143,33.273054513058824,34.920612771975016,34.39149674416596
808,36.613335653,36.772404911,35.69486049211539,33.28310464047059,34.935421557221076,34.46399188017513
809,36.787133546,36.840156632,35.71447222552521,33.34704424417647,34.91850822852379,34.420914723383795
810,36.775350638,36.840156632,35.724682586407766,33.31308174464706,34.93380022789499,34.38714123231579
811,36.7856606825,36.828373724,35.696630313335646,33.35588142517647,34.91378221911974,34.37377168827281
812,36.7856606825,36.8180636795,35.679131514842034,33.206862294588234,34.907897693161594,34.36804772937675
813,36.7797692285,36.825427997,35.66513191657825,33.25486031688236,34.92228697338048,34.38954678520399
814,36.719381825,36.775350638,35.705818011757614,33.32330515011765,34.92235826892051,34.400537515726796
815,36.731164733,36.8357380415,35.68267469923231,33.26924239576471,34.88084814,34.365377736125
816,36.7238004155,36.819536543,35.703569515754936,33.46435349,34.92702078660586,34.3579744606314
817,36.787133546,36.8298465875,35.69719520803941,33.17393946341176,34.92524015838665,34.35649542742451
818,36.795970727000004,36.828373724,35.688396908998676,33.288822816411766,34.91812143150408,34.36995709693662
819,36.737056187,36.826900860500004,35.68840202956143,33.298526387705884,34.909000619837244,34.39990923165655
820,36.748839095,36.8298465875,35.73144659917647,33.18762843005882,34.961040433253245,34.416484389888225
821,36.737056187,36.838683768500005,35.738356543100004,33.40890451117647,34.94278530842312,34.434599118747826
822,36.734110460000004,36.826900860500004,35.68049138524272,33.2735743472353,34.90431331438968,34.28559116994737
823,36.716436098,36.838683768500005,35.67696373192308,33.30649717841177,34.903693825391386,34.36638428005329
824,36.701707463000005,36.816590816,35.70126184880482,33.250008531235295,34.90962285351222,34.33584995670213
825,36.707598917,36.8180636795,35.67237834560647,33.259018990294116,34.89293898675325,34.389370978592964
826,36.6737230565,36.757676276,35.68320590638338,33.20720885070588,34.920598306178256,34.344017366428574
827,36.701707463000005,36.751784822000005,35.670611298031474,33.206862294588234,34.903039003653845,34.36422902277425
828,36.6972888725,36.8121722255,35.69904090674,33.32261203788235,34.91359055639393,34.41189987478187
829,36.719381825,36.807753635,35.68916616190417,33.31672058388236,34.91388215684459,34.33118344486392
830,36.698761736,36.790079273,35.70353617965714,33.178617971,34.90853236970492,34.367196637750226
831,36.7179089615,36.82248227,35.69354987797931,33.337340672882355,34.882599479788865,34.37127423417808
832,36.716436098,36.8298465875,35.676242461886794,33.257806043882354,34.88368536710744,34.31734241715026
833,36.720854688500005,36.831319451,35.70136690154595,33.19230693764706,34.899620211184214,34.376709933442356
834,36.698761736,36.8327923145,35.71488533220938,33.11589131370588,34.908233040973535,34.349481143065695
835,36.710544644,36.846048086,35.729993121880185,33.20235706505883,34.92601492957746,34.404584455740434
836,36.698761736,36.838683768500005,35.73263881146154,33.25416720464706,34.915407684536376,34.37318725722365
837,36.731164733,36.851939540000004,35.75998169730035,33.04623353405883,34.96021594039253,34.40594646164706
838,36.6913974185,36.8416294955,35.719742908054904,33.23701267682353,34.92647614748024,34.3889700843761
839,36.698761736,36.826900860500004,35.749115460285715,33.11623786982353,34.93065711974684,34.34199227741364
840,36.70465319,36.7562034125,35.7308282563301,33.176018800117646,34.91578188334138,34.35443672874372
841,36.714963234500004,36.819536543,35.75279995691429,33.159557384529414,34.930199352211126,34.344460366007006
842,36.6943431455,36.848993813,35.741671654914285,33.08331503864706,34.92398499692308,34.31745913294118
843,36.695816009,36.816590816,35.73582545777852,33.10462823988235,34.925709591658006,34.348496965740075
844,36.6589944215,36.7473662315,35.73776835100971,33.20408984564706,34.92620303526987,34.383276620000004
845,36.5735683385,36.7562034125,35.758243976923076,33.351029639529415,34.935165314356894,34.45187588127434
846,36.7120175075,36.8534124035,35.79214446260255,33.33127594082353,34.91321477,34.440874298551535
847,36.722327552,36.826900860500004,35.79764981942857,33.23025483252941,34.946281813947245,34.420175952388064
848,36.731164733,36.8210094065,35.799771614466025,33.1557452672353,34.93602886645341,34.40795560977215
849,36.7414747775,36.840156632,35.81798716305452,33.34011312182353,34.918622607902165,34.377427632268045
850,36.725273279,36.8327923145,35.7552584377734,33.16804800941176,34.92110361153846,34.390795687189325
851,36.722327552,36.8504666765,35.77952658474286,33.21465980723529,34.9346190319832,34.3680883981491
852,36.742947641,36.8416294955,35.7877697739605,33.24966197511765,34.9344328773444,34.378388926277374
853,36.731164733,36.7827149555,35.78710518090641,33.240651516058826,34.923427917520215,34.35782022913005
854,36.7296918695,36.838683768500005,35.79235684994032,33.529159484000004,34.89739007156509,34.3671983590625
855,36.7473662315,36.846048086,35.7828888138022,33.24186446247059,34.93909049543053,34.401296729476535
856,36.7856606825,36.834265178,35.778793158836734,33.202703621176475,34.944621696809875,34.36881756476923
857,36.7797692285,36.866668175,35.79123552673205,33.22419010047059,34.896068285327516,34.410692964422935
858,36.7738777745,36.878451083,35.77644032764745,33.31152224211765,34.92237805568647,34.417459826
859,36.692870282,36.872559629,35.777752971395806,33.072745077058826,34.93747388479651,34.391008139968875
860,36.7532576855,36.834265178,35.778833425801885,33.09787039558824,34.942985530782366,34.406569166144884
861,36.757676276,36.8180636795,35.7478516948972,33.30667045647059,34.920632778937005,34.41096052357143
862,36.769459184,36.837210905,35.75784402734375,33.15262626217647,34.91609163774486,34.338314892946784
863,36.754730549,36.8475209495,35.714969073836734,33.40197338882353,34.91602491517476,34.40094980418033
864,36.7120175075,36.840156632,35.70708870631776,33.26924239576471,34.910036342186615,34.36825058046472
865,36.7120175075,36.843102359,35.70973614783486,33.19889150388235,34.92818007502134,34.388447751377925
866,36.709071780500004,36.8416294955,35.7047363494717,33.0732649112353,34.921389829729215,34.35663963081308
867,36.7355833235,36.8327923145,35.686888631570085,33.43021771241177,34.92510598649879,34.36264366551104
868,36.7444205045,36.8239551335,35.70692253610981,33.36922383570588,34.90965836077922,34.352056525729445
869,36.7238004155,36.826900860500004,35.75378021564706,33.221071095411766,34.945704183633666,34.415964808803494
870,36.67519592,36.826900860500004,35.726634060269234,33.22782893970589,34.91588105166272,34.36901668915937
871,36.6855059645,36.798916454,35.755481036060004,33.41548907741176,34.925858220207104,34.42576418156115
872,36.6737230565,36.7679863205,35.73353565590291,33.627408143352945,34.93772562564381,34.40002350254545
873,36.676668783500006,36.787133546,35.727692241235296,33.43420310776471,34.923919801026145,34.34325418123325
874,36.5941884275,36.813645089000005,35.70425019946687,33.180350751588236,34.940090099935695,34.36569239332727
875,36.707598917,36.8622495845,35.732021632885434,33.41860808247059,34.91657908410282,34.380367469654544
876,36.6855059645,36.857830994000004,35.76026637705883,33.3354346142353,34.910989552649745,34.36646909075812
877,36.689924555000005,36.8445752225,35.74170163476891,33.235106618176474,34.92448153571212,34.401561839753306
878,36.6707773295,36.8445752225,35.76475182160028,33.31741369611765,34.923915605344654,34.404667620762226
879,36.707598917,36.8092264985,35.74038398534654,33.29765999741176,34.91499646664567,34.392322839432126
880,36.716436098,36.8180636795,35.755687849791954,33.67505960952941,34.89277294668002,34.39716704
881,36.713490371,36.8210094065,35.71912888235294,33.303204895294115,34.886272204663676,34.35266398093023
882,36.709071780500004,36.7915521365,35.723011116718446,33.242211018588236,34.88635419780756,34.37877682907326
883,36.7002345995,36.8121722255,35.761448564174756,33.288822816411766,34.90816167105263,34.39332405132759
884,36.7002345995,36.8180636795,35.748795649878296,33.31793353029412,34.909798387632904,34.40509718894281
885,36.737056187,36.816590816,35.715895581008404,33.33699411676471,34.91536255790486,34.384226072362345
886,36.714963234500004,36.8062807715,35.71640961134918,33.3590004302353,34.890852292840236,34.38279092924694
887,36.737056187,36.790079273,35.71429918089053,33.346697688058825,34.911218265870446,34.39181763531222
888,36.726746142500005,36.810699362,35.71885534384332,33.32105253535294,34.91503906460577,34.354714925367134
889,36.6943431455,36.772404911,35.726649700361904,33.38620508547059,34.912471726879296,34.402161232327586
890,36.7326375965,36.748839095,35.711290755444296,33.336127726470586,34.89624408838803,34.377226992160544
891,36.745893368000004,36.8210094065,35.71220847408102,33.28189169405883,34.903596655526314,34.35911487823377
892,36.7414747775,36.816590816,35.68820742921154,33.30060572441177,34.88362191817476,34.38190043069888
893,36.748839095,36.8239551335,35.720553777615386,33.33404838976471,34.9007789240516,34.367460205048204
894,36.7355833235,36.8121722255,35.717795577002654,33.21448652917647,34.92022884849432,34.33913056135856
895,36.7591491395,36.793025,35.743553107653845,33.20894163129412,34.92315389253438,34.374017050231316
896,36.754730549,36.7414747775,35.740818942077674,33.245676579764705,34.91171236053869,34.38021148353766
897,36.7591491395,36.751784822000005,35.74871789690319,33.242211018588236,34.89518051361411,34.32099366050922
898,36.740001914000004,36.728219006,35.730570812135284,33.195945776882354,34.90159291079844,34.335141138769806
899,36.714963234500004,36.7179089615,35.72053033681698,33.22834877388235,34.89848003552747,34.35289851201063
900,36.6972888725,36.737056187,35.725598739735716,33.09111255129412,34.92891231147722,34.40625111174664
901,36.7238004155,36.742947641,35.70788315087378,33.47648295411765,34.881643597169614,34.38564252910526
902,36.707598917,36.7414747775,35.7103489376511,33.26924239576471,34.87972049227792,34.33914110542987
903,36.713490371,36.748839095,35.711421214649725,33.20547607011765,34.88777498388235,34.32134476213904
904,36.731164733,36.745893368000004,35.758283575941746,33.216046031705886,34.88680140719333,34.39929584
905,36.726746142500005,36.766513457,35.73639650167308,33.14136318835294,34.91496135007364,34.385898936718604
906,36.6972888725,36.760622003,35.72973972600922,33.10133595676471,34.9131261355096,34.35276460241224
907,36.676668783500006,36.742947641,35.6801429500198,33.07673047241177,34.90666045727686,34.33402435092527
908,36.714963234500004,36.765040593500004,35.664975644588864,33.16319622376471,34.8801992108,34.34809777424
909,36.70465319,36.76356773,35.640085428897365,33.35345553235294,34.90773027745128,34.3996156083572
910,36.720854688500005,36.770932047500004,35.65728585978502,33.25763276582353,34.90345242536801,34.31024927642857
911,36.7355833235,36.709071780500004,35.664149082913724,33.327117267411765,34.90011035542381,34.31920669654479
912,36.7355833235,36.709071780500004,35.67376708189488,33.20201050894118,34.894122877647064,34.29564667844828
913,36.666358739,36.6943431455,35.66675612388235,33.20305017729412,34.903920677293236,34.37415266859599
914,36.7179089615,36.7120175075,35.64324875262136,33.24359724305882,34.89678044933718,34.31433244012259
915,36.734110460000004,36.713490371,35.67091479729412,33.282931362411766,34.89098739880383,34.364634933858135
916,36.731164733,36.710544644,35.68366274990075,33.213620138882355,34.89677954052555,34.361367377949165
917,36.701707463000005,36.757676276,35.69915141834617,33.29332804594118,34.91208581182609,34.382089301440146
918,36.70465319,36.7738777745,35.70427674765385,33.15054692547059,34.91872324850147,34.37107102183288
919,36.714963234500004,36.7738777745,35.699502908659724,33.21310030470588,34.906205550405474,34.379061762168256
920,36.734110460000004,36.707598917,35.68721786632401,33.254340482705885,34.90731896284289,34.4138002779658
921,36.719381825,36.838683768500005,35.68952761125714,33.22956172029412,34.91086792115108,34.39193996223881
922,36.722327552,36.8121722255,35.72833639554286,33.13356567570588,34.923000718098976,34.344595878644355
923,36.663413012,36.684033101000004,35.709439621805274,33.20235706505883,34.91487170189774,34.38860500449418
924,36.6825602375,36.7797692285,35.68914418020284,33.181910254117646,34.91435114873268,34.389202667
925,36.676668783500006,36.748839095,35.69290926269231,33.349470137,34.90131461128675,34.35990048506505
926,36.6737230565,36.748839095,35.65542241353936,33.392096539470586,34.867460338938656,34.38658109407471
927,36.6855059645,36.819536543,35.68219196994875,33.170127346117646,34.879718530090436,34.37837333485666
928,36.6855059645,36.793025,35.6868977241106,33.307883402882354,34.89602757608425,34.392281920597014
929,36.7002345995,36.801862181000004,35.7038915372,33.20235706505883,34.90784465206151,34.3766128401473
930,36.672250193,36.776823501500004,35.71134703196429,33.1793110832353,34.922965282228574,34.352874938519136
931,36.676668783500006,36.775350638,35.67816109369363,33.24203774052941,34.90464390978166,34.35162804641133
932,36.6855059645,36.754730549,35.71870667218608,33.18416286888235,34.892081541396024,34.39187916868025
933,36.6884516915,36.76356773,35.71301686719626,33.221417651529414,34.894034512729874,34.331559886417914
934,36.684033101000004,36.7503119585,35.702939270735854,33.243423965,34.89637786016299,34.35826551663071
935,36.541165341500005,36.6943431455,35.64987656125687,33.308749793176474,34.908001420676925,34.38890766104693
936,36.6855059645,36.7856606825,35.66321492960161,33.348257190588235,34.9104363454128,34.36208524271845
937,36.669304466,36.775350638,35.6830969165728,33.23649284264706,34.90456150211429,34.34888474705254
938,36.672250193,36.76356773,35.6853002136931,33.33162249694118,34.86060568703422,34.33483155163517
939,36.657521558,36.7385290505,35.70101001194231,33.37390234329412,34.912189166987716,34.318464155497026
940,36.6707773295,36.714963234500004,35.71384818495853,33.22557632494118,34.886147281208316,34.3390810408079
941,36.669304466,36.737056187,35.667094786047635,33.203396733411765,34.894063205255684,34.35087470250417
942,36.657521558,36.713490371,35.66708342688236,33.37338250911765,34.90467099654369,34.34354167098176
943,36.653102967500004,36.734110460000004,35.67293828428701,33.21136752411765,34.86525176075949,34.29196007742215
944,36.64573865,36.7238004155,35.64536220765385,33.38256624623529,34.86669893378444,34.29674532706619
945,36.669304466,36.7679863205,35.686553829714285,33.28189169405883,34.852235545037736,34.32888951146363
946,36.5588397035,36.642792923,35.61444046653846,33.310309295705885,34.88696457755123,34.35470142570168
947,36.648684377,36.790079273,35.61973490366048,33.314121413,34.880742617446224,34.33624860408163
948,36.678141647000004,36.760622003,35.67675652965049,33.236319564588236,34.89360280650647,34.31260055207613
949,36.686978828,36.745893368000004,35.688231546930695,33.414449409058825,34.8967240208,34.26886311355009
950,36.689924555000005,36.692870282,35.667972389797164,33.18364303470588,34.88088786865546,34.27387051215909
951,36.692870282,36.722327552,35.65137998151194,33.25399392658824,34.854341660759495,34.25635063302326
952,36.6737230565,36.7355833235,35.673372608911954,33.31654730582353,34.85596316236645,34.266963216438356
953,36.6177542435,36.713490371,35.689701856713995,33.336474282588235,34.85147253356768,34.31462924142596
954,36.6589944215,36.748839095,35.655820530506915,33.11121280611765,34.87398053393822,34.32633912856643
955,36.6589944215,36.7738777745,35.67627345828846,33.21465980723529,34.8872652513656,34.33439407344493
956,36.67519592,36.760622003,35.675574051764706,33.34340540494118,34.884788192279345,34.35101215810858
957,36.6560486945,36.7414747775,35.67912872737143,33.27322779111765,34.872483386266545,34.34707570364769
958,36.6560486945,36.7385290505,35.68539459483019,33.236319564588236,34.87748497552153,34.29341444992481
959,36.663413012,36.742947641,35.69087965922581,33.24169118441176,34.889307993600774,34.304291992172416
960,36.6707773295,36.725273279,35.66282021084112,33.23493334011765,34.87786447620144,34.31707741895652
961,36.6855059645,36.7473662315,35.68671638874766,33.38031363147059,34.88645324800971,34.36243295895099
962,36.64573865,36.695816009,35.651499138903844,33.31152224211765,34.87847404574757,34.33336787654822
963,36.660467285,36.714963234500004,35.68352393908572,33.28587708941176,34.8721566886331,34.35804862782842
964,36.6206999705,36.709071780500004,35.70518591576355,33.308749793176474,34.89026810620384,34.41100189669771
965,36.6589944215,36.720854688500005,35.63873853846602,33.29471427041177,34.87949487322339,34.36017188272727
966,36.6442657865,36.7061260535,35.64343615538462,33.24186446247059,34.880075606058256,34.33887428934037
967,36.663413012,36.745893368000004,35.620315992708406,33.32763710158824,34.8532026772114,34.32691568558497
968,36.654575831,36.725273279,35.638409406392576,33.24273085276471,34.87014373090379,34.33860697978339
969,36.6177542435,36.740001914000004,35.68345302883931,33.284490864941176,34.87232519812621,34.34881296424497
970,36.6206999705,36.7355833235,35.64783403564516,33.3354346142353,34.86977381352767,34.36289227896875
971,36.633955742,36.726746142500005,35.63611891696111,33.324691374588234,34.86809307140088,34.32491971602941
972,36.622172834,36.726746142500005,35.61986140955665,33.33110266276471,34.86512765316493,34.29239580743456
973,36.6383743325,36.7532576855,35.64576832878818,33.44633257188235,34.8645249792955,34.31178440430089
974,36.625118561,36.737056187,35.618942381428575,33.268029449352944,34.88056614700049,34.32635376359249
975,36.631010015,36.737056187,35.62133246505548,33.27825285482353,34.85919462973246,34.352120972129384
976,36.64573865,36.7120175075,35.64404636029557,33.357614205764705,34.874774378701304,34.30453179342883
977,36.654575831,36.710544644,35.64406299592523,33.35206930788235,34.861896582880384,34.31979556390978
978,36.6206999705,36.672250193,35.60284013249057,33.277039908411766,34.8593635808,34.31607447085376
979,36.672250193,36.6943431455,35.640809339,33.24481018947059,34.86757903275812,34.32549730955883
980,36.64573865,36.669304466,35.64699030764825,33.39192326141177,34.84527372193199,34.260855952713314
981,36.651630104,36.684033101000004,35.6345033012,33.369743669882354,34.859974421176474,34.29408881013575
982,36.6560486945,36.6707773295,35.60296388057692,33.361946157235295,34.865901000571725,34.33976176338156
983,36.636901469,36.725273279,35.628479500878086,33.439921283705885,34.84817931542015,34.29763643054908
984,36.6383743325,36.6796145105,35.61515381923077,33.56104264682353,34.84754163558442,34.29907457699248
985,36.6236456975,36.6619401485,35.64135904019231,33.34288557076471,34.8578283012987,34.30854664544304
986,36.595661291,36.695816009,35.60894337347728,33.299392778,34.821986250210934,34.311808846155145
987,36.610389926,36.725273279,35.62305199777489,33.37199628464706,34.85860368710014,34.32321545555178
988,36.6118627895,36.707598917,35.60132062169643,33.465393158352946,34.875751032913385,34.29748357123826
989,36.6206999705,36.713490371,35.61975622783693,33.25122147764706,34.85938688701299,34.33986895264449
990,36.6059713355,36.701707463000005,35.6111884175,33.28622364552941,34.87169653670838,34.304582135341505
991,36.628064288000004,36.689924555000005,35.61806034204868,33.340632956,34.869517457076775,34.385284967159606
992,36.616281380000004,36.728219006,35.637944658457144,33.284490864941176,34.881092235162704,34.36444809483088
993,36.6206999705,36.728219006,35.62668000534562,33.399200939882355,34.87158802743747,34.369978180179594
994,36.616281380000004,36.7120175075,35.644245256859406,33.29246165564706,34.85635443720712,34.332565122487225
995,36.6177542435,36.7385290505,35.63770272573272,33.42709870735294,34.884763862672415,34.36827863415617
996,36.6206999705,36.7238004155,35.65129862085715,33.29765999741176,34.888620975479846,34.31428236852941
997,36.6324828785,36.7179089615,35.67748286085715,33.37164972852941,34.88814995994211,34.26442332461674
998,36.6236456975,36.709071780500004,35.682173173911686,33.277386464529414,34.86588852540541,34.29225514218966
999,36.6236456975,36.6943431455,35.69609836884615,33.16492900435294,34.88069167945592,34.257454398257714
1000,36.5882969735,36.713490371,35.70617963271008,33.22332371017647,34.85473368974513,34.28691602945921
1001,36.5882969735,36.7002345995,35.69246298803745,33.26629666876471,34.85590883544186,34.31393770961679
1002,36.613335653,36.740001914000004,35.683249930638006,33.24030495994118,34.85903627939182,34.333438684289696
1003,36.613335653,36.7444205045,35.70185355827921,33.30511095394118,34.86642305964176,34.33873419120755
1004,36.5941884275,36.7326375965,35.664260283006364,33.22592288105882,34.86156836993516,34.29741380560592
1005,36.607444199,36.737056187,35.66887396682353,33.27426745947059,34.87644998250516,34.31570428214352
1006,36.592715564,36.737056187,35.68477190170024,33.28899609447059,34.87310933007534,34.302966885463135
1007,36.604498472,36.734110460000004,35.66960539192501,33.300085890235295,34.8873379717207,34.34606806244486
1008,36.591242700500004,36.6855059645,35.66055662,33.395735378705886,34.863872319218984,34.327919513700934
1009,36.6000798815,36.710544644,35.64910795919378,33.26005865864706,34.867961548369955,34.30520991089908
1010,36.58682411,36.698761736,35.64518712371458,33.268376005470586,34.85936148349113,34.295582110739375
1011,36.5882969735,36.657521558,35.64934920425176,33.18208353217647,34.85862101409692,34.29390822258065
1012,36.585351246500004,36.657521558,35.660749473458324,33.10722741076471,34.861475903700445,34.2852783347331
1013,36.5824055195,36.657521558,35.66475491040384,33.21483308529412,34.8549839296,34.30424744094737
1014,36.52790957,36.5882969735,35.61495635135747,33.19178710347059,34.857186789373046,34.299334174275295
1015,36.5971341545,36.684033101000004,35.59362735269231,33.208075241,34.8487562300151,34.28508613114163
1016,36.5941884275,36.701707463000005,35.632833465755894,33.15869099423529,34.87173819731178,34.258968571170215
1017,36.604498472,36.6913974185,35.63437238,33.26491044429412,34.86907816564729,34.286507731861086
1018,36.6000798815,36.6913974185,35.62621204889321,33.242211018588236,34.86698375189689,34.311698491385705
1019,36.6000798815,36.6825602375,35.641065976026354,33.21881848064706,34.87287178011174,34.29251621236842
1020,36.589769837,36.686978828,35.6400307282825,33.28743659194118,34.87381755456753,34.30232648566929
1021,36.6059713355,36.707598917,35.64235910432049,33.24948869705882,34.87095260070727,34.31183053771479
1022,36.607444199,36.709071780500004,35.6321035028932,33.242211018588236,34.854868204933005,34.327963347180855
1023,36.613335653,36.709071780500004,35.630289391257605,33.20876835323529,34.860931711000994,34.31993948303655
1024,36.6089170625,36.678141647000004,35.64184816378286,33.28622364552941,34.84805848732938,34.30450876856886
1025,36.589769837,36.695816009,35.65997650364828,33.28189169405883,34.883994392609566,34.34493545479088
1026,36.577986929,36.6678316025,35.65095648442069,33.358307318,34.85991361743539,34.34497229429384
1027,36.5765140655,36.669304466,35.66062038032467,33.47059150011765,34.86601757955157,34.35452571095506
1028,36.5882969735,36.6383743325,35.65248283736916,33.30043244635294,34.854402028093304,34.32827696714152
1029,36.592715564,36.6560486945,35.640319943085714,33.31169552017647,34.84360303690597,34.318505117886936
1030,36.6000798815,36.642792923,35.63731109336429,33.39261637364706,34.862272489819276,34.34511203329578
1031,36.613335653,36.666358739,35.658515870823365,33.333875111705886,34.89943515683689,34.36976180638672
1032,36.601552745,36.657521558,35.65780493692143,33.425365926764705,34.8779800321194,34.34322141624186
1033,36.583878383,36.672250193,35.670092047400004,33.28431758688235,34.8827115192541,34.32530655415534
1034,36.5706226115,36.657521558,35.65188521584416,33.190054322882354,34.87029093039001,34.34320196
1035,36.577986929,36.657521558,35.659498670909095,33.222977154058825,34.875772377730065,34.3448046607083
1036,36.5617854305,36.6619401485,35.63264001197857,33.11918359682353,34.861278820591714,34.28501041418647
1037,36.575041202,36.6737230565,35.624225987,33.31152224211765,34.846176577142856,34.28796545770461
1038,36.575041202,36.654575831,35.60519321058824,33.39192326141177,34.85447693147103,34.3041348782903
1039,36.580932656,36.654575831,35.61750493331683,33.15002709129412,34.87934988337068,34.31049796236994
1040,36.5706226115,36.654575831,35.59575918294118,33.22193748570589,34.86299496034935,34.290003366376276
1041,36.577986929,36.6707773295,35.63777376411765,33.185722371411764,34.88154374921959,34.30851468457143
1042,36.5765140655,36.676668783500006,35.60723447072136,33.112599030588235,34.878666120000005,34.292380675773586
1043,36.589769837,36.695816009,35.60656537722689,33.19109399123529,34.877130021343284,34.30746537179963
1044,36.5765140655,36.664885875500005,35.59979901456311,33.206169182352944,34.875010166882355,34.28778003737855
1045,36.580932656,36.664885875500005,35.616698018,33.187281873941174,34.86015376377025,34.29190048342427
1046,36.577986929,36.664885875500005,35.627680261866125,33.23008155447059,34.84415978212077,34.29061372818681
1047,36.585351246500004,36.666358739,35.62700308324544,33.11485164535294,34.845750447354085,34.303378745934886
1048,36.583878383,36.639847196000005,35.62301813264145,33.06772001335294,34.84702247467066,34.291020067076076
1049,36.595661291,36.6678316025,35.63660772690325,33.179484361294115,34.86988816320671,34.30650859260274
1050,36.5971341545,36.6707773295,35.62259359766807,33.11225247447059,34.86147183153731,34.29164526626703
1051,36.592715564,36.67519592,35.6117759734512,33.134951900176475,34.853749800682046,34.28436296936971
1052,36.58682411,36.6501572405,35.603877091914285,33.131313060941174,34.83643283058412,34.28016369700183
1053,36.58682411,36.657521558,35.62382582583817,33.181563698000005,34.83850186753594,34.30666308474286
1054,36.589769837,36.6354286055,35.6039455780042,33.19022760094118,34.83917308236527,34.287522024094635
1055,36.6000798815,36.660467285,35.6212147994,33.189707766764705,34.85307305650546,34.300620440513796
1056,36.5971341545,36.6354286055,35.59840211090909,33.137204514941175,34.86708869029765,34.306261271290325
1057,36.589769837,36.651630104,35.60397532910891,33.33699411676471,34.826876029067755,34.2797019848
1058,36.5882969735,36.647211513500004,35.59167253246818,33.16874112164706,34.820081376949844,34.290506237938935
1059,36.595661291,36.657521558,35.606044305350004,33.20824851905883,34.83064394,34.31660776991485
1060,36.58682411,36.6265914245,35.58644355455446,33.20443640176471,34.84872793713433,34.29338818514546
1061,36.592715564,36.633955742,35.58167289342999,33.14413563729412,34.84086778491474,34.312357418665414
1062,36.592715564,36.6295371515,35.59409307009286,33.246889526176474,34.828458503671015,34.30934998084746
1063,36.524963843,36.5735683385,35.590862028392,33.148987422941175,34.86973946823713,34.344475062848836
1064,36.5882969735,36.647211513500004,35.580133237469234,33.290728875058825,34.84641696608965,34.334940035903614
1065,36.589769837,36.6589944215,35.58766418950495,33.26906911770588,34.85087055346815,34.312930049684404
1066,36.583878383,36.654575831,35.59880623329286,33.20998129964706,34.846872529235384,34.2992488925
1067,36.585351246500004,36.654575831,35.58759288088276,33.272014844705886,34.83775163584071,34.30919875424658
1068,36.55736684,36.654575831,35.59163086730552,33.22055126123529,34.83078204184772,34.27811405076487
1069,36.580932656,36.672250193,35.59041751241177,33.25035508735294,34.8224342228,34.28532204692453
1070,36.5794597925,36.669304466,35.57478736611813,33.19975789417647,34.826223618672564,34.293788006865114
1071,36.5882969735,36.672250193,35.59105286529412,33.08626076564706,34.83236417053097,34.29550035592921
1072,36.5794597925,36.660467285,35.601177218108575,33.13183289511765,34.840025292896286,34.3115402551604
1073,36.585351246500004,36.676668783500006,35.58444362674682,33.20946146547059,34.8373804045135,34.30858988781369
1074,36.569149748,36.619227107,35.592014270974026,33.12056982129412,34.833331822643444,34.282393616091085
1075,36.5735683385,36.6737230565,35.62091445076471,33.08192881417647,34.82515974056853,34.3287342734819
1076,36.554421113000004,36.67519592,35.60685986180582,33.242211018588236,34.840895414665276,34.33417380107692
1077,36.5205452525,36.583878383,35.5611342829703,33.31550763747059,34.824582455969335,34.21639786509695
1078,36.5765140655,36.647211513500004,35.60831126338558,33.22020470511765,34.82220530537807,34.237938553513516
1079,36.554421113000004,36.633955742,35.6014228031133,33.03185145517647,34.80899627830904,34.23598303928637
1080,36.55736684,36.628064288000004,35.57511925068965,33.14638825205883,34.80896412530792,34.260590836209964
1081,36.5382196145,36.616281380000004,35.579274082962186,33.22436337852941,34.817537652761715,34.21477550015831
1082,36.523490979500004,36.6148085165,35.621993312964285,33.198718225823534,34.81399517163692,34.33283135707496
1083,36.551475386,36.6354286055,35.594742740571434,33.17896452711765,34.8046379394592,34.319632596
1084,36.566204021000004,36.625118561,35.578139524243696,33.145002027588234,34.83082526980126,34.27032709632224
1085,36.598607018,36.6324828785,35.58352423239351,33.212060636352945,34.811333627762906,34.26270509514512
1086,36.598607018,36.6295371515,35.57918232241379,33.216046031705886,34.81560177597858,34.29122928894034
1087,36.598607018,36.651630104,35.6069551927767,33.24186446247059,34.83130903392962,34.26326083664
1088,36.5941884275,36.6295371515,35.58340428926429,32.98835866241177,34.846349041569574,34.32637486237477
1089,36.5558939765,36.5941884275,35.60749562076331,33.06200183741176,34.82334199779842,34.26157410328461
1090,36.5617854305,36.6560486945,35.62838296520924,33.24879558482353,34.84627535783759,34.283150691755324
1091,36.4763593475,36.6000798815,35.57906779955883,33.35085636147059,34.822687482564625,34.300541748804164
1092,36.5647311575,36.6619401485,35.5627039179681,33.17237996088235,34.81224845715649,34.253296025652176
1093,36.554421113000004,36.654575831,35.585355587596794,33.13200617317647,34.81565507132416,34.26064241264
1094,36.5529482495,36.6177542435,35.564570891405836,33.29402115817647,34.849014231764706,34.22763300737649
1095,36.5617854305,36.5617854305,35.54586569239011,33.299392778,34.84691536352831,34.22354998049914
1096,36.5500025225,36.6118627895,35.53079556330693,33.296620329058825,34.81595146419587,34.252068639402175
1097,36.560312567000004,36.607444199,35.58559367483871,33.276173518117645,34.837694439940385,34.32237915243523
1098,36.563258294,36.6295371515,35.56453993186077,33.175672244,34.83167612789474,34.25632756727273
1099,36.569149748,36.625118561,35.56250028754642,33.15539871111765,34.84059212565074,34.28044433633803
1100,36.560312567000004,36.631010015,35.59877817875,33.19196038152941,34.85006735810467,34.27106296668983
1101,36.55736684,36.619227107,35.6142643545007,33.25572670717647,34.841125149411766,34.288797815
1102,36.5735683385,36.6265914245,35.589908576226414,33.27080189829412,34.83693018895843,34.23961199326247
1103,36.5588397035,36.607444199,35.58849881890625,33.32018614505883,34.82955406650957,34.29759295549536
1104,36.52790957,36.5676768845,35.56973833319816,33.251914589882354,34.8302509837069,34.25886585228976
1105,36.522018116,36.5824055195,35.550576456601945,33.216046031705886,34.823744168188306,34.22401470180196
1106,36.483723665,36.554421113000004,35.60292546038209,33.24203774052941,34.80317384818866,34.26659613083612
1107,36.5470567955,36.577986929,35.56055255883995,33.21847192452941,34.80882459716722,34.24818998576159
1108,36.533801024,36.5676768845,35.56310844603846,33.121262933529415,34.814443545531915,34.22632681728931
1109,36.530855297,36.5735683385,35.61632858689109,33.25832587805883,34.81120377789724,34.183577787533395
1110,36.530855297,36.5617854305,35.62060677113462,33.2470628042353,34.770598437308784,34.18732053339755
1111,36.541165341500005,36.6413200595,35.574616203714285,33.064081174117646,34.77274606633729,34.26879874691976
1112,36.523490979500004,36.633955742,35.60939478700461,32.96323334388235,34.82290269789773,34.27887549655173
1113,36.548529659,36.5941884275,35.61770852629127,33.298526387705884,34.83341381557936,34.208617808901735
1114,36.55736684,36.6148085165,35.655775328526644,33.135298456294116,34.8267522275,34.28510512172152
1115,36.551475386,36.5971341545,35.56422464170386,33.25208786794118,34.80508521726028,34.29325043023018
1116,36.539692478,36.5941884275,35.57402274223077,33.069626072,34.80830897593536,34.22629667518113
1117,36.5558939765,36.6089170625,35.54885368977115,33.195599220764706,34.80845975043817,34.2758044466436
1118,36.554421113000004,36.607444199,35.566858986427185,33.16319622376471,34.802583238828575,34.23975947415385
1119,36.566204021000004,36.613335653,35.565543419029126,33.17671191235294,34.81249365531915,34.274964465840554
1120,36.5470567955,36.5971341545,35.556280556061225,33.10150923482353,34.804088823901076,34.25106098982097
1121,36.5500025225,36.6148085165,35.51957096848656,33.242211018588236,34.809817162743194,34.186213936351685
1122,36.5146537985,36.6148085165,35.571246961019234,33.10376184958824,34.78373915825,34.2161041185275
1123,36.495506573,36.589769837,35.570277101085715,33.24827575064706,34.80096842781501,34.282093071712886
1124,36.4969794365,36.58682411,35.54455914693596,33.14760119847059,34.8195842918,34.25419915955774
1125,36.5264367065,36.583878383,35.58225567153846,33.242557574705884,34.821549287909555,34.19663490298969
1126,36.510235208000005,36.5941884275,35.58067194734491,33.15591854529412,34.822800813076924,34.24309472204189
1127,36.5175995255,36.5882969735,35.58229192664,33.31446796911765,34.82045645802941,34.3000237463472
1128,36.4969794365,36.585351246500004,35.55262364247059,33.15470559888235,34.79423659137464,34.283317275421055
1129,36.495506573,36.577986929,35.59510253133289,33.12663455335294,34.808994604210525,34.26031240953206
1130,36.4881422555,36.569149748,35.58493703842308,33.12576816305882,34.81892628774731,34.19978041391383
1131,36.523490979500004,36.601552745,35.592019940316376,33.23926529158824,34.83232463391691,34.23660528032
1132,36.510235208000005,36.6000798815,35.58439988506796,33.255033594941175,34.82981169469208,34.2448276419132
1133,36.516126662000005,36.6059713355,35.584084478842506,33.277039908411766,34.839429094659586,34.28787856795394
1134,36.5028708905,36.592715564,35.56975704794175,33.42935132211765,34.81255617406484,34.21702111412927
1135,36.5117080715,36.566204021000004,35.58342863070588,33.28864953835294,34.82743491571006,34.28078439818697
1136,36.504343754000004,36.55736684,35.55873622138614,33.182256810235295,34.79930340772727,34.26360931629493
1137,36.529382433500004,36.5676768845,35.57383984285007,33.31741369611765,34.80217642703133,34.24168769133758
1138,36.522018116,36.5588397035,35.58283951798444,33.4886124182353,34.80662357268197,34.26600386501946
1139,36.5146537985,36.5588397035,35.53702867164074,33.38828442217647,34.80885418462882,34.19799257265269
1140,36.501398027,36.5500025225,35.528585010918405,33.596044814705884,34.786116653104465,34.22232448441729
1141,36.4999251635,36.5500025225,35.52066646766234,33.370090226,34.79381766528804,34.25430302824428
1142,36.519072389,36.5558939765,35.5458696488,33.40387944747059,34.81205235936524,34.20838532661017
1143,36.5205452525,36.55736684,35.55108177741259,33.44477306935294,34.8291406547973,34.239473630538924
1144,36.522018116,36.5676768845,35.5315514014077,33.43922817147059,34.81204902428219,34.2274931648
1145,36.4498478045,36.513180935,35.53226275020408,33.16770145329412,34.79408895632149,34.28982907897338
1146,36.5146537985,36.589769837,35.5416587955102,33.31758697417647,34.80078712771499,34.25510240260116
1147,36.519072389,36.592715564,35.52589790059406,33.16059705288235,34.79288532057751,34.192758884689525
1148,36.516126662000005,36.5824055195,35.534297448391946,33.09059271711765,34.78914082243297,34.139531937542536
1149,36.536746751,36.583878383,35.5191399038,33.194906108529416,34.80474040418628,34.18052824802595
1150,36.530855297,36.583878383,35.54187490193277,33.25486031688236,34.794151210579,34.19957164460674
1151,36.541165341500005,36.589769837,35.545546746512606,33.25572670717647,34.795839472920356,34.17342026207477
1152,36.530855297,36.583878383,35.52968355279412,33.17775158070588,34.809271417176355,34.19630730335165
1153,36.5382196145,36.583878383,35.50812693714286,33.133738953764706,34.800915686712464,34.237237189942086
1154,36.524963843,36.5676768845,35.53122214245436,33.22817549582353,34.80706526142511,34.2161495461157
1155,36.5264367065,36.5824055195,35.508645946185716,33.087300434,34.82535599121561,34.237214155753044
1156,36.5323281605,36.575041202,35.518966823628006,33.16129016511765,34.810330898626866,34.2480330117742
1157,36.536746751,36.5941884275,35.52107091434229,33.141189910294116,34.80880419889601,34.226624950526315
1158,36.541165341500005,36.583878383,35.553420996585714,33.25035508735294,34.82693957804305,34.278813068553
1159,36.541165341500005,36.589769837,35.55254894473126,33.29280821176471,34.8307972136,34.239969228504236
1160,36.535273887500004,36.569149748,35.540924364349365,33.15851771617647,34.82182704700637,34.21443879215329
1161,36.5382196145,36.5794597925,35.5358978174,33.12958028035294,34.82593714769903,34.26441960648445
1162,36.507289481,36.5470567955,35.567941993333335,33.077077028529416,34.816274064585606,34.23892971642651
1163,36.5087623445,36.585351246500004,35.570735788231964,33.21050113382353,34.819358744386136,34.25790770273764
1164,36.507289481,36.5558939765,35.53721949808572,33.20564934817647,34.816239130889116,34.24800901595308
1165,36.5028708905,36.5706226115,35.57305216295,33.23545317429412,34.81459394282498,34.248916565815065
1166,36.5028708905,36.560312567000004,35.57467059517493,33.06633378888235,34.80699365339184,34.26270215559615
1167,36.5028708905,36.5617854305,35.54247972487143,33.165448838529414,34.783922612328766,34.221024780535885
1168,36.479305074500004,36.5647311575,35.55706674142028,33.19819839164706,34.79622044854093,34.246476363667625
1169,36.4969794365,36.5706226115,35.55193942650345,33.169780790000004,34.80352630307692,34.25047885387067
1170,36.491087982500005,36.5617854305,35.5481607698,33.11641114788235,34.78717734742714,34.225753783142856
1171,36.492560846,36.577986929,35.554153800593106,33.22228404182353,34.80029770334842,34.267462887256315
1172,36.489615119,36.5765140655,35.53385295294286,33.10289545929412,34.80520032689796,34.27175170416439
1173,36.504343754000004,36.592715564,35.5449204701,33.243770521117646,34.80139365004525,34.27089299658944
1174,36.5058166175,36.5794597925,35.535536225514285,33.18017747352941,34.810783247420815,34.2177578498615
1175,36.4940337095,36.566204021000004,35.509990600993916,33.03878257752941,34.81554049046899,34.21004715373024
1176,36.4940337095,36.551475386,35.5240320988641,33.191267269294116,34.781311879639276,34.21236985282551
1177,36.5117080715,36.519072389,35.560292801,33.20235706505883,34.78511224059207,34.266849080930655
1178,36.491087982500005,36.5117080715,35.55032256296146,33.058536276235294,34.80026702376994,34.23573540943625
1179,36.401243309,36.5558939765,35.61692162103961,33.10896019135294,34.838144437485894,34.347651970769235
1180,36.467522166500004,36.572095475,35.5731523676662,33.244983467529416,34.827432176697606,34.286456169203085
1181,36.491087982500005,36.542638205,35.59975802491597,33.18589564947059,34.81310739771698,34.27086562798005
1182,36.491087982500005,36.5382196145,35.6047358568357,33.05455088088235,34.82595751697842,34.21902194417484
1183,36.492560846,36.545583932,35.58781834152941,33.08626076564706,34.80921999011042,34.204181187283844
1184,36.479305074500004,36.5264367065,35.5578219842353,33.10064284452941,34.8010946127246,34.20674526060878
1185,36.491087982500005,36.5500025225,35.56386746317647,33.023707386411765,34.811200645845275,34.20532890902946
1186,36.489615119,36.545583932,35.560834069067965,33.060788891,34.79250064364154,34.211606277959184
1187,36.480777938,36.5382196145,35.57772838008114,32.95664877764706,34.817909467471594,34.18713099296399
1188,36.480777938,36.535273887500004,35.55648342914306,33.04536714376471,34.80463100506718,34.19209912192308
1189,36.4851965285,36.545583932,35.56919561394333,33.03410406994118,34.802592098157895,34.20978386695418
1190,36.4940337095,36.539692478,35.536419125742576,33.22037798317647,34.793157255393645,34.2177265639447
1191,36.498452300000004,36.5470567955,35.53162300257426,33.168567843588235,34.78634528581305,34.19320899969425
1192,36.4999251635,36.536746751,35.538674445565775,33.12611471917647,34.7817688208,34.17113827276909
1193,36.5028708905,36.548529659,35.55304892668317,33.2470628042353,34.779265862516766,34.25628208569061
1194,36.4851965285,36.545583932,35.52946644461811,33.22765566164706,34.761248946408344,34.255448215257736
1195,36.516126662000005,36.5117080715,35.55288825939394,33.067200179176474,34.79095367082738,34.25031516300885
1196,36.5205452525,36.545583932,35.564132881155466,33.282064972117645,34.77352897546653,34.204272894918034
1197,36.522018116,36.563258294,35.53513644827857,33.075517526,34.80393419550472,34.22982917131899
1198,36.519072389,36.560312567000004,35.512892083760505,33.17151357058824,34.780891457987174,34.19198703837429
1199,36.523490979500004,36.5617854305,35.54142434630128,33.14517530564706,34.7834941105315,34.19392194316869
1200,36.4351191695,36.477832211,35.5194748181112,33.14015024194118,34.77539054359447,34.22613803730806
1201,36.516126662000005,36.572095475,35.52427934019286,33.18797498617647,34.77543532991089,34.252616857670084
1202,36.504343754000004,36.5588397035,35.51143052764706,33.29765999741176,34.7895259277527,34.231570390616376
1203,36.5146537985,36.5529482495,35.50627497058824,33.34028639988235,34.77891668526988,34.20698393359561
1204,36.5028708905,36.551475386,35.50890965009405,33.17757830264706,34.812302877994014,34.15913482535784
1205,36.523490979500004,36.5588397035,35.5181740566784,33.289169372529415,34.80261640903977,34.22405304470817
1206,36.5175995255,36.5500025225,35.49575460036364,33.028039337882355,34.789902012915455,34.17233250363134
1207,36.513180935,36.5500025225,35.540923654147726,33.11086625,34.7958970206406,34.21528395140496
1208,36.513180935,36.524963843,35.55267084366224,33.31481452523529,34.79629010670094,34.156839544497856
1209,36.524963843,36.539692478,35.57235525022065,33.19767855747059,34.79785418746569,34.19277539198569
1210,36.480777938,36.533801024,35.58172305290968,33.33214233111765,34.80752848961039,34.12375149524862
1211,36.483723665,36.545583932,35.56421935679208,33.2176055342353,34.79435758322306,34.23374672055762
1212,36.479305074500004,36.533801024,35.552234596713994,33.064081174117646,34.7976702312763,34.190183935707594
1213,36.498452300000004,36.548529659,35.557764034257424,33.226442715235294,34.7979146554501,34.24905128457766
1214,36.463103576,36.530855297,35.52196072896552,33.12247587994118,34.793205265821555,34.23955759538039
1215,36.5028708905,36.539692478,35.54896071218846,33.199931172235296,34.79823210370551,34.24545670439561
1216,36.5087623445,36.533801024,35.59049656917037,33.241344628294115,34.805096172669685,34.303792381429865
1217,36.480777938,36.5323281605,35.56718714496154,33.21587275364706,34.798246664721034,34.24363217818182
1218,36.480777938,36.5323281605,35.54509567347059,33.12646127529412,34.80110458249634,34.22959271727942
1219,36.52790957,36.5529482495,35.584399094304146,33.19785183552941,34.78275209538315,34.27026193627027
1220,36.5205452525,36.5558939765,35.566087622685714,33.15072020352941,34.81810330724812,34.265911217124604
1221,36.536746751,36.545583932,35.58162983942857,33.18121714188236,34.827120443375,34.25103301295868
1222,36.516126662000005,36.498452300000004,35.53683289863056,33.196812167176475,34.78360405431487,34.27198927799363
1223,36.473413620500004,36.5617854305,35.53501039587156,33.31048257376471,34.785018658501244,34.29419810066965
1224,36.467522166500004,36.5647311575,35.53976336088635,33.17082045835294,34.82178625094828,34.249918778013964
1225,36.46899503,36.5028708905,35.55161578876067,33.260925048941175,34.808038814527315,34.18984248653169
1226,36.483723665,36.5058166175,35.56982575818868,33.235106618176474,34.77985387940956,34.20391171641791
1227,36.4203905345,36.463103576,35.52733350879121,33.196812167176475,34.79295810865365,34.210688977327585
1228,36.5087623445,36.5175995255,35.543746532591136,33.23770578905882,34.811580303485435,34.23675782420154
1229,36.516126662000005,36.52790957,35.52576432103126,33.293501324000005,34.780847515948764,34.24536921621622
1230,36.5058166175,36.523490979500004,35.484184287966485,33.186588761705885,34.78710251807034,34.24021162429335
1231,36.4999251635,36.519072389,35.46789676340349,33.31845336447059,34.778326684565734,34.22200386317132
1232,36.492560846,36.523490979500004,35.48341245437063,33.44286701070588,34.80911671801439,34.20905748705479
1233,36.492560846,36.483723665,35.480763131136364,33.266469946823534,34.80177920756839,34.23731854460854
1234,36.5058166175,36.52790957,35.47054726710435,33.27755974258824,34.8028694115959,34.15019558065217
1235,36.504343754000004,36.530855297,35.519829292495054,33.059402666529415,34.793502883563434,34.11120522166016
1236,36.4881422555,36.52790957,35.51522733948454,33.190400879,34.783502040824445,34.22518534531523
1237,36.501398027,36.548529659,35.47512728932039,33.15193314994118,34.76557278690608,34.1389759000364
1238,36.495506573,36.554421113000004,35.49275705544898,32.949024543058826,34.78610814489111,34.14171700989566
1239,36.4999251635,36.522018116,35.48343043805195,33.15557198917647,34.791214297703135,34.132811199981134
1240,36.4969794365,36.5264367065,35.55982210811429,33.25953882447059,34.761607881984595,34.0830080670837
1241,36.510235208000005,36.539692478,35.57580439611765,33.06806656947059,34.79985877831965,34.27030751712268
1242,36.471940757,36.522018116,35.50635205790088,33.076210638235295,34.79689378845331,34.16876262216216
1243,36.4999251635,36.541165341500005,35.532197195403846,33.20443640176471,34.74494877643418,34.185673331970264
1244,36.489615119,36.5558939765,35.52958960156421,33.159210828411766,34.74596374815985,34.18943006072602
1245,36.466049303,36.563258294,35.494286696,33.228868608058825,34.7656785539388,34.19009150836975
1246,36.467522166500004,36.560312567000004,35.51017782096552,33.25797932194118,34.75715304187862,34.2123717662
1247,36.473413620500004,36.563258294,35.490938853885716,33.25070164347059,34.76790197349176,34.188276324346376
1248,36.4704678935,36.5028708905,35.493315788781516,33.33075610664706,34.76051637331387,34.12862915281826
1249,36.480777938,36.486669392,35.473612835792856,33.103242015411766,34.74475539433302,34.157464110400745
1250,36.5205452525,36.52790957,35.50738390840877,33.15314609635294,34.75806526617871,34.2555225980663
1251,36.64573865,36.713490371,35.67161081566038,33.40058716435294,34.994359349379444,34.378535946153846
1252,36.642792923,36.6884516915,35.675064954903846,33.355015034882356,35.00844450321462,34.37319848092559
1253,36.664885875500005,36.751784822000005,35.66896861299065,33.649241178764704,34.96336086209176,34.459797777194126
1254,36.6383743325,36.734110460000004,35.66608238665662,33.43628244447059,35.00125330317003,34.447253840432694
1255,36.648684377,36.731164733,35.63441363668068,33.54198206035294,35.019582390800004,34.34807159
1256,36.653102967500004,36.722327552,35.61443072537775,33.277386464529414,34.99394693321682,34.35646381414914
1257,36.5264367065,36.692870282,35.67015554085298,33.42917804405882,34.996752617018075,34.46701553724138
1258,36.660467285,36.7503119585,35.638304062328295,33.30372472947059,34.99780956500718,34.419567623836315
1259,36.636901469,36.728219006,35.64561817538462,33.261098327,35.010686396300144,34.42483902090909
1260,36.607444199,36.686978828,35.65730457096154,33.414449409058825,34.99987754121388,34.39832222705883
1261,36.6118627895,36.67519592,35.649388651550055,33.29887294382353,35.010229432865884,34.3678995942355
1262,36.603025608500005,36.6796145105,35.659121342042944,33.49606337476471,34.955402696117595,34.413943374673366
1263,36.610389926,36.6913974185,35.650277147758246,33.54180878229412,34.958152743161946,34.44699013280599
1264,36.625118561,36.6796145105,35.63573871563679,33.53193193294118,34.993538610129875,34.42894693324633
1265,36.6059713355,36.64573865,35.646407915072814,33.33318199947059,35.00584939226804,34.26730332467076
1266,36.603025608500005,36.653102967500004,35.62142859436453,33.411676960117646,34.95681073972851,34.427590410089444
1267,36.6737230565,36.686978828,35.6905775785,33.30337817335294,34.96565707008866,34.3981393849513
1268,36.6560486945,36.6855059645,35.68908033257955,33.288822816411766,34.987445411923076,34.3206137874191
1269,36.657521558,36.692870282,35.70250771419355,33.48930553047059,34.971510115769235,34.41113232512275
1270,36.636901469,36.6737230565,35.67763586645827,33.402319944941176,34.974021756308815,34.41622532162809
1271,36.651630104,36.695816009,35.69693401057143,33.4650466022353,34.99229979930625,34.42502660034342
1272,36.595661291,36.639847196000005,35.669684904589865,33.503687609352944,35.00831188808628,34.44105368113674
1273,36.591242700500004,36.6589944215,35.6999492184486,33.514257570941176,34.94968229530226,34.4299077141046
1274,36.6059713355,36.642792923,35.754108020279155,33.638324661058824,34.95271281340216,34.43356145377707
1275,36.613335653,36.6825602375,35.703999256057955,33.53938288947059,34.9716851820354,34.444518755051725
1276,36.604498472,36.6972888725,35.691158644334976,33.41514252129412,34.954604249816015,34.44010723955224
1277,36.5382196145,36.703180326500004,35.71829862397802,33.37615495805883,34.97273591819564,34.40617130191115
1278,36.583878383,36.709071780500004,35.68225932661539,33.325557764882355,35.00858431177843,34.34812237839655
1279,36.598607018,36.698761736,35.65410319292453,33.300952280529415,34.97454076987125,34.34983098325939
1280,36.5971341545,36.686978828,35.681597527142856,33.36055993276471,34.98743273885906,34.40255360871883
1281,36.589769837,36.7238004155,35.69675139137736,33.395735378705886,34.98332525043186,34.402036539771615
1282,36.592715564,36.6943431455,35.74441092925275,33.24030495994118,34.990009038588234,34.41432691932908
1283,36.6206999705,36.6913974185,35.673131273318155,33.51165840005883,34.97482773790485,34.38401826645161
1284,36.616281380000004,36.703180326500004,35.649471179107145,33.443733401,34.95495132978251,34.40712356671851
1285,36.575041202,36.672250193,35.65101894940187,33.555671027,34.98280426027185,34.38771107106415
1286,36.607444199,36.6383743325,35.655687684621334,33.47561656382353,34.99685,34.399877433438014
1287,36.589769837,36.6383743325,35.65177144041122,33.65478607664706,34.92651549611855,34.34369535020767
1288,36.622172834,36.701707463000005,35.62338273838424,33.374075621352944,34.95649992072359,34.4592536561526
1289,36.631010015,36.719381825,35.69162878169514,33.46660610476471,34.97303355651926,34.44375532314625
1290,36.625118561,36.692870282,35.69348496280416,33.54700712405882,34.972942944576275,34.40418177935484
1291,36.545583932,36.666358739,35.67176507783674,33.53054570847059,35.00162706883651,34.45062476746365
1292,36.631010015,36.70465319,35.67712323591363,33.51287134647059,34.95752111116883,34.43818561985992
1293,36.6383743325,36.734110460000004,35.73279326519193,33.46903199758824,34.99053872113364,34.467895414267716
1294,36.625118561,36.716436098,35.72048112354286,33.408384677,35.008677891630285,34.44013755275245
1295,36.625118561,36.719381825,35.73434329237438,33.44719896217647,34.998229626153844,34.41106409083062
1296,36.636901469,36.7002345995,35.742662915428575,33.41895463858824,34.986504165606696,34.39244815694175
1297,36.6383743325,36.701707463000005,35.75494850534808,33.443040288764706,34.98791986820393,34.42763056385124
1298,36.6118627895,36.686978828,35.71654504101382,33.4031863352353,34.979057931948056,34.3997580790346
1299,36.6324828785,36.701707463000005,35.71205350255201,33.43021771241177,34.98691776035371,34.461609364
1300,36.622172834,36.6855059645,35.71439779913626,33.40491911582353,34.99361001141994,34.406004221
1301,36.6089170625,36.701707463000005,35.72765527259631,33.318106808352944,34.98393827197015,34.39310054818182
1302,36.5175995255,36.631010015,35.67982454773756,33.32729054547059,34.984081542752,34.400312624584075
1303,36.604498472,36.676668783500006,35.679981440208046,33.564508208,34.97944258202958,34.42042038912118
1304,36.5941884275,36.6589944215,35.658920105,33.47769590052941,34.9849110934941,34.384050963696254
1305,36.6089170625,36.636901469,35.655922593752535,33.491558145235295,34.991443830844794,34.37259697858053
1306,36.604498472,36.631010015,35.65796528314483,33.47076477817647,34.985243563305296,34.38670541047005
1307,36.613335653,36.636901469,35.63331973600546,33.606268220176474,34.99752468221356,34.393435231571026
1308,36.6089170625,36.6442657865,35.62068877672143,33.71491356305882,34.993951093468795,34.325702657159766
1309,36.607444199,36.6295371515,35.64033959754865,33.76862976129412,35.006747007023044,34.37065737445507
1310,36.607444199,36.6295371515,35.64541244357367,33.34305884882353,34.996748142692674,34.350179541431196
1311,36.601552745,36.6383743325,35.62006881383117,33.2735743472353,34.96961292290648,34.33869380741573
1312,36.601552745,36.636901469,35.61990538219436,33.46833888535294,34.99172276795043,34.36312132320379
1313,36.580932656,36.628064288000004,35.65391334128713,33.69048135676471,34.9872605548088,34.33149527677419
1314,36.572095475,36.6354286055,35.65433909220212,33.437841947,34.97848549229808,34.34037407623269
1315,36.591242700500004,36.654575831,35.6572576650099,33.434029829705885,35.00041117111321,34.352052302162164
1316,36.589769837,36.653102967500004,35.66967434642857,33.54735368017647,35.02235482763723,34.35697852409836
1317,36.592715564,36.653102967500004,35.66454201535294,33.621170133235296,35.010775517672414,34.33906399504132
1318,36.5794597925,36.642792923,35.656652227094575,33.356054703235294,34.98981418775904,34.364989251486236
1319,36.592715564,36.654575831,35.67992260075051,33.40630534029412,35.00209596056217,34.33953168420184
1320,36.580932656,36.654575831,35.68811327533793,33.418781360529415,35.01457409693193,34.39545697376405
1321,36.5824055195,36.6737230565,35.72204709436106,33.524827532529414,35.005979843482145,34.386592635384616
1322,36.5794597925,36.669304466,35.692814947021944,33.28362447464706,35.01208327889607,34.418616860221405
1323,36.5794597925,36.6560486945,35.69668316995294,33.298526387705884,35.01337220279938,34.3735466735
1324,36.5941884275,36.692870282,35.69621042557991,33.349470137,35.01536862765507,34.39945570007519
1325,36.585351246500004,36.692870282,35.68356504871287,33.29991261217647,35.007022679454096,34.385874165384614
1326,36.583878383,36.6796145105,35.67596187489246,33.287956426117645,34.998006754706765,34.338826282827526
1327,36.5971341545,36.7061260535,35.68216077841584,33.33127594082353,35.01693888519677,34.32639548566038
1328,36.591242700500004,36.6913974185,35.67266469176471,33.24030495994118,35.00679127877551,34.302204333972604
1329,36.6059713355,36.726746142500005,35.66119839058824,33.28847626029412,35.02288279017474,34.29513836411821
1330,36.592715564,36.6972888725,35.65226055574896,33.16839456552941,35.01189109735683,34.32456474214741
1331,36.603025608500005,36.714963234500004,35.65217034864922,33.24619641394118,35.02515560485294,34.37423098726755
1332,36.604498472,36.7120175075,35.67824885989496,33.27669335229412,35.019819720415434,34.36111654818444
1333,36.541165341500005,36.6177542435,35.66346598,33.23025483252941,35.01005953150769,34.36862063178108
1334,36.6000798815,36.707598917,35.660342696470586,33.173766185352946,35.015403182082515,34.33145611265775
1335,36.58682411,36.6413200595,35.6485991504,33.26595011264706,34.99098020841206,34.35606342524976
1336,36.5941884275,36.636901469,35.64248319833098,33.24966197511765,34.9775552664,34.32444291658584
1337,36.580932656,36.639847196000005,35.61815992713996,33.25070164347059,34.96167807597059,34.38513581307213
1338,36.58682411,36.631010015,35.624870252383246,33.33838034123529,34.9655743715079,34.31069884077547
1339,36.591242700500004,36.648684377,35.66132674470588,33.39868110570588,34.97375782639296,34.35702765684305
1340,36.585351246500004,36.647211513500004,35.66588607522885,33.34097951211765,34.97561924703264,34.36391702604817
1341,36.5824055195,36.657521558,35.66578923106796,33.40214666688235,34.967871828735746,34.387777199836066
1342,36.554421113000004,36.642792923,35.63400871,33.35068308341177,34.967315586016824,34.36736384
1343,36.5794597925,36.651630104,35.643820159873954,33.33664756064706,34.964280766696035,34.38351279296399
1344,36.572095475,36.639847196000005,35.645511683781514,33.18537581529412,34.96023845606352,34.33107391278031
1345,36.5765140655,36.6442657865,35.631793837457984,33.23995840382353,34.96889364335617,34.374354469260275
1346,36.572095475,36.639847196000005,35.61561128647059,33.255033594941175,34.96600576743957,34.36023527420108
1347,36.5706226115,36.6413200595,35.64139990410184,33.14708136429412,34.9849249598913,34.40242158005405
1348,36.5676768845,36.6413200595,35.62391151941176,33.25018180929412,34.970553286643565,34.414607572282904
1349,36.554421113000004,36.672250193,35.66819369,33.23579973041176,34.95170229478134,34.36198634320856
1350,36.560312567000004,36.6560486945,35.6270796871618,33.272014844705886,34.954366370950495,34.347035671578
1351,36.5617854305,36.6560486945,35.63684668649867,33.26352421982353,34.953858159779585,34.36442554058169
1352,36.5735683385,36.6619401485,35.67287993762363,33.28778314805882,34.96899350737398,34.33738166667874
1353,36.5794597925,36.669304466,35.68647367387755,33.38932409052941,34.964666461655305,34.293358044099065
1354,36.545583932,36.651630104,35.67213001901574,33.27097517635294,34.96308790606775,34.35064450663101
1355,36.5647311575,36.6295371515,35.69279183983193,33.14084335417647,34.97462859700297,34.328652831005584
1356,36.5558939765,36.6589944215,35.69624218009709,33.28431758688235,34.96696751306123,34.38741129896774
1357,36.548529659,36.6589944215,35.70447787405941,33.35432192264706,34.9570876623073,34.398720750653176
1358,36.551475386,36.6501572405,35.70253349980198,33.50143499458824,34.96770629648649,34.32173816072558
1359,36.560312567000004,36.664885875500005,35.695184727310924,33.357614205764705,34.969374390063386,34.350257658274586
1360,36.560312567000004,36.619227107,35.6822713862605,33.34271229270588,34.97418325264015,34.364213645578474
1361,36.563258294,36.6177542435,35.668079088109245,33.29159526535294,34.97611078805195,34.36807411471243
1362,36.5264367065,36.601552745,35.62848370367751,33.34929685894118,34.96329806859599,34.2987152913093
1363,36.5323281605,36.633955742,35.63065029213578,33.271148454411765,34.988781186537004,34.3894423265374
1364,36.554421113000004,36.6442657865,35.62833973647059,33.40128027658824,34.9619767551495,34.32115861395393
1365,36.542638205,36.651630104,35.63808752367044,33.36558499647059,34.966729787370404,34.36138026207939
1366,36.536746751,36.639847196000005,35.62855266670536,33.296966885176474,34.971150541708354,34.345354915913205
1367,36.551475386,36.642792923,35.65420973018256,33.331795775,34.9593134813359,34.36421183016275
1368,36.551475386,36.625118561,35.65287075440082,33.39712160317647,34.97558220504946,34.34744483957447
1369,36.5588397035,36.639847196000005,35.67120826714563,33.34635113194118,34.96725401882849,34.33297575911357
1370,36.536746751,36.625118561,35.659902014000004,33.304071285588236,34.96344719952247,34.28005302694494
1371,36.542638205,36.6295371515,35.67349471505882,33.266469946823534,34.96518693640954,34.29976597539306
1372,36.5382196145,36.6324828785,35.656632112878114,33.266469946823534,34.9559979110807,34.31461921104883
1373,36.5529482495,36.604498472,35.64062119657904,33.27409418141177,34.95236360935065,34.32258181208487
1374,36.542638205,36.6000798815,35.63922581591429,33.29800655352941,34.96379072685221,34.35945941035503
1375,36.542638205,36.610389926,35.6575573668351,33.364198772,34.949024991746334,34.32295719588749
1376,36.522018116,36.603025608500005,35.65025590626152,33.316893861941175,34.95409667746725,34.33276728861773
1377,36.52790957,36.6089170625,35.65134537842857,33.35466847876471,34.965102062183405,34.343417508552506
1378,36.539692478,36.5941884275,35.626492483322885,33.41514252129412,34.964656638767124,34.35419803076923
1379,36.5441110685,36.604498472,35.66611848216783,33.22072453929412,34.97863675017699,34.37741265775148
1380,36.545583932,36.639847196000005,35.637209006,33.24983525317647,34.97639121979198,34.37064497996105
1381,36.563258294,36.636901469,35.6342850992,33.35362881041176,34.97717102581498,34.350177686520496
1382,36.5588397035,36.6295371515,35.602052559009906,33.2581526,34.95738389023077,34.325016853422305
1383,36.5676768845,36.6236456975,35.59652851323607,33.308749793176474,34.95756056439655,34.27118890222618
1384,36.569149748,36.6383743325,35.65226830432541,33.293501324000005,34.97638816179786,34.33577495595547
1385,36.569149748,36.6383743325,35.64596906387931,33.333875111705886,34.97355641069242,34.29726695559503
1386,36.55736684,36.6118627895,35.62299577917241,33.31879992058823,34.97208280793443,34.32197214352332
1387,36.572095475,36.616281380000004,35.613960281576354,33.246889526176474,34.97199557329032,34.32559303804292
1388,36.489615119,36.539692478,35.58971995714932,33.20963474352941,34.98812621774662,34.3351431215
1389,36.5558939765,36.628064288000004,35.60177043411765,33.29020904088235,34.94562545016902,34.35374382710698
1390,36.5676768845,36.604498472,35.61759310111431,33.363505659764705,34.936743030999516,34.39689554442396
1391,36.560312567000004,36.6442657865,35.63186905156044,33.46192759717647,34.958591218444134,34.43792462525548
1392,36.5676768845,36.654575831,35.625249458285715,33.310309295705885,34.96213610124539,34.358855701130224
1393,36.569149748,36.660467285,35.63382041931953,33.20720885070588,34.97182132643495,34.37687144453219
1394,36.5617854305,36.6560486945,35.62000185298824,33.13703123688235,34.97631381670886,34.41230230688753
1395,36.5706226115,36.6324828785,35.64574499742393,33.273920903352945,34.942557362960464,34.4411565632
1396,36.5735683385,36.657521558,35.61000237608597,33.287609870000004,34.99267232765138,34.32580648462338
1397,36.583878383,36.657521558,35.621825765000004,33.31290846658824,34.96360689615799,34.335926695957255
1398,36.583878383,36.6148085165,35.61238497250347,33.30337817335294,34.968018113558394,34.300049264590164
1399,36.566204021000004,36.603025608500005,35.59625804248521,33.28691675776471,34.934504534198894,34.381984581512604
1400,36.560312567000004,36.601552745,35.62208782908563,33.25919226835294,34.953403317939994,34.38290249134329
1401,36.563258294,36.5824055195,35.657122435263524,33.467299217000004,34.974147899352225,34.38212468303735
1402,36.516126662000005,36.585351246500004,35.64942707586338,33.452397303941176,34.93344837903211,34.36010413588136
1403,36.5676768845,36.613335653,35.640412046679245,33.304417841705884,34.948138758556155,34.304541411900686
1404,36.563258294,36.6059713355,35.60678054544567,33.42744526347059,34.918858774288346,34.35904679866129
1405,36.548529659,36.616281380000004,35.642326858874014,33.253474092411764,34.95713546516503,34.28838692529412
1406,36.548529659,36.604498472,35.6280455968867,33.32746382352941,34.9434581650137,34.306368328279476
1407,36.5470567955,36.607444199,35.63839675580296,33.26075177088235,34.95193880302918,34.345552382320065
1408,36.563258294,36.610389926,35.60188046375121,33.38256624623529,34.93267875512605,34.381187565509556
1409,36.545583932,36.607444199,35.61681131519231,33.27045534217647,34.93587246730291,34.303763150599
1410,36.545583932,36.607444199,35.62330534654187,33.24550330170588,34.93491814678766,34.311032274852174
1411,36.542638205,36.603025608500005,35.6217679137866,33.250008531235295,34.92968946510177,34.34112155400504
1412,36.479305074500004,36.5529482495,35.619543550204085,33.399894052117645,34.94769450294461,34.429313921733446
1413,36.5765140655,36.622172834,35.63467480928691,33.308749793176474,34.954087591340596,34.39967755586207
1414,36.5617854305,36.604498472,35.646598109705884,33.33872689735294,34.95534559322805,34.40427741551724
1415,36.572095475,36.622172834,35.64548197897143,33.278945967058824,34.97604210505515,34.25597282613139
1416,36.554421113000004,36.613335653,35.64520381553235,33.20946146547059,34.9285452992809,34.302992679644305
1417,36.5588397035,36.610389926,35.59941563302404,33.126287997235295,34.93079578673024,34.31982521173123
1418,36.55736684,36.5941884275,35.6348646832761,33.253127536294116,34.97643148354636,34.316265733587784
1419,36.569149748,36.6177542435,35.6239051333202,33.19767855747059,34.9533039620434,34.29543152410608
1420,36.5441110685,36.6000798815,35.625252619323234,33.27097517635294,34.929278437072504,34.30898966742574
1421,36.492560846,36.5558939765,35.605897019000004,33.31550763747059,34.926945229838154,34.352426957424484
1422,36.530855297,36.604498472,35.57425520313667,33.322092203705886,34.91398171762376,34.32745925971905
1423,36.5323281605,36.6089170625,35.60079303657426,33.160250496764704,34.94580476162014,34.26875134005391
1424,36.530855297,36.5971341545,35.58259723745813,33.109480025529415,34.91947293837125,34.30215138175747
1425,36.5205452525,36.6089170625,35.598635921044476,33.18173697605882,34.913800841422635,34.28876031909091
1426,36.5323281605,36.591242700500004,35.585828487760054,33.21344686082353,34.92167271891991,34.25032936546573
1427,36.541165341500005,36.601552745,35.623856577380636,33.202703621176475,34.92780931438548,34.29815936216998
1428,36.5382196145,36.6059713355,35.576415471030224,33.309096349294116,34.911264550991504,34.32003639510345
1429,36.522018116,36.5735683385,35.59561744753793,33.319319754764706,34.94676073245869,34.36529836803887
1430,36.524963843,36.598607018,35.57022522893204,33.195945776882354,34.94130712987378,34.2661104448741
1431,36.539692478,36.598607018,35.57289606050098,33.290555597,34.893962090122784,34.306972806896
1432,36.530855297,36.6148085165,35.590476461861265,33.25295425823529,34.927053370526316,34.27722045189565
1433,36.5441110685,36.603025608500005,35.618881097233015,33.26127160505882,34.92921758456881,34.30427125136126
1434,36.548529659,36.601552745,35.56367346536968,33.22834877388235,34.93052401472467,34.32360533343231
1435,36.5588397035,36.6059713355,35.5843168109362,33.247582638411764,34.91713311429106,34.35548740622378
1436,36.551475386,36.610389926,35.650325911622716,33.345138185529414,34.94896695417521,34.404716306113016
1437,36.551475386,36.6236456975,35.60322216344828,33.242557574705884,34.919815380500005,34.33193197652101
1438,36.545583932,36.592715564,35.620911646912624,33.3413260682353,34.93026513068454,34.31442828689474
1439,36.5382196145,36.603025608500005,35.61787917378648,33.24013168188235,34.91031882893041,34.29856514988171
1440,36.5323281605,36.592715564,35.57377767040339,33.19178710347059,34.92746405363812,34.32808627045455
1441,36.516126662000005,36.5558939765,35.57867790834952,33.28102530376471,34.91567070314893,34.31026187888608
1442,36.504343754000004,36.554421113000004,35.56752517615764,33.13703123688235,34.91557573348478,34.25366487329975
1443,36.530855297,36.5824055195,35.58992602168435,33.27669335229412,34.90259852078285,34.35251752179177
1444,36.519072389,36.580932656,35.59842749696429,33.384818861,34.9256258967814,34.29597012758621
1445,36.5323281605,36.580932656,35.591879421551724,33.221417651529414,34.90697118887189,34.296870816660814
1446,36.522018116,36.6000798815,35.58075918120197,33.27322779111765,34.91663291233252,34.37194799336079
1447,36.530855297,36.585351246500004,35.55289844667823,33.28968920670589,34.924169453311414,34.3385870516184
1448,36.5175995255,36.580932656,35.5410724984151,33.067546735294115,34.90557375064253,34.31586954941764
1449,36.5087623445,36.580932656,35.56789388257645,33.32451809652941,34.88196249878984,34.31218643847724
1450,36.5028708905,36.536746751,35.5572953983149,33.129407002294116,34.89215929663551,34.268384970171994
1451,36.5205452525,36.5558939765,35.56458329996533,33.18780170811765,34.91785462713483,34.26189503582322
1452,36.4851965285,36.52790957,35.554237406107426,33.23735923294118,34.90496387343444,34.30501096271647
1453,36.473413620500004,36.5765140655,35.5419420128,33.39036375888235,34.88651729430986,34.39111340642682
1454,36.5146537985,36.563258294,35.542932104375,33.31758697417647,34.890085358,34.2929993026087
1455,36.52790957,36.542638205,35.538237614230766,33.32971643829412,34.89270876472883,34.23116948702797
1456,36.530855297,36.5470567955,35.566705841835265,33.296620329058825,34.91547075677966,34.32527103403915
1457,36.530855297,36.572095475,35.553343906538466,33.52759998147059,34.86997124093177,34.390856919279145
1458,36.522018116,36.580932656,35.55152677282609,33.56589443247059,34.90013213704348,34.40195892705883
1459,36.523490979500004,36.533801024,35.527031382945054,33.365931552588236,34.90260917349229,34.319404456328584
1460,36.5205452525,36.55736684,35.54663647297143,33.27825285482353,34.86974084564033,34.27996087388982
1461,36.480777938,36.572095475,35.550283563542855,33.259018990294116,34.89875385326077,34.345813039119086
1462,36.5146537985,36.5735683385,35.51369738243132,33.36801088929412,34.895855457871505,34.41250488861314
1463,36.510235208000005,36.5765140655,35.535561797677296,33.30147211470588,34.898376097510734,34.36363034130435
1464,36.5264367065,36.583878383,35.551630181600004,33.23008155447059,34.91647554146068,34.35093010797698
1465,36.533801024,36.5470567955,35.54888115513695,33.27600024005883,34.891034691819904,34.380316007895594
1466,36.530855297,36.5617854305,35.563423408512314,33.21379341694118,34.89589422152336,34.366136808980585
1467,36.551475386,36.5882969735,35.538818607028574,33.37736790447059,34.88151545338803,34.34493883271429
1468,36.533801024,36.583878383,35.51388746994286,33.391749983352945,34.88389737307693,34.35551632906397
1469,36.536746751,36.6000798815,35.533600462057144,33.33370183364706,34.9153924904532,34.370487281513945
1470,36.533801024,36.583878383,35.52962912571154,33.25122147764706,34.92413750718147,34.344781818158566
1471,36.5441110685,36.6000798815,35.55559306561538,33.369743669882354,34.92649477430528,34.34279714638514
1472,36.5146537985,36.604498472,35.54499573180632,33.417914970235294,34.92428844052449,34.319319883353295
1473,36.5264367065,36.5676768845,35.51647520644938,33.20634246041177,34.92769144529148,34.313949378665484
1474,36.5175995255,36.5882969735,35.53073559815126,33.53747683082353,34.90587727838243,34.32760930780357
1475,36.523490979500004,36.595661291,35.54548272752535,33.32313187205882,34.91606432318693,34.33923969755835
1476,36.5382196145,36.5824055195,35.556437087565925,33.33248888723529,34.93050948008969,34.36170671497709
1477,36.542638205,36.569149748,35.578134023352945,33.24602313588235,34.928970111856586,34.37692488987884
1478,36.5087623445,36.541165341500005,35.578226897132126,33.50542038994118,34.918284204396556,34.35326369874101
1479,36.489615119,36.5794597925,35.567466461801985,33.44269373264706,34.92482286487032,34.3243413859946
1480,36.5117080715,36.5617854305,35.555236347722776,33.52500081058824,34.908154740862074,34.32772370450137
1481,36.519072389,36.566204021000004,35.5798730446069,33.33092938470588,34.92897120197425,34.306748140565375
1482,36.492560846,36.548529659,35.54682860524411,33.38759130994118,34.907615463046035,34.31758358679558
1483,36.516126662000005,36.5617854305,35.56683667898,33.242211018588236,34.92664258538461,34.34263772466019
1484,36.5058166175,36.598607018,35.54053405981092,33.21327358276471,34.8957363444898,34.32580919302655
1485,36.5058166175,36.598607018,35.56849006267308,33.29159526535294,34.90368164847254,34.317842934860884
1486,36.489615119,36.592715564,35.59146029400737,33.265257000411765,34.91323566276506,34.32915067350126
1487,36.504343754000004,36.569149748,35.59153918860395,33.387418031882355,34.93455426469475,34.355525872984295
1488,36.501398027,36.592715564,35.56895991279412,33.300085890235295,34.920288018773725,34.32056408563506
1489,36.486669392,36.592715564,35.56532007770791,33.22869533,34.912705206032214,34.34096841851064
1490,36.4851965285,36.5824055195,35.57296821271805,33.28709003582353,34.91820775744742,34.33099565940456
1491,36.510235208000005,36.577986929,35.58136873774258,33.24394379917647,34.933925203381094,34.33702834654961
1492,36.5117080715,36.572095475,35.58019809034483,33.175672244,34.92771418108346,34.33044758230769
1493,36.5175995255,36.5676768845,35.58371183785579,33.152106428,34.93787283637139,34.31703306394805
1494,36.4999251635,36.5441110685,35.59949318364326,33.25486031688236,34.921435805064746,34.32762717529819
1495,36.5087623445,36.5647311575,35.62576623641176,33.284664143,34.909827964047494,34.33390321584108
1496,36.4851965285,36.5735683385,35.59416441753321,33.303551451411764,34.92789725714425,34.329915062966755
1497,36.480777938,36.5765140655,35.587208880770795,33.34219245852941,34.937848627368425,34.33391818779292
1498,36.483723665,36.5558939765,35.61040617392233,33.31082912988235,34.930241785166345,34.27785426049236
1499,36.480777938,36.569149748,35.584397900059685,33.31862664252941,34.92482346750592,34.24721659581395
1500,36.46899503,36.5588397035,35.574158254558824,33.228868608058825,34.918331938466,34.2733957800738
1501,36.477832211,36.5676768845,35.58825598913013,33.329023326058824,34.927833252424094,34.30413051795276
1502,36.483723665,36.5706226115,35.580616347728196,33.18017747352941,34.910511932087594,34.3057840424
1503,36.477832211,36.5971341545,35.58855683611345,33.165448838529414,34.92759770706395,34.32725854944978
1504,36.4999251635,36.5882969735,35.581273029223304,33.27513384976471,34.91730619518425,34.31401245765667
1505,36.4881422555,36.580932656,35.61755327299584,33.261791439235296,34.9356043117328,34.30864081322849
1506,36.4999251635,36.5647311575,35.63255375840179,33.301645392764705,34.92979844335788,34.30250856418522
1507,36.4999251635,36.5617854305,35.65960331029126,33.260925048941175,34.93256584210526,34.360417845254695
1508,36.486669392,36.601552745,35.66792303023018,33.09180566352941,34.92423457135568,34.35216143943761
1509,36.5058166175,36.598607018,35.686456248695656,33.313428300764706,34.93122568084746,34.365066168846155
1510,36.492560846,36.583878383,35.66562352221154,33.285703811352946,34.93877045797015,34.35797554681072
1511,36.451320668,36.5617854305,35.666678986796114,33.26387077594118,34.89619490771554,34.34468955461875
1512,36.451320668,36.5500025225,35.621131967378645,33.21154080217647,34.892899709663034,34.342864104274405
1513,36.477832211,36.572095475,35.64571796718488,33.36142632305882,34.897410649676154,34.33141958373357
1514,36.489615119,36.560312567000004,35.62851393134454,33.23372039370588,34.90552172316724,34.35988091707623
1515,36.454266395000005,36.569149748,35.6056479895278,33.28241152823529,34.928581406251276,34.38661331005474
1516,36.480777938,36.572095475,35.594049049246,33.31290846658824,34.916236836198266,34.36680737865332
1517,36.477832211,36.5470567955,35.57928707117647,33.23268072535294,34.91076933023614,34.31701785956294
1518,36.4851965285,36.5735683385,35.5777594020111,33.22401682241177,34.90972829300726,34.31124346805679
1519,36.4881422555,36.5706226115,35.59153087373225,33.21292702664706,34.9147405159484,34.33238038529991
1520,36.479305074500004,36.539692478,35.607110911963126,33.12698110947059,34.90851075521247,34.348364829791855
1521,36.486669392,36.580932656,35.59090132633242,33.118490484588236,34.91453601214829,34.32349761074866
1522,36.483723665,36.5706226115,35.60254498482759,33.11901031876471,34.88765946517647,34.30510228578208
1523,36.489615119,36.589769837,35.61739689263475,33.22921516417647,34.899908240985035,34.27780033228936
1524,36.479305074500004,36.569149748,35.60821764720527,33.151759871882355,34.89279410549976,34.28799067115417
1525,36.4940337095,36.5882969735,35.620168065339804,33.16891439970588,34.894750380914395,34.306176806
1526,36.445429214,36.536746751,35.588862841135175,33.190920713176475,34.891583589969606,34.32321865349911
1527,36.501398027,36.589769837,35.60331566815534,33.17757830264706,34.90007272062318,34.289207404307696
1528,36.4881422555,36.572095475,35.59604492365546,33.172726517,34.89802298053281,34.28500050269939
1529,36.489615119,36.5882969735,35.61320058959432,33.21465980723529,34.90059053161924,34.30869694975432
1530,36.486669392,36.583878383,35.61721267375172,33.29592721682353,34.897950332658105,34.36402979133215
1531,36.4940337095,36.589769837,35.58683578177535,33.183123200529415,34.90926960471168,34.34145197876405
1532,36.4144990805,36.522018116,35.58698424932245,33.06546739858824,34.90644912112288,34.36037726909272
1533,36.507289481,36.545583932,35.57217400792079,33.40145355464706,34.88467408520376,34.28406018429459
1534,36.4881422555,36.575041202,35.57731888393211,33.137377793,34.88210565160553,34.29552327318682
1535,36.479305074500004,36.5735683385,35.56429790787815,33.29610049488235,34.8929788293259,34.2900075223622
1536,36.4851965285,36.5588397035,35.54938162079208,33.28934265058824,34.884105971850744,34.27983865014164
1537,36.498452300000004,36.5500025225,35.572631132272726,33.288822816411766,34.89080652314907,34.28295551947369
1538,36.498452300000004,36.533801024,35.51394825478572,33.29020904088235,34.871804101807584,34.275963512169014
1539,36.421863398,36.522018116,35.49455026673267,33.29194182147059,34.83732921880927,34.27402154662984
1540,36.501398027,36.5706226115,35.5136909415674,33.19889150388235,34.87046681618,34.272660978800005
1541,36.4940337095,36.554421113000004,35.5443422348,33.16822128747059,34.86704895185007,34.2659839976
1542,36.471940757,36.5558939765,35.53675659812858,33.26577683458824,34.899615239648455,34.292748082914756
1543,36.5117080715,36.585351246500004,35.515455710094045,33.111905918352946,34.8956659918849,34.25095550690167
1544,36.4351191695,36.5558939765,35.55037563030303,33.15903755035294,34.87150461846154,34.286056284736844
1545,36.5205452525,36.5706226115,35.548828786592296,33.320879257294116,34.89852431511985,34.256716765316455
1546,36.489615119,36.5558939765,35.58958654733847,33.264044054,34.863986636598575,34.35689832515958
1547,36.519072389,36.585351246500004,35.612887875384615,33.23597300847059,34.87282424058145,34.31963272172861
1548,36.513180935,36.577986929,35.62257436570769,33.21899175870588,34.872760160254,34.34973450040323
1549,36.5175995255,36.566204021000004,35.629082010754715,33.23372039370588,34.87804947726145,34.332942336128
1550,36.5058166175,36.5470567955,35.59740522647574,33.22765566164706,34.877789546945884,34.343752484514006
1551,36.501398027,36.548529659,35.59927875282293,33.179484361294115,34.871625468800005,34.32978776724138
1552,36.501398027,36.5264367065,35.60771017371429,33.21725897811765,34.86069500465689,34.29689661934714
1553,36.491087982500005,36.539692478,35.61645544580622,33.12524832888236,34.89109817454722,34.31130631418861
1554,36.513180935,36.5588397035,35.60057583257677,33.312215354352944,34.8666280761077,34.28615412441748
1555,36.513180935,36.560312567000004,35.60241208061231,33.264044054,34.86123233969231,34.24456134664484
1556,36.4969794365,36.545583932,35.57206245373832,33.17584552205882,34.85231231001358,34.2381516523192
1557,36.479305074500004,36.5117080715,35.55640384864784,33.25572670717647,34.85646582840075,34.29126283074699
1558,36.4645764395,36.510235208000005,35.56537182328155,33.314987803294116,34.85987420526067,34.25523801109121
1559,36.4822508015,36.510235208000005,35.565014310175115,33.286396923588235,34.86231372140253,34.26671796264182
1560,36.4940337095,36.510235208000005,35.58608097459057,33.35466847876471,34.851943059488136,34.28367222926164
1561,36.3703131755,36.5087623445,35.60510076506303,33.050045651352946,34.844800042383525,34.29647057910345
1562,36.4881422555,36.524963843,35.524582005549455,33.383086080411765,34.85535807249194,34.27001237712305
1563,36.491087982500005,36.523490979500004,35.51589216671088,33.10532135211765,34.85674934373444,34.28162963858603
1564,36.4586849855,36.516126662000005,35.512577531611655,33.28691675776471,34.88885797175,34.26118752090909
1565,36.486669392,36.522018116,35.54173697450954,33.21223391441177,34.88779532438539,34.2240892136
1566,36.477832211,36.522018116,35.523295362557754,33.18866809841177,34.84797599360996,34.28429811886598
1567,36.4851965285,36.5264367065,35.53700329871443,33.27600024005883,34.86925564797753,34.307781167808564
1568,36.474886484,36.519072389,35.52196072896552,33.084008150882354,34.85989339557865,34.23059741686747
1569,36.43953776,36.535273887500004,35.54440382078505,33.46625954864706,34.84900549167347,34.305300561748034
1570,36.4380648965,36.501398027,35.53269140557029,33.18433614694118,34.89079862268827,34.29425262388798
1571,36.4763593475,36.529382433500004,35.54357184283157,33.32035942311765,34.88094498130312,34.25494240686786
1572,36.480777938,36.519072389,35.567791396653845,33.217085700058824,34.867763445280744,34.229306215354526
1573,36.479305074500004,36.530855297,35.55355371615385,33.446679128,34.83590708494118,34.26624584
1574,36.480777938,36.519072389,35.54351573906123,33.293847880117646,34.837802180764875,34.26327915270936
1575,36.46899503,36.529382433500004,35.51798649042583,33.20045100641177,34.85326860862506,34.30516866714286
1576,36.480777938,36.523490979500004,35.5632821684,33.27478729364706,34.85686114500476,34.29836554112605
1577,36.4498478045,36.507289481,35.573409858371434,33.12143621158824,34.87599528635675,34.354671867585004
1578,36.491087982500005,36.5205452525,35.51639349418863,33.480641627529415,34.85713813577713,34.30409698187342
1579,36.4822508015,36.5205452525,35.538014973057905,33.27253467888235,34.86366644792453,34.238401080897326
1580,36.471940757,36.535273887500004,35.563630225061935,33.17896452711765,34.86963206028077,34.267684721998265
1581,36.4763593475,36.545583932,35.538278129190985,33.257459487764706,34.86793371454459,34.22369645
1582,36.445429214,36.545583932,35.590697791668205,33.284664143,34.84906897692308,34.25383971918295
1583,36.4439563505,36.541165341500005,35.56427918369231,33.204956235941175,34.86222082758687,34.27662522835593
1584,36.4469020775,36.5175995255,35.550638921085714,33.302858339176474,34.85136069650655,34.29211296982699
1585,36.445429214,36.5175995255,35.53734418291477,33.12680783141177,34.85996323923187,34.27450552827225
1586,36.463103576,36.5175995255,35.52722483446975,33.30563078811765,34.84862616684015,34.25611326173701
1587,36.457212122,36.489615119,35.57913761547573,33.12108965547059,34.85045706891929,34.23170383671018
1588,36.4380648965,36.473413620500004,35.569991329810925,33.222110763764704,34.83919111672269,34.260660343152175
1589,36.4351191695,36.495506573,35.55062021805715,33.231641057000004,34.85006860145824,34.24021383395349
1590,36.43953776,36.5146537985,35.57720938854774,33.296966885176474,34.844448143600005,34.32180818580484
1591,36.4469020775,36.479305074500004,35.545639868734696,33.360040098588236,34.855712867225435,34.267394940382694
1592,36.4439563505,36.507289481,35.53940984085608,33.281718416000004,34.85624835001439,34.26407117925801
1593,36.467522166500004,36.5087623445,35.53627352369602,33.24481018947059,34.84865354348513,34.298547790436245
1594,36.4586849855,36.504343754000004,35.583200893828575,33.10549463017647,34.8590461235,34.25549521695615
1595,36.466049303,36.522018116,35.582658506,33.349470137,34.858172842974014,34.2473072389313
1596,36.454266395000005,36.489615119,35.553043878788465,33.31360157882353,34.83491739276596,34.31463024290786
1597,36.4704678935,36.5087623445,35.59210846726167,33.2293884422353,34.86669298461538,34.35532149864268
1598,36.4586849855,36.495506573,35.53202724961538,33.41081056982353,34.82581113419478,34.32589642023923
1599,36.471940757,36.504343754000004,35.54968506662857,33.284664143,34.837246729288424,34.285356111935485
1600,36.466049303,36.473413620500004,35.54912526563547,33.26664322488235,34.83808899842324,34.26787956706985
1601,36.454266395000005,36.4822508015,35.55024921471154,33.22228404182353,34.84489064238356,34.28080715052369
1602,36.4616307125,36.501398027,35.54773995165714,33.305977344235295,34.81861850369403,34.28844694124688
1603,36.4321734425,36.519072389,35.563582896707246,33.39746815929412,34.84240400503299,34.26571049420243
1604,36.460157849,36.4999251635,35.54311762994978,33.397641437352945,34.809341460463095,34.30656805230132
1605,36.457212122,36.5028708905,35.56516209514563,33.290555597,34.821027566103645,34.29378809568882
1606,36.4203905345,36.4822508015,35.52634235104082,33.375635123882354,34.828950849826086,34.369657290755185
1607,36.4203905345,36.5058166175,35.53570347156187,33.26889583964706,34.83810540426464,34.28004838511628
1608,36.4498478045,36.4969794365,35.521561794681,33.370090226,34.81402696607583,34.29664538567763
1609,36.442483487000004,36.5028708905,35.54806112780296,33.334568223941176,34.86039376880682,34.27995931790175
1610,36.4086076265,36.5205452525,35.56765814775472,33.241344628294115,34.831085593980404,34.271374767943385
1611,36.417444807500004,36.516126662000005,35.55376895870527,33.40457255970588,34.83918253285848,34.31028583884338
1612,36.4144990805,36.507289481,35.54466665588679,33.32815693576471,34.835054323258426,34.25764753179269
1613,36.421863398,36.542638205,35.55591317514286,33.36021337664706,34.83673527690499,34.265429623042394
1614,36.427754852,36.519072389,35.54429370014953,33.334741502,34.82303225685086,34.296150158
1615,36.418917671,36.5264367065,35.522954346194005,33.273920903352945,34.83005488799443,34.2977383761568
1616,36.418917671,36.5175995255,35.53919952044431,33.17030062417647,34.809386393804,34.233436097524276
1617,36.427754852,36.4704678935,35.52116520844995,33.214313251117645,34.816727702638296,34.23479724754622
1618,36.4233362615,36.460157849,35.515721702673474,33.29107543117647,34.80314042806055,34.24486275766149
1619,36.427754852,36.516126662000005,35.51408773640348,33.33526133617647,34.83286971170666,34.25372575821929
1620,36.424809125,36.5058166175,35.48856668642857,33.056630217588236,34.81029846692343,34.13746903896552
1621,36.421863398,36.5175995255,35.52762269465517,33.20201050894118,34.810673299259264,34.22703805274779
1622,36.4203905345,36.501398027,35.61207314409664,33.27998563541176,34.81004566381566,34.2869914579628
1623,36.3791503565,36.466049303,35.58924233173077,33.158344438117645,34.80014211539721,34.279666415475354
1624,36.4086076265,36.463103576,35.57492012792857,33.38360591458824,34.76159200050633,34.27331469493628
1625,36.407134763,36.46899503,35.54574160498901,33.287263313882356,34.79119490051502,34.26981977759677
1626,36.411553353500004,36.510235208000005,35.498609972989016,33.41410285294118,34.801047162457586,34.30244170117647
1627,36.4144990805,36.519072389,35.528147380247745,33.23857217935294,34.828216349970326,34.272572269509006
1628,36.4233362615,36.5087623445,35.47989204365307,33.31845336447059,34.825229176507335,34.26278027882353
1629,36.433646306,36.510235208000005,35.476930285485714,33.33439494588235,34.844982400543955,34.257463749603964
1630,36.4321734425,36.501398027,35.44939843522547,33.31516108135294,34.818565714783446,34.24252058308748
1631,36.4351191695,36.491087982500005,35.45813374177143,33.384645582941175,34.819931824606414,34.210297224057484
1632,36.46899503,36.535273887500004,35.47845386296704,33.338900175411766,34.821125759668455,34.268937251428575
1633,36.4439563505,36.529382433500004,35.494643598946,33.30025916829412,34.838277060943135,34.22300217090909
1634,36.448374941000004,36.5323281605,35.52029550808933,33.23372039370588,34.85083572288128,34.25707911611634
1635,36.4469020775,36.52790957,35.496539645186104,33.23008155447059,34.84565909956357,34.258747929438776
1636,36.417444807500004,36.519072389,35.46046962293204,33.24013168188235,34.85259734176806,34.196324347937335
1637,36.43953776,36.536746751,35.48568869796154,33.30268506111765,34.84528658362416,34.23329334997389
1638,36.4410106235,36.5264367065,35.46363573270588,33.21899175870588,34.829327993526064,34.26199256243655
1639,36.448374941000004,36.539692478,35.46527430386408,33.128540612,34.84384958423496,34.27217520117546
1640,36.43953776,36.533801024,35.45094844558699,33.20634246041177,34.83849686089509,34.302903776
1641,36.433646306,36.533801024,35.483361547586206,33.29176854341176,34.83519322018156,34.24574767631807
1642,36.401243309,36.5087623445,35.471452319728115,33.18017747352941,34.829633916956524,34.23556797278603
1643,36.415971944,36.507289481,35.45851440341177,33.20079756252942,34.8584326207896,34.2663158513369
1644,36.398297582,36.507289481,35.45315669920792,33.239092013529415,34.854878255490384,34.233133686500004
1645,36.41008049,36.5058166175,35.472643893647216,33.314121413,34.84862095720266,34.20279897099036
1646,36.4027161725,36.4763593475,35.44700428765986,33.33942000958824,34.84582392153846,34.21355730356089
1647,36.417444807500004,36.491087982500005,35.47014435460471,33.38793786605883,34.85099208940842,34.222135004495414
1648,36.413026217,36.4586849855,35.4632809252521,33.45620942123529,34.84361843199614,34.23559097284793
1649,36.404189036000005,36.471940757,35.484454420013655,33.376501514176475,34.832366185478264,34.275466383033006
1650,36.407134763,36.474886484,35.49706445614605,33.551858909705885,34.83286259194805,34.249820024836716
1651,36.421863398,36.4822508015,35.494634579918866,33.37702134835294,34.86156377303852,34.17651373259528
1652,36.415971944,36.463103576,35.47871991548711,33.0732649112353,34.84459274427343,34.25510903662338
1653,36.392406128000005,36.467522166500004,35.562167226567745,33.41254335041177,34.824914100149655,34.325588302650175
1654,36.4262819885,36.492560846,35.506399030167294,33.223843544352945,34.858923052580806,34.288379129137326
1655,36.417444807500004,36.498452300000004,35.513473642737864,33.023360830294116,34.83378453260432,34.24759266472915
1656,36.405661899500004,36.483723665,35.49022514268378,33.273054513058824,34.83392654349737,34.24528505452685
1657,36.4233362615,36.5058166175,35.51811674444219,33.31758697417647,34.85101176845828,34.28947912275862
1658,36.4203905345,36.495506573,35.51509032451289,33.354495200705884,34.85075726996237,34.29214546869565
1659,36.4233362615,36.4851965285,35.51816721377971,33.26387077594118,34.84847994918455,34.28697595851915
1660,36.417444807500004,36.4881422555,35.51370966907265,33.24481018947059,34.824866027967325,34.29726101510917
1661,36.417444807500004,36.4851965285,35.51923163337864,33.272881235,34.84303273017242,34.309075775428575
1662,36.429227715500005,36.4851965285,35.5250791029901,33.17237996088235,34.85420369476026,34.30557967199298
1663,36.424809125,36.479305074500004,35.50266764960875,33.378754128941175,34.842277100576645,34.25321185552398
1664,36.424809125,36.4498478045,35.48683573947059,33.31290846658824,34.83190336076812,34.262380102515614
1665,36.427754852,36.473413620500004,35.486266183650486,33.31706714,34.83666285138983,34.27086360325581
1666,36.383568947,36.498452300000004,35.497639453653846,33.38880425635294,34.81338791334698,34.28648383518943
1667,36.4262819885,36.501398027,35.486694091533614,33.26976222994118,34.83855089206317,34.21204678038938
1668,36.415971944,36.5028708905,35.494092224190986,33.16562211658824,34.81674908931841,34.1915782267252
1669,36.4321734425,36.5146537985,35.538300557115384,32.918007770529414,34.83370623720461,34.20030712380523
1670,36.4321734425,36.5117080715,35.531853064816325,33.02353410835294,34.81914703766234,34.20524390841837
1671,36.4144990805,36.5146537985,35.53008501203297,33.10254890317647,34.828046819337175,34.222713979588335
1672,36.3968247185,36.5028708905,35.51850972253316,33.10999985970588,34.825818822438556,34.19089447781022
1673,36.433646306,36.4969794365,35.52826609112245,33.22470993464706,34.81315600958864,34.23585828071057
1674,36.427754852,36.495506573,35.50146057853676,33.227309105529415,34.80731900908738,34.252070195488855
1675,36.4410106235,36.4969794365,35.51775301714764,33.27478729364706,34.815583252818,34.23464245665823
1676,36.4262819885,36.495506573,35.512242202884615,33.19802511358824,34.81435508248154,34.20947931968836
1677,36.436592033000004,36.507289481,35.53538216647498,33.11519820147059,34.80949061918368,34.22947772859445
1678,36.427754852,36.4969794365,35.542847021483496,32.994769950588235,34.81408444847358,34.21682795395911
1679,36.445429214,36.513180935,35.54543239741359,33.111905918352946,34.8185310223176,34.24608465005155
1680,36.4262819885,36.4999251635,35.533364156484616,33.17220668282353,34.81070215822503,34.219535345307165
1681,36.442483487000004,36.522018116,35.54197222538462,33.10930674747059,34.817322745988314,34.214617349391304
1682,36.4086076265,36.513180935,35.531752256430174,33.107573966882356,34.82648845233301,34.224895989790575
1683,36.418917671,36.4940337095,35.538575346601945,33.18953448870588,34.83873319782885,34.2429030832363
1684,36.4086076265,36.483723665,35.52497764653846,33.11034641582353,34.814946833034355,34.227043414648136
1685,36.411553353500004,36.4763593475,35.527628652737555,33.109133469411766,34.82711084404329,34.26387482614173
1686,36.424809125,36.501398027,35.5067136176699,33.146214974,34.81400414758523,34.219267217838315
1687,36.442483487000004,36.504343754000004,35.52130844661765,33.09856350782353,34.825109233516535,34.22388998568696
1688,36.4321734425,36.492560846,35.50148100660194,33.107573966882356,34.823246703671586,34.21916034762996
1689,36.43953776,36.504343754000004,35.51613684529412,33.230428110588235,34.83290029017661,34.252455315768536
1690,36.4410106235,36.4969794365,35.52320625392857,33.256766375529416,34.83469784633381,34.272395522368654
1691,36.448374941000004,36.510235208000005,35.52480985704577,33.195945776882354,34.83615503817667,34.255360909707186
1692,36.4380648965,36.5058166175,35.53010002151323,33.13599156852941,34.82838912540009,34.239871274026434
1693,36.433646306,36.495506573,35.52604984602122,33.21639258782353,34.80693717770537,34.25703328075149
1694,36.421863398,36.430700579,35.541544213769235,33.19282677182353,34.814364189534885,34.282866695468755
1695,36.433646306,36.454266395000005,35.51790556385989,33.19854494776471,34.806918781505686,34.25199085838822
1696,36.433646306,36.451320668,35.5128478395271,33.314121413,34.80229439557746,34.26114157043038
1697,36.4469020775,36.457212122,35.4939662962772,33.19196038152941,34.822864061748945,34.29404504300263
1698,36.43953776,36.4527935315,35.49323272824934,33.134432066,34.80801082662233,34.23129547257193
1699,36.448374941000004,36.460157849,35.513729753057696,33.07239852094118,34.82611900114964,34.21783032137931
1700,36.516126662000005,36.5529482495,35.61086836476733,33.25572670717647,34.97156548580224,34.36950907968586
1701,36.536746751,36.529382433500004,35.58253891451923,33.366971220941174,34.977193719669344,34.38053272634868
1702,36.536746751,36.529382433500004,35.62621785954286,33.374075621352944,34.995173460293174,34.40522902968421
1703,36.529382433500004,36.5323281605,35.60865912641247,33.36853072347059,34.99140894933709,34.39290655349153
1704,36.523490979500004,36.522018116,35.62211887966821,33.32261203788235,34.98662401583862,34.37747771890625
1705,36.519072389,36.5323281605,35.5985984869665,33.30857651511765,34.98612899133116,34.3838428667601
1706,36.524963843,36.5323281605,35.601540559218364,33.34184590241176,34.990250965933456,34.387668311827085
1707,36.4027161725,36.5264367065,35.58021076983356,33.30961618347059,34.98121851048573,34.41160432024801
1708,36.5087623445,36.539692478,35.55169399193277,33.25763276582353,34.98231380011418,34.35478369365434
1709,36.5117080715,36.5588397035,35.54125845722773,33.09787039558824,34.974856835,34.38842726016086
1710,36.519072389,36.5441110685,35.53427777887755,33.299392778,34.95558880035611,34.451466372230215
1711,36.4969794365,36.5146537985,35.50993990588728,33.406651896411766,34.97613959505355,34.36666306497462
1712,36.5205452525,36.5706226115,35.51296017040509,33.2853572552353,34.98863825210138,34.273764962972976
1713,36.522018116,36.5529482495,35.48406502440576,33.08920649264706,34.95711593772091,34.390857237447186
1714,36.522018116,36.52790957,35.507466036854396,33.167874731352946,34.95436716073501,34.38577590792959
1715,36.5205452525,36.524963843,35.534566669442974,33.390883593058824,34.980513433922965,34.256494584818654
1716,36.524963843,36.545583932,35.53353127900971,33.058189720117646,34.96464764549419,34.38957016510526
1717,36.5028708905,36.541165341500005,35.512210671737535,33.295060826529415,34.985126118717474,34.3419840981261
1718,36.5058166175,36.523490979500004,35.5500059809703,33.46192759717647,34.98127875677739,34.39648397286957
1719,36.536746751,36.5470567955,35.48887825225243,33.22592288105882,34.967284485932204,34.43634396617722
1720,36.5117080715,36.529382433500004,35.49742361980198,33.340632956,34.98396744324453,34.306344597082635
1721,36.542638205,36.522018116,35.497207578217825,33.21916503676471,34.96955550205869,34.33906356718805
1722,36.529382433500004,36.524963843,35.51591871777703,33.33630100452941,34.98805498273239,34.269675557606384
1723,36.5382196145,36.5205452525,35.53336213732673,33.29523410458824,34.985300255849054,34.336196712561986
1724,36.535273887500004,36.598607018,35.48703047644979,33.20443640176471,34.98929788158996,34.37102902107679
1725,36.52790957,36.5676768845,35.51915149578125,33.239785125764705,35.009637307850554,34.32941441899175
1726,36.536746751,36.5441110685,35.51722120912621,33.252780980176475,34.97297147603757,34.33158261083405
1727,36.539692478,36.5382196145,35.514860027428576,33.37927396311765,34.98146317590723,34.43507329441861
1728,36.513180935,36.563258294,35.50639516204875,33.36333238170588,35.01683498863208,34.253487350474515
1729,36.535273887500004,36.529382433500004,35.516672782505495,33.107920523000004,34.98708967667546,34.2892589782699
1730,36.529382433500004,36.523490979500004,35.525485303529415,33.40734500864706,35.00502304064777,34.29170967305026
1731,36.524963843,36.516126662000005,35.51444440457143,33.29020904088235,34.99040263503338,34.26890827112605
1732,36.524963843,36.519072389,35.51515406061813,33.20634246041177,34.97412981683186,34.24950888280551
1733,36.545583932,36.5146537985,35.538542112014184,33.22037798317647,34.975612655180726,34.21332134614711
1734,36.541165341500005,36.52790957,35.519489027,33.38447230488235,34.94599031452404,34.32192857204031
1735,36.524963843,36.522018116,35.51498909492604,33.396428490941176,34.95303999115949,34.28193460201401
1736,36.52790957,36.516126662000005,35.50738511028846,33.33942000958824,34.94719266961538,34.2616397735182
1737,36.5323281605,36.522018116,35.50184454052739,33.334914780058824,34.9543472638961,34.34145764930568
1738,36.519072389,36.5205452525,35.482077487453324,33.397987993470586,34.92340670396954,34.30548084402527
1739,36.5470567955,36.5146537985,35.50172025067308,33.38845770023529,34.932993032820995,34.27609479341241
1740,36.542638205,36.5205452525,35.517823458751735,33.431603936882354,34.93245579096403,34.28983858066838
1741,36.560312567000004,36.542638205,35.50794182925066,33.46002153852941,34.95228562119114,34.34592738663778
1742,36.5558939765,36.539692478,35.48614188673077,33.4267521512353,34.93278948966962,34.33781004533796
1743,36.5558939765,36.539692478,35.51722047862069,33.464526768058825,34.937188935457144,34.32493387273357
1744,36.539692478,36.530855297,35.500602599798896,33.41063729176471,34.95249681503553,34.37588052900722
1745,36.5441110685,36.539692478,35.49353914391481,33.4149692432353,34.95345520808864,34.38949995996451
1746,36.548529659,36.536746751,35.50062702268571,33.47336394905882,34.9122765943398,34.36464437796327
1747,36.536746751,36.535273887500004,35.54473541801923,33.43853505923529,34.960237041852736,34.40262492379221
1748,36.524963843,36.523490979500004,35.5102383068229,33.40959762341176,34.9565204818627,34.3785579349345
1749,36.507289481,36.52790957,35.52464643252427,33.445812737705886,34.95625325105288,34.38734795
1750,36.5058166175,36.524963843,35.558268341253104,33.34531146358824,34.95222678837005,34.35220360524887
1751,36.5058166175,36.5323281605,35.58438081887379,33.43541605417647,34.97565008026201,34.35034948082601
1752,36.507289481,36.501398027,35.54219515181047,33.444253235176475,34.97704054386997,34.397521519783396
1753,36.513180935,36.529382433500004,35.575543309146305,33.29211509952941,34.95188048607371,34.346392678238345
1754,36.510235208000005,36.5175995255,35.61748721588785,33.21933831482353,34.93609799158362,34.37511513720736
1755,36.524963843,36.542638205,35.644673247780375,33.23891873547059,34.95376779842543,34.37987566325312
1756,36.5264367065,36.5588397035,35.64276572846596,33.193173327941174,34.95024332045226,34.38103110871336
1757,36.52790957,36.55736684,35.62905861860206,33.15262626217647,34.97186573926733,34.379301086
1758,36.519072389,36.548529659,35.62541517894996,33.21933831482353,34.956638064492466,34.34445734596632
1759,36.5264367065,36.535273887500004,35.604460204606646,33.08002275552941,34.95695791085202,34.330761647835054
1760,36.5205452525,36.519072389,35.61958475180241,33.21240719247059,34.976958593665834,34.346505995110384
1761,36.5323281605,36.55736684,35.63169925846361,33.03756963111765,34.976031275176474,34.360414867660666
1762,36.5264367065,36.5470567955,35.642246178584905,33.03947568976471,34.93578441759878,34.394401984256
1763,36.4557392585,36.5117080715,35.63841735103774,33.27028206411765,34.96028928105759,34.38925502847512
1764,36.519072389,36.539692478,35.61206233877551,33.10809380105883,34.96464478243161,34.392552776375304
1765,36.516126662000005,36.5470567955,35.61061624544597,33.233893671764704,34.9501781888,34.368626002180015
1766,36.516126662000005,36.5382196145,35.61025381103147,33.18364303470588,34.95938800946997,34.36991405551021
1767,36.524963843,36.5470567955,35.61643365788461,33.098216951705886,34.94285586920239,34.35520596678481
1768,36.5205452525,36.536746751,35.601354341098904,33.080542589705885,34.954152668165136,34.3314603475188
1769,36.5205452525,36.535273887500004,35.62626095782609,33.20599590429412,34.95359198369925,34.357336782615384
1770,36.4999251635,36.5175995255,35.628781274635294,33.2581526,34.93143179468938,34.37773539651183
1771,36.491087982500005,36.523490979500004,35.6444588214604,33.27236140082353,34.9488398832,34.41072305401575
1772,36.510235208000005,36.542638205,35.65656935652277,33.21188735829412,34.951505526344626,34.40498724382143
1773,36.510235208000005,36.52790957,35.602398225544555,33.20408984564706,34.95893302861221,34.386926271288345
1774,36.530855297,36.541165341500005,35.58217676682719,33.323651706235296,34.96389112658379,34.4279102445967
1775,36.507289481,36.5441110685,35.59579090944615,33.170473902235294,34.97734336077612,34.352174566892856
1776,36.498452300000004,36.545583932,35.610482857736265,33.190574157058826,34.958931369437444,34.35498722852965
1777,36.504343754000004,36.535273887500004,35.63170414902174,33.24169118441176,34.95000532577844,34.37674982476033
1778,36.507289481,36.5323281605,35.6029899561772,33.319319754764706,34.936867694308305,34.35982571239414
1779,36.501398027,36.545583932,35.62632044117562,33.20651573847059,34.965991192869566,34.347974691085525
1780,36.46899503,36.5382196145,35.62800386643868,33.31550763747059,34.96192718915108,34.350272012578316
1781,36.46899503,36.535273887500004,35.62636000256,33.24307740888236,34.95838985383636,34.3447878287541
1782,36.4940337095,36.486669392,35.626279839805825,33.24186446247059,34.960409717703214,34.38535460090226
1783,36.495506573,36.504343754000004,35.627601523983515,33.33248888723529,34.93997078577904,34.380114610034425
1784,36.473413620500004,36.495506573,35.61209897959085,33.329543160235296,34.94128489871429,34.38298850566133
1785,36.4969794365,36.495506573,35.61857371596154,33.238225623235294,34.938204928672654,34.359926345000005
1786,36.4822508015,36.524963843,35.57548144358173,33.41774169217647,34.946858893413534,34.387697111049434
1787,36.4940337095,36.524963843,35.615081477108184,33.30337817335294,34.95920621971831,34.351629484067495
1788,36.491087982500005,36.513180935,35.63041450107131,33.23060138864706,34.92758041096654,34.381766214263436
1789,36.5058166175,36.516126662000005,35.620617097058826,33.25555342911765,34.95198774693041,34.364941164938706
1790,36.4645764395,36.4851965285,35.62110835716386,33.17237996088235,34.96183840423077,34.37884391669643
1791,36.451320668,36.4851965285,35.596370665346534,33.26664322488235,34.956454390816326,34.389208409157895
1792,36.460157849,36.4410106235,35.61568443451613,33.253127536294116,34.94825805396374,34.44372909489324
1793,36.454266395000005,36.486669392,35.62416274053868,33.50386088741177,34.93780299100437,34.44018730721977
1794,36.491087982500005,36.5175995255,35.645755752613795,33.61926407458824,34.903303998487395,34.4218170471875
1795,36.4321734425,36.536746751,35.62100983553431,33.544061397058826,34.918682905577214,34.362961804962026
1796,36.4645764395,36.533801024,35.56412404679612,33.26543027847059,34.92286305608611,34.316917828010475
1797,36.46899503,36.523490979500004,35.551287772307695,33.20547607011765,34.93910792809429,34.347415863099314
1798,36.4616307125,36.504343754000004,35.57563598023948,33.45205074782353,34.92547750795086,34.34440150390164
1799,36.471940757,36.5382196145,35.58732799986075,33.34843046864706,34.92368333306769,34.37603185119672
1800,36.4645764395,36.530855297,35.59790147428571,33.34704424417647,34.93506834207059,34.336652352
1801,36.4704678935,36.519072389,35.580106878530614,33.401106998529414,34.92436708059397,34.38910046051238
1802,36.466049303,36.530855297,35.598002632493134,33.34444507329412,34.947569878884124,34.36483347090909
1803,36.471940757,36.539692478,35.60124322398393,33.34201918047059,34.95246967755618,34.3761168586281
1804,36.4969794365,36.4969794365,35.61482556870347,33.427791819588236,34.950969255684065,34.43731120828151
1805,36.504343754000004,36.5087623445,35.61477270623529,33.33110266276471,34.940940213717475,34.37613561074325
1806,36.486669392,36.483723665,35.602883574137934,33.34097951211765,34.93788939975717,34.40748371902027
1807,36.460157849,36.483723665,35.57848838194606,33.24533002364706,34.940784973284885,34.394495414805654
1808,36.460157849,36.463103576,35.57048734892414,33.314987803294116,34.92292256370613,34.37828676574614
1809,36.473413620500004,36.4704678935,35.56656648471035,33.33959328764706,34.90497942080226,34.42163515075676
1810,36.463103576,36.519072389,35.59617089079882,33.352415864,34.94517881061225,34.40529259357143
1811,36.451320668,36.4351191695,35.56860232989091,33.48601324735294,34.95169838172662,34.45565577384215
1812,36.4616307125,36.43953776,35.594990815464286,33.43091082464706,34.90932281681621,34.38250542950512
1813,36.424809125,36.413026217,35.60022435042781,33.625848640823534,34.90118891119093,34.44791348743363
1814,36.463103576,36.495506573,35.51140271758824,33.35206930788235,34.89620895963479,34.35729979670796
1815,36.4616307125,36.4557392585,35.489924816415844,33.27166828858824,34.90637182939423,34.32815759286517
1816,36.467522166500004,36.519072389,35.494106679350004,33.390883593058824,34.92074898756209,34.397494343
1817,36.4557392585,36.4940337095,35.485122212,33.40457255970588,34.92461367770939,34.286360308305234
1818,36.4586849855,36.479305074500004,35.492759282,33.314987803294116,34.89637817626277,34.304382155842696
1819,36.474886484,36.4940337095,35.50623811643565,33.29800655352941,34.9136195767333,34.322708561498196
1820,36.471940757,36.486669392,35.51187753930345,33.60834755688236,34.9096472732233,34.275270445679475
1821,36.4822508015,36.489615119,35.50957234361055,33.51754985405883,34.906930742969436,34.315590189619776
1822,36.474886484,36.4498478045,35.476713541172884,33.3472175222353,34.876588787352055,34.26906762505515
1823,36.4851965285,36.471940757,35.502069706298705,33.74939589676471,34.912256357228976,34.308278435789475
1824,36.463103576,36.4557392585,35.47781136479208,33.31793353029412,34.882018163194246,34.32207659628436
1825,36.427754852,36.4380648965,35.46944567350649,33.31845336447059,34.890085358,34.34051563598513
1826,36.4233362615,36.451320668,35.485632399769074,33.43506949805882,34.89317082537002,34.372076614652954
1827,36.4351191695,36.4645764395,35.50880901128713,33.48583996929412,34.91658464416089,34.326913680593144
1828,36.4144990805,36.4645764395,35.46505556261818,33.36645138676471,34.89803176957499,34.35981020135338
1829,36.4527935315,36.4498478045,35.49033850722135,33.36749105511765,34.9123001262782,34.33972128354571
1830,36.4498478045,36.513180935,35.474864248953324,33.48947880852941,34.924672281407894,34.35166921801653
1831,36.4527935315,36.4822508015,35.470699932608,33.47007166594118,34.908101418637024,34.356963321500004
1832,36.448374941000004,36.471940757,35.51545652693204,33.39972077405883,34.894305477531915,34.306392686702125
1833,36.4380648965,36.46899503,35.4934357082,33.276173518117645,34.924145595470044,34.344435238009574
1834,36.4439563505,36.4704678935,35.4848167292,33.51217823423529,34.91335844859624,34.34485221622951
1835,36.4586849855,36.477832211,35.472727499161536,33.42276675588236,34.90215420394041,34.348760339118705
1836,36.474886484,36.477832211,35.4955318206993,33.34496490747059,34.93846166338028,34.37213903342391
1837,36.492560846,36.486669392,35.50781522,33.44910502082353,34.92945758345094,34.35151185510949
1838,36.4822508015,36.4822508015,35.51372395732673,33.39417587617647,34.91316994841953,34.3407072725
1839,36.4586849855,36.471940757,35.483642972467536,33.23579973041176,34.93938842794375,34.29228621054945
1840,36.4469020775,36.504343754000004,35.468966032376926,33.459501704352945,34.9289631925868,34.282119089537574
1841,36.442483487000004,36.477832211,35.458436107400004,33.48116146170588,34.93373463831396,34.28940551806936
1842,36.436592033000004,36.474886484,35.477869628972414,33.62324946994118,34.907057017948475,34.280811744615384
1843,36.4469020775,36.510235208000005,35.50654746638,33.47267083682353,34.901556627375314,34.33722176679558
1844,36.427754852,36.523490979500004,35.51006205247525,33.32659743323529,34.893196575280896,34.31353452835989
1845,36.477832211,36.529382433500004,35.51441217904665,33.260231936705885,34.92292090326531,34.312642161150684
1846,36.463103576,36.516126662000005,35.50507149188119,33.44044111788235,34.9099461772547,34.291824878226414
1847,36.463103576,36.519072389,35.51821955893571,33.25416720464706,34.91521348265182,34.28607858170662
1848,36.4557392585,36.492560846,35.50997853697143,33.268029449352944,34.90755535836472,34.375436931659785
1849,36.429227715500005,36.489615119,35.52625176180949,33.21032785576471,34.93754232129518,34.35348106255875
1850,36.4469020775,36.519072389,35.5484526419802,33.322785315941175,34.935977002248464,34.35689066732221
1851,36.418917671,36.513180935,35.553427830384614,33.31429469105883,34.91398308690141,34.38243015366387
1852,36.433646306,36.5175995255,35.55411256753369,33.27340106917647,34.929990466382534,34.40863459036497
1853,36.4233362615,36.524963843,35.530827935810024,33.30424456364706,34.95819009160121,34.30730272832
1854,36.460157849,36.524963843,35.537086555271884,33.3413260682353,34.93007228435388,34.322190756390484
1855,36.451320668,36.533801024,35.559070117379314,33.17116701447059,34.93101850840708,34.325104045576595
1856,36.4321734425,36.52790957,35.55048812056604,33.30216522694118,34.89002389722802,34.30186858511628
1857,36.442483487000004,36.513180935,35.58031971951456,33.23926529158824,34.9206709025074,34.317938251508195
1858,36.445429214,36.5117080715,35.56749798597633,33.30112555858824,34.90153655982063,34.37003850283619
1859,36.4439563505,36.522018116,35.54908595894775,33.17428601952941,34.90848598405326,34.356189011007025
1860,36.445429214,36.4999251635,35.544775933681855,33.28518397717647,34.91498746670471,34.31051161041704
1861,36.463103576,36.4645764395,35.57105308447068,33.116930982058825,34.92190696151316,34.27543830359751
1862,36.4321734425,36.463103576,35.537478340943395,33.2971401632353,34.883519136891245,34.394361585714286
1863,36.429227715500005,36.46899503,35.54973828944445,33.302858339176474,34.89346007436893,34.3707772722135
1864,36.445429214,36.466049303,35.56471460035294,33.345138185529414,34.913599645247814,34.33859582482518
1865,36.433646306,36.513180935,35.58289768896154,33.20235706505883,34.92721694683802,34.40674388271382
1866,36.4321734425,36.4969794365,35.53395646453202,33.30077900247059,34.910797975696205,34.34954683292407
1867,36.429227715500005,36.477832211,35.52783321069348,33.44529290352941,34.92748182384616,34.32624096331885
1868,36.4203905345,36.495506573,35.56698324541681,33.22488321270588,34.90834303227723,34.38080468985458
1869,36.4527935315,36.4969794365,35.57418920477222,33.414449409058825,34.925469324995014,34.43934536717748
1870,36.448374941000004,36.491087982500005,35.53036857872,33.364718606176474,34.918877322644875,34.404651956465926
1871,36.463103576,36.460157849,35.52820152114286,33.41808824829412,34.90984848222438,34.37054414649485
1872,36.460157849,36.4969794365,35.52968885722449,33.398334549588235,34.90126386947268,34.38167312820144
1873,36.4616307125,36.492560846,35.54870928448276,33.31672058388236,34.893798928530806,34.32280187308824
1874,36.4527935315,36.4763593475,35.53185784777778,33.26820272741177,34.89606018163208,34.3759939217931
1875,36.457212122,36.4763593475,35.53673727754717,33.18364303470588,34.91236802359719,34.311807070573565
1876,36.411553353500004,36.491087982500005,35.59058368737864,33.40128027658824,34.87342884603221,34.37119143936255
1877,36.41008049,36.4999251635,35.546357246346155,33.321225813411765,34.88787969049261,34.341886274255835
1878,36.41008049,36.429227715500005,35.52504814256923,33.26075177088235,34.898367950851465,34.277788463807894
1879,36.424809125,36.43953776,35.524333315327105,33.207382128764706,34.898150879307515,34.22868957319605
1880,36.467522166500004,36.448374941000004,35.50077585291779,33.219511592882355,34.91494378050734,34.193217356000005
1881,36.4704678935,36.4498478045,35.51453454025659,33.34028639988235,34.89009638036483,34.228463562966255
1882,36.4645764395,36.479305074500004,35.50108001938627,33.488092584058826,34.84646334521189,34.34429281483965
1883,36.4557392585,36.471940757,35.44963749113347,33.508712673058824,34.86143107979701,34.28037154842105
1884,36.398297582,36.4557392585,35.42412833529412,33.24394379917647,34.88446237532152,34.31907419065048
1885,36.3997704455,36.463103576,35.41650297916505,33.23181433505882,34.87817318845441,34.290403217137715
1886,36.4498478045,36.4498478045,35.42909521423502,33.29159526535294,34.859113634391434,34.251955858505156
1887,36.4557392585,36.457212122,35.42857012826923,33.31672058388236,34.86235106039623,34.185939814061676
1888,36.4262819885,36.4557392585,35.4086967345215,33.277039908411766,34.84398117808905,34.25488937418788
1889,36.4498478045,36.4527935315,35.42495005456158,33.307883402882354,34.83226857019663,34.27784250026778
1890,36.463103576,36.457212122,35.42697340474801,33.34565801970588,34.86280228197263,34.28920706234295
1891,36.474886484,36.477832211,35.44759994186408,33.36818416735294,34.87916638128666,34.2859745445981
1892,36.395351855,36.448374941000004,35.44801738151923,33.41340974070588,34.882032578509644,34.322641389822785
1893,36.4586849855,36.457212122,35.44548114294286,33.38204641205883,34.880533194718446,34.2503733433045
1894,36.4351191695,36.4498478045,35.50472955020143,33.37494201164706,34.85399250923077,34.275306662052785
1895,36.451320668,36.460157849,35.52308300460194,33.23597300847059,34.86665655255814,34.26338193875
1896,36.466049303,36.457212122,35.52058957009709,33.25104819958824,34.8702839152209,34.31367879857143
1897,36.471940757,36.448374941000004,35.551172765555556,33.304417841705884,34.84610121512329,34.20681059068182
1898,36.480777938,36.4704678935,35.597050187788696,33.366278108705885,34.841331787246965,34.32604806181291
1899,36.4645764395,36.479305074500004,35.55660788970184,33.31758697417647,34.87995862519942,34.350178883287676
1900,36.4645764395,36.477832211,35.57384973243019,33.44806535247059,34.88113653137026,34.31646114474339
1901,36.4586849855,36.473413620500004,35.57651316275701,33.228868608058825,34.878595765633,34.27227071687898
1902,36.466049303,36.4704678935,35.56774614903302,33.28743659194118,34.87474291309229,34.26669857807974
1903,36.4557392585,36.4704678935,35.54300717751457,33.19230693764706,34.873512416806236,34.312355271062394
1904,36.4527935315,36.467522166500004,35.545630250034286,33.089033214588234,34.85858738168586,34.20520002465116
1905,36.445429214,36.467522166500004,35.561828007928575,33.320532701176475,34.83058758941176,34.32793962229184
1906,36.4527935315,36.473413620500004,35.5561528870362,32.990437999117646,34.86681910745763,34.30271759817685
1907,36.4321734425,36.4940337095,35.549295080098446,33.18433614694118,34.8516081072667,34.35491570464681
1908,36.460157849,36.471940757,35.534544965,33.3413260682353,34.867424157871724,34.311452690137614
1909,36.442483487000004,36.4704678935,35.554933214375,33.342365736588235,34.878525400009465,34.31137520727975
1910,36.460157849,36.4704678935,35.53433477041285,33.42831165376471,34.841872070419384,34.30848636323336
1911,36.41008049,36.445429214,35.52725136111111,33.234760062058825,34.829872237651976,34.29003156270313
1912,36.4439563505,36.474886484,35.54909006560748,33.40283977911765,34.85751551852368,34.311409600712075
1913,36.365894585,36.457212122,35.54358787931429,33.43004443435294,34.841443251072526,34.33822130352661
1914,36.448374941000004,36.474886484,35.541280765869566,33.321225813411765,34.85977030620758,34.31046408719368
1915,36.380623220000004,36.3820960835,35.49813338862689,33.38135329982353,34.875881886247,34.28294940115233
1916,36.448374941000004,36.4410106235,35.48916365416442,33.32625087711765,34.85220385938318,34.32576919880093
1917,36.4527935315,36.4498478045,35.51309991059857,33.29887294382353,34.86771138935762,34.328610475557376
1918,36.4439563505,36.4351191695,35.52797792403846,33.379967075352944,34.859769730463576,34.25860785086773
1919,36.448374941000004,36.451320668,35.50333428607143,33.306843734529416,34.840676592307695,34.22136464877336
1920,36.4469020775,36.436592033000004,35.48931560866623,33.35934698635294,34.84553729682479,34.30444439835351
1921,36.427754852,36.4410106235,35.508637203091304,33.24307740888236,34.85041807404215,34.20059302290375
1922,36.411553353500004,36.4086076265,35.51111084488166,33.51287134647059,34.82462877398773,34.184703017979984
1923,36.43953776,36.430700579,35.4711354638,33.201490674764706,34.82540333529412,34.32349374509202
1924,36.4498478045,36.4233362615,35.5007381651977,33.16492900435294,34.8555698500955,34.24360159818924
1925,36.405661899500004,36.4410106235,35.507598664807546,33.308229959,34.833039509278066,34.306709065511185
1926,36.415971944,36.4351191695,35.53400995048077,33.30337817335294,34.859487043723036,34.35016392601756
1927,36.442483487000004,36.467522166500004,35.52013104442308,33.28275808435294,34.869022558583815,34.30501865692308
1928,36.4439563505,36.451320668,35.51931487710189,33.20998129964706,34.85786519922759,34.256290373750005
1929,36.445429214,36.4498478045,35.547705015811324,33.210154577705886,34.852431282434786,34.27342556290402
1930,36.442483487000004,36.4380648965,35.52958892462056,33.149160701,34.837311206676056,34.2173447504513
1931,36.445429214,36.43953776,35.532051956168225,33.10306873735294,34.852508682026716,34.25692266363637
1932,36.3938789915,36.4262819885,35.522629300456074,33.216912422,34.84159930469253,34.25510050364312
1933,36.433646306,36.474886484,35.48901627846154,33.38100674370588,34.80078104624329,34.304952352787126
1934,36.3732589025,36.413026217,35.4852122953945,33.08920649264706,34.833322285591294,34.209440930710905
1935,36.448374941000004,36.4321734425,35.43454387902041,33.370956616294116,34.80199747349398,34.178210064607924
1936,36.4498478045,36.429227715500005,35.38609822241432,33.378754128941175,34.844025163420405,34.20846517110714
1937,36.454266395000005,36.4351191695,35.37407738126636,33.116757704,34.83267531818616,34.17498401414894
1938,36.454266395000005,36.424809125,35.38624345061498,33.126287997235295,34.8274364925115,34.17159772521978
1939,36.4645764395,36.424809125,35.40248169996893,33.416355467705884,34.84005277513588,34.08816351102253
1940,36.413026217,36.4203905345,35.39952453325243,33.23718595488236,34.84117549542913,34.20949979108946
1941,36.46899503,36.43953776,35.412661335591835,33.1557452672353,34.814816010288105,34.23856250229008
1942,36.463103576,36.4262819885,35.396511418857145,33.30493767588236,34.83955942563531,34.260312491216
1943,36.474886484,36.43953776,35.41636881675773,33.26976222994118,34.8248948401958,34.23847590844721
1944,36.330545861000004,36.349693086500004,35.39227863118524,33.387764588,34.86146581333643,34.134638509065155
1945,36.405661899500004,36.339383042,35.51371659227273,33.268722561588234,34.837327238724185,34.04654697428
1946,36.4086076265,36.333491588,35.480976374,33.06546739858824,34.82317998393657,34.16586679073034
1947,36.4203905345,36.401243309,35.489162883294036,33.02405394252941,34.820991121571225,34.26451959441253
1948,36.333491588,36.3231815435,35.488962567200005,33.42415298035294,34.779373011680974,34.3088551939084
1949,36.4203905345,36.429227715500005,35.50455123536352,33.65565246694118,34.80577683233909,34.38759505292715
1950,36.395351855,36.430700579,35.49165057994595,33.266816502941175,34.85459224949544,34.28302282821192
1951,36.383568947,36.4262819885,35.486728454373186,33.33526133617647,34.821959914761216,34.29653883228458
1952,36.3938789915,36.421863398,35.49096647144192,33.20287689923529,34.8441725504539,34.247926482854815
1953,36.424809125,36.4527935315,35.468277238494146,33.35189602982353,34.82614442394434,34.31073780112828
1954,36.415971944,36.4469020775,35.45995930459308,33.23216089117647,34.829015967120625,34.23122365841983
1955,36.404189036000005,36.4144990805,35.43299880616749,33.216046031705886,34.825912003355704,34.231952621340966
1956,36.424809125,36.41008049,35.46252090087657,33.21535291947059,34.80283122827749,34.22445007203361
1957,36.4233362615,36.442483487000004,35.411913046934174,33.385511973235296,34.78433061582929,34.26881588665127
1958,36.4203905345,36.4439563505,35.408824246,33.18693531782353,34.825804751444494,34.215937382076675
1959,36.427754852,36.411553353500004,35.430745361974395,33.497796155352944,34.83041446310871,34.222044046504855
1960,36.424809125,36.41008049,35.48196140017143,33.29887294382353,34.84383418837098,34.26068414992481
1961,36.421863398,36.4469020775,35.46435391032075,33.044847309588235,34.846201759112176,34.34539365636364
1962,36.433646306,36.4380648965,35.44680023084112,33.24550330170588,34.83474818236842,34.255556975061324
1963,36.4527935315,36.398297582,35.4517134055781,33.390883593058824,34.866169554633665,34.276398013793106
1964,36.4351191695,36.424809125,35.44806294017857,33.38603180741177,34.80919653222749,34.3015881146798
1965,36.429227715500005,36.4321734425,35.44790372258621,33.516163629588235,34.82244647734879,34.3370305688
1966,36.433646306,36.4233362615,35.466163273709675,33.369397113764705,34.83015307290511,34.28555799055253
1967,36.398297582,36.377677493,35.465045370279974,33.30701701258823,34.82005279440628,34.24591330059919
1968,36.3968247185,36.3850418105,35.437072908037386,33.276173518117645,34.82357226029259,34.24050567944724
1969,36.405661899500004,36.4233362615,35.44132880084478,33.29800655352941,34.84123134545015,34.31119990510204
1970,36.3850418105,36.4410106235,35.43851799796419,33.21569947558824,34.8426543575925,34.2639292866723
1971,36.3585302675,36.368840312,35.474321213,33.32573104294118,34.82761116319312,34.28264962610456
1972,36.3614759945,36.345274496,35.475188109796434,33.43143065882353,34.83417363273256,34.29746175298507
1973,36.368840312,36.3349644515,35.454034924330024,33.35137619564706,34.84594589781175,34.18972290604651
1974,36.35116595,36.318762953000004,35.44022132471845,33.10445496182353,34.83071762923077,34.192361583934144
1975,36.355584540500004,36.342328769,35.43513065087379,33.16562211658824,34.83192939807331,34.245642292410935
1976,36.3732589025,36.348220223,35.42490871064203,33.131486339,34.83890745787175,34.23817429438961
1977,36.365894585,36.3732589025,35.4049869978835,33.13027339258824,34.82548539783554,34.23001610912041
1978,36.3879875375,36.3349644515,35.39864612644938,33.285703811352946,34.850750235106176,34.2276323721519
1979,36.3762046295,36.3762046295,35.41647283821782,33.26473716623529,34.8422451515131,34.26532253592906
1980,36.3850418105,36.371786039,35.41811936873786,33.267682893235296,34.83451537264608,34.22929397536673
1981,36.380623220000004,36.355584540500004,35.3990918773077,33.36887727958823,34.837309269595046,34.24720729908397
1982,36.35116595,36.3526388135,35.35929008755644,33.522055083588235,34.83298357307692,34.27347066544816
1983,36.360003131,36.380623220000004,35.36452097477273,33.18139041994118,34.82168971448071,34.29445512014389
1984,36.357057404,36.374731766000004,35.385817718411076,33.271495010529414,34.84284716223256,34.25353951441065
1985,36.304034318,36.3968247185,35.36717411272728,33.32226548176471,34.84771848019125,34.22809964360815
1986,36.3084529085,36.3820960835,35.348689690983306,33.37858085088236,34.841978548991186,34.249250587967914
1987,36.3585302675,36.398297582,35.358123688863635,33.2234969882353,34.8407638570072,34.257634510147604
1988,36.333491588,36.3938789915,35.37438849181739,33.45101107947059,34.839744787652094,34.22274581593189
1989,36.333491588,36.4086076265,35.37495995681818,33.23025483252941,34.8405603228125,34.240226165754194
1990,36.309925772,36.3968247185,35.36203464413224,33.25971210252941,34.8282668233317,34.2070648905814
1991,36.3320187245,36.407134763,35.377804697768596,33.25486031688236,34.85430389638022,34.237754535873925
1992,36.367367448500005,36.413026217,35.347794670276684,33.17515240982353,34.857962560759,34.236800921056606
1993,36.3791503565,36.374731766000004,35.34158496909091,33.30268506111765,34.833880553675776,34.23983324906977
1994,36.3349644515,36.380623220000004,35.344528553744,33.23112122282353,34.82968688033834,34.177880147813084
1995,36.3438016325,36.3997704455,35.34114511525692,33.23094794476471,34.8262588722445,34.24387119229508
1996,36.3585302675,36.411553353500004,35.340064410367646,33.26387077594118,34.838861576764,34.208607226949155
1997,36.360003131,36.3968247185,35.32910562158416,33.48982536464706,34.83262602126619,34.20210792377924
1998,36.2996157275,36.3703131755,35.31280669302626,33.18485598111765,34.81623639943332,34.20987764644404
1999,36.3172900895,36.407134763,35.347982255000005,33.2176055342353,34.83503172232039,34.1966410613308
2000,36.362948858,36.398297582,35.37018636089505,33.22470993464706,34.85298978172805,34.19190922644068
2001,36.365894585,36.398297582,35.37481337335872,33.21777881229412,34.84192073502891,34.1952792082243
2002,36.333491588,36.411553353500004,35.35009008632,33.209288187411765,34.848931861520356,34.236438111720844
2003,36.3703131755,36.386514674,35.3657438978,33.22713582747059,34.848989933169534,34.17816026456274
2004,36.3762046295,36.4086076265,35.35637006950495,33.20045100641177,34.84398715946027,34.22683704526012
2005,36.368840312,36.3997704455,35.37595886857143,33.163542779882356,34.85819190845445,34.268124274608695
2006,36.3438016325,36.4144990805,35.38374525762238,33.2293884422353,34.84978358979592,34.23363700009766
2007,36.342328769,36.413026217,35.36953641640769,33.18797498617647,34.82709939191575,34.214149596899816
2008,36.3290729975,36.413026217,35.35351832059406,33.21188735829412,34.84046243217175,34.22933991955432
2009,36.3438016325,36.3968247185,35.3820435872,33.33872689735294,34.833952728028315,34.25808032818958
2010,36.327600134,36.401243309,35.37454415230769,33.20963474352941,34.831072723271305,34.246021267056676
2011,36.342328769,36.404189036000005,35.36604125411272,33.25832587805883,34.81556964385412,34.20498531317919
2012,36.3438016325,36.365894585,35.315141981192,33.14760119847059,34.82085032765958,34.245488675384614
2013,36.355584540500004,36.415971944,35.35230848772277,33.203396733411765,34.83726368923077,34.24977792121789
2014,36.3172900895,36.415971944,35.358704980472204,33.22626943717647,34.822060532910264,34.199946001538464
2015,36.354111677,36.418917671,35.3741528843802,33.21968487094118,34.81533230349829,34.21204831382353
2016,36.3349644515,36.405661899500004,35.362496510274184,33.207382128764706,34.831790971052634,34.22669473660584
2017,36.336437315,36.411553353500004,35.37107299555644,33.18017747352941,34.81599288378617,34.24939808822306
2018,36.3349644515,36.411553353500004,35.35975942958873,33.15072020352941,34.82124686393204,34.22204927862326
2019,36.354111677,36.413026217,35.36823989269612,33.172033404764704,34.83054273727931,34.24585970981718
2020,36.3172900895,36.407134763,35.37389991337104,33.32139909147059,34.81116996827112,34.25258475778591
2021,36.3172900895,36.41008049,35.374455291764704,33.366971220941174,34.805069403087444,34.25751578710669
2022,36.3467473595,36.411553353500004,35.35479489662896,33.20876835323529,34.77896448228793,34.21503359342391
2023,36.339383042,36.3644217215,35.34399258117647,33.11398525505882,34.81332276596291,34.25155439852273
2024,36.301088591,36.3084529085,35.34099929733032,33.24983525317647,34.81633016665982,34.2654275825
2025,36.342328769,36.407134763,35.36386505061691,33.27530712782353,34.811726758205374,34.278239711071095
2026,36.3320187245,36.3644217215,35.38136502176471,33.160770330941176,34.80115380333014,34.23086088780534
2027,36.3349644515,36.3585302675,35.391785598051946,33.17584552205882,34.807869915865105,34.315072701660306
2028,36.339383042,36.3585302675,35.40518310730929,33.213966695,34.79834298358166,34.2476441195
2029,36.333491588,36.3349644515,35.4124733230042,33.12819405588235,34.80078782971872,34.2547117192286
2030,36.327600134,36.286359956,35.42248251911233,33.17411274147059,34.80844745979502,34.26271374777993
2031,36.3349644515,36.301088591,35.398762829356436,33.18589564947059,34.81032523941492,34.25953643099815
2032,36.312871499,36.289305683,35.39685766936975,33.17740502458824,34.80009126356522,34.25906229174031
2033,36.3320187245,36.306980045,35.388365828118815,33.17428601952941,34.81843215353995,34.21764196674905
2034,36.3379101785,36.32170868,35.41628734044384,33.303551451411764,34.79688255572,34.23785506292135
2035,36.339383042,36.2966700005,35.3960739758,33.260925048941175,34.79088554167976,34.20875409102612
2036,36.324654407000004,36.305507181500005,35.40284601529703,33.234760062058825,34.7756117327672,34.201005893707865
2037,36.315817226,36.3202358165,35.40868059635,33.251914589882354,34.79132506698225,34.248667520579154
2038,36.29225141,36.365894585,35.363267091176475,33.15990394064706,34.78252871107252,34.189836028320755
2039,36.2907785465,36.336437315,35.35182218235294,33.231641057000004,34.767350154285715,34.205036242886216
2040,36.259848413,36.342328769,35.34444182058824,33.34375196105883,34.74816843443038,34.17318079737466
2041,36.286359956,36.362948858,35.35739993566038,33.166835063,34.73525702992218,34.19168966189474
2042,36.271631321,36.348220223,35.353643098841886,33.13772434911765,34.79796444090909,34.180988687580644
2043,36.171476603,36.2996157275,35.444897801931035,33.190574157058826,34.79176010655022,34.129257855940686
2044,36.206825327000004,36.239228324,35.51208299441176,33.044847309588235,34.75273023673431,34.173678747211824
2045,36.227445416,36.29225141,35.53968829785715,33.08782026817647,34.73329809918753,34.250417561107916
2046,36.242174051,36.3202358165,35.45067158575507,33.39434915423529,34.77190695910314,34.27300808428005
2047,36.262794140000004,36.3261272705,35.426339106306905,33.20703557264706,34.817481605800666,34.250909928967104
2048,36.286359956,36.348220223,35.45187757871429,33.27062862023529,34.786527432670454,34.163591470753936
2049,36.2289182795,36.3438016325,35.43484911560296,33.18208353217647,34.8010911902387,34.26420690327869
2050,36.2583755495,36.417444807500004,35.423698349,33.134085509882354,34.80556915206564,34.255526481763376
2051,36.2583755495,36.3202358165,35.42165690144231,33.25295425823529,34.78965115925996,34.237984331163545
2052,36.3084529085,36.3172900895,35.42142872573399,33.21223391441177,34.77233279038961,34.17967786947631
2053,36.271631321,36.309925772,35.39575996525434,33.244983467529416,34.76296150833981,34.21179634179913
2054,36.268685594000004,36.259848413,35.35924903134615,33.225403046882356,34.74897612539606,34.2031666713181
2055,36.2760499115,36.268685594000004,35.35288550571154,33.30667045647059,34.75636467276596,34.193742227801046
2056,36.2613212765,36.2465926415,35.354556369542856,33.31048257376471,34.74802525256789,34.224009672361724
2057,36.277522775,36.277522775,35.375951230341194,33.217085700058824,34.76378396705883,34.25400000001712
2058,36.287832819500004,36.2996157275,35.34019622017308,33.25849915611765,34.73807240422053,34.228462855275026
2059,36.2613212765,36.2848870925,35.35253644245714,33.28362447464706,34.7426803881208,34.25344657005263
2060,36.2701584575,36.2760499115,35.369169279553574,33.216739143941176,34.766088877676815,34.21435634
2061,36.2495383685,36.2907785465,35.340181003883494,33.222977154058825,34.757283000301115,34.202990597112304
2062,36.259848413,36.305507181500005,35.33454004022765,33.138937295529416,34.755197019913794,34.203916216439325
2063,36.251011232,36.305507181500005,35.38045161758525,33.10896019135294,34.75316774607595,34.19305960451383
2064,36.268685594000004,36.305507181500005,35.3637509182243,32.991304389411766,34.7526667722307,34.138399042849606
2065,36.2848870925,36.305507181500005,35.37930602519194,33.13079322676471,34.75259082275,34.16558441861088
2066,36.2760499115,36.280468502000005,35.374166495000004,33.05281810029412,34.786902191489766,34.2107152319722
2067,36.2672127305,36.339383042,35.36700729326146,33.24515674558824,34.73112510007401,34.14389005012853
2068,36.2583755495,36.327600134,35.354227730612244,33.32763710158824,34.733651605983226,34.140571481984736
2069,36.295197137,36.371786039,35.366511612591836,32.98801210629412,34.74827526510364,34.13357864484796
2070,36.2907785465,36.345274496,35.34641957567516,33.0365299627647,34.71527217665722,34.12167001105308
2071,36.1582208315,36.212716781000005,35.33961264971428,32.993210448058825,34.7513775832997,34.143572564367034
2072,36.2642670035,36.286359956,35.356291743408164,33.28847626029412,34.75619018346154,34.04719365494984
2073,36.243646914500005,36.330545861000004,35.343462356428574,33.20998129964706,34.699124570919224,34.16700938875
2074,36.2465926415,36.262794140000004,35.289654782285716,33.14136318835294,34.732921155106176,34.16709883497096
2075,36.230391143,36.345274496,35.32574902978571,33.29540738264706,34.738167106234485,34.07319430033306
2076,36.231864006500004,36.2848870925,35.33827438446602,33.04346108511765,34.75481886661792,34.06854148107507
2077,36.293724273500004,36.348220223,35.31368240736573,33.20478295788235,34.735756029862756,34.13595234438356
2078,36.309925772,36.348220223,35.31850748216578,33.25139475570588,34.73626562801937,34.156304225737706
2079,36.298142864,36.3261272705,35.33400311636555,33.23579973041176,34.76749629529802,34.15432116483813
2080,36.248065505,36.298142864,35.34197120951923,33.0983902297647,34.75642335958457,34.12911933380822
2081,36.2465926415,36.293724273500004,35.36988481949783,33.18606892752941,34.74624684755682,34.196026558981565
2082,36.2642670035,36.2465926415,35.37201497360562,33.28812970417647,34.735339600845336,34.230608763801065
2083,36.2613212765,36.259848413,35.39470416883808,33.24602313588235,34.75019501479888,34.23380383797927
2084,36.2495383685,36.2465926415,35.39370780643282,33.24394379917647,34.74346439574588,34.23087037365897
2085,36.245119778,36.2642670035,35.399538371619165,33.32781037964706,34.76933834087736,34.21876597769821
2086,36.197988146,36.265739867,35.39959254078525,33.165102282411766,34.76289829026193,34.22220394832
2087,36.242174051,36.268685594000004,35.4401099479406,33.170473902235294,34.746058110212765,34.217747781079694
2088,36.262794140000004,36.2465926415,35.433307946743696,33.12524832888236,34.753244767371484,34.21891657049208
2089,36.2731041845,36.262794140000004,35.443336529,33.072745077058826,34.75271409859516,34.20688854422945
2090,36.274577048,36.251011232,35.43544489,33.166835063,34.74597454348936,34.21676381165354
2091,36.2789956385,36.2789956385,35.44123120376238,33.067200179176474,34.755127733610315,34.21681927774396
2092,36.2672127305,36.3261272705,35.43418808926471,33.1557452672353,34.72945953438684,34.193287992581226
2093,36.200933873000004,36.3526388135,35.44732093701357,33.093018609941176,34.74959576817022,34.237032306276596
2094,36.192096692,36.3467473595,35.43468123343967,33.20703557264706,34.74140454788023,34.22469947532258
2095,36.268685594000004,36.3438016325,35.43580856,33.145868417882355,34.763927368293615,34.22981559304348
2096,36.262794140000004,36.342328769,35.450803062485434,33.10774724494118,34.75957554319304,34.22675448407952
2097,36.2789956385,36.3113986355,35.45867358744078,33.170473902235294,34.77589801209547,34.212203617634216
2098,36.256902686000004,36.2731041845,35.44210887794175,33.239092013529415,34.76336077985514,34.1837324290532
2099,36.1994610095,36.2789956385,35.433499432038836,33.181563698000005,34.7480440820783,34.18711921884932
2100,36.1994610095,36.259848413,35.41014884403846,33.19611905494118,34.72900340219619,34.16382344337262
2101,36.2024067365,36.262794140000004,35.40975142796117,33.19663888911765,34.72156456951872,34.17172929520436
2102,36.2053524635,36.239228324,35.41465808891089,33.21223391441177,34.743116194955135,34.18503268919786
2103,36.2495383685,36.243646914500005,35.41146253432773,33.22817549582353,34.73544836143625,34.17870546159213
2104,36.253956959,36.2465926415,35.39418233230769,33.11363869894118,34.726764535257736,34.15726572753463
2105,36.231864006500004,36.2642670035,35.393815674727406,33.23579973041176,34.73581379399903,34.142527739479554
2106,36.1876781015,36.2613212765,35.394884988823534,33.197505279411764,34.712313071428575,34.15884421988848
2107,36.197988146,36.2672127305,35.41324119333085,33.13945712970588,34.740283555730336,34.150997535046386
2108,36.2701584575,36.2524840955,35.404595407587756,33.08695387788235,34.73852509264015,34.137392128633486
2109,36.283414229,36.2642670035,35.413924806019416,33.078463253,34.760007586621946,34.15408013860634
2110,36.2524840955,36.268685594000004,35.41766244914941,33.08383487282353,34.75798867584593,34.16701392237197
2111,36.251011232,36.2731041845,35.398429508055166,33.22436337852941,34.7480194276641,34.23726853729682
2112,36.1965152825,36.256902686000004,35.38328885089109,33.124728494705884,34.73746076894482,34.18476461947368
2113,36.209771054,36.2348097335,35.39586162402539,33.149853813235296,34.72943700657895,34.197799525755656
2114,36.2053524635,36.243646914500005,35.40184107584466,33.183816312764705,34.74017738299267,34.184852376981134
2115,36.177368057,36.2465926415,35.40892524846639,32.98038787170589,34.77556671405714,34.19528196353628
2116,36.2082981905,36.221553962,35.46979862721182,33.324691374588234,34.76171885929204,34.27745823496222
2117,36.197988146,36.2053524635,35.475884444498625,33.18762843005882,34.769332290682655,34.21473997674729
2118,36.221553962,36.2141896445,35.48196667538462,33.12351554829412,34.766849581318375,34.20500050590909
2119,36.2289182795,36.251011232,35.44407625775824,33.10064284452941,34.74315455072136,34.19181572184692
2120,36.227445416,36.2583755495,35.470484214753846,33.15297281829412,34.74708625587983,34.13675641652766
2121,36.2554298225,36.242174051,35.441589324150485,33.33283544335294,34.71892026492339,34.2069654411006
2122,36.2465926415,36.2760499115,35.468710985364076,33.19265349376471,34.74136830939783,34.16890682452055
2123,36.2524840955,36.259848413,35.455106155847645,33.084008150882354,34.741781020913606,34.16102398666667
2124,36.231864006500004,36.2701584575,35.47524536264706,33.04207486064706,34.73875175852222,34.16845724395083
2125,36.2141896445,36.265739867,35.44475303867769,33.16302294570588,34.743642876742705,34.197328782749565
2126,36.139073606000004,36.218608235000005,35.43732772513952,33.22488321270588,34.75412046091202,34.20228761442623
2127,36.253956959,36.2701584575,35.49178211652174,33.29731344129412,34.73217908832208,34.22629980634271
2128,36.2082981905,36.245119778,35.3942460988434,33.10462823988235,34.730103168078514,34.1416721674305
2129,36.2524840955,36.3084529085,35.41206055592233,33.204956235941175,34.72130908894293,34.22874304305419
2130,36.1788409205,36.256902686000004,35.48241481242719,33.300085890235295,34.71783418069064,34.21708176195161
2131,36.200933873000004,36.197988146,35.40424420200549,33.11710426011765,34.714601697838575,34.20657931459505
2132,36.1906238285,36.200933873000004,35.361732612656034,33.02596000117647,34.72714339597203,34.12653344371901
2133,36.212716781000005,36.2200810985,35.417267624342855,33.108613635235294,34.70721758743268,34.1124607129374
2134,36.195042419,36.2038796,35.39739931005691,33.118490484588236,34.7246237755566,34.14877016024917
2135,36.192096692,36.189150965,35.40525159822281,32.98471982317647,34.72785603838619,34.09846258544845
2136,36.206825327000004,36.1876781015,35.43254826844093,33.04935253911765,34.712767754430146,34.122199150110454
2137,36.212716781000005,36.200933873000004,35.399884957653846,33.149853813235296,34.724466943472095,34.139911904552434
2138,36.2171353715,36.195042419,35.41245696259635,33.02128149358823,34.7212973910316,34.18732479948849
2139,36.124344971,36.1788409205,35.35954052412248,33.114505089235294,34.73411686526316,34.15202264050848
2140,36.215662508,36.245119778,35.3856221,33.069626072,34.72762044927954,34.15674386219447
2141,36.189150965,36.2789956385,35.39745753275199,33.048312870764704,34.716458807892046,34.16492421565218
2142,36.193569555500005,36.2760499115,35.39353119901857,33.08470126311765,34.71670067920114,34.146866076206294
2143,36.237755460500004,36.2819413655,35.40093406975035,32.98957160882353,34.7095089070069,34.17250014510381
2144,36.2289182795,36.2701584575,35.38930158470588,33.12108965547059,34.71834721663793,34.1545312732363
2145,36.2289182795,36.2731041845,35.37241982995192,33.02907900623529,34.70331240075681,34.10988273670103
2146,36.2200810985,36.277522775,35.396879884505495,33.06165528129412,34.708041917578605,34.08632968967635
2147,36.1965152825,36.256902686000004,35.38964699174857,32.978308535000004,34.69318676378948,34.11150705246154
2148,36.180313784,36.227445416,35.36769330623396,32.95820828017647,34.68774002115488,34.16386801201299
2149,36.501398027,36.5205452525,35.610019478214284,33.51217823423529,34.951854404297286,34.448912330967744
2150,36.510235208000005,36.5058166175,35.4982797926,33.47734934441176,35.02421324938897,34.42095481085995
2151,36.5087623445,36.4940337095,35.47173048386923,33.48601324735294,35.032842542162165,34.437113517990525
2152,36.510235208000005,36.501398027,35.53144122965517,33.48514685705882,35.00473282270508,34.375110533903936
2153,36.504343754000004,36.5146537985,35.50487368919231,33.480641627529415,34.98270762339726,34.477044045164476
2154,36.504343754000004,36.504343754000004,35.496044780685715,33.398334549588235,35.012888826047174,34.490440031209545
2155,36.480777938,36.5175995255,35.49933891153846,33.46487332417647,34.993653289311666,34.44670039109777
2156,36.501398027,36.5058166175,35.487362010340235,33.484973579,35.02126665994092,34.438304374663346
2157,36.5205452525,36.523490979500004,35.47330357415768,33.48982536464706,34.99102671900568,34.41349773705263
2158,36.513180935,36.4999251635,35.45754023838419,33.41704857994118,34.986861564464455,34.43169696280731
2159,36.519072389,36.510235208000005,35.46264952446602,33.424672814529416,35.017926504335264,34.4737678233535
2160,36.513180935,36.4999251635,35.4622655525,33.405438950000004,34.999334303639756,34.40191958140017
2161,36.535273887500004,36.5205452525,35.46698252224588,33.499702214,34.98015841423398,34.36824780232877
2162,36.524963843,36.513180935,35.434920460215636,33.50646005829412,34.970248222616114,34.3639785158
2163,36.477832211,36.5205452525,35.45585835607087,33.46833888535294,34.99266362405954,34.411473663046806
2164,36.4881422555,36.4969794365,35.431176432034206,33.399200939882355,35.01059035909817,34.29428005347826
2165,36.504343754000004,36.480777938,35.425760978307906,33.47145789041176,34.996344885408014,34.41462909735135
2166,36.510235208000005,36.4881422555,35.466517328033945,33.562775427411765,34.990109275911195,34.312096770714284
2167,36.522018116,36.489615119,35.4746397587291,33.360386654705884,34.99335608398726,34.294672120070985
2168,36.495506573,36.4586849855,35.45407385534281,33.31429469105883,35.00518189743286,34.38366470794352
2169,36.4851965285,36.467522166500004,35.477468932708575,33.35709437158824,34.96816147380868,34.34368644551724
2170,36.5028708905,36.491087982500005,35.48641444129717,33.460194816588235,34.98463471778777,34.33256003752492
2171,36.486669392,36.5028708905,35.48025535869565,33.29592721682353,35.00555527808315,34.29872436846154
2172,36.4822508015,36.489615119,35.475106740200005,33.378754128941175,34.98253792126927,34.34123151205085
2173,36.501398027,36.495506573,35.455290881428574,33.37424889941177,34.99584118056452,34.355756095217394
2174,36.4969794365,36.4851965285,35.47448588096894,33.389843924705886,34.991765997510264,34.36613737739353
2175,36.491087982500005,36.4822508015,35.4886570844,33.32503793070588,34.99226180820376,34.368508208114186
2176,36.486669392,36.454266395000005,35.47214979138286,33.26005865864706,35.00246742237989,34.312051033526316
2177,36.4822508015,36.463103576,35.491906886445165,33.52240163970588,34.97802684555502,34.40415571615659
2178,36.491087982500005,36.4999251635,35.520983878127154,33.33682083870588,34.99204504925441,34.307015360260195
2179,36.491087982500005,36.516126662000005,35.48982432995648,33.39036375888235,34.97548544526707,34.30857624940232
2180,36.501398027,36.5087623445,35.505594088320755,33.392096539470586,34.9699728253419,34.29781799092308
2181,36.491087982500005,36.524963843,35.5210535651529,33.35657453741177,34.97897089404453,34.31635609657581
2182,36.486669392,36.519072389,35.527825990207546,33.514430849,34.964600777832004,34.33021869909091
2183,36.4616307125,36.480777938,35.522769555855795,33.234760062058825,35.00362115188138,34.28772372645973
2184,36.486669392,36.510235208000005,35.491831705006675,33.325904321,34.97173990786386,34.28046588064516
2185,36.501398027,36.489615119,35.51957817227637,33.34444507329412,34.951945625,34.32729240281506
2186,36.4940337095,36.523490979500004,35.52490355377143,33.25399392658824,34.98799699947706,34.31430712253782
2187,36.4586849855,36.5028708905,35.569219983090186,33.308403237058826,34.97779759345351,34.275547533991265
2188,36.467522166500004,36.477832211,35.59881615824906,33.41739513605882,34.94042661990315,34.36857789555365
2189,36.4498478045,36.46899503,35.54221088815703,33.425019370647064,34.93999010475505,34.36308588510473
2190,36.486669392,36.471940757,35.55671693925234,33.453610250352945,34.97250710645192,34.38047912587057
2191,36.504343754000004,36.495506573,35.545200884432575,33.29869966576471,34.97970316358281,34.34821505073052
2192,36.5028708905,36.489615119,35.578374725881176,33.36211943529412,34.95533097224321,34.325368539230126
2193,36.501398027,36.489615119,35.59850241832523,33.458462036,34.919361183313114,34.34156385587822
2194,36.4851965285,36.4999251635,35.54977714307692,33.39417587617647,34.965788971226374,34.33929509751189
2195,36.4851965285,36.513180935,35.5576091203271,33.33942000958824,34.98383114811649,34.39192090680851
2196,36.474886484,36.473413620500004,35.58167048789624,33.58963352652941,34.928758120259744,34.47491644511322
2197,36.445429214,36.495506573,35.54448094892857,33.375635123882354,34.97612308359905,34.39036364103194
2198,36.448374941000004,36.463103576,35.557982743911886,33.388977534411765,34.94899706964954,34.342383456516025
2199,36.473413620500004,36.4851965285,35.560300593928574,33.47890884694118,34.93923461123288,34.37879583935484
2200,36.473413620500004,36.4940337095,35.53664565516364,33.364198772,34.93057259862661,34.345456765561664
2201,36.463103576,36.4940337095,35.55444315205607,33.447372240235296,34.94880697885139,34.37534346748068
2202,36.473413620500004,36.5028708905,35.53829698681267,33.39400259811765,34.93151648875119,34.33114832970518
2203,36.4822508015,36.510235208000005,35.53090433663214,33.510272175588234,34.9500368850677,34.3720085212126
2204,36.479305074500004,36.492560846,35.5201254495,33.410983847882356,34.940530408599905,34.32275117631961
2205,36.474886484,36.495506573,35.51728436339623,33.38343263652941,34.959364900093284,34.281110068121414
2206,36.392406128000005,36.510235208000005,35.55129352708572,33.390710315,34.94063049339056,34.34506764705139
2207,36.492560846,36.5205452525,35.50444808671159,33.47301739294118,34.950266642511586,34.39254629176471
2208,36.474886484,36.507289481,35.524549196777315,33.479082125,34.93410472977757,34.33493555404894
2209,36.4763593475,36.5146537985,35.50863436478855,33.485666691235295,34.93531045748405,34.36138534825197
2210,36.4527935315,36.479305074500004,35.4795398775,33.60384232735294,34.942919321449416,34.34829307323309
2211,36.4410106235,36.477832211,35.48670946805672,33.44823863052941,34.961420909327735,34.3631653977686
2212,36.483723665,36.504343754000004,35.51762928230415,33.53938288947059,34.927555478174526,34.37528805340729
2213,36.46899503,36.480777938,35.49694309263294,33.36575827452941,34.96185554397274,34.39010723858228
2214,36.4616307125,36.5087623445,35.540275855264156,33.36610483064706,34.95225189151229,34.32212412238298
2215,36.467522166500004,36.5028708905,35.543017150982436,33.27911924511765,34.96159974685282,34.34724111970149
2216,36.4704678935,36.4704678935,35.55102830183475,33.40561222805883,34.97918369872045,34.35077494705696
2217,36.46899503,36.5028708905,35.55335827086253,33.267163059058824,34.95598917156038,34.35523944632175
2218,36.4645764395,36.4763593475,35.54810734793104,33.37598168,34.96861890543933,34.30213539450283
2219,36.4527935315,36.4851965285,35.53109176821101,33.44719896217647,34.93466888014259,34.40658837496426
2220,36.3850418105,36.4351191695,35.50884141031375,33.35276242011765,34.965961584112904,34.36691443114307
2221,36.4851965285,36.5117080715,35.508068705416804,33.51165840005883,34.978065337330165,34.422880340431654
2222,36.4969794365,36.4969794365,35.515378805923305,33.430564268529416,34.94139730267739,34.31050595451074
2223,36.498452300000004,36.486669392,35.49423729177359,33.323998262352944,34.94769543813067,34.33435045120521
2224,36.486669392,36.457212122,35.475049726129036,33.397641437352945,34.961156169347625,34.30313635494579
2225,36.4763593475,36.4704678935,35.4497226630913,33.46348709970589,34.93156053833952,34.373095415174554
2226,36.491087982500005,36.471940757,35.48650156035714,33.47145789041176,34.909002531211854,34.3273675965358
2227,36.491087982500005,36.479305074500004,35.482479316747664,33.31672058388236,34.958303166687585,34.33768772078883
2228,36.480777938,36.471940757,35.47964655833065,33.45794220182353,34.95162601628391,34.36331619628981
2229,36.4881422555,36.479305074500004,35.479226825120165,33.50697989247059,34.935271440074416,34.400115760625
2230,36.4969794365,36.473413620500004,35.479872775423075,33.544061397058826,34.945869455445546,34.36898648382979
2231,36.471940757,36.46899503,35.47231784017403,33.45534303094118,34.94440361619303,34.36883503463108
2232,36.4616307125,36.4616307125,35.44728514596154,33.430564268529416,34.97349508543358,34.40486308351352
2233,36.4704678935,36.4616307125,35.51435288761539,33.591019751000005,34.96290693567347,34.43507726573913
2234,36.495506573,36.4527935315,35.484217226746544,33.52413442029412,34.933343157232876,34.29611453170536
2235,36.504343754000004,36.4557392585,35.46311646221861,33.40595878417647,34.929393223101606,34.39134716732171
2236,36.479305074500004,36.4557392585,35.471623784827585,33.408384677,34.92395461373094,34.356992403627764
2237,36.483723665,36.492560846,35.47016415900934,33.31983958894118,34.91856826190691,34.30149921222586
2238,36.4704678935,36.467522166500004,35.51541249132349,33.41063729176471,34.95517808024793,34.39141619726468
2239,36.4822508015,36.4557392585,35.5039153406756,33.306843734529416,34.931868380000004,34.342845300161294
2240,36.401243309,36.417444807500004,35.4342912149007,33.583222238352946,34.945643044661445,34.403449319621714
2241,36.4586849855,36.4321734425,35.4942798771875,33.63763154882353,34.92796129040984,34.39190382522076
2242,36.4616307125,36.4410106235,35.54905870409091,33.64750839817647,34.93792727051294,34.386660835349886
2243,36.454266395000005,36.4498478045,35.46908946317757,33.39036375888235,34.96832386712,34.34702464340872
2244,36.4557392585,36.4498478045,35.4482024336,33.28968920670589,34.95984736505086,34.31077635036124
2245,36.491087982500005,36.4645764395,35.46084610975592,33.509232507235296,34.955141276694654,34.38036583624398
2246,36.4763593475,36.4586849855,35.45540517771428,33.438708337294116,34.94951443546725,34.285840668609275
2247,36.495506573,36.4616307125,35.500231262048686,33.58651452147059,34.95528430543258,34.38083429623762
2248,36.460157849,36.454266395000005,35.42729532504615,33.308403237058826,34.96047682379402,34.2478663015794
2249,36.480777938,36.4557392585,35.43647995076923,33.472324280705884,34.945183752784985,34.3285247117667
2250,36.448374941000004,36.4704678935,35.443882034,33.45101107947059,34.90855407334831,34.37594951002437
2251,36.4469020775,36.471940757,35.4530901584,33.499355657882354,34.89254993176951,34.35255373327782
2252,36.4469020775,36.467522166500004,35.47090146096552,33.57819717464706,34.92221660896679,34.38774698413643
2253,36.519072389,36.4851965285,35.45968811509189,33.711794558,34.902247248421055,34.44305625653061
2254,36.522018116,36.4851965285,35.462375461940724,33.64872134458824,34.8983464593246,34.444429158245846
2255,36.417444807500004,36.405661899500004,35.458748319794395,33.36454532811765,34.92077219678053,34.31658437500391
2256,36.430700579,36.404189036000005,35.45371917890382,33.44823863052941,34.930450326877576,34.10877382064
2257,36.466049303,36.4144990805,35.48577380138249,33.300952280529415,34.882286751623084,34.287782557072276
2258,36.4498478045,36.4645764395,35.445194571284475,33.513044624529414,34.86604261477143,34.37142468474097
2259,36.424809125,36.4557392585,35.43854892041177,33.385511973235296,34.924359466811666,34.28419346259103
2260,36.4645764395,36.4557392585,35.44960189225243,33.38793786605883,34.921816036131766,34.18819360069505
2261,36.477832211,36.4704678935,35.46634664364486,33.50108843847059,34.88874265453023,34.3760559965
2262,36.480777938,36.4645764395,35.460975266183674,33.38377919264706,34.945879310493154,34.31671223629567
2263,36.460157849,36.430700579,35.4307056621496,33.240478238,34.916641308944726,34.330473740389614
2264,36.471940757,36.471940757,35.50495312745358,33.496236652823534,34.95399920199446,34.3404925325386
2265,36.4469020775,36.46899503,35.479711253944004,33.617531294,34.879919766091035,34.31947537866154
2266,36.433646306,36.477832211,35.44535259110555,33.45464991870588,34.950944923483256,34.434476303505846
2267,36.4616307125,36.491087982500005,35.53367147511875,33.71456700694118,34.93792300310046,34.4171463298263
2268,36.430700579,36.4999251635,35.46326456905326,33.381180021764706,34.927334198767376,34.39408412320251
2269,36.417444807500004,36.473413620500004,35.4310036155398,33.497796155352944,34.94505242545455,34.385290922962355
2270,36.473413620500004,36.4881422555,35.52220225871995,33.71318078247059,34.93584277093765,34.467441074304105
2271,36.480777938,36.4940337095,35.463574109519726,33.517030019882355,34.95234069897412,34.369085693439494
2272,36.433646306,36.4498478045,35.44611672344828,33.27842613288235,34.96011288399626,34.29703782612987
2273,36.421863398,36.411553353500004,35.47266030147197,33.426578873176474,34.906368682250005,34.37991918739857
2274,36.421863398,36.445429214,35.479268164057146,33.290728875058825,34.96336882376238,34.33274798128607
2275,36.445429214,36.466049303,35.48808069106494,33.433163439411764,34.960972852903225,34.37352638089478
2276,36.4439563505,36.457212122,35.49344664379089,33.36263926947059,34.95362391066545,34.294006281179364
2277,36.433646306,36.467522166500004,35.48856115596313,33.30580406617647,34.96959133713528,34.30532824266667
2278,36.430700579,36.457212122,35.49089892069994,33.31481452523529,34.9525865634022,34.30915013686747
2279,36.4557392585,36.454266395000005,35.466035819270424,33.312735188529416,34.94870033254237,34.20123118689655
2280,36.43953776,36.4557392585,35.44662529189353,33.366971220941174,34.915120565403114,34.330224099706136
2281,36.4233362615,36.46899503,35.42216583682243,33.42987115629412,34.92296437552282,34.29796196169014
2282,36.4203905345,36.4557392585,35.432154893651116,33.37598168,34.92904769459666,34.286974078814296
2283,36.433646306,36.4616307125,35.43932057314286,33.30615062229412,34.94332478937752,34.25119208766277
2284,36.433646306,36.466049303,35.43484446340816,33.26456388817647,34.95263449211581,34.27525643025554
2285,36.427754852,36.46899503,35.446228293645554,33.37355578717647,34.92490668688259,34.29568674485
2286,36.433646306,36.460157849,35.445848407391026,33.396601769,34.94898659900677,34.2737364657047
2287,36.4439563505,36.46899503,35.43679105164887,33.44823863052941,34.9505540514406,34.30997610902801
2288,36.436592033000004,36.479305074500004,35.45324373903846,33.38637836352942,34.94382984653061,34.338072782878534
2289,36.4086076265,36.4380648965,35.430117773910716,33.50905922917647,34.93423716550579,34.31756137928511
2290,36.4498478045,36.483723665,35.43863188486212,33.550299407176475,34.918013283008854,34.276703976604416
2291,36.4527935315,36.4763593475,35.4161922002,33.47336394905882,34.94083844429581,34.25539408278075
2292,36.448374941000004,36.474886484,35.42797726624176,33.50801956082353,34.92066669256951,34.24874236346956
2293,36.457212122,36.4881422555,35.44597183277736,33.36142632305882,34.91500394946672,34.21247704304124
2294,36.451320668,36.451320668,35.42735229734858,33.44459979129412,34.88106487584575,34.297379933251236
2295,36.4586849855,36.471940757,35.45770217375701,33.483240798411764,34.89944390661062,34.27101098661765
2296,36.4380648965,36.467522166500004,35.45100390877684,33.57230572064706,34.91292533839029,34.300972456170214
2297,36.4469020775,36.480777938,35.44627002037383,33.59552498052941,34.89587150849483,34.404780281388454
2298,36.4410106235,36.479305074500004,35.44048431714286,33.51061873170588,34.9431368365494,34.3824159869863
2299,36.460157849,36.445429214,35.44422269630613,33.299739334117646,34.96329525770583,34.36002665087663
2300,36.463103576,36.4380648965,35.42072523750334,33.21483308529412,34.90912857719363,34.30372809466667
2301,36.4557392585,36.433646306,35.45255816114286,33.32347842817647,34.9170634310178,34.295128455877865
2302,36.445429214,36.4262819885,35.41012130299192,33.414449409058825,34.875169280083604,34.265882790597274
2303,36.442483487000004,36.4351191695,35.41093599183687,33.38637836352942,34.90809912205473,34.27205771005137
2304,36.4380648965,36.4380648965,35.45184251053571,33.34739080029412,34.879797381536974,34.335523621389584
2305,36.445429214,36.4527935315,35.445474431235006,33.531412098764704,34.89774024040816,34.3629396803933
2306,36.448374941000004,36.442483487000004,35.4074423,33.45984826047059,34.94105174918576,34.36762411576527
2307,36.3968247185,36.4645764395,35.438622754018695,33.52170852747059,34.88427109665887,34.35334618462822
2308,36.430700579,36.4586849855,35.40891096730769,33.34253901464706,34.87531561983256,34.29789920754839
2309,36.424809125,36.457212122,35.41033145611111,33.39382932005883,34.89581832205009,34.29627064251782
2310,36.429227715500005,36.4527935315,35.42469704276923,33.36333238170588,34.90643791942308,34.27324279043984
2311,36.395351855,36.43953776,35.40581417738461,33.21968487094118,34.91487332310486,34.25959907138461
2312,36.433646306,36.4321734425,35.41338890395605,33.246542970058826,34.896040589580515,34.28926077278169
2313,36.411553353500004,36.436592033000004,35.41027269165714,33.524480976411766,34.88503197235045,34.33498220893724
2314,36.4144990805,36.411553353500004,35.39281535536604,33.37702134835294,34.87968282816308,34.27716782649027
2315,36.418917671,36.4262819885,35.37703039625,33.45759564570589,34.92425928934191,34.30750620408811
2316,36.417444807500004,36.427754852,35.38945622085714,33.41999430694118,34.909450661239184,34.29735907424448
2317,36.404189036000005,36.4233362615,35.39718805286857,33.295753938764705,34.89690704157895,34.268710815211975
2318,36.433646306,36.421863398,35.416952613584904,33.28968920670589,34.901010234202225,34.26366242734198
2319,36.448374941000004,36.451320668,35.44390585389488,33.5445812312353,34.91171521157447,34.28935709937182
2320,36.436592033000004,36.448374941000004,35.416555321264156,33.43021771241177,34.89068584908408,34.27782349018644
2321,36.4557392585,36.4203905345,35.44476299908411,33.336127726470586,34.91874473914163,34.29455063464789
2322,36.433646306,36.429227715500005,35.411808545545824,33.34305884882353,34.9015769907556,34.265457224515586
2323,36.433646306,36.4321734425,35.43071574681773,33.370090226,34.90821225607297,34.29388538432618
2324,36.4351191695,36.424809125,35.41133146316851,33.48826586211765,34.89907466574648,34.280204840611205
2325,36.430700579,36.427754852,35.41853766584906,33.41930119470588,34.911855971264586,34.254898595076405
2326,36.3791503565,36.3938789915,35.392950393584904,33.44563945964706,34.90288860588063,34.28610260548331
2327,36.4203905345,36.418917671,35.43814937929919,33.465393158352946,34.89731503700831,34.309557955715455
2328,36.415971944,36.430700579,35.42435840477602,33.38759130994118,34.88771376278433,34.27834362177215
2329,36.3526388135,36.339383042,35.43732967971154,33.32157236952941,34.923563225798816,34.335386976510705
2330,36.4027161725,36.4351191695,35.40535732401617,33.41410285294118,34.861129608235295,34.28121133901316
2331,36.4233362615,36.424809125,35.42688970948448,33.37424889941177,34.915086306949235,34.30336698614251
2332,36.415971944,36.427754852,35.44205365172414,33.47492345158824,34.88863198418715,34.30028094758621
2333,36.415971944,36.4321734425,35.412160361612244,33.49485042835294,34.880611719732315,34.29565932364549
2334,36.415971944,36.405661899500004,35.39266433175667,33.33630100452941,34.89146420893617,34.283674927791566
2335,36.424809125,36.4262819885,35.43061196285437,33.25035508735294,34.915488001459586,34.241636855080216
2336,36.424809125,36.4144990805,35.448700705210335,33.39885438376471,34.90261859268868,34.28757989046632
2337,36.424809125,36.424809125,35.423902733180796,33.42276675588236,34.887305283129585,34.356732731537846
2338,36.430700579,36.442483487000004,35.432855826513766,33.49121158911765,34.881060842333504,34.288925102992124
2339,36.401243309,36.374731766000004,35.423840078336454,33.579236843000004,34.8874063978438,34.20708548876735
2340,36.413026217,36.401243309,35.44655868016827,33.51910935658824,34.86407761136821,34.3730148707583
2341,36.407134763,36.360003131,35.41959368118868,33.43766866894118,34.88141626806361,34.283312539856574
2342,36.3732589025,36.3526388135,35.38570855739623,33.40128027658824,34.86212363208586,34.25708350930921
2343,36.368840312,36.374731766000004,35.395990812018866,33.34375196105883,34.87125355019553,34.34243971225806
2344,36.3997704455,36.368840312,35.41355597815668,33.390883593058824,34.88806668474861,34.32729240281506
2345,36.424809125,36.3968247185,35.424195484098526,33.510272175588234,34.87078632568026,34.350613357519265
2346,36.392406128000005,36.365894585,35.415991948807886,33.41930119470588,34.89533200365763,34.36658483333879
2347,36.4027161725,36.377677493,35.4246573931771,33.41185023817647,34.89038245320647,34.31929710440397
2348,36.3644217215,36.362948858,35.42925679643764,33.45967498241177,34.88962135326969,34.29124496922289
2349,36.405661899500004,36.374731766000004,35.40846731163555,33.23770578905882,34.89615534090909,34.26747427799486
2350,36.395351855,36.3614759945,35.396357638400005,33.15054692547059,34.874532136436464,34.23966985833478
2351,36.398297582,36.3644217215,35.416827553082356,33.38083346564706,34.866825591558445,34.272278697631364
2352,36.3585302675,36.3644217215,35.41500235752941,33.23683939876471,34.85388741540541,34.18674821046957
2353,36.371786039,36.3850418105,35.404259913534226,33.385858529352944,34.88890488113172,34.26832021854515
2354,36.4203905345,36.415971944,35.45524618669118,33.77278843470588,34.895342485820215,34.301580004756204
2355,36.349693086500004,36.43953776,35.399408639377654,33.55480463670588,34.89076679997072,34.313117628396945
2356,36.3349644515,36.427754852,35.401299638655466,33.64386955894118,34.89223937629056,34.252692323700444
2357,36.415971944,36.427754852,35.41682965342246,33.49259781358823,34.90767482873199,34.25144655369163
2358,36.404189036000005,36.418917671,35.398882143231326,33.502647941,34.91280068685469,34.239919036079854
2359,36.430700579,36.4351191695,35.38881481888937,33.337340672882355,34.89707341692308,34.16217339544079
2360,36.401243309,36.411553353500004,35.421366180099014,33.48687963764706,34.92458432573083,34.26225240305026
2361,36.3408559055,36.417444807500004,35.43085083772674,33.45049124529412,34.91770596368345,34.27724879191489
2362,36.3349644515,36.4144990805,35.40917495350495,33.49294436970588,34.927070757364035,34.2906299135
2363,36.41008049,36.427754852,35.420758563143565,33.46158104105882,34.92533269942639,34.292718961729925
2364,36.3703131755,36.418917671,35.41183973826531,33.376501514176475,34.90726208427968,34.381615118700616
2365,36.362948858,36.454266395000005,35.392171400623766,33.46192759717647,34.89104147576923,34.31672063835715
2366,36.362948858,36.433646306,35.37832265713555,33.412023516235294,34.89567184261647,34.31913476646643
2367,36.4086076265,36.3526388135,35.380808820588236,33.401800110764704,34.89167605058,34.31302051785714
2368,36.377677493,36.411553353500004,35.42223382851765,33.36662466482353,34.91184595412827,34.3006140063749
2369,36.401243309,36.411553353500004,35.39501703626003,33.430564268529416,34.87360675913809,34.32467764786062
2370,36.357057404,36.398297582,35.385914747388235,33.023360830294116,34.932106910965885,34.29568623871134
2371,36.371786039,36.401243309,35.408771637427186,33.25953882447059,34.877972396554625,34.27247112131229
2372,36.3762046295,36.401243309,35.42071660807767,33.317760252235296,34.90517336080407,34.31019795714286
2373,36.380623220000004,36.367367448500005,35.42773883405527,33.31845336447059,34.92940738818605,34.2898730253125
2374,36.3644217215,36.3526388135,35.412576464705886,33.37251611882353,34.90902351889548,34.2993404232715
2375,36.3938789915,36.3968247185,35.43868779349113,33.27652007423529,34.91848615500457,34.295350629846155
2376,36.386514674,36.386514674,35.42833037495146,33.29159526535294,34.92187438075126,34.265856524621924
2377,36.3791503565,36.354111677,35.43144452,33.473190671,34.91509686289668,34.27423779418464
2378,36.3791503565,36.3732589025,35.431434742464525,33.22419010047059,34.911138331612904,34.29411773609375
2379,36.383568947,36.41008049,35.42913439430968,33.37910068505882,34.93102639306065,34.33930701494718
2380,36.371786039,36.4203905345,35.40906964684874,33.39001720276471,34.93133673648289,34.27268523178388
2381,36.417444807500004,36.417444807500004,35.410344598446606,33.51928263464706,34.87754485001513,34.35256420656846
2382,36.424809125,36.411553353500004,35.412049429761275,33.5386897772353,34.883180445773604,34.328556456240605
2383,36.386514674,36.392406128000005,35.446313959939744,33.34635113194118,34.881795874984924,34.349296849064125
2384,36.3879875375,36.3732589025,35.42338351468572,33.355015034882356,34.91455085416749,34.36125492559017
2385,36.3585302675,36.4144990805,35.518240191281556,33.48358735452941,34.92158689155663,34.3860165479661
2386,36.371786039,36.411553353500004,35.5164413364486,33.391403427235296,34.928796576920114,34.41044333371383
2387,36.4086076265,36.407134763,35.49964577687053,33.44269373264706,34.90819355313697,34.37164215334408
2388,36.4203905345,36.418917671,35.50878271943397,33.28241152823529,34.91278212810345,34.35189357756329
2389,36.415971944,36.413026217,35.46748151545143,33.36021337664706,34.92693980858012,34.37095125272289
2390,36.392406128000005,36.401243309,35.49562037925234,33.27166828858824,34.93107483582979,34.316409219235155
2391,36.405661899500004,36.407134763,35.53200587278665,33.39452243229412,34.93188455927223,34.36161489262152
2392,36.3585302675,36.3968247185,35.48963256969626,33.564334929941175,34.900754722586456,34.4001782276
2393,36.367367448500005,36.417444807500004,35.478001273653845,33.3972948812353,34.918655069502655,34.33287965485004
2394,36.360003131,36.41008049,35.51904809427925,33.27929252317647,34.92236710231477,34.307605269914
2395,36.3909332645,36.4086076265,35.507753464716984,33.68164417576471,34.88384201127391,34.39911920329377
2396,36.374731766000004,36.3997704455,35.51406875008701,33.45759564570589,34.89666298680619,34.33434224292036
2397,36.386514674,36.404189036000005,35.508904472007735,33.39261637364706,34.90331333962264,34.38798784575281
2398,36.32170868,36.3438016325,35.49690512,33.40925106729412,34.930486313585085,34.39333305850969
2399,36.349693086500004,36.407134763,35.512395936111886,33.499009101764706,34.89631917252301,34.40130218509954
2400,36.3820960835,36.421863398,35.50095887275229,33.399547496000004,34.920550192579576,34.377617653579506
2401,36.405661899500004,36.4203905345,35.51502269230092,33.428138375705885,34.935058115824496,34.36100458737472
2402,36.3791503565,36.41008049,35.49940493419725,33.36333238170588,34.92086127236311,34.33137986813105
2403,36.365894585,36.3997704455,35.52471058046729,33.57195916452941,34.91336656269566,34.35925090025974
2404,36.374731766000004,36.371786039,35.511115775481656,33.48739947182353,34.88833290984344,34.3312357768452
2405,36.398297582,36.407134763,35.50735479376147,33.36263926947059,34.92789146469792,34.33745063286595
2406,36.3614759945,36.3585302675,35.49242096880734,33.47648295411765,34.874596676023685,34.35931100593358
2407,36.3202358165,36.3408559055,35.46281498971167,33.271148454411765,34.89726653980797,34.23220930799697
2408,36.349693086500004,36.3614759945,35.48201133211009,33.41462268711765,34.837291739864135,34.28704061857771
2409,36.3850418105,36.3585302675,35.43214050913793,33.43091082464706,34.85406240765668,34.259969823728035
2410,36.3614759945,36.4498478045,35.496581413736266,33.19265349376471,34.87484185381089,34.33302176981309
2411,36.315817226,36.3997704455,35.476426917203455,33.366278108705885,34.85827473017784,34.33036280021914
2412,36.3850418105,36.398297582,35.45860075072727,33.51252479035294,34.87356081009576,34.32605885882353
2413,36.3879875375,36.404189036000005,35.488948271206894,33.531412098764704,34.84346198687384,34.300721756
2414,36.386514674,36.377677493,35.45938216892857,33.393309485882355,34.89948812953975,34.26975618939577
2415,36.392406128000005,36.3438016325,35.46216016086368,33.30805668094118,34.87706705657037,34.24982635511463
2416,36.35116595,36.333491588,35.424146039310344,33.365411718411764,34.84564981511865,34.268429552800626
2417,36.3644217215,36.354111677,35.438284235028036,33.37442217747059,34.82542026573991,34.27559320727273
2418,36.3526388135,36.29225141,35.43778678756604,33.20651573847059,34.85944441687671,34.214560565291265
2419,36.362948858,36.345274496,35.4680479055,33.088340102352944,34.8442087575848,34.1824439209434
2420,36.3585302675,36.336437315,35.426299439196264,33.28709003582353,34.845549639477305,34.201555660907694
2421,36.306980045,36.29225141,35.43993604456075,33.20790196294118,34.87247122461896,34.2406790581135
2422,36.3614759945,36.386514674,35.43497339331537,33.24775591647059,34.86998543042493,34.2587792403125
2423,36.3349644515,36.383568947,35.45030573773832,33.36090648888236,34.85428969611034,34.24863125489521
2424,36.3349644515,36.389460401,35.46520873041122,33.19421299629412,34.86440459502405,34.23066133374408
2425,36.3261272705,36.404189036000005,35.462943973324656,33.38325935847059,34.85376592889092,34.332247806115326
2426,36.3320187245,36.365894585,35.466038688328965,33.38533869517647,34.82085111085286,34.2516919784466
2427,36.35116595,36.365894585,35.45468777652174,33.322092203705886,34.832629153489904,34.25373086682135
2428,36.318762953000004,36.3820960835,35.50068862256881,33.47960195917647,34.804805392410714,34.30940117664797
2429,36.3791503565,36.4144990805,35.48201580898182,33.34409851717647,34.87300296027751,34.262894711670285
2430,36.374731766000004,36.407134763,35.489925604675676,33.28119858182353,34.86531472307692,34.25778558916968
2431,36.368840312,36.3968247185,35.49263375266409,33.31550763747059,34.86648672052925,34.26016972919507
2432,36.360003131,36.365894585,35.49528361889908,33.38637836352942,34.86457412042155,34.248072479002204
2433,36.3644217215,36.3732589025,35.49421817649346,33.47215100264706,34.84204734846154,34.35602657019868
2434,36.2642670035,36.318762953000004,35.5156457100554,33.595698258588236,34.74026411926595,34.45271978986441
2435,36.289305683,36.327600134,35.49821938687259,33.590153360705884,34.8272487452238,34.39476707440658
2436,36.2848870925,36.312871499,35.44219447174312,33.453956806470586,34.87051185464072,34.31952654513549
2437,36.3379101785,36.3614759945,35.43973412957088,33.37320923105882,34.85357094524064,34.21091555313788
2438,36.336437315,36.405661899500004,35.381010751717525,33.52846637176471,34.8399082173785,34.34178484929336
2439,36.3438016325,36.345274496,35.385499678976714,33.4208606972353,34.831652544031954,34.24264201784568
2440,36.330545861000004,36.29225141,35.346938910485434,33.32573104294118,34.848545568377254,34.22461931835377
2441,36.3762046295,36.324654407000004,35.36058971478846,33.134432066,34.80655382970954,34.220612745135846
2442,36.333491588,36.318762953000004,35.35180226036388,33.42484609258824,34.77604110741084,34.335171099391104
2443,36.3202358165,36.295197137,35.35966645257143,33.17965763935294,34.83530456900875,34.2203459823817
2444,36.3231815435,36.293724273500004,35.35132933545249,33.201490674764706,34.85178956864153,34.19030476051814
2445,36.32170868,36.315817226,35.34652927439252,33.06997262811765,34.82885395406742,34.226157896704734
2446,36.304034318,36.301088591,35.352521268301885,33.235106618176474,34.83298770801095,34.230909380281034
2447,36.3320187245,36.312871499,35.3627846851061,33.042941250941176,34.87877734841087,34.22032271138462
2448,36.3231815435,36.35116595,35.36246301309056,33.479428681117646,34.821610569340976,34.30967962840647
2449,36.29225141,36.286359956,35.359553947763544,33.164582448235294,34.86017489923077,34.28970424386997
2450,36.271631321,36.330545861000004,35.371856120882356,33.20114411864706,34.86428603139265,34.29682872632721
2451,36.283414229,36.389460401,35.35615359019918,33.236319564588236,34.8495997779981,34.25303944962594
2452,36.283414229,36.371786039,35.36619173142857,33.31914647670588,34.86338614480415,34.26213071975728
2453,36.289305683,36.383568947,35.38302445714286,33.285703811352946,34.867321337514795,34.20244815040323
2454,36.2642670035,36.355584540500004,35.37257194192308,33.1174508162353,34.85985473396536,34.22411253559514
2455,36.2731041845,36.3644217215,35.37292407953061,33.11086625,34.87177710537975,34.1212777719363
2456,36.2966700005,36.365894585,35.34662143322777,33.2293884422353,34.84676068044693,34.23738515908027
2457,36.3202358165,36.3526388135,35.371554246528305,33.32382498429412,34.84151176173427,34.21223678416874
2458,36.3025614545,36.354111677,35.376531092183676,33.28553053329412,34.83913735447592,34.20004942143214
2459,36.3172900895,36.371786039,35.36520026675342,33.234760062058825,34.842193987246105,34.19080222529215
2460,36.306980045,36.371786039,35.35096138026531,33.252434424058826,34.83921954636233,34.205881653494814
2461,36.309925772,36.383568947,35.352375854384235,33.31204207629412,34.85102289833416,34.15153128302464
2462,36.3172900895,36.345274496,35.376321746187,33.32313187205882,34.85154637753861,34.20007174211073
2463,36.3320187245,36.354111677,35.383940005669764,33.32313187205882,34.85511087458133,34.20960203534602
2464,36.333491588,36.3320187245,35.340781589,33.33682083870588,34.8506827256334,34.18619884818262
2465,36.333491588,36.336437315,35.36891406114286,33.29904622188236,34.8529302919717,34.197611737410945
2466,36.330545861000004,36.3349644515,35.344520396346155,33.386551641588234,34.821779326100426,34.160982122447614
2467,36.318762953000004,36.293724273500004,35.4309344374026,33.31914647670588,34.82815015078278,34.20267352653846
2468,36.3379101785,36.3909332645,35.41484857942308,33.338900175411766,34.81618633675368,34.17361005592164
2469,36.3467473595,36.4262819885,35.41552746339286,33.2234969882353,34.82655543139241,34.22053234809826
2470,36.327600134,36.4203905345,35.41075650018868,33.16440917017647,34.858961264346206,34.170762390416
2471,36.298142864,36.345274496,35.42522782150944,33.28085202570588,34.84004217216705,34.20457700444087
2472,36.2907785465,36.35116595,35.407479569436035,33.313428300764706,34.825095001886794,34.19333896666137
2473,36.315817226,36.360003131,35.40601369445283,33.46088792882353,34.81857766341259,34.22798022976556
2474,36.2789956385,36.3349644515,35.3999799744312,33.355708147117646,34.83156722673782,34.2066022364455
2475,36.29225141,36.3526388135,35.395119477415406,33.33231560917647,34.854598235034544,34.20610744903378
2476,36.3261272705,36.3909332645,35.35359477590148,33.48081490558824,34.81728074762044,34.282048353438014
2477,36.3113986355,36.3526388135,35.35276944373832,33.50472727770588,34.82621817394084,34.25965449595696
2478,36.2907785465,36.3408559055,35.3419817,33.393309485882355,34.83422876317143,34.246169849379534
2479,36.304034318,36.32170868,35.36799969085715,33.49952893594118,34.84088375567568,34.24523936242281
2480,36.3231815435,36.3614759945,35.36367197943048,33.47804245664706,34.832487666560894,34.23198956390445
2481,36.2465926415,36.304034318,35.35718042260971,33.384818861,34.842348062504676,34.173169049375005
2482,36.3025614545,36.304034318,35.35757055442308,33.35952026441176,34.8420586524898,34.21734097149367
2483,36.306980045,36.3231815435,35.34911278253921,33.35154947370589,34.84770954476728,34.21604079379898
2484,36.262794140000004,36.287832819500004,35.34407490738611,33.27669335229412,34.82610575466791,34.19072544534235
2485,36.3231815435,36.243646914500005,35.34852776,33.40821139894118,34.83536888734751,34.21707097506066
2486,36.32170868,36.243646914500005,35.314252273891405,33.261098327,34.82770279897873,34.17222225694572
2487,36.32170868,36.2642670035,35.3289809088914,33.40024060823529,34.82872802,34.221672621347054
2488,36.309925772,36.259848413,35.339324388514854,33.246542970058826,34.831718860232556,34.17243330846154
2489,36.324654407000004,36.212716781000005,35.34634055500198,33.21812536841177,34.838005130474365,34.211507023076926
2490,36.312871499,36.195042419,35.30203561108911,33.25416720464706,34.84671573879518,34.19494546542106
2491,36.2760499115,36.304034318,35.33277969710407,33.35432192264706,34.81771627665236,34.199992667713005
2492,36.262794140000004,36.312871499,35.311442148080005,33.375635123882354,34.820957644503125,34.213168550955416
2493,36.259848413,36.330545861000004,35.33685320516375,33.46192759717647,34.813909792032675,34.26334790770795
2494,36.2554298225,36.298142864,35.28736140194974,33.258672434176475,34.81131800791526,34.216044888406074
2495,36.2554298225,36.309925772,35.32089459947964,33.31862664252941,34.80447709397717,34.182880366151046
2496,36.2819413655,36.256902686000004,35.335077130365946,33.32919660411765,34.80587552982339,34.19431640212341
2497,36.271631321,36.287832819500004,35.32898118163168,33.39348276394118,34.80412254764789,34.189908709538464
2498,36.271631321,36.289305683,35.337392572985436,33.234586784,34.80921127461994,34.15965121432433
2499,36.268685594000004,36.3084529085,35.327232084038464,33.199931172235296,34.799184796054796,34.158388795327106
2500,36.212716781000005,36.245119778,35.313060986307335,33.29835310964706,34.792693089125336,34.19289983268542
2501,36.215662508,36.224499689,35.28673882826923,33.210847689941176,34.808449732536765,34.14167480793017
2502,36.189150965,36.242174051,35.39369599769321,33.325557764882355,34.822673750293546,34.2895998206366
2503,36.193569555500005,36.268685594000004,35.50694035349057,33.17324635117647,34.7944710986383,34.26030094877551
2504,36.192096692,36.248065505,35.51413315972727,33.18277664441177,34.79103581896104,34.31303804666667
2505,36.193569555500005,36.251011232,35.46401896142857,33.410464013705884,34.84015432462619,34.32529935199122
2506,36.192096692,36.318762953000004,35.404694571111115,33.431950493,34.840506860527086,34.238040668724835
2507,36.209771054,36.242174051,35.39390583320742,33.351722751764704,34.84694934399805,34.205618470829016
2508,36.2731041845,36.318762953000004,35.43083840333333,33.36749105511765,34.820208098263336,34.22086865808907
2509,36.2789956385,36.259848413,35.41242686104139,33.421380531411764,34.81740314968493,34.24788806293399
2510,36.227445416,36.251011232,35.40906000448276,33.29748671935294,34.82696263657143,34.24960151197401
2511,36.256902686000004,36.3320187245,35.41238556196487,33.44511962547059,34.823718239016856,34.26320152775904
2512,36.265739867,36.342328769,35.4122577924138,33.33907345347059,34.825911459477304,34.246926058631495
2513,36.271631321,36.286359956,35.38332468471154,33.355015034882356,34.825107507547855,34.242526507811725
2514,36.231864006500004,36.239228324,35.35212497582857,33.20253034311765,34.81936122769022,34.2621405935987
2515,36.253956959,36.274577048,35.37782992802358,33.20443640176471,34.838156161196984,34.260689940336135
2516,36.231864006500004,36.268685594000004,35.33055938518031,33.32105253535294,34.80816143263408,34.254227682968754
2517,36.239228324,36.295197137,35.33689306750687,33.366971220941174,34.81755550677663,34.24274559573854
2518,36.2200810985,36.29225141,35.33055135483744,33.29835310964706,34.815167670744984,34.17015781937824
2519,36.242174051,36.301088591,35.320010437076924,33.14049679805883,34.82878457690618,34.17793474387859
2520,36.2348097335,36.286359956,35.36564855534976,33.08227537029412,34.8100208025364,34.18606911870858
2521,36.251011232,36.304034318,35.362325026546465,33.080889145823534,34.82211085092437,34.19446021579221
2522,36.2613212765,36.298142864,35.39080528478855,33.13633812464706,34.79657964451434,34.20241489617771
2523,36.242174051,36.242174051,35.33557561864151,33.057496607882356,34.795531290968924,34.169829309891576
2524,36.133182152,36.215662508,35.303101557389056,33.36905055764706,34.79968389804023,34.187461107746834
2525,36.280468502000005,36.243646914500005,35.343450896239496,33.27998563541176,34.787065753846896,34.19003441153285
2526,36.277522775,36.242174051,35.36887929269231,33.13010011452941,34.807803905106994,34.171249136984834
2527,36.2789956385,36.221553962,35.37744834718329,33.25416720464706,34.78222812985005,34.17447389203883
