frame,left_eye_temp,right_eye_temp,forehead_temp,nose_temp,left_cheek_temp,right_cheek_temp
0,36.631010015,36.513180935,35.821916999,30.43354696311765,34.9199761129097,34.85191922732408
1,36.631010015,36.5175995255,35.9184499215082,30.307400536294118,34.93118466822214,34.86151127724417
2,36.5882969735,36.501398027,35.982950075000005,30.097214250941178,34.91065504686567,34.80715741803887
3,36.6236456975,36.5087623445,36.00938918209017,30.143132936529412,34.90324502459788,34.84843301006559
4,36.6295371515,36.516126662000005,35.9940569145082,30.130483638235294,34.90338835778524,34.84499071919411
5,36.633955742,36.5146537985,36.03552040220114,30.169991035647058,34.91042771327395,34.84869917122677
6,36.6560486945,36.5117080715,36.09418690304436,30.14694505382353,34.925009760846905,34.87821859441236
7,36.654575831,36.519072389,36.08510788736,30.12823102347059,34.897222327651384,34.881742799661815
8,36.6560486945,36.52790957,36.04717474906072,30.137414760588236,34.889067958313255,34.889927260576165
9,36.6796145105,36.548529659,36.06635598941177,30.152143395588237,34.90750704863474,34.885044265382774
10,36.6560486945,36.5647311575,36.072140142500004,30.114195500705883,34.876625128708596,34.86758638573161
11,36.6354286055,36.541165341500005,36.048639503037606,30.127884467352942,34.90133346344071,34.8751932763204
12,36.642792923,36.5529482495,36.027211608421055,30.156995181235295,34.917474236511204,34.873406869573344
13,36.633955742,36.5323281605,35.97357730727273,30.176575601882355,34.906776286296584,34.83745793066339
14,36.647211513500004,36.504343754000004,35.941026633133646,30.174669543235296,34.88281697413793,34.84439596993636
15,36.648684377,36.55736684,35.952186842499145,30.13135002852941,34.88097023610459,34.87564267954218
16,36.6501572405,36.542638205,35.96934081626,30.108823880882355,34.870669483083866,34.86835050127696
17,36.664885875500005,36.539692478,35.98404127474087,30.13429575552941,34.891818666875004,34.89383630955661
18,36.651630104,36.523490979500004,35.98182534287273,30.130830194352942,34.88549718525481,34.889413415147374
19,36.651630104,36.523490979500004,35.98946564093168,30.129617247941177,34.883886561432774,34.88398544480202
20,36.619227107,36.519072389,35.97666228682182,30.133429365235294,34.8862231826,34.87170939548142
21,36.6236456975,36.523490979500004,35.97251868346939,30.141746712058826,34.89982547808043,34.833670592965575
22,36.625118561,36.536746751,35.96403552408164,30.133949199411767,34.89929282738461,34.83669421368421
23,36.6295371515,36.536746751,35.966036246152726,30.12337923782353,34.89362646238761,34.83754372415484
24,36.6236456975,36.535273887500004,35.94714686740571,30.11159632982353,34.880782831154995,34.8459713
25,36.625118561,36.529382433500004,35.955908612857144,30.112462720117648,34.87851888842763,34.83513759422011
26,36.622172834,36.541165341500005,35.98006082205409,30.12580513064706,34.87027253719782,34.859355182789734
27,36.6206999705,36.523490979500004,35.97602696104759,30.130483638235294,34.86445774609545,34.865968961490324
28,36.619227107,36.5264367065,35.96372864726708,30.11003682729412,34.835825392154696,34.86334871814127
29,36.6206999705,36.5588397035,35.9723446906836,30.111249773705882,34.85055284782609,34.86827092776443
30,36.619227107,36.5264367065,35.97493075810697,30.11696794964706,34.845673183948314,34.859381592742515
31,36.642792923,36.530855297,36.00493324339893,30.136375092235294,34.848411187071825,34.86385149083033
32,36.6589944215,36.55736684,35.98263284286154,30.118007618,34.827565727688956,34.864723367
33,36.654575831,36.5735683385,35.989285653993846,30.122686125588235,34.84490606388016,34.865069373749506
34,36.653102967500004,36.5323281605,35.989028776762794,30.108823880882355,34.85513536794788,34.88760352501575
35,36.601552745,36.530855297,35.949478395646516,30.096694416764706,34.820880934783574,34.86564457358416
36,36.619227107,36.5617854305,35.93807599446154,30.099640143764706,34.79110273858108,34.875114954471215
37,36.6148085165,36.5441110685,35.92623869860465,30.107957490588237,34.80072673511333,34.90538811037864
38,36.651630104,36.501398027,35.933338866864474,30.10726437835294,34.7626113044645,34.902170626780716
39,36.653102967500004,36.5087623445,35.895245963120004,30.122686125588235,34.751155130333196,34.912577223270844
40,36.648684377,36.510235208000005,35.86945738267281,30.13568198,34.728173731842105,34.909387590264124
41,36.622172834,36.501398027,35.86385433239,30.12424562811765,34.72982467925712,34.90670985459594
42,36.6265914245,36.4881422555,35.846650394065456,30.123725793941176,34.74135370327651,34.89754498901099
43,36.628064288000004,36.510235208000005,35.88522417352531,30.113329110411765,34.74309451882962,34.915906974532376
44,36.6206999705,36.5117080715,35.86174553841412,30.11159632982353,34.74450430212592,34.90780728926928
45,36.6177542435,36.507289481,35.920248171714285,30.115581725176472,34.73092191208633,34.91320303870968
46,36.6118627895,36.467522166500004,35.89811732945813,30.15716845929412,34.715564698993816,34.88152539537873
47,36.6206999705,36.507289481,35.94794264445444,30.138107872823532,34.72289413666667,34.92263580518354
48,36.6206999705,36.513180935,35.92878617731585,30.141573434,34.696717045345046,34.93076118772134
49,36.6236456975,36.52790957,35.91550047984616,30.125458574529414,34.7111518225329,34.94198402280842
50,36.619227107,36.491087982500005,35.92108679138249,30.115061891,34.73087069183875,34.93300561692833
51,36.5941884275,36.5382196145,35.91684796112,30.097214250941178,34.72118933883594,34.91617608285714
52,36.569149748,36.52790957,35.86482226607143,30.084218396529412,34.72206879836449,34.888021088951405
53,36.539692478,36.545583932,35.81340212400764,30.083352006235295,34.732629885625,34.89983738057631
54,36.607444199,36.5441110685,35.88658909631818,30.082832172058826,34.76078228519101,34.91759651481428
55,36.625118561,36.5500025225,35.91626646111832,30.08127266952941,34.75636527504865,34.88951778457874
56,36.607444199,36.541165341500005,35.89916184340494,30.099640143764706,34.78460741874507,34.90782491499078
57,36.633955742,36.551475386,35.801992445065295,30.080406279235294,34.792043878934784,34.876496357074224
58,36.3113986355,36.3261272705,35.81315149018978,30.09236246529412,34.77604422820084,34.860829576986106
59,36.64573865,36.471940757,35.78128934256036,30.123899072,34.80243234789767,34.84246731270298
60,36.6177542435,36.5028708905,35.85031220416327,30.10275914882353,34.79393563096569,34.84928887168959
61,36.6236456975,36.5058166175,35.852407545472836,30.13602853611765,34.75763007809555,34.82788787911069
62,36.6206999705,36.4822508015,35.90109764269022,30.109170437,34.74670882581983,34.85478273301408
63,36.619227107,36.4969794365,35.92517054525337,30.123032681705883,34.66760221197128,34.872418182891124
64,36.601552745,36.519072389,35.90109949511724,30.107437656411765,34.655459249734974,34.888540422133
65,36.6118627895,36.516126662000005,35.951729654910714,30.12580513064706,34.61565949905574,34.91244854426488
66,36.5676768845,36.5175995255,35.9170918000224,30.144172604882353,34.64781935652174,34.91726028680599
67,36.566204021000004,36.5264367065,35.905769139632355,30.12043351082353,34.65321897676504,34.954095929593024
68,36.545583932,36.524963843,35.90314875466667,30.106224710000003,34.580779553004554,34.94270838370276
69,36.566204021000004,36.5323281605,35.893099025467535,30.112289442058824,34.635998655401025,34.947713946111676
70,36.542638205,36.524963843,35.847504900127475,30.093228855588237,34.64574505526316,34.91659789182644
71,36.563258294,36.5117080715,35.88384935662096,30.09392196782353,34.63343959555895,34.926354990641286
72,36.560312567000004,36.5087623445,35.88055067863493,30.089936572470588,34.657154808035855,34.91296621328629
73,36.5647311575,36.516126662000005,35.87607211041353,30.101546202411765,34.667713837896706,34.93086422772396
74,36.563258294,36.5058166175,35.87574427291403,30.09288229947059,34.68592683872,34.92536423910042
75,36.563258294,36.5058166175,35.88966872,30.089590016352943,34.68983420883562,34.92745946169279
76,36.5647311575,36.489615119,35.875558727263105,30.097734085117647,34.68738936431311,34.90353160911476
77,36.5617854305,36.4999251635,35.86749003096048,30.094095245882354,34.69991597683192,34.9151240375
78,36.5647311575,36.480777938,35.889254833938956,30.09288229947059,34.69577319672784,34.90157838259045
79,36.569149748,36.483723665,35.88388382976744,30.102585870764706,34.71728688769291,34.90939035248742
80,36.5647311575,36.504343754000004,35.86595936912957,30.09877375347059,34.699717750625,34.906216771884914
81,36.5558939765,36.498452300000004,35.85242900343181,30.090802962764705,34.70919426061608,34.899559161318685
82,36.563258294,36.4822508015,35.837291540916944,30.094788358117647,34.712411508421056,34.89433474949153
83,36.563258294,36.498452300000004,35.86509815990698,30.101546202411765,34.71686293584526,34.900555616459116
84,36.563258294,36.501398027,35.85983446708036,30.096521138705885,34.71412165645697,34.90112939663111
85,36.5676768845,36.486669392,35.885210419944855,30.099120309588237,34.72307775226792,34.88150602578249
86,36.563258294,36.474886484,35.861285412968755,30.08803051382353,34.719255982924565,34.8908751214792
87,36.5617854305,36.519072389,35.8693941175,30.09288229947059,34.72583883167517,34.883313106910755
88,36.5529482495,36.4704678935,35.84095385488372,30.09392196782353,34.70653213532468,34.85982574990662
89,36.560312567000004,36.460157849,35.85621680708662,30.09097624082353,34.704653562645916,34.842755291428574
90,36.563258294,36.4704678935,35.87724642939535,30.094095245882354,34.69188128985584,34.85992429195376
91,36.5558939765,36.4557392585,35.89685837099519,30.102066036588237,34.6716210919068,34.84282809454545
92,36.560312567000004,36.4527935315,35.89512647722084,30.11454205682353,34.62525582990454,34.847496822126246
93,36.560312567000004,36.466049303,35.90054525046154,30.102066036588237,34.605293241764706,34.8667099895643
94,36.5441110685,36.4527935315,35.88086959748837,30.103625539117647,34.55985150840909,34.87870093544225
95,36.5500025225,36.495506573,35.86481701129771,30.10015997794118,34.52892665162562,34.89420698414073
96,36.548529659,36.4557392585,35.85768202431127,30.109863549235296,34.52431852451362,34.88762411902736
97,36.510235208000005,36.4645764395,35.873269475937505,30.099120309588237,34.527156685307695,34.875903309737964
98,36.523490979500004,36.4469020775,35.854311464615805,30.091322796941178,34.54260671772991,34.86894543482353
99,36.5087623445,36.451320668,35.85972717515306,30.09288229947059,34.55198897069768,34.882759938394
100,36.507289481,36.4586849855,35.81906478714286,30.085777899058826,34.53396859898305,34.85551393351709
101,36.5058166175,36.457212122,35.82255871905512,30.09392196782353,34.53582703804962,34.848780745577834
102,36.5146537985,36.4557392585,35.817420210492614,30.093575411705885,34.55240857407439,34.828453326183926
103,36.510235208000005,36.4586849855,35.81729592142818,30.093228855588237,34.56042237308692,34.85046219157097
104,36.507289481,36.454266395000005,35.828836751401575,30.086297733235295,34.588573515468944,34.83538670183738
105,36.29225141,36.349693086500004,35.76950943804478,30.08491150876471,34.5908278873494,34.816496271207626
106,36.5117080715,36.471940757,35.808960901025976,30.078846776705884,34.657053346699655,34.8271257238405
107,36.530855297,36.489615119,35.79777403038168,30.07676744,34.68331603302169,34.83023401436043
108,36.52790957,36.5058166175,35.82976602403701,30.07676744,34.69789413497264,34.81401429569585
109,36.529382433500004,36.504343754000004,35.82382282558859,30.077807108352943,34.713310455943365,34.830588146725276
110,36.545583932,36.507289481,35.75835586384155,30.079366610882353,34.72406873087631,34.803582106171646
111,36.083104793000004,36.159693695,35.77356811018876,30.08612445517647,34.71644467163048,34.75471139850549
112,36.5735683385,36.457212122,35.8173732632353,30.114715334882355,34.73563565115026,34.77418820908578
113,36.575041202,36.492560846,35.80712984465558,30.08647101129412,34.74590255998618,34.7937150809375
114,36.551475386,36.4851965285,35.828725305704666,30.097214250941178,34.75370506722222,34.80806925186192
115,36.5558939765,36.4851965285,35.78479106414027,30.088203791882353,34.74663418174002,34.81345806129616
116,36.55736684,36.4999251635,35.789625764,30.079713167,34.7356235979145,34.813358521993614
117,36.5676768845,36.489615119,35.78623486560075,30.082312337882353,34.72632628523403,34.80201512927902
118,36.529382433500004,36.498452300000004,35.799375668,30.07728727417647,34.73489969522936,34.787375564967746
119,36.5264367065,36.489615119,35.761708775974455,30.08196578176471,34.74369288377931,34.78584927249047
120,36.5529482495,36.4527935315,35.83666636597015,30.084738230705884,34.73140023735758,34.780695849985484
121,36.539692478,36.491087982500005,35.79320265485715,30.07867349864706,34.73503300045455,34.79068438757262
122,36.55736684,36.4586849855,35.85128550574958,30.08161922564706,34.72573757377092,34.76452488697001
123,36.572095475,36.466049303,35.82976652884211,30.082485615941177,34.725394786844234,34.78114604285614
124,36.5617854305,36.460157849,35.8389696879644,30.09340213364706,34.71131906431569,34.781276645739815
125,36.563258294,36.5028708905,35.828390325,30.08023300117647,34.70697659925628,34.79654137525759
126,36.4439563505,36.1729494665,35.75151893903198,30.10379881717647,34.69741849867508,34.72604564253102
127,36.5676768845,36.516126662000005,35.81222997863158,30.08491150876471,34.72164241202062,34.7883868453966
128,36.5264367065,36.473413620500004,35.83788626822857,30.084738230705884,34.719585532086235,34.77467405831749
129,36.554421113000004,36.5058166175,35.81083718633334,30.088723626058826,34.718641168709006,34.78580785903429
130,36.5028708905,36.4940337095,35.81566248621009,30.079713167,34.69067026797822,34.791874520761425
131,36.5706226115,36.5117080715,35.79822720659137,30.080752835352943,34.69115973815845,34.78247416979621
132,36.5529482495,36.4881422555,35.7948028854531,30.080406279235294,34.696236930346245,34.79874940343509
133,36.5264367065,36.5175995255,35.80521306168421,30.081792503705884,34.702765165523275,34.78139478746269
134,36.5441110685,36.5058166175,35.80442840356757,30.079713167,34.70880275691826,34.78272900992636
135,36.541165341500005,36.504343754000004,35.82144172609337,30.085258064882353,34.707116406764705,34.78089575178853
136,36.5264367065,36.491087982500005,35.80246933865672,30.079020054764708,34.67595868933474,34.77686026770764
137,36.5470567955,36.4822508015,35.78832128130884,30.09236246529412,34.674829085,34.783141072297596
138,36.55736684,36.477832211,35.79279962057692,30.085604621,34.65368552847084,34.78765681735049
139,36.5500025225,36.474886484,35.80624478778378,30.080406279235294,34.644529471026104,34.79626553677419
140,36.551475386,36.4969794365,35.807852596558824,30.07919333282353,34.650188225,34.80854159212308
141,36.5617854305,36.474886484,35.828969919696505,30.080752835352943,34.6475333785625,34.81435617039209
142,36.5676768845,36.467522166500004,35.84085053353368,30.082658894,34.64721196431443,34.806802385941516
143,36.533801024,36.480777938,35.803927161131185,30.078846776705884,34.63413858146497,34.788186254606984
144,36.5617854305,36.457212122,35.81015623932331,30.08317872817647,34.658224382894076,34.79408856084691
145,36.554421113000004,36.4616307125,35.81697832197115,30.080406279235294,34.67413163747308,34.801309637036496
146,36.5441110685,36.433646306,35.81041635968059,30.085951177117646,34.667613671217325,34.78176063975851
147,36.542638205,36.467522166500004,35.80782286539312,30.085604621,34.676064516467626,34.79412139952578
148,36.5323281605,36.4616307125,35.78462996112987,30.08005972311765,34.671812326986405,34.77706710459709
149,36.554421113000004,36.4616307125,35.782921184428574,30.091669353058826,34.678981774366505,34.778200550414645
150,36.0934148375,35.331944408,35.71418862521265,30.10379881717647,34.65546246738596,34.73778735674746
151,36.5205452525,36.457212122,35.7943817112782,30.081792503705884,34.69179810011887,34.777179964935776
152,36.510235208000005,36.4940337095,35.76677327906634,30.078500220588236,34.67346078350227,34.771011212750885
153,36.463103576,36.466049303,35.74921453402098,30.077807108352943,34.669560235131286,34.75374431311502
154,36.5146537985,36.4439563505,35.775269274306225,30.08196578176471,34.68572193347874,34.73786017529042
155,36.5117080715,36.454266395000005,35.799125612457004,30.080406279235294,34.69293797750822,34.738317474615386
156,36.5117080715,36.3997704455,35.77667479795455,30.080752835352943,34.68276600211921,34.72293209451137
157,36.507289481,36.404189036000005,35.80535438520661,30.08941673829412,34.68371607906193,34.72538817578469
158,36.533801024,36.424809125,35.830349700440344,30.091842631117647,34.67799087243184,34.74514167277953
159,36.539692478,36.4498478045,35.80889125513287,30.082485615941177,34.6822724009375,34.748590229323256
160,36.536746751,36.445429214,35.82687994935591,30.09790736317647,34.67692955109635,34.74903147533131
161,36.541165341500005,36.477832211,35.78312670026578,30.078500220588236,34.672773588973385,34.76434309179625
162,36.5058166175,36.467522166500004,35.79924112256199,30.077460552235294,34.643466506319314,34.74513685116244
163,36.529382433500004,36.454266395000005,35.73771765795276,30.079539888941177,34.65335394862791,34.70054150294705
164,36.4616307125,36.474886484,35.72612348720779,30.07711399611765,34.65505069961123,34.703726585767654
165,36.368840312,36.4763593475,35.741328766057144,30.07763383029412,34.6591172412684,34.69374319469358
166,36.513180935,36.473413620500004,35.78501599238971,30.07728727417647,34.687460054519335,34.68613353698759
167,36.519072389,36.4822508015,35.815095692643105,30.077980386411767,34.69058689137652,34.69646732403187
168,36.5028708905,36.457212122,35.79799854695047,30.07711399611765,34.69560085011624,34.712662344853705
169,36.5058166175,36.4969794365,35.81847425633333,30.076940718058825,34.70650894975207,34.708041704092665
170,36.5028708905,36.4999251635,35.84016378205005,30.07676744,34.69726254986741,34.722959763884994
171,36.491087982500005,36.492560846,35.834943169888064,30.07676744,34.70699269533981,34.73779241184664
172,36.5087623445,36.4851965285,35.84961381287765,30.079713167,34.731155424925674,34.735798525920224
173,36.5175995255,36.479305074500004,35.8610297075,30.08005972311765,34.757632606793074,34.73357579212999
174,36.5205452525,36.463103576,35.77913068070896,30.081445947588236,34.72642456155179,34.71746187700805
175,36.5175995255,36.457212122,35.75216143653533,30.083352006235295,34.72309498668491,34.69066620439415
176,36.510235208000005,36.442483487000004,35.80098407157246,30.090629684705885,34.694643977887324,34.698897331005796
177,36.495506573,36.4557392585,35.74883491485714,30.082832172058826,34.67162144150764,34.70591140981092
178,36.507289481,36.473413620500004,35.78947575594197,30.103452261058823,34.67615975826594,34.736181926264074
179,36.5264367065,36.471940757,35.830477091212245,30.087683957705885,34.68812043930593,34.74693110763982
180,36.5117080715,36.5146537985,35.80452400273684,30.08127266952941,34.683106429936444,34.74946225055556
181,36.516126662000005,36.489615119,35.800791515661764,30.082312337882353,34.69465324091762,34.74698204388049
182,36.483723665,36.4969794365,35.757172399068175,30.07676744,34.67443683731572,34.73709933041652
183,36.510235208000005,36.5117080715,35.767500566888934,30.077807108352943,34.683506241670486,34.73232254703274
184,36.492560846,36.501398027,35.78310358108108,30.07832694252941,34.69359658744091,34.749434915882354
185,36.504343754000004,36.5028708905,35.78217980619057,30.079713167,34.684805131167,34.75325550199574
186,36.4940337095,36.5058166175,35.77693336720452,30.07728727417647,34.66225194433161,34.75193161801599
187,36.498452300000004,36.4586849855,35.77844676399254,30.07763383029412,34.678692827596684,34.74779052790376
188,36.5058166175,36.489615119,35.7913016401555,30.07711399611765,34.676337106770234,34.74582980605314
189,36.5323281605,36.4940337095,35.791335800216956,30.084391674588236,34.705663800735785,34.74017440118064
190,36.523490979500004,36.4881422555,35.774242247951314,30.08109939147059,34.70214192845308,34.732895132392066
191,35.985895802,36.1641122855,35.682608659625004,30.09392196782353,34.68357606240185,34.66980925740072
192,36.504343754000004,36.463103576,35.74150020865532,30.089936572470588,34.696236298000755,34.714163028525384
193,36.516126662000005,36.445429214,35.76145115898225,30.080406279235294,34.70515065384109,34.718759813436755
194,36.533801024,36.445429214,35.77261603316279,30.086644289352943,34.71840070393478,34.71313597465275
195,36.501398027,36.4704678935,35.77511770543077,30.08057955729412,34.72499363088235,34.71738498782215
196,36.523490979500004,36.4144990805,35.7655895557017,30.079020054764708,34.69683867397626,34.7118216750945
197,36.545583932,36.418917671,35.758171530571026,30.090629684705885,34.71315756539516,34.70387830007874
198,36.536746751,36.411553353500004,35.7488048652151,30.09825391929412,34.70252651848817,34.689633222422145
199,36.513180935,36.430700579,35.76364988100088,30.08785723576471,34.70706320860474,34.701291441770046
200,36.524963843,36.41008049,35.80973748036847,30.091149518882354,34.68161915665736,34.68752299614363
201,36.522018116,36.4351191695,35.81756351716129,30.08352528429412,34.68796080574505,34.71407687549385
202,36.510235208000005,36.41008049,35.817657246720586,30.08612445517647,34.64818616383246,34.70424813490446
203,36.5028708905,36.4027161725,35.7996094812,30.08127266952941,34.66789337857143,34.71869760527273
204,36.5087623445,36.4086076265,35.815782106700226,30.08317872817647,34.6529734625974,34.72072380084337
205,36.5058166175,36.486669392,35.795550924000004,30.077980386411767,34.65399362779221,34.740510857081674
206,36.448374941000004,36.430700579,35.801047536285715,30.07815366447059,34.65502853841542,34.725716345498554
207,36.483723665,36.4586849855,35.808157798656985,30.076940718058825,34.64713311744711,34.72852424634441
208,36.4527935315,36.4086076265,35.79832088816697,30.076940718058825,34.65130313741795,34.71359162389759
209,36.498452300000004,36.463103576,35.80556701147223,30.07728727417647,34.66879459440115,34.71034277496988
210,36.4940337095,36.415971944,35.788497863773074,30.085951177117646,34.68244149172659,34.69456745979592
211,36.474886484,36.4262819885,35.78958751390375,30.078500220588236,34.69276703282694,34.69822469325555
212,36.492560846,36.460157849,35.77480159690083,30.08317872817647,34.6693916191887,34.68461861977554
213,36.460157849,36.4262819885,35.76949982929752,30.07815366447059,34.684399865469416,34.689091632195705
214,36.498452300000004,36.4410106235,35.77275853879679,30.081792503705884,34.69160817250353,34.68268128373239
215,36.46899503,36.457212122,35.753154418366094,30.08213905982353,34.6907996143617,34.68321452163657
216,36.298142864,36.436592033000004,35.69564267646639,30.079366610882353,34.663875599130435,34.63608423725612
217,36.4851965285,36.421863398,35.7306773667989,30.08005972311765,34.701538763739784,34.659655131601035
218,36.4704678935,36.4469020775,35.77146384527521,30.07676744,34.70008740906954,34.630778223583064
219,36.495506573,36.4439563505,35.7605049307027,30.07676744,34.704258024108505,34.63205085774371
220,36.492560846,36.4380648965,35.73491714560123,30.07711399611765,34.69594048976159,34.6304324030955
221,36.4881422555,36.442483487000004,35.74256720880523,30.077460552235294,34.7121011204687,34.640700301391995
222,36.2848870925,36.43953776,35.71386564081479,30.07763383029412,34.698412119558924,34.64417987455947
223,36.253956959,36.3791503565,35.7290014532353,30.08508478682353,34.70087471307377,34.65157850933738
224,36.8121722255,36.7444205045,36.05504096738971,30.22249428747059,34.98050978113565,35.056425553105186
225,36.8210094065,36.838683768500005,36.0173782593125,30.16305991329412,34.97203943534932,35.06148475820863
226,36.726746142500005,36.8239551335,36.02115659385075,30.118700730235297,34.981872152641316,35.04156051672634
227,36.7179089615,36.798916454,35.9905325945,30.097560807058823,34.96521470996318,35.01111301710301
228,36.745893368000004,36.7179089615,35.9667485765,30.172590206529414,34.95743118755798,34.99510356523077
229,36.7473662315,36.710544644,35.96619414091762,30.129617247941177,34.9741847243996,34.98208168359181
230,36.760622003,36.819536543,36.02523967444894,30.11748778382353,34.98992413051735,34.99708779988003
231,36.8092264985,36.7915521365,36.0145843701864,30.112289442058824,34.99561731331671,35.01303698971429
232,36.810699362,36.825427997,36.00994115495349,30.127884467352942,34.975576233847626,35.01167958977176
233,36.810699362,36.8092264985,35.9958221176542,30.145905385470588,34.97769897694025,35.009656203838674
234,36.810699362,36.8003893175,35.97887812966084,30.124418906176473,34.968192864602486,34.99866251565343
235,36.787133546,36.776823501500004,35.99438642688236,30.137414760588236,34.96176963931796,34.99172817783089
236,36.804807908,36.740001914000004,36.006493907962685,30.15578223482353,34.96254299780658,34.98141365368152
237,36.766513457,36.726746142500005,36.00987004738462,30.155608956764706,34.96469858796781,34.97961960735426
238,36.7827149555,36.710544644,36.007327480972165,30.12875085764706,34.97389811367847,34.98273382902137
239,36.8062807715,36.6707773295,36.01327232681569,30.138627707,34.984773903147456,34.98140851876289
240,36.804807908,36.698761736,35.99670429648855,30.143306214588236,34.972850296053444,34.964937446563226
241,36.769459184,36.769459184,35.9922806530597,30.156995181235295,34.99087094670959,34.962917586391754
242,36.7444205045,36.7355833235,36.01365594533333,30.158554683764706,34.97677733184757,34.95207151076923
243,36.7414747775,36.709071780500004,36.005933449957325,30.142786380411767,34.98423686,34.96101075615477
244,36.7120175075,36.6619401485,35.9709933362201,30.192863739411766,34.9842054269375,34.965469603125
245,36.7238004155,36.709071780500004,35.98337089314286,30.164272859705882,34.98079312653652,34.963784718528615
246,36.701707463000005,36.6825602375,35.98342726776119,30.186799007352942,34.97580328711005,34.96133491680679
247,36.504343754000004,36.5441110685,35.91881826923077,30.189398178235294,34.968664616081085,34.91436653229698
248,36.728219006,36.651630104,36.03053656190441,30.195636188352942,34.98677724899409,34.955256368417075
249,36.7355833235,36.719381825,36.025136617782806,30.192517183294118,34.97690586221634,34.96407810323154
250,36.775350638,36.653102967500004,36.02233834374633,30.16791169894118,34.978954599472296,34.97485809095932
251,36.769459184,36.654575831,36.01032294168421,30.213310550352944,34.965546614338486,34.971620118202665
252,36.734110460000004,36.653102967500004,36.005485492666665,30.171377260117648,34.95937288538462,34.96321412648395
253,36.3143443625,36.4822508015,35.98058979099372,30.24657993764706,34.975734732259475,34.948906382857146
254,36.342328769,36.52790957,36.03761717148855,30.35903739782353,34.97799736816192,34.95470547311274
255,36.710544644,36.639847196000005,36.0114868053125,30.167391864764706,34.9587576186875,34.973491191448275
256,36.757676276,36.725273279,36.03141620667691,30.16305991329412,34.970484550108964,34.99892291010033
257,36.76356773,36.653102967500004,36.03804506226679,30.171550538176472,34.976187542186864,34.985281177734436
258,36.7562034125,36.698761736,35.994729865828575,30.137414760588236,34.934457550098074,34.977130761846155
259,36.8003893175,36.709071780500004,35.98829928074627,30.182813612,34.943708257219,34.97124232011403
260,36.775350638,36.7061260535,35.95328934637838,30.22595984864706,34.953629772453226,34.96346818121189
261,36.769459184,36.672250193,35.96060164843892,30.186799007352942,34.94798912906357,34.94176497224673
262,36.726746142500005,36.7120175075,35.951834469800005,30.22595984864706,34.94993351639344,34.94740273758028
263,36.7562034125,36.6943431455,35.95630329058824,30.211924325882354,34.95668841222778,34.9514392593722
264,36.710544644,36.6619401485,35.93837323779412,30.206725984117647,34.954930497873754,34.95198959107463
265,36.707598917,36.664885875500005,35.95808943970803,30.171030704,34.95352561473929,34.947109356791046
266,36.698761736,36.639847196000005,35.958839067058825,30.168084977,34.94053734609925,34.95281331569231
267,36.719381825,36.657521558,35.96224123382353,30.186799007352942,34.933979059517426,34.951266526938774
268,36.698761736,36.636901469,35.9833646588,30.161327132705882,34.91249815485255,34.95273416667166
269,36.713490371,36.663413012,35.995994638153846,30.156648625117647,34.93514006232373,34.97240969265199
270,36.722327552,36.6383743325,35.99533443723077,30.16167368882353,34.934827477300615,34.98149339352535
271,36.678141647000004,36.6796145105,35.9999043704,30.146598497705885,34.9342761481194,34.98554788349277
272,36.6737230565,36.6796145105,36.004208423711106,30.160980576588237,34.927538459570556,34.98621771037477
273,36.6943431455,36.7120175075,36.01079561629307,30.146251941588236,34.926919891561866,34.98818308155741
274,36.689924555000005,36.7002345995,35.981228694284056,30.163406469411765,34.916010505861955,34.98953828671472
275,36.7238004155,36.709071780500004,36.007850320778545,30.136894926411767,34.91181990499467,34.983943832031365
276,36.726746142500005,36.678141647000004,35.983119787666666,30.156648625117647,34.915372611462665,34.98239209089425
277,36.710544644,36.6943431455,36.01163740365715,30.172243650411765,34.9246854441989,34.999587159304546
278,36.6943431455,36.710544644,36.000552742057145,30.14399932682353,34.906053229875866,34.98593104625137
279,36.70465319,36.6913974185,36.020897969882355,30.156128790941178,34.90900658857143,35.00003729091628
280,36.695816009,36.6383743325,36.011288280457144,30.16323319135294,34.91740102703343,35.00669726529412
281,36.695816009,36.7679863205,36.01055818362599,30.141746712058826,34.90730446187566,35.01003295501094
282,36.654575831,36.6707773295,35.985363934625,30.13914754117647,34.881248177,35.004157599595814
283,36.6707773295,36.67519592,36.027825779870966,30.128924135705883,34.90018643212308,35.00361274142857
284,36.692870282,36.6796145105,36.01210241899856,30.130656916294118,34.893734390062285,35.00479294152409
285,36.695816009,36.714963234500004,36.024517556,30.12424562811765,34.90357908092319,35.02098880109238
286,36.6825602375,36.709071780500004,36.03109499279135,30.130483638235294,34.89630525542857,35.012477760751445
287,36.672250193,36.7179089615,36.03367593360075,30.12233956947059,34.905221358999306,35.0329286874014
288,36.6737230565,36.707598917,36.01532009744403,30.12233956947059,34.90522400220757,35.02465600411659
289,36.701707463000005,36.737056187,36.02177495541647,30.119220564411766,34.89688447654952,35.011463841371054
290,36.6972888725,36.6913974185,36.00053114557758,30.129270691823532,34.893697467844675,35.00313296808696
291,36.701707463000005,36.651630104,35.98176318836364,30.120953345,34.886776177091924,34.98519713133631
292,36.657521558,36.666358739,35.992113629161935,30.106397988058824,34.87597687605263,34.97511300680091
293,36.647211513500004,36.654575831,35.99052203303101,30.11610155935294,34.880991934751975,34.98976571661983
294,36.6324828785,36.67519592,35.98263698325645,30.133775921352942,34.89168645459288,34.992911858028904
295,36.639847196000005,36.6619401485,35.972511886629434,30.13724148252941,34.90516455020959,35.00133374534278
296,36.636901469,36.692870282,35.978618123529415,30.105531597764706,34.88033290869565,34.992907079294994
297,36.6707773295,36.6913974185,35.966323012287866,30.111423051764707,34.88461472214286,34.979167298616076
298,36.689924555000005,36.672250193,35.98515756083538,30.137761316705884,34.91010560108977,34.975351766078504
299,36.698761736,36.636901469,36.03030489395026,30.155608956764706,34.93615840116794,34.97706967223038
300,36.695816009,36.651630104,36.04735342384037,30.134988867764708,34.93982762107143,34.96610141854899
301,36.695816009,36.654575831,36.023404225373135,30.145905385470588,34.94064687800203,34.956826563765475
302,36.686978828,36.642792923,36.03371961784156,30.135855258058825,34.943295790642765,34.96987381865315
303,36.684033101000004,36.7002345995,36.052018446704544,30.19321029552941,34.954516351577894,34.97104547769737
304,36.698761736,36.6707773295,36.05945038370677,30.192517183294118,34.93118381041096,34.96398175653972
305,36.698761736,36.686978828,36.04023553870455,30.14347949264706,34.94451429146613,34.96135947132944
306,36.695816009,36.728219006,36.05434519518421,30.156995181235295,34.942356923430275,34.954912853656936
307,36.695816009,36.7444205045,36.05403511865789,30.181947221705883,34.94972252619533,34.95529256212903
308,36.6501572405,36.726746142500005,36.02475537791045,30.182813612,34.951497531607146,34.946065772502685
309,36.7179089615,36.760622003,36.0423493809979,30.154049454235295,34.95314559872287,34.93756084918288
310,36.722327552,36.778296365,36.04221939233942,30.103452261058823,34.93800602401786,34.92583855769071
311,36.7326375965,36.7473662315,36.03966837432743,30.130656916294118,34.93598644851542,34.89387811461715
312,36.726746142500005,36.6589944215,36.08895563782609,30.09201590917647,34.93832036271955,34.94185744928645
313,36.714963234500004,36.7414747775,36.037648886617646,30.11488861294118,34.959205953421055,34.95574414146789
314,36.720854688500005,36.7503119585,36.04449297467626,30.094095245882354,34.94982270573346,34.938861303233494
315,36.703180326500004,36.6707773295,35.95578556955883,30.101026368235296,34.960560854329145,34.96003391033489
316,36.7120175075,36.719381825,36.02764601930402,30.13013708211765,34.969506872604065,34.94435273253657
317,36.731164733,36.7414747775,36.01794605438025,30.145558829352943,34.965635702403844,34.92506357590878
318,36.7414747775,36.725273279,36.020062742243084,30.10761093447059,34.95835518093721,34.89243476262272
319,36.7385290505,36.769459184,36.020701731583856,30.169644479529413,34.97366851129397,34.900188209128174
320,36.7061260535,36.737056187,36.0194408018587,30.179521328882355,34.95880890421053,34.897270304473416
321,36.722327552,36.760622003,36.03525807509783,30.216256277352944,34.98236089336751,34.902715736852684
322,36.7120175075,36.740001914000004,36.044856763186026,30.170164313705882,34.979425524930996,34.888792409503104
323,36.716436098,36.745893368000004,36.04545539170803,30.16115385464706,34.97639783955444,34.88178642605416
324,36.709071780500004,36.692870282,35.988444314179795,30.133429365235294,34.95270879038784,34.87435918303184
325,36.6972888725,36.663413012,36.01748535477941,30.142786380411767,34.95713125688264,34.881464067377564
326,36.70465319,36.714963234500004,36.035670168664204,30.105531597764706,34.95601131865776,34.904011353692944
327,36.7326375965,36.7355833235,36.05171607562637,30.120086954705883,34.97265348240224,34.9101726021843
328,36.710544644,36.742947641,36.06146747453238,30.131869862705884,34.97594652416465,34.927425241705535
329,36.720854688500005,36.713490371,36.03047439515559,30.14347949264706,34.96911333989041,34.92832132539185
330,36.6678316025,36.7444205045,36.01065762745865,30.098427197352944,34.96652797932961,34.91332742241512
331,36.695816009,36.7591491395,36.02136944891708,30.120606788882355,34.97160826101494,34.9426068715345
332,36.6501572405,36.703180326500004,35.983857003863,30.135162145823532,34.953273654608864,34.93352858394978
333,36.666358739,36.784187819,35.97834386573227,30.14937094664706,34.96090485118644,34.94360255309435
334,36.6972888725,36.751784822000005,36.02212590751522,30.11107649564706,34.96356392151899,34.936193610728886
335,36.703180326500004,36.722327552,36.01622356608696,30.27205181229412,34.975058106323246,34.93295562902561
336,36.7326375965,36.722327552,35.999660042541805,30.174669543235296,34.93392304607029,34.9250274224974
337,36.666358739,36.692870282,36.01058521740595,30.173976431,34.96154469697824,34.95502017094636
338,36.7120175075,36.692870282,35.98424583274683,30.117141227705883,34.94891298110328,34.951082275738855
339,36.653102967500004,36.714963234500004,36.016310433275,30.124765462294118,34.95166926488465,34.924168738659695
340,36.7120175075,36.7326375965,36.00893180311037,30.171723816235296,34.940152267791035,34.92308071319019
341,36.6589944215,36.663413012,35.952392255166934,30.165659084176472,34.930804066592906,34.93098120297933
342,36.67519592,36.681087374,35.98140774791367,30.13758803864706,34.927366357789914,34.91965861725051
343,36.636901469,36.695816009,36.009096170665416,30.123899072,34.914555409139616,34.92185144105406
344,36.6148085165,36.714963234500004,35.993293341984966,30.101892758529413,34.91472830787917,34.911160930783254
345,36.67519592,36.647211513500004,36.01643374167312,30.11402222264706,34.924576605633625,34.9250474615913
346,36.681087374,36.710544644,35.99407602230216,30.129790526,34.916330462694496,34.93418432665065
347,36.6413200595,36.7061260535,35.977807666205535,30.15768829347059,34.89782966191799,34.9199896087039
348,36.636901469,36.654575831,35.95825900562044,30.144172604882353,34.90181761196429,34.91342184768171
349,36.6236456975,36.6972888725,35.96085199057143,30.102066036588237,34.902072701312306,34.91700769264191
350,36.595661291,36.6589944215,35.88477554302158,30.097560807058823,34.883002460906106,34.897888566956524
351,36.5146537985,36.554421113000004,35.926782626176475,30.222321009411765,34.89664301183924,34.87861783832977
352,36.6737230565,36.64573865,35.97895057561902,30.170684147882355,34.90162672016015,34.90587143346154
353,36.6089170625,36.6560486945,35.968291576357146,30.105531597764706,34.90108198637931,34.899830065985796
354,36.631010015,36.6383743325,35.9761620953913,30.150237336941178,34.892353315379246,34.89854995298067
355,36.660467285,36.681087374,35.9792088223907,30.117834339941176,34.898139473674064,34.897402417847594
356,36.6678316025,36.633955742,36.026760655710426,30.124592184235294,34.88871959520199,34.882321073706564
357,36.654575831,36.598607018,35.946642728379445,30.085604621,34.89475237209729,34.88149170130059
358,36.6796145105,36.5971341545,36.03959808804941,30.13620181417647,34.91067756945741,34.888559159610026
359,36.6737230565,36.598607018,36.009929193714285,30.08300545011765,34.90135388718598,34.873695004881405
360,36.6972888725,36.5735683385,36.032109060288235,30.08491150876471,34.90877010344247,34.86552240709337
361,36.681087374,36.601552745,36.06074192660068,30.096694416764706,34.93772281261942,34.884633652649114
362,36.689924555000005,36.6059713355,36.06563651066667,30.10813076864706,34.939850618021,34.914596716000005
363,36.7061260535,36.5882969735,36.08726867778196,30.12337923782353,34.95570764928456,34.92362853565218
364,36.728219006,36.6148085165,36.05780724658182,30.11454205682353,34.95216280326407,34.92559756105374
365,36.742947641,36.58682411,36.08800031983128,30.11298255429412,34.94539312202756,34.93056986256532
366,36.725273279,36.619227107,36.046975671175375,30.114195500705883,34.94110721390378,34.92187383590848
367,36.7002345995,36.6236456975,36.065305046268655,30.11644811547059,34.956246907787616,34.92861728613379
368,36.678141647000004,36.591242700500004,36.065248133262,30.132216418823532,34.94093284170589,34.9242491034906
369,36.633955742,36.591242700500004,35.9778263363031,30.14001393147059,34.93687593659279,34.90439440757232
370,36.669304466,36.622172834,36.06332460763253,30.151623561411768,34.94618048862436,34.9147323460796
371,36.686978828,36.589769837,36.039386756865206,30.121819735294117,34.95271541428571,34.92219042380287
372,36.67519592,36.6059713355,35.99708892699675,30.117834339941176,34.93451412878989,34.90886034411702
373,36.7061260535,36.653102967500004,36.030705141285715,30.130656916294118,34.941715850627375,34.91524158038862
374,36.678141647000004,36.6442657865,36.05854262816177,30.086644289352943,34.93732864105496,34.902064781484
375,36.7002345995,36.6383743325,36.080262424842104,30.113329110411765,34.941677906897,34.916324658317755
376,36.6619401485,36.642792923,36.05882412119403,30.120780066941176,34.91105847125737,34.89736674163222
377,36.6354286055,36.575041202,36.084768262364705,30.11194288594118,34.90606267269395,34.89802944588945
378,36.631010015,36.6442657865,36.08573160938462,30.10414537329412,34.91092654548673,34.90600559098563
379,36.631010015,36.631010015,36.08473546330357,30.100333256000003,34.896701509655834,34.90228963639764
380,36.633955742,36.619227107,36.0851008634854,30.12424562811765,34.91309060654851,34.91217781071598
381,36.6265914245,36.657521558,36.0487925285,30.105531597764706,34.913734043650635,34.91996143265892
382,36.6354286055,36.647211513500004,36.1111895405657,30.12632496482353,34.91342602289172,34.925038682402686
383,36.6501572405,36.653102967500004,36.07268365660584,30.105358319705882,34.94185600578415,34.913015744207726
384,36.628064288000004,36.5971341545,36.041704521141305,30.133775921352942,34.917074045916586,34.90484044282674
385,36.648684377,36.6118627895,36.05715279373162,30.137934594764708,34.92711925442761,34.93017018827538
386,36.642792923,36.601552745,36.086194918382354,30.14088032176471,34.91033991883212,34.92092420850251
387,36.654575831,36.657521558,36.07149822026465,30.118874008294117,34.89895425360355,34.916385167724414
388,36.642792923,36.6177542435,36.06337369578005,30.13758803864706,34.89347289754342,34.914143104552686
389,36.64573865,36.616281380000004,36.06384093803733,30.129097413764708,34.8855092915283,34.91554795403614
390,36.6383743325,36.585351246500004,36.027673141982355,30.10223931464706,34.86525394203445,34.89951910485913
391,36.6383743325,36.577986929,36.06493195170472,30.112462720117648,34.87901505125353,34.89599606511765
392,36.639847196000005,36.58682411,36.06258791195329,30.123725793941176,34.896715587581156,34.91725495698062
393,36.633955742,36.622172834,36.05897635031022,30.100506534058823,34.893455133992326,34.89855805756592
394,36.6295371515,36.577986929,36.02473616509329,30.179521328882355,34.89398919773597,34.87776271143763
395,36.642792923,36.5971341545,36.04573200119403,30.13568198,34.89125432810811,34.88872579169231
396,36.642792923,36.583878383,36.05284920622899,30.12129990111765,34.88272012397013,34.90732110075127
397,36.651630104,36.580932656,36.0293291490073,30.129270691823532,34.89863699779498,34.898904946735236
398,36.622172834,36.58682411,35.98962191266638,30.107784212529413,34.89183737941927,34.87357845470889
399,36.684033101000004,36.598607018,36.024779897041896,30.131003472411766,34.91211697932878,34.88762861379518
400,36.6383743325,36.5971341545,36.03775780790059,30.11696794964706,34.90735354015669,34.874791896517976
401,36.666358739,36.5971341545,36.06114637937214,30.112809276235296,34.91288112153846,34.88902921421592
402,36.666358739,36.583878383,36.01200927378378,30.100333256000003,34.89290671775633,34.867955767104476
403,36.6560486945,36.636901469,36.025161371791214,30.134815589705884,34.8995361951221,34.87819761985765
404,36.654575831,36.622172834,36.00950711185328,30.131003472411766,34.91134422399376,34.876313127870134
405,36.653102967500004,36.619227107,36.00844733837363,30.115235169058824,34.90365674310714,34.87369503084616
406,36.639847196000005,36.616281380000004,36.00780270561242,30.099466865705885,34.89299489670762,34.84992857991122
407,36.654575831,36.639847196000005,35.99875543509002,30.091842631117647,34.88204888583541,34.85095742610466
408,36.642792923,36.580932656,36.01438669783961,30.105358319705882,34.88064447558442,34.85654819804205
409,36.6619401485,36.613335653,36.01879326031786,30.131003472411766,34.9041880260125,34.87285162054159
410,36.631010015,36.575041202,36.021347141253315,30.126498242882356,34.901666355703796,34.87620121810462
411,36.6413200595,36.589769837,36.01169195415714,30.110903217588238,34.90410180876764,34.866093630539744
412,36.6589944215,36.5941884275,36.00517018118345,30.15768829347059,34.90790211163746,34.89248188166102
413,36.610389926,36.595661291,35.959348490282025,30.10709110029412,34.88605335214868,34.86780666250089
414,36.663413012,36.6236456975,35.992585731450546,30.10709110029412,34.90461540466292,34.88270975230923
415,36.6177542435,36.6413200595,35.97178403419405,30.110729939529413,34.89068413674896,34.85675765058252
416,36.6501572405,36.607444199,35.99212862354657,30.092535743352943,34.87417603204638,34.85577630235294
417,36.6118627895,36.648684377,36.00215263589928,30.10310570494118,34.886288643200004,34.874160932831685
418,36.610389926,36.601552745,36.00723940289474,30.094441802000002,34.879648017048964,34.87024402441379
419,36.6265914245,36.603025608500005,35.97738878594992,30.140707043705884,34.90435242313383,34.9137104770774
420,36.628064288000004,36.6000798815,35.995714892,30.123725793941176,34.90551517386519,34.92078098530028
421,36.5971341545,36.6177542435,36.01496743060593,30.155435678705885,34.90559543423277,34.93146288533381
422,36.6059713355,36.616281380000004,36.00006646331428,30.17640232382353,34.888279606484225,34.91841247341385
423,36.601552745,36.604498472,35.96258902935861,30.11835417411765,34.89275390757301,34.912674279857
424,36.622172834,36.6177542435,35.9692367960219,30.09981342182353,34.90187020973276,34.88350968637151
425,36.6089170625,36.6089170625,36.00918508036327,30.091149518882354,34.90476003525613,34.89991485578006
426,36.619227107,36.6383743325,36.00264289222576,30.136721648352943,34.916189705976045,34.894682623744266
427,36.6265914245,36.6059713355,35.990328815370155,30.11003682729412,34.903394249167214,34.88751031150603
428,36.616281380000004,36.6501572405,35.993465547492605,30.096174582588237,34.89392214120996,34.87326735808883
429,36.6206999705,36.648684377,35.99072111743831,30.114195500705883,34.90328378153846,34.874510725175526
430,36.6148085165,36.613335653,35.92342886353547,30.100506534058823,34.876311302524854,34.83873092697395
431,36.622172834,36.6206999705,36.0088852801087,30.091669353058826,34.87515129363206,34.871344721738
432,36.639847196000005,36.647211513500004,35.95513306488559,30.116274837411765,34.871944161293186,34.88090392205179
433,36.6442657865,36.648684377,35.98256345907058,30.094095245882354,34.889232424582936,34.906606831820895
434,36.6501572405,36.6354286055,35.97831744910693,30.097040972882354,34.89663838863505,34.90521498201571
435,36.6560486945,36.6206999705,36.00983540969523,30.096174582588237,34.89555717703843,34.90735698388672
436,36.631010015,36.6089170625,35.980352588718645,30.101546202411765,34.8896101483965,34.90167500947061
437,36.653102967500004,36.5941884275,36.003772116914895,30.10275914882353,34.885696694391996,34.881300981325225
438,36.657521558,36.598607018,35.97157596176735,30.089936572470588,34.87594734034354,34.886455191282735
439,36.6501572405,36.6236456975,36.00176402481752,30.105358319705882,34.89354680013492,34.91611988010017
440,36.6619401485,36.604498472,36.019749528441395,30.127537911235294,34.89423866817913,34.91403199041825
441,36.6619401485,36.5971341545,36.01537600586073,30.11610155935294,34.88912664370079,34.895021441081084
442,36.6589944215,36.6059713355,35.99953258452123,30.121646457235297,34.876634354039865,34.898008082041216
443,36.672250193,36.6089170625,35.981223190515266,30.130483638235294,34.89967936132646,34.90233733080892
444,36.6707773295,36.6295371515,36.00900523776056,30.113848944588238,34.9025093623077,34.892268541926576
445,36.642792923,36.6354286055,36.0006882413226,30.096174582588237,34.90484814114704,34.90880864356083
446,36.6501572405,36.6059713355,35.982345823307696,30.13620181417647,34.89411476575816,34.874587206961735
447,36.6678316025,36.642792923,35.99348830961972,30.156995181235295,34.94299955160612,34.8872466637346
448,36.660467285,36.625118561,36.01718871225352,30.13602853611765,34.933152065811555,34.87449099051566
449,36.6589944215,36.6737230565,36.016732420357144,30.11644811547059,34.91917004592885,34.86351858261875
450,36.6560486945,36.678141647000004,36.00189516168359,30.114368778764707,34.91372215537349,34.84454645771749
451,36.6383743325,36.6825602375,36.014512110643146,30.10171948047059,34.916293350031935,34.82662125523869
452,36.6560486945,36.648684377,36.010722124196434,30.099120309588237,34.90576984410133,34.835985103171645
453,36.6059713355,36.663413012,35.920198429617024,30.10310570494118,34.87304064404083,34.81128428031291
454,36.622172834,36.6354286055,35.99357941158741,30.088723626058826,34.863157256403696,34.82425604365511
455,36.648684377,36.681087374,35.995310069868424,30.101026368235296,34.850662549757416,34.82869974073801
456,36.678141647000004,36.648684377,35.98398188137205,30.097214250941178,34.85094927071429,34.83241974003122
457,36.6383743325,36.67519592,35.98895379808712,30.094441802000002,34.847337771727084,34.84827630091732
458,36.67519592,36.6678316025,36.002766379081635,30.08317872817647,34.85058607190755,34.838393172753015
459,36.639847196000005,36.6560486945,35.93882644752643,30.102585870764706,34.87193427206522,34.855942206877344
460,36.628064288000004,36.6589944215,35.954520154456745,30.108823880882355,34.86871108378395,34.83874816241369
461,36.633955742,36.666358739,35.96326798135957,30.095654748411764,34.890662328787066,34.83497448012809
462,36.6177542435,36.663413012,35.970305773993964,30.085431342941177,34.884605224291306,34.816912509159664
463,36.625118561,36.6089170625,35.95804699245714,30.090802962764705,34.88925044859514,34.82728545596869
464,36.6324828785,36.6059713355,35.94212092867442,30.087337401588236,34.86157663553719,34.814060120668415
465,36.636901469,36.604498472,35.952903659600004,30.097214250941178,34.87056191927807,34.79952002476442
466,36.657521558,36.6059713355,35.94344665485098,30.09288229947059,34.871529137240756,34.7785349075
467,36.666358739,36.6148085165,35.96833065131446,30.088377069941178,34.90124992626039,34.813399510579366
468,36.653102967500004,36.6089170625,35.95137845042857,30.108477324764706,34.8950566160112,34.80748428359422
469,36.6501572405,36.6324828785,35.945540530935254,30.08647101129412,34.884591080674156,34.792317711930544
470,36.628064288000004,36.585351246500004,35.88872321825124,30.082485615941177,34.85332202452196,34.763434379630354
471,36.633955742,36.6059713355,35.96262647150974,30.07763383029412,34.883814150474485,34.7954453827027
472,36.613335653,36.604498472,35.97757494201766,30.10223931464706,34.893234581645686,34.8039753423087
473,36.6383743325,36.619227107,35.97976160656535,30.095654748411764,34.882996978430654,34.80500313418288
474,36.631010015,36.6059713355,35.97010704811784,30.087337401588236,34.88140321526316,34.81831619021421
475,36.625118561,36.604498472,35.97343926468085,30.094788358117647,34.88705903779281,34.81002712790921
476,36.619227107,36.6206999705,35.97218550252046,30.077980386411767,34.87605731371901,34.80348329759817
477,36.631010015,36.6354286055,35.966174055276596,30.08161922564706,34.88416150370303,34.81953573838742
478,36.619227107,36.622172834,35.94068181294964,30.08161922564706,34.857491526367824,34.79961600698444
479,36.6354286055,36.6354286055,35.954341211063834,30.07867349864706,34.86278195290323,34.77806092646381
480,36.6324828785,36.633955742,35.95449262115502,30.085777899058826,34.874505011878455,34.795882752471044
481,36.613335653,36.603025608500005,35.969268353428575,30.08491150876471,34.863632208490394,34.79832167779338
482,36.5588397035,36.5971341545,35.93998782559271,30.081445947588236,34.85451829943499,34.7667345885021
483,36.633955742,36.5971341545,35.95388426373754,30.094615080058826,34.88001944934426,34.78667425816887
484,36.6236456975,36.589769837,35.92565792181295,30.098080641235295,34.85164289865809,34.80051036373239
485,36.6089170625,36.585351246500004,35.902853504145604,30.129617247941177,34.852751733015474,34.797447322689656
486,36.6000798815,36.598607018,35.919854872608695,30.094788358117647,34.866310182350375,34.82014009701864
487,36.6000798815,36.5588397035,35.93233008207895,30.094268523941178,34.86281932112387,34.80799672619914
488,36.454266395000005,36.5647311575,35.86599901023577,30.094615080058826,34.841566306133586,34.76950413551959
489,36.3408559055,36.489615119,35.83728947566701,30.109863549235296,34.841019535952775,34.7549972762421
490,36.5941884275,36.5588397035,35.880673008010014,30.08213905982353,34.833178766741575,34.776612499687296
491,36.603025608500005,36.585351246500004,35.87747138517986,30.093055577529412,34.83925444093023,34.789072566593845
492,36.5971341545,36.575041202,35.95057404999346,30.102585870764706,34.8443793548105,34.79842851726738
493,36.091941974,36.362948858,35.85905267540373,30.164272859705882,34.83888378434783,34.753455958438764
494,35.9755857575,36.501398027,35.93580014655901,30.10223931464706,34.830966253625,34.750489197787495
495,36.5617854305,36.5500025225,35.90612515633367,30.089763294411767,34.86261469692457,34.79859754186916
496,36.52790957,36.554421113000004,35.94926926524505,30.086817567411767,34.86306334720509,34.8132467839918
497,36.595661291,36.583878383,35.94388229044118,30.089936572470588,34.861073804209504,34.83846237722297
498,36.598607018,36.5500025225,35.934277505976894,30.096174582588237,34.84023968539326,34.8548767616546
499,36.5824055195,36.569149748,35.93293150676996,30.092189187235295,34.82515295438882,34.84668517836529
500,36.541165341500005,36.533801024,35.84621512108193,30.115408447117648,34.8255167343395,34.8248309979426
501,36.551475386,36.541165341500005,35.94668394697081,30.10813076864706,34.83333432474741,34.82340523217638
502,36.530855297,36.5323281605,35.858172389931035,30.085431342941177,34.80751678361328,34.836226216856765
503,36.3349644515,36.489615119,35.875171122411764,30.10223931464706,34.831673040308196,34.77425792444371
504,36.554421113000004,36.536746751,35.977647766400004,30.10085309017647,34.842980470603116,34.80835860570953
505,36.560312567000004,36.548529659,35.919659549635035,30.104491929411765,34.82528310698221,34.82417459974026
506,36.545583932,36.5500025225,35.93914022025532,30.084391674588236,34.79831582151899,34.804860286147644
507,36.5647311575,36.55736684,35.96522061307051,30.077980386411767,34.816795522630755,34.81541246238052
508,36.536746751,36.542638205,35.94521015534173,30.084218396529412,34.7908477405604,34.81196052983825
509,36.430700579,36.554421113000004,35.91718771940611,30.088203791882353,34.823229316949494,34.800508352217705
510,36.524963843,36.548529659,35.95197919033597,30.080752835352943,34.81977914682216,34.80776250745385
511,36.542638205,36.548529659,35.91638984041502,30.087164123529412,34.83977839838806,34.826535906551726
512,36.510235208000005,36.541165341500005,35.920981509213235,30.084045118470588,34.84413434313919,34.83787663303571
513,36.580932656,36.5706226115,35.91951438813338,30.08785723576471,34.84815302576365,34.849421361320296
514,36.5794597925,36.5500025225,35.89168289230769,30.086297733235295,34.835425101082166,34.831304216924636
515,36.5765140655,36.541165341500005,35.92588122860902,30.080752835352943,34.85634882242567,34.8445615935286
516,36.5647311575,36.5382196145,35.899262342950635,30.080752835352943,34.8466784801003,34.834015939569674
517,36.569149748,36.5382196145,35.946958690364966,30.080406279235294,34.87396241222,34.838665694037395
518,36.5617854305,36.5323281605,35.93131963117647,30.081445947588236,34.884651828902676,34.85653740316706
519,36.563258294,36.52790957,35.947844606736425,30.083352006235295,34.86958419891892,34.84039885598058
520,36.545583932,36.5588397035,35.95561948391305,30.079020054764708,34.85832107850486,34.829124593176246
521,36.583878383,36.5647311575,35.994086719055474,30.09929358764706,34.883250805632414,34.8347811010112
522,36.583878383,36.545583932,36.031487915363506,30.092709021411764,34.86160203987683,34.837750269836384
523,36.592715564,36.5735683385,35.991091991242236,30.08456495264706,34.86146153184945,34.83843631718211
524,36.598607018,36.551475386,36.01184602826087,30.13429575552941,34.84952171060287,34.81905629068511
525,36.572095475,36.5647311575,35.991013196350366,30.105531597764706,34.86012248551123,34.843573983350154
526,36.545583932,36.5500025225,35.97949521,30.087683957705885,34.86871564668469,34.84173692360918
527,36.591242700500004,36.548529659,35.99654975182609,30.096694416764706,34.86759957691595,34.8553585423976
528,36.583878383,36.52790957,35.99409510051095,30.091496075000002,34.86453146356957,34.845861196805195
529,36.58682411,36.566204021000004,35.99905363372763,30.088203791882353,34.85490905734956,34.84427861718563
530,36.575041202,36.5706226115,35.99330983985058,30.08213905982353,34.858728489032046,34.839696843776096
531,36.569149748,36.5617854305,36.01310870857143,30.077807108352943,34.87437924699774,34.83717680816525
532,36.575041202,36.541165341500005,35.952230350571426,30.124072350058825,34.87398363892821,34.815486408460075
533,36.577986929,36.548529659,36.02752691921699,30.107437656411765,34.889119415,34.83330176944681
534,36.5765140655,36.5441110685,36.00337197481434,30.09236246529412,34.88192105880203,34.827481415659015
535,36.577986929,36.536746751,35.99245134904348,30.093055577529412,34.89631517253378,34.83788247442445
536,36.566204021000004,36.5441110685,35.95454302071305,30.076940718058825,34.890069874546654,34.83035513644716
537,36.283414229,36.4027161725,35.90244070421898,30.107957490588237,34.87984959705044,34.80348829663871
538,36.585351246500004,36.5500025225,36.04972842533913,30.089936572470588,34.87229528822913,34.827744924939324
539,36.5794597925,36.5323281605,35.9468711077521,30.089936572470588,34.875922563285286,34.847271203449445
540,36.5765140655,36.542638205,36.00631550140817,30.10899715894118,34.833443424256956,34.82096270009839
541,36.55736684,36.545583932,36.00546024179842,30.095481470352944,34.82285291880778,34.82400053907159
542,36.563258294,36.52790957,36.0209608634,30.103452261058823,34.81453792620451,34.80629471157167
543,36.5617854305,36.523490979500004,36.02073869409091,30.09582802647059,34.81306753670284,34.80055121876346
544,36.530855297,36.5382196145,35.98544953214328,30.09392196782353,34.83217978343914,34.81681275420043
545,36.536746751,36.523490979500004,35.9642324346875,30.10709110029412,34.831385091263954,34.82389388268049
546,36.533801024,36.545583932,35.94413463533616,30.08508478682353,34.81791082626074,34.845249660279414
547,36.5175995255,36.541165341500005,35.879450015872095,30.080752835352943,34.79260665809013,34.85109613964732
548,36.5558939765,36.5529482495,35.86846326217308,30.087337401588236,34.80147555163005,34.854771112150694
549,36.522018116,36.55736684,35.79850471786182,30.082485615941177,34.805539910874444,34.8568042661674
550,36.2672127305,36.533801024,35.848412831456,30.084738230705884,34.79157140884516,34.8238895402819
551,36.121399244,36.5264367065,35.891125398186816,30.10379881717647,34.79150890934558,34.835142584741575
552,36.2289182795,36.5500025225,35.89654550428572,30.105358319705882,34.80810985143868,34.83355649890239
553,36.4763593475,36.529382433500004,36.017072217593444,30.193383573588235,34.84612427365167,34.86173560782372
554,36.55736684,36.542638205,35.911270718,30.19494307611765,34.84512547767059,34.77383335946292
555,36.5382196145,36.542638205,35.83548395090236,30.111423051764707,34.82999918152481,34.72585425319292
556,36.5500025225,36.5117080715,35.783152143191046,30.08317872817647,34.804954426428296,34.79207430069501
557,36.5558939765,36.498452300000004,35.81404489947198,30.082485615941177,34.81984603239503,34.74957581034483
558,36.55736684,36.477832211,35.847065421270585,30.118180896058824,34.86652433960098,34.69600673972046
559,36.55736684,36.4851965285,35.87430106485714,30.118007618,34.883400608178015,34.759676554581574
560,36.5588397035,36.4881422555,35.84488164622449,30.087337401588236,34.861683206202926,34.75448163593192
561,36.5588397035,36.498452300000004,35.856074311864226,30.08213905982353,34.87242423026582,34.75087857393401
562,36.5588397035,36.4851965285,35.84474565008417,30.08161922564706,34.85349053423767,34.73881325654747
563,36.5588397035,36.5058166175,35.876957219325796,30.084391674588236,34.85033884816371,34.74865278683453
564,36.5588397035,36.504343754000004,35.8449404815407,30.085777899058826,34.84688207327056,34.742987534528
565,36.5529482495,36.4999251635,35.8528784241055,30.085431342941177,34.857563945080045,34.77786266164516
566,36.523490979500004,36.513180935,35.844059643251015,30.08213905982353,34.829269475652175,34.79850832792007
567,36.542638205,36.5146537985,35.83436360098218,30.078500220588236,34.807818883168316,34.78616613265176
568,36.536746751,36.480777938,35.841566685746095,30.079020054764708,34.8159992085467,34.794207598244014
569,36.513180935,36.4822508015,35.88208016847356,30.077460552235294,34.82575817474912,34.814413765723685
570,36.486669392,36.5028708905,35.8674754782401,30.07676744,34.79621845458965,34.789284940204084
571,36.4822508015,36.513180935,35.92770911062937,30.07676744,34.835596353449404,34.75942132464286
572,36.289305683,36.4969794365,35.85211996530003,30.091149518882354,34.85640929365686,34.76924014426369
573,36.5146537985,36.545583932,35.92736184688372,30.08491150876471,34.89381981934675,34.828817044082605
574,36.513180935,36.5323281605,35.873890845097144,30.093748689764706,34.887412828032595,34.82794773358766
575,36.522018116,36.5323281605,35.86861054852308,30.08612445517647,34.86626456907698,34.83572854292135
576,36.52790957,36.52790957,35.86775241366005,30.105011763588237,34.872040946801995,34.84860781279613
577,36.5264367065,36.5382196145,35.918052161259844,30.109516993117648,34.902598218878296,34.86021345357309
578,36.580932656,36.533801024,35.920807018208,30.11454205682353,34.905119833508195,34.873830736004756
579,36.580932656,36.560312567000004,35.914992620685716,30.082658894,34.85368594303673,34.884323335708125
580,36.575041202,36.5323281605,35.9268503408,30.096001304529413,34.87939184607988,34.88078329747344
581,36.5882969735,36.5617854305,35.96818518489846,30.13135002852941,34.89925058841505,34.884965403928575
582,36.5824055195,36.548529659,35.966644343083075,30.09825391929412,34.90769404046823,34.88103678317473
583,36.591242700500004,36.523490979500004,35.958600170494506,30.11003682729412,34.896243413405045,34.87356377083527
584,36.5765140655,36.504343754000004,35.95264757197802,30.10431865135294,34.87991159852843,34.87591220294857
585,36.5824055195,36.523490979500004,35.98254094625,30.14053376564706,34.87378552451944,34.854818082672814
586,36.583878383,36.519072389,35.981313560000004,30.13949409729412,34.888452682331376,34.84480649929512
587,36.5794597925,36.501398027,36.01157233577165,30.140360487588236,34.888964897423314,34.85287241426681
588,36.5794597925,36.495506573,35.96695627450251,30.09825391929412,34.87044431529155,34.87439639441759
589,36.554421113000004,36.5205452525,35.97192551636161,30.08785723576471,34.88342910754636,34.882087821791046
590,36.5500025225,36.5175995255,35.958164543914066,30.084391674588236,34.8724957651223,34.869837240858246
591,36.542638205,36.5264367065,35.97729023408638,30.082485615941177,34.87266484680072,34.87256402077922
592,36.541165341500005,36.541165341500005,35.924735945631795,30.07919333282353,34.839709697531646,34.865990522149296
593,36.542638205,36.522018116,35.91478732232558,30.078846776705884,34.856148105944186,34.86917005915645
594,36.516126662000005,36.516126662000005,35.89967958910157,30.079366610882353,34.85060161204741,34.86610166231533
595,36.516126662000005,36.530855297,35.915419283525004,30.07711399611765,34.8407420126961,34.86235231007004
596,36.5058166175,36.5205452525,35.95755028020661,30.07919333282353,34.857981440375525,34.85869268994212
597,36.523490979500004,36.522018116,35.92407359348837,30.077807108352943,34.845775611800214,34.86413367539474
598,36.498452300000004,36.523490979500004,35.9446204277929,30.079020054764708,34.84755168752659,34.86780324987013
599,36.519072389,36.5382196145,35.95265231224185,30.08352528429412,34.85435801654661,34.871094820106386
600,36.483723665,36.535273887500004,35.96344916846217,30.094788358117647,34.85723720052061,34.86396223944405
601,36.5028708905,36.541165341500005,35.96571811156044,30.090283128588236,34.86712313974026,34.865744403943665
602,36.492560846,36.536746751,35.97828700108502,30.088723626058826,34.84770612337272,34.87354404630232
603,36.479305074500004,36.5117080715,35.96703578999306,30.08057955729412,34.852986799683656,34.8803353878882
604,36.4616307125,36.473413620500004,35.95041215920611,30.078846776705884,34.835083495647446,34.8757377881424
605,36.491087982500005,36.529382433500004,35.95721542703297,30.078500220588236,34.83655089805425,34.86652365327286
606,36.4851965285,36.522018116,35.96185521681319,30.079366610882353,34.83865330219914,34.857109115830966
607,36.4704678935,36.530855297,35.94955437879121,30.076940718058825,34.84507776729879,34.889119034857146
608,36.46899503,36.519072389,35.97800840647764,30.08057955729412,34.825383063960395,34.876895753342765
609,36.5028708905,36.519072389,35.983248225506074,30.077460552235294,34.83966507633406,34.882904500626324
610,36.418917671,36.5205452525,35.94546246395349,30.07711399611765,34.82014434901377,34.88486558243666
611,36.4969794365,36.479305074500004,35.943153582325586,30.07711399611765,34.81696977589552,34.87679875535072
612,36.513180935,36.507289481,35.93168529116279,30.077980386411767,34.835178271756135,34.881114423932786
613,36.489615119,36.507289481,35.93412103441861,30.08196578176471,34.8452039038416,34.88714394392387
614,36.498452300000004,36.489615119,35.90664988772017,30.078846776705884,34.83241308442544,34.87293632244514
615,36.471940757,36.4851965285,35.95158787750306,30.078846776705884,34.83362740214022,34.86412712686941
616,36.492560846,36.4851965285,35.91846508971154,30.07676744,34.84102042237514,34.86871431749568
617,36.483723665,36.5205452525,35.9155640034849,30.08057955729412,34.84999356934167,34.86539900656541
618,36.5058166175,36.501398027,35.93019063052854,30.082658894,34.879629923540776,34.87840367773196
619,36.516126662000005,36.480777938,35.959847908506,30.08317872817647,34.87077123578612,34.86776961514019
620,36.516126662000005,36.523490979500004,35.921354168115386,30.079020054764708,34.86494343055794,34.84454515632916
621,36.510235208000005,36.495506573,35.972312727500004,30.08109939147059,34.882567097139834,34.850037449127704
622,36.516126662000005,36.495506573,35.97195938903409,30.08647101129412,34.88790786378103,34.84398290709766
623,36.5175995255,36.4969794365,35.958651159520365,30.07832694252941,34.878393025821666,34.84609025693107
624,36.1641122855,36.401243309,35.908594746219784,30.08803051382353,34.86748716995389,34.79030924111389
625,36.523490979500004,36.501398027,35.988399904856465,30.085258064882353,34.90689273669405,34.82195115307274
626,36.5441110685,36.4940337095,35.978921360132354,30.079020054764708,34.919503547044776,34.823625955941935
627,36.52790957,36.52790957,35.97139549411887,30.079886445058825,34.925826069387355,34.82507199666876
628,36.519072389,36.5205452525,35.98759443289781,30.077807108352943,34.93031074009569,34.82225407457208
629,36.4999251635,36.533801024,35.97270406804348,30.07728727417647,34.92968318577634,34.83842807076621
630,36.524963843,36.542638205,35.9853721172,30.077807108352943,34.91816094406158,34.86670415159401
631,36.522018116,36.492560846,35.97779935936842,30.095654748411764,34.94448853264556,34.84288424268156
632,36.529382433500004,36.4940337095,36.0374435819403,30.09530819229412,34.89710008533074,34.85200887056509
633,36.395351855,36.457212122,35.91125088145455,30.11003682729412,34.8941764773073,34.80441028637191
634,36.5146537985,36.4763593475,35.995666101490684,30.086990845470588,34.918432073168454,34.84388956688338
635,36.535273887500004,36.491087982500005,35.97632608571429,30.08491150876471,34.92271525292699,34.84533422836935
636,36.535273887500004,36.516126662000005,35.953655253180145,30.08612445517647,34.93850537954275,34.84924923138472
637,36.5175995255,36.510235208000005,35.99931731773018,30.084391674588236,34.95388463412899,34.848515741752095
638,36.510235208000005,36.4969794365,36.028367438533515,30.08196578176471,34.952701909210525,34.850804161009854
639,36.513180935,36.519072389,36.010265449174625,30.085258064882353,34.94687295134825,34.86018268597938
640,36.519072389,36.471940757,36.039943488695656,30.08785723576471,34.89105924385921,34.85087344762548
641,36.524963843,36.471940757,36.00542511362473,30.100333256000003,34.940189202057944,34.86543918302111
642,36.5117080715,36.4881422555,35.988358209146305,30.14486571711765,34.938438535526856,34.865719557989486
643,36.519072389,36.524963843,36.01752106767486,30.09392196782353,34.88719261876083,34.878533668759815
644,36.507289481,36.4851965285,35.97888887049633,30.091669353058826,34.87814015099174,34.87491635523526
645,36.4999251635,36.529382433500004,35.97202802963504,30.07763383029412,34.8611206844883,34.88656833849091
646,36.466049303,36.530855297,35.99644435562044,30.08057955729412,34.8642229417219,34.900129015285884
647,36.460157849,36.529382433500004,36.00090464604317,30.089763294411767,34.81297463012171,34.89032617160622
648,36.430700579,36.5087623445,35.985074062553196,30.08023300117647,34.72670433681654,34.906794998565786
649,36.445429214,36.5028708905,35.97363794888587,30.08023300117647,34.75205419042169,34.930860465877274
650,36.46899503,36.5175995255,35.930969819361316,30.083871840411767,34.79367676954135,34.91842337117289
651,36.483723665,36.524963843,35.950586403516894,30.079539888941177,34.762059919361924,34.91055388473124
652,36.473413620500004,36.5264367065,35.964144396827855,30.080926113411767,34.786305129846156,34.91067051743083
653,36.489615119,36.529382433500004,35.994366463972355,30.087683957705885,34.77913789233614,34.9125297172093
654,36.4557392585,36.4940337095,35.983367687587815,30.079539888941177,34.81103224206731,34.9120950406222
655,36.5205452525,36.530855297,35.950046975279506,30.108823880882355,34.86349012957386,34.91454653175076
656,36.52790957,36.498452300000004,35.95381068920864,30.08109939147059,34.81768575639701,34.86368891843076
657,36.522018116,36.4881422555,35.993947540120224,30.080926113411767,34.886371136571825,34.89871212992857
658,36.529382433500004,36.4704678935,35.97507879361413,30.083871840411767,34.89609996444369,34.89827380014725
659,36.5117080715,36.473413620500004,35.93671173911082,30.08213905982353,34.89817369405573,34.89919801102639
660,36.4822508015,36.4645764395,35.960423090260875,30.079713167,34.89504795211009,34.86645488433828
661,36.510235208000005,36.4822508015,35.967042619392984,30.08352528429412,34.90114055679188,34.89331806657448
662,36.519072389,36.4822508015,36.010429296434786,30.09045640664706,34.90181623549593,34.911625315577155
663,36.516126662000005,36.4763593475,35.987205014000004,30.10414537329412,34.89091859192679,34.90419711898124
664,36.519072389,36.4822508015,35.98999650829137,30.08751067964706,34.892670900270986,34.87946204876028
665,36.516126662000005,36.5028708905,36.00381564125,30.08491150876471,34.87899798248088,34.88258213833475
666,36.5205452525,36.504343754000004,36.01304311341727,30.08751067964706,34.901799417622705,34.903928446337574
667,36.536746751,36.492560846,36.00761910653397,30.08161922564706,34.908103690716835,34.90436417016043
668,36.516126662000005,36.474886484,36.014345658870134,30.08352528429412,34.890567438856394,34.907380626732966
669,36.5323281605,36.483723665,36.019544157135,30.084738230705884,34.881973476929794,34.90972756575447
670,36.5205452525,36.4969794365,36.00058563816413,30.084045118470588,34.881026205468906,34.89386788999117
671,36.348220223,36.4704678935,35.95562050402525,30.08352528429412,34.87347125767063,34.815865654634145
672,36.510235208000005,36.479305074500004,35.98651300194286,30.094268523941178,34.89355454171429,34.86664316262144
673,36.6707773295,36.7326375965,36.189679616597004,30.136894926411767,35.03763635930272,35.114003993313695
674,36.657521558,36.748839095,36.154371954317845,30.112289442058824,35.08111554737728,35.138433631028605
675,36.7355833235,36.719381825,36.18765675565218,30.111769607882355,35.08784671047012,35.15212972956263
676,36.672250193,36.725273279,36.14551212358572,30.112289442058824,35.08814378531411,35.158738189696415
677,36.695816009,36.731164733,36.171210084842855,30.128404301529415,35.066335505784615,35.161632474460966
678,36.6796145105,36.7444205045,36.171595845322344,30.123552515882356,35.10677908582795,35.14690683557533
679,36.6560486945,36.737056187,36.17137882524544,30.11939384247059,35.07639221847183,35.15591267966989
680,36.67519592,36.766513457,36.171980898654894,30.13897426311765,35.088642726810434,35.15368439158867
681,36.666358739,36.734110460000004,36.129100275035064,30.132216418823532,35.08880769177978,35.16229450311507
682,36.669304466,36.7591491395,36.145529692103786,30.12337923782353,35.07247675611741,35.15998123984939
683,36.268685594000004,36.636901469,36.05457813824627,30.160287464352944,35.09927479079942,35.12050667
684,36.678141647000004,36.737056187,36.06589554578947,30.097040972882354,35.11243289220327,35.129625243207116
685,36.67519592,36.766513457,36.12541916468045,30.11107649564706,35.14426601768961,35.167789499966474
686,36.669304466,36.765040593500004,36.133090538480864,30.139840653411767,35.161094366577714,35.16095465837574
687,36.686978828,36.7002345995,36.14525431049097,30.166352196411765,35.166109199486456,35.15106236175272
688,36.672250193,36.7002345995,36.12779462546095,30.203087144882353,35.16966898711518,35.16364449644043
689,36.689924555000005,36.710544644,36.142322362332536,30.15127700529412,35.174676602453026,35.13837653513423
690,36.676668783500006,36.725273279,36.16139886573215,30.11939384247059,35.18578383887914,35.107642211420256
691,36.631010015,36.722327552,36.18255746978261,30.104491929411765,35.177281843379646,35.145067937135586
692,36.6354286055,36.703180326500004,36.10790157885949,30.184892948705883,35.16692973436703,35.095031424629084
693,36.663413012,36.6884516915,36.12248704514706,30.10379881717647,35.17234717052418,35.13183572927916
694,36.664885875500005,36.67519592,36.12868523403546,30.103278983000003,35.160582866694945,35.1388327832942
695,36.6442657865,36.6825602375,36.06732053210811,30.08785723576471,35.17075705069241,35.12357402987162
696,36.653102967500004,36.689924555000005,36.123863643058826,30.09288229947059,35.17565413773585,35.132739741188516
697,36.6324828785,36.728219006,36.08902799210703,30.08907018217647,35.16797031213807,35.12475169718658
698,36.660467285,36.713490371,36.123291657378964,30.107437656411765,35.19896092081753,35.10297136937824
699,36.67519592,36.7473662315,36.15425628162782,30.08508478682353,35.20807835993667,35.12396421981208
700,36.6236456975,36.784187819,36.1123729997764,30.110383383411765,35.19016337896723,35.09721754313402
701,36.725273279,36.8003893175,36.141705861475224,30.099640143764706,35.194958526014304,35.13489262310521
702,36.672250193,36.816590816,36.11874922704634,30.100679812117647,35.176177790610666,35.11060988195846
703,36.703180326500004,36.8327923145,36.13230696808866,30.101026368235296,35.18897643108675,35.11399745461539
704,36.5706226115,36.6148085165,36.11191901933424,30.17241692847059,35.19062013882118,35.079218713799456
705,36.053647523,36.7179089615,36.12397916176471,30.176229045764707,35.16951353030724,35.09742251257596
706,36.306980045,36.8151179525,36.167262322757765,30.21279071617647,35.18242448478022,35.14562384728212
707,36.483723665,36.8210094065,36.20415595818337,30.186452451235294,35.20840824382646,35.17117927389018
708,36.7120175075,36.7473662315,36.123869769050806,30.09530819229412,35.16996760291127,35.12083108219824
709,36.651630104,36.686978828,36.16601911770982,30.10223931464706,35.18169332630968,35.12257119661538
710,36.648684377,36.666358739,36.15522817873587,30.098080641235295,35.17693886747616,35.136782386991
711,36.672250193,36.676668783500006,36.19619509478261,30.10431865135294,35.210036484887056,35.147113134044616
712,36.660467285,36.657521558,36.20695599091522,30.11991367664706,35.21156543600383,35.13766413850144
713,36.636901469,36.6737230565,36.10765968521898,30.08161922564706,35.17080946247839,35.15943832551981
714,36.686978828,36.666358739,36.07681764432836,30.130310360176473,35.159193993883136,35.086353952060755
715,36.686978828,36.684033101000004,36.18557087035181,30.105531597764706,35.17332176648649,35.11641848587863
716,36.6707773295,36.672250193,36.20499263349379,30.10379881717647,35.16733273396485,35.118995327535416
717,36.676668783500006,36.6884516915,36.194193001469266,30.14399932682353,35.19540242064161,35.16991614541533
718,36.707598917,36.67519592,36.20147141442336,30.13654837029412,35.18204572042963,35.1706839559185
719,36.6972888725,36.698761736,36.18374482234483,30.128577579588235,35.1844813342366,35.15005012907176
720,36.686978828,36.7061260535,36.177439312362324,30.11315583235294,35.18338781850656,35.163936875412844
721,36.698761736,36.751784822000005,36.176909161096084,30.115581725176472,35.2179047242236,35.15429621001986
722,36.719381825,36.734110460000004,36.16795868442446,30.119220564411766,35.188201482824155,35.172734564874325
723,36.67519592,36.728219006,36.12265536826684,30.11904728635294,35.19506551410714,35.16919299125
724,36.740001914000004,36.7238004155,36.17592797182685,30.13117675047059,35.17742680293458,35.15474477033708
725,36.7326375965,36.757676276,36.22497977730382,30.14001393147059,35.206375029291785,35.16729781169343
726,36.7738777745,36.7296918695,36.26091117257855,30.19979486176471,35.235108164405176,35.15778686228489
727,36.625118561,36.726746142500005,36.21547769286172,30.260095626235294,35.209865689453444,35.09937888358507
728,36.8092264985,36.7944978635,36.25755555449237,30.158381405705885,35.233619737994324,35.14808555458946
729,36.804807908,36.776823501500004,36.28680939596507,30.129617247941177,35.23327314964029,35.16790026056788
730,36.7915521365,36.790079273,36.27008874605074,30.156475347058823,35.23982520973684,35.174671013614564
731,36.8121722255,36.7856606825,36.280044933411766,30.165485806117648,35.25453250575057,35.15779350411204
732,36.795970727000004,36.766513457,36.26840161051471,30.18229377782353,35.248661561588044,35.16292976945338
733,36.804807908,36.740001914000004,36.26998008302768,30.180387719176473,35.26327322256976,35.186334374899644
734,36.8033350445,36.742947641,36.28021821147059,30.170684147882355,35.26134047514286,35.169070771134585
735,36.7591491395,36.7738777745,36.29339628288866,30.211924325882354,35.262721259506016,35.14616889248029
736,36.7355833235,36.7296918695,36.23515734362044,30.17726871411765,35.25723402489635,35.151226479908594
737,36.726746142500005,36.760622003,36.256104020580985,30.112462720117648,35.25652408971483,35.14932707934337
738,36.728219006,36.7532576855,36.24993414978724,30.10431865135294,35.259031147654866,35.122135819945996
739,36.7238004155,36.7414747775,36.2582787920438,30.10726437835294,35.252188872582366,35.12197222027819
740,36.7473662315,36.731164733,36.26588500318431,30.11696794964706,35.25457703888363,35.11397771642857
741,36.76356773,36.734110460000004,36.2795148402748,30.121819735294117,35.26223321098547,35.139628157450574
742,36.7503119585,36.728219006,36.26323655206508,30.086644289352943,35.25713281614525,35.120301500762864
743,36.751784822000005,36.7738777745,36.25526464737199,30.100506534058823,35.27494758698592,35.14241048633893
744,36.734110460000004,36.742947641,36.26793015152772,30.107957490588237,35.268177017991405,35.13341919045278
745,36.7355833235,36.751784822000005,36.275359915776555,30.09496163617647,35.266717724823785,35.14091654
746,36.742947641,36.716436098,36.22381836438775,30.085604621,35.25433407744273,35.126271915643684
747,36.678141647000004,36.7591491395,36.27481751551021,30.088203791882353,35.27337802409973,35.13711077126994
748,36.692870282,36.703180326500004,36.22325876323741,30.091322796941178,35.24836059755671,35.130255350626925
749,36.716436098,36.7414747775,36.24957540375242,30.089763294411767,35.25979764782288,35.13085162077562
750,36.6501572405,36.6825602375,36.22634341741007,30.096001304529413,35.25929491623225,35.126621667790516
751,36.64573865,36.6707773295,36.2964517985,30.145558829352943,35.270516082089365,35.15030963306724
752,36.6442657865,36.695816009,36.260317989322225,30.112462720117648,35.25044994626912,35.14046319942249
753,36.6619401485,36.692870282,36.257500369739134,30.137761316705884,35.25801488225217,35.14383739530031
754,36.663413012,36.692870282,36.23263245702174,30.10171948047059,35.25059423371354,35.146416028616926
755,36.6913974185,36.710544644,36.243845385468084,30.097214250941178,35.26318457751164,35.14504249307273
756,36.716436098,36.6855059645,36.2588247206383,30.101372924352944,35.26308919076923,35.14301969180723
757,36.719381825,36.6678316025,36.267246273975154,30.103972095235296,35.25891554290201,35.15331218005107
758,36.728219006,36.681087374,36.27768600795397,30.11055666147059,35.2564602673772,35.152643365325865
759,36.6707773295,36.707598917,36.24165279066667,30.109690271176472,35.26344325089601,35.15612835637171
760,36.6884516915,36.709071780500004,36.26841567126846,30.086990845470588,35.23739455233375,35.13911570139175
761,36.766513457,36.716436098,36.27797640547369,30.136375092235294,35.285438283748,35.149500993748234
762,36.719381825,36.70465319,36.261035180712234,30.108477324764706,35.26990592311689,35.13522078110507
763,36.726746142500005,36.6943431455,36.26016183567588,30.156475347058823,35.26519064228159,35.1656957562777
764,36.754730549,36.6943431455,36.23762588472532,30.132736253,35.237963814772726,35.15077790843914
765,36.725273279,36.6943431455,36.2295045158523,30.13706820447059,35.22851457460338,35.13719155043702
766,36.734110460000004,36.701707463000005,36.24860304642336,30.11159632982353,35.26886111702746,35.140252979402476
767,36.7002345995,36.714963234500004,36.263912226160585,30.09790736317647,35.24854405362954,35.16548481017668
768,36.607444199,36.707598917,36.202133984,30.103625539117647,35.236560255121795,35.15338606681128
769,36.6825602375,36.689924555000005,36.22543859468613,30.10171948047059,35.220910802249676,35.14778701668905
770,36.7238004155,36.686978828,36.23117560290761,30.10275914882353,35.21828250036786,35.140510855982484
771,36.709071780500004,36.698761736,36.223372312,30.115755003235297,35.23706489128104,35.136919952794116
772,36.676668783500006,36.6560486945,36.21882169347826,30.11610155935294,35.22684953083689,35.14908206722849
773,36.6589944215,36.7061260535,36.21853708217392,30.113848944588238,35.24794117038576,35.13912874805564
774,36.653102967500004,36.6913974185,36.228773465582734,30.115928281294117,35.24346364112286,35.16579941329345
775,36.6265914245,36.6619401485,36.211510435657146,30.105878153882355,35.24336810124959,35.14324485638767
776,36.6501572405,36.6501572405,36.241920993037624,30.137761316705884,35.25974913271187,35.154940041830145
777,36.654575831,36.616281380000004,36.231631071883214,30.105358319705882,35.27271870625517,35.15743075579837
778,36.639847196000005,36.648684377,36.19288610445144,30.096521138705885,35.26149586770881,35.154079308966814
779,36.653102967500004,36.642792923,36.197272594879394,30.094441802000002,35.289403956729124,35.13988049372143
780,36.666358739,36.6206999705,36.22116693217518,30.139840653411767,35.30971524257485,35.13577067050186
781,36.648684377,36.6560486945,36.15955930964416,30.091149518882354,35.28030811218414,35.12665176051282
782,36.64573865,36.616281380000004,36.19287887981034,30.082832172058826,35.28057597469773,35.10878831725196
783,36.653102967500004,36.654575831,36.23888032444529,30.120086954705883,35.297606076812244,35.123809355964966
784,36.64573865,36.681087374,36.24257836647059,30.132562974941177,35.29524111347402,35.13166386052713
785,36.653102967500004,36.672250193,36.29108719804228,30.14105359982353,35.305549944769474,35.122943435690196
786,36.657521558,36.607444199,36.28761660839416,30.114368778764707,35.30113447961893,35.141802593378536
787,36.676668783500006,36.672250193,36.2832251657764,30.09288229947059,35.297627108867744,35.144861181894925
788,36.6589944215,36.6383743325,36.267535912778776,30.102585870764706,35.29434862301923,35.10399805926948
789,36.498452300000004,36.7002345995,36.23512577303644,30.144345882941177,35.30408680431788,35.09263332378072
790,36.654575831,36.6501572405,36.206406149473686,30.095654748411764,35.27560995733928,35.12607706606819
791,36.633955742,36.6707773295,36.183111165035974,30.10709110029412,35.296651882289346,35.12854813232934
792,36.64573865,36.70465319,36.22051920933667,30.100679812117647,35.310730735593225,35.10610300982217
793,36.625118561,36.7444205045,36.16789964878571,30.09825391929412,35.31018050453928,35.10631749562327
794,36.46899503,36.613335653,36.17008348939795,30.102932426882354,35.29010816252611,35.051781284408065
795,36.672250193,36.725273279,36.117479046704545,30.080926113411767,35.27097053955444,35.052363400848805
796,36.698761736,36.6177542435,36.219952121475814,30.085604621,35.27528960378082,35.104158837619046
797,36.6236456975,36.6619401485,36.19244140473404,30.081445947588236,35.25558353816624,35.14302139181401
798,36.6354286055,36.648684377,36.184350420074004,30.100333256000003,35.26085630469845,35.14509956856337
799,36.681087374,36.6501572405,36.1571960504169,30.106744544176472,35.28394159485555,35.15109386752721
800,36.642792923,36.689924555000005,36.1676730544011,30.099466865705885,35.28351150368337,35.14564837416145
801,36.563258294,36.672250193,36.13480988643848,30.082658894,35.273203146058826,35.118855048707694
802,36.5882969735,36.64573865,36.19189613186383,30.079713167,35.27871907246663,35.088088831097856
803,36.6442657865,36.642792923,36.14803453003273,30.09634786064706,35.287541526853936,35.12219240349624
804,36.642792923,36.631010015,36.16527177378723,30.078846776705884,35.27808492628892,35.110616811783785
805,36.622172834,36.6678316025,36.14109976742857,30.08317872817647,35.29105557220339,35.10411080654989
806,36.5882969735,36.6265914245,36.16589156031915,30.085777899058826,35.28064831593692,35.101031570199936
807,36.5735683385,36.6413200595,36.14658980151079,30.078846776705884,35.28455726982401,35.09764876667752
808,36.622172834,36.657521558,36.15195851258993,30.080406279235294,35.309521041254754,35.0906502760287
809,36.636901469,36.6177542435,36.15768718530435,30.091842631117647,35.31510169409744,35.101617079499164
810,36.4410106235,36.4645764395,36.134585704276475,30.11021010535294,35.2884397813329,35.04117162670466
811,36.4351191695,36.5323281605,36.18310044576897,30.189398178235294,35.30765197934,35.09429482890373
812,36.622172834,36.6442657865,36.12091392088634,30.095481470352944,35.29729221058128,35.1143150552
813,36.622172834,36.672250193,36.103140969775595,30.090109850529412,35.294956090249755,35.117852710884264
814,36.6148085165,36.647211513500004,36.130144275041715,30.124938740352942,35.32591254389814,35.12681700231663
815,36.619227107,36.6707773295,36.12154417185426,30.094788358117647,35.29997712536031,35.1287890325
816,36.601552745,36.647211513500004,36.116101173856116,30.089763294411767,35.298184265876806,35.11670679412475
817,36.6148085165,36.648684377,36.120676534580745,30.092709021411764,35.29682364384396,35.12209508510595
818,36.654575831,36.6206999705,36.1037893869708,30.101546202411765,35.287979360817914,35.07320466109589
819,36.577986929,36.6442657865,36.14705433317405,30.079713167,35.29344444116279,35.07920453931683
820,36.5971341545,36.6265914245,36.12948025246252,30.08023300117647,35.29444977837512,35.096768076951676
821,36.6236456975,36.6737230565,36.127993738642004,30.08161922564706,35.29419732925428,35.10455535137931
822,36.616281380000004,36.67519592,36.12864124015056,30.08161922564706,35.292854851651015,35.09557246175277
823,36.6206999705,36.67519592,36.14414958433706,30.081792503705884,35.31318686387444,35.092465267098206
824,36.636901469,36.642792923,36.146661483138395,30.088550348000002,35.314297279223425,35.10642589783201
825,36.6059713355,36.6295371515,36.147223450700004,30.082312337882353,35.30802675623401,35.114981069699766
826,36.541165341500005,36.6177542435,36.08572557169784,30.08456495264706,35.33586831759013,35.11116276888738
827,36.355584540500004,36.5146537985,36.097199620518396,30.114368778764707,35.32432638450714,35.07406635924761
828,36.5824055195,36.6206999705,36.1221556776,30.099120309588237,35.33496184208374,35.093574683667335
829,36.622172834,36.6206999705,36.1311053085036,30.087683957705885,35.33047764040115,35.11396061
830,36.6236456975,36.633955742,36.098656508832676,30.080406279235294,35.303160183605634,35.10010762531062
831,36.5794597925,36.647211513500004,36.09317883255723,30.080406279235294,35.30351781628599,35.087233573565044
832,36.610389926,36.648684377,36.11515202586957,30.09496163617647,35.297360807896105,35.10251970762267
833,36.591242700500004,36.664885875500005,36.128147471628985,30.133256087176473,35.31924354206918,35.108749963143964
834,36.563258294,36.636901469,36.12020035170957,30.08196578176471,35.3122299984658,35.09499845873418
835,36.58682411,36.6619401485,36.118978330431034,30.079020054764708,35.326677966600364,35.1124806767552
836,36.6206999705,36.648684377,36.10139640920696,30.08109939147059,35.31191816454741,35.11450355874415
837,36.583878383,36.64573865,36.105048892273935,30.08213905982353,35.28503321664454,35.14160071074676
838,36.603025608500005,36.648684377,36.10409140102765,30.08941673829412,35.30495655435479,35.11544116469321
839,36.604498472,36.619227107,36.11716837139706,30.101026368235296,35.32924988160971,35.12596098777853
840,36.575041202,36.5941884275,36.123969893959625,30.08785723576471,35.30505852567305,35.127267562084945
841,36.580932656,36.5882969735,36.14886381632353,30.08057955729412,35.3282466824,35.13369330530482
842,36.535273887500004,36.598607018,36.14139247700169,30.083698562352943,35.31997417236884,35.10030968
843,36.585351246500004,36.6059713355,36.1416759857353,30.127537911235294,35.34037078371448,35.108501115967414
844,36.551475386,36.639847196000005,36.102203747194245,30.085258064882353,35.30240302898767,35.11544664086207
845,36.5882969735,36.6501572405,36.14762463066286,30.09392196782353,35.31977681478942,35.14460160428854
846,36.5941884275,36.6354286055,36.16314917901277,30.088377069941178,35.30770647639704,35.140145900731945
847,36.610389926,36.648684377,36.157674049398,30.138800985058825,35.292709071152295,35.18250671704313
848,36.607444199,36.639847196000005,36.127476811470586,30.123725793941176,35.245244697072124,35.17444905426781
849,36.577986929,36.613335653,36.15159134132353,30.102932426882354,35.24788424442128,35.162955762860065
850,36.583878383,36.613335653,36.078806366188815,30.09877375347059,35.221825078103,35.1408354893578
851,36.566204021000004,36.633955742,36.079208209738276,30.10119964629412,35.23092823546525,35.15387045967742
852,36.569149748,36.619227107,36.069141890748014,30.107437656411765,35.23113407923254,35.12217505038248
853,36.5706226115,36.622172834,36.1017910459542,30.133602643294118,35.249885183484736,35.12078426858867
854,36.5647311575,36.583878383,36.07541573757054,30.119220564411766,35.2223403110299,35.099671483192225
855,36.5706226115,36.598607018,36.10498733642857,30.113329110411765,35.21709415305618,35.099448498523074
856,36.5706226115,36.591242700500004,36.1160056109965,30.108304046705882,35.21712240107535,35.11154574559668
857,36.5706226115,36.5824055195,36.083668620305346,30.09825391929412,35.209508915165586,35.14958006611111
858,36.583878383,36.575041202,36.08274871610989,30.08612445517647,35.21368834521203,35.14451226773994
859,36.604498472,36.58682411,36.104399475969466,30.097040972882354,35.22563976071105,35.14125066656429
860,36.5735683385,36.5794597925,36.104874039236265,30.107437656411765,35.241446358962406,35.13031171266095
861,36.566204021000004,36.5882969735,36.11837848740864,30.129963804058825,35.25712228048671,35.13787148780453
862,36.566204021000004,36.575041202,36.10802295395349,30.105011763588237,35.246248964447695,35.13089905415911
863,36.5647311575,36.598607018,36.10988824926154,30.102932426882354,35.256901709389744,35.12334223271145
864,36.569149748,36.5794597925,36.12239182592391,30.15127700529412,35.24568682290565,35.079758400736154
865,36.585351246500004,36.589769837,36.180732112094674,30.10085309017647,35.28123778969697,35.1374734965584
866,36.647211513500004,36.566204021000004,36.18643183238461,30.146078663529412,35.276690577281556,35.147678228966946
867,36.648684377,36.5824055195,36.17364996878858,30.179001494705883,35.29938312996033,35.14400258967146
868,36.64573865,36.5824055195,36.18264152631468,30.17051086982353,35.300714600974025,35.12334611246603
869,36.642792923,36.589769837,36.19617539092308,30.13706820447059,35.30187331303974,35.10225038614805
870,36.6354286055,36.5558939765,36.17938809116412,30.16011418629412,35.30589842530173,35.12314106
871,36.6413200595,36.569149748,36.20092271494318,30.164272859705882,35.30052332,35.133631673757534
872,36.601552745,36.583878383,36.17676020857143,30.32611456664706,35.28620319479577,35.027438321714286
873,36.591242700500004,36.589769837,36.16519833636364,30.23982209335294,35.302910399209,35.0486530407118
874,36.572095475,36.5765140655,36.18084548966403,30.11315583235294,35.28217934670487,35.10644378469639
875,36.563258294,36.6118627895,36.14182220732955,30.09582802647059,35.273168638865094,35.122791527937636
876,36.572095475,36.613335653,36.12904006469161,30.103452261058823,35.275360788094375,35.1508880612606
877,36.5882969735,36.619227107,36.15395727926316,30.115928281294117,35.30105350844492,35.149309334
878,36.585351246500004,36.598607018,36.15348120645691,30.091149518882354,35.26851717340635,35.118676808914245
879,36.5882969735,36.583878383,36.18106909861539,30.09929358764706,35.293261060875274,35.11091701474261
880,36.585351246500004,36.583878383,36.125576192832035,30.08785723576471,35.25572778009552,35.13136275960396
881,36.580932656,36.585351246500004,36.12428299003322,30.085604621,35.274081131167286,35.12443109835658
882,36.585351246500004,36.583878383,36.094356865042016,30.081792503705884,35.24477670703438,35.13227367168598
883,36.595661291,36.583878383,36.145087798625,30.086817567411767,35.28697268312966,35.112988531012235
884,36.580932656,36.5941884275,36.13010105151655,30.091669353058826,35.28100901720223,35.12860596964192
885,36.591242700500004,36.583878383,36.11683106580078,30.090802962764705,35.27734430562014,35.130548728352466
886,36.5882969735,36.592715564,36.11432076707735,30.085258064882353,35.247945109468525,35.13041605048276
887,36.566204021000004,36.595661291,36.14323611724252,30.08907018217647,35.27192159593876,35.13394273552542
888,36.5558939765,36.5882969735,36.0911861624671,30.07919333282353,35.23999946644762,35.11706949852545
889,36.5500025225,36.572095475,36.124515928370535,30.084391674588236,35.25998251552565,35.10140596378256
890,36.5500025225,36.5500025225,36.10236371714286,30.077460552235294,35.218476419324325,35.124528037113166
891,36.5470567955,36.5794597925,36.15250612112,30.10085309017647,35.27451306166113,35.11061631651633
892,36.5146537985,36.563258294,36.118382819552004,30.086297733235295,35.253445292770195,35.11103998214563
893,36.548529659,36.5765140655,36.124168227380004,30.08491150876471,35.27497272511594,35.103981860000005
894,36.560312567000004,36.566204021000004,36.133421784553576,30.088550348000002,35.2747536638,35.12322640507912
895,36.5558939765,36.566204021000004,36.11602069305412,30.090629684705885,35.27194692771879,35.09453375553421
896,36.5588397035,36.5824055195,36.12567252652154,30.08508478682353,35.28266458207424,35.110474013550835
897,36.5470567955,36.58682411,36.130382542410715,30.08803051382353,35.26285840803064,35.11999564856055
898,36.548529659,36.5647311575,36.1411356149,30.097214250941178,35.2761404876273,35.11372584617837
899,36.548529659,36.5794597925,36.122017846670005,30.093748689764706,35.288668115169045,35.07685093867831
900,36.5588397035,36.5558939765,36.125022412093024,30.094095245882354,35.29245224382418,35.08629133817906
901,36.5676768845,36.5676768845,36.13754275574803,30.08907018217647,35.29159421092876,35.09358746817365
902,36.542638205,36.563258294,36.10190478018527,30.082485615941177,35.264063942114305,35.12096555336948
903,36.5617854305,36.572095475,36.11075304006589,30.080752835352943,35.26146986783201,35.11642859034589
904,36.551475386,36.5706226115,36.12318854301758,30.087337401588236,35.27493329441275,35.118685837610926
905,36.541165341500005,36.566204021000004,36.11295637291339,30.08751067964706,35.263668105479454,35.12358044
906,36.541165341500005,36.572095475,36.10352616232143,30.083352006235295,35.2496100662561,35.113054404580325
907,36.551475386,36.572095475,36.09056125042017,30.08109939147059,35.24281007113018,35.10570895723715
908,36.5441110685,36.563258294,36.07507624294118,30.08161922564706,35.2465627552715,35.09632199440273
909,36.5470567955,36.539692478,36.06913858145882,30.084738230705884,35.26124696,35.06496453576489
910,36.5441110685,36.5205452525,36.088680633392855,30.085604621,35.26118033971353,35.08808013148492
911,36.522018116,36.52790957,36.07956680342857,30.084218396529412,35.26506237782857,35.08520202046672
912,36.4851965285,36.5175995255,36.08243460114286,30.08161922564706,35.26551973362241,35.088556147454334
913,36.5205452525,36.523490979500004,36.06631882485714,30.08352528429412,35.26200975297792,35.07771937804897
914,36.501398027,36.516126662000005,36.05038278869816,30.08127266952941,35.261339302539184,35.04637949094981
915,36.513180935,36.5087623445,36.057024332,30.08196578176471,35.267739300867525,35.05789601999207
916,36.4822508015,36.507289481,36.070098275323076,30.085431342941177,35.2621024694113,35.10245112529155
917,36.510235208000005,36.5117080715,36.055603485728,30.079886445058825,35.26670542207194,35.08003689472925
918,36.501398027,36.5087623445,36.028349396,30.079020054764708,35.23952337765674,35.04938166521076
919,36.536746751,36.5087623445,36.054388964489796,30.079713167,35.263852406679376,35.09457279723506
920,36.545583932,36.5146537985,36.04484201648387,30.079713167,35.266732267805075,35.10076707216901
921,36.542638205,36.5087623445,36.03324463046083,30.078846776705884,35.25891114123348,35.07482133342641
922,36.529382433500004,36.5117080715,36.04797489443429,30.08023300117647,35.26266686791782,35.06833257540931
923,36.501398027,36.524963843,36.066124601098906,30.082658894,35.270910312015474,35.07946568563629
924,36.5323281605,36.510235208000005,36.030834000356926,30.08127266952941,35.25358532533385,35.07300378850501
925,36.501398027,36.513180935,36.065846760416,30.079539888941177,35.27548104029332,35.06481065275972
926,36.495506573,36.510235208000005,36.034576044765714,30.08127266952941,35.25888760268551,35.07581103081967
927,36.4822508015,36.516126662000005,36.04548281565757,30.08057955729412,35.270676984448805,35.09263837596498
928,36.483723665,36.513180935,36.04928784704,30.079366610882353,35.27918147608441,35.08100900192171
929,36.504343754000004,36.513180935,36.04635995521092,30.079020054764708,35.27135599918596,35.04514898881652
930,36.5058166175,36.513180935,36.042583085000004,30.08057955729412,35.25902067467781,35.044414963725416
931,36.4851965285,36.513180935,36.0482111,30.079539888941177,35.256668109740936,35.01375443825327
932,36.4851965285,36.5175995255,36.05593539533499,30.07815366447059,35.2470028579786,35.056573312592306
933,36.4851965285,36.524963843,36.04398553844,30.07832694252941,35.26233711093701,35.048137188704786
934,36.5058166175,36.5146537985,36.05566874491077,30.079366610882353,35.25592307441879,35.077998144986346
935,36.4527935315,36.524963843,36.038786408214285,30.077980386411767,35.283398639114836,35.09078536163738
936,36.4969794365,36.530855297,36.07826590646402,30.085258064882353,35.28532182751486,35.06888381348782
937,36.486669392,36.530855297,36.054907387778464,30.085777899058826,35.29814128868431,35.058626315812276
938,36.486669392,36.5323281605,36.074817390541476,30.082832172058826,35.29288005107955,35.08116553525029
939,36.471940757,36.536746751,36.07810173285714,30.081445947588236,35.2772733469873,35.1027926810943
940,36.4940337095,36.530855297,36.07559686295919,30.085777899058826,35.29138006926424,35.08608202087767
941,36.442483487000004,36.5146537985,36.07001935265306,30.08352528429412,35.268602711019774,35.09712627133768
942,36.436592033000004,36.507289481,36.065029812128,30.083698562352943,35.25446918106195,35.06504194205088
943,36.4645764395,36.5117080715,36.06193697244898,30.081445947588236,35.26665381610815,35.070194563466366
944,36.4616307125,36.4969794365,36.06005331028572,30.083871840411767,35.266438662758624,35.053776164595845
945,36.4704678935,36.5117080715,36.05819636673469,30.080406279235294,35.26724667961715,35.084917744736224
946,36.4645764395,36.492560846,36.023993871200005,30.079020054764708,35.24646056564706,35.09842143691038
947,36.46899503,36.483723665,36.051100602116925,30.077980386411767,35.24818280375146,35.08729463082719
948,36.477832211,36.483723665,36.036733348612906,30.08161922564706,35.2593360937163,35.07553447325816
949,36.486669392,36.491087982500005,36.049099320512,30.07832694252941,35.257099671302306,35.089915064693145
950,36.4940337095,36.483723665,36.030529457504,30.08057955729412,35.24799976828738,35.10179806176611
951,36.4999251635,36.5058166175,36.046177159328,30.08057955729412,35.25946781295872,35.08903886192462
952,36.5087623445,36.5146537985,36.06343493851613,30.07728727417647,35.24824778099003,35.081897550132695
953,36.516126662000005,36.5117080715,36.056442341854506,30.07711399611765,35.25427053619377,35.066525392608696
954,36.510235208000005,36.495506573,36.05741805356,30.077460552235294,35.23085453857143,35.08843254454473
955,36.5146537985,36.477832211,36.106715085714285,30.103625539117647,35.28250800703563,35.039200571682464
956,36.507289481,36.471940757,36.08734012398618,30.086817567411767,35.2850447399198,35.03932417445087
957,36.5058166175,36.483723665,36.08293256299395,30.082658894,35.2587502099777,35.11137005820135
958,36.29225141,36.4616307125,36.17945162,30.14191999011765,35.28883161329273,35.066393512686744
959,36.501398027,36.4851965285,36.08841548375,30.10379881717647,35.300868752058385,35.083109859216755
960,36.501398027,36.495506573,36.1147951141129,30.085777899058826,35.27713695383935,35.11076842775299
961,36.510235208000005,36.513180935,36.10054910774857,30.08300545011765,35.29124521695355,35.12047245714286
962,36.507289481,36.495506573,36.10005552591837,30.079020054764708,35.27949427524313,35.1049721378852
963,36.498452300000004,36.504343754000004,36.07923414279018,30.077460552235294,35.28102613206154,35.096999708484404
964,36.4763593475,36.516126662000005,36.05951649053435,30.077460552235294,35.27994679692833,35.10645763927531
965,36.4557392585,36.4851965285,36.06411099078125,30.07815366447059,35.30295192221749,35.08925086624712
966,36.448374941000004,36.445429214,36.055889307886034,30.093748689764706,35.28550095153847,35.09136866055845
967,36.504343754000004,36.536746751,36.08345373586777,30.085951177117646,35.34679519755269,35.11780748292208
968,36.46899503,36.542638205,36.104456317605155,30.076940718058825,35.325420019474194,35.09714230574366
969,36.477832211,36.523490979500004,36.04836145650376,30.081792503705884,35.32033960912328,35.09219678900838
970,36.492560846,36.5264367065,36.039837290447764,30.079366610882353,35.289946949059555,35.10542645340098
971,36.479305074500004,36.52790957,36.035475969328495,30.083698562352943,35.30326532743363,35.066118960588234
972,36.5028708905,36.477832211,36.01889588665864,30.08352528429412,35.306619257996076,35.05736224606166
973,36.491087982500005,36.4822508015,36.01434802036364,30.07676744,35.30795297365019,35.06212526742937
974,36.507289481,36.507289481,36.017161961927506,30.100333256000003,35.29462874387281,35.071043004125
975,36.498452300000004,36.504343754000004,36.01832533708108,30.086644289352943,35.31912526728494,35.04602684969101
976,36.507289481,36.510235208000005,35.99795201262606,30.078500220588236,35.31005379776997,35.03472414862886
977,36.4940337095,36.454266395000005,36.012674706264626,30.085258064882353,35.3185035276559,35.005637747921455
978,36.504343754000004,36.5087623445,36.02786907947964,30.07676744,35.31429926585865,35.03561319180966
979,36.4616307125,36.523490979500004,36.0354369356558,30.07676744,35.31493138966227,35.025731007510345
980,36.46899503,36.510235208000005,36.02205672233333,30.07711399611765,35.29740736979432,35.04042189340426
981,36.5028708905,36.4616307125,36.048532611411765,30.080926113411767,35.30911618788492,35.050119699965734
982,36.491087982500005,36.477832211,36.08034022033423,30.076940718058825,35.324256579240036,35.06338619226998
983,36.513180935,36.5028708905,36.06640771598776,30.08127266952941,35.32622181733121,35.06141192187887
984,36.492560846,36.4763593475,36.05158443111213,30.087164123529412,35.311477185444126,35.052645699209
985,36.5028708905,36.510235208000005,36.060827383211574,30.083871840411767,35.31766736296344,35.07596794614005
986,36.457212122,36.5028708905,36.03782165193099,30.08127266952941,35.28507394549952,35.082683117342945
987,36.504343754000004,36.486669392,36.04796785329412,30.08751067964706,35.31838752811411,35.095013325458424
988,36.501398027,36.486669392,36.0484986892521,30.08508478682353,35.3270321074088,35.09697090764706
989,36.5058166175,36.4616307125,36.046444106554624,30.10223931464706,35.33182206761843,34.98934455885656
990,36.1729494665,36.471940757,36.0309506835338,30.11991367664706,35.30620286066354,35.026533523091096
991,36.4881422555,36.5058166175,36.028300486841474,30.11107649564706,35.31375856928617,35.067027657453544
992,36.4940337095,36.479305074500004,36.02205169803674,30.105531597764706,35.344357538395414,35.054914247449226
993,36.507289481,36.4940337095,36.00620383910448,30.09634786064706,35.342690420096005,35.066535503334464
994,36.5058166175,36.4969794365,35.98903543539916,30.07763383029412,35.306730790689656,35.03442496065812
995,36.5117080715,36.479305074500004,36.02336007927008,30.079539888941177,35.3388648121225,35.07237077831248
996,36.5058166175,36.513180935,36.06734731952574,30.101372924352944,35.34138739636643,35.083527866416006
997,36.5087623445,36.492560846,36.06549041186652,30.08127266952941,35.350478505990786,35.05758603496243
998,36.5058166175,36.516126662000005,36.04039073503105,30.09201590917647,35.34209171781513,35.05533072872376
999,36.5058166175,36.501398027,36.0491525618,30.085258064882353,35.30170567514581,35.069116000393564
1000,36.489615119,36.510235208000005,35.99099277692308,30.079366610882353,35.271950022480574,35.04980597448618
1001,36.5117080715,36.5028708905,36.041996980183825,30.08213905982353,35.29901652242232,35.053943824057676
1002,36.507289481,36.510235208000005,36.02859331452555,30.07676744,35.303258230947776,35.05813627407357
1003,36.510235208000005,36.5175995255,36.03636186583466,30.084391674588236,35.33955396648701,35.08135808594595
1004,36.513180935,36.510235208000005,36.04010205785093,30.09981342182353,35.34000103269465,35.0848402209889
1005,36.507289481,36.5117080715,36.02413102674286,30.087337401588236,35.31786865180739,35.0912791262196
1006,36.5087623445,36.516126662000005,36.00824058451228,30.080926113411767,35.31766445989404,35.0646314516355
1007,36.498452300000004,36.5028708905,36.016213044588234,30.08196578176471,35.31077839276062,35.06847793926002
1008,36.498452300000004,36.501398027,36.03725519729471,30.07815366447059,35.311444064,35.076436548004224
1009,36.491087982500005,36.504343754000004,36.02094383760381,30.082485615941177,35.31206098900032,35.08633373369751
1010,36.4851965285,36.5087623445,36.06927008232258,30.088723626058826,35.33986264306509,35.078849821836386
1011,36.467522166500004,36.507289481,36.047997033800556,30.08647101129412,35.32298353395335,35.06345066172028
1012,36.0698490215,36.4203905345,36.036014544137934,30.123552515882356,35.32662269517169,34.9782293789174
1013,35.941709897,36.5323281605,36.13004797781818,30.213830384529412,35.32371109021308,35.0440348239063
1014,36.256902686000004,36.218608235000005,36.16821101170455,30.199621583705884,35.31430110814763,35.066017967682804
1015,36.4469020775,36.058066113500004,36.21692175007634,30.22509345835294,35.3302868124678,35.12748573785992
1016,36.52790957,36.4969794365,36.10992876159091,30.112462720117648,35.2917167946263,35.09797389412797
1017,36.5323281605,36.516126662000005,36.089959181913045,30.110729939529413,35.278530855263156,35.1034408451653
1018,36.541165341500005,36.5058166175,36.07732244,30.094441802000002,35.26431421994106,35.10871999097255
1019,36.536746751,36.516126662000005,36.04757141148657,30.084391674588236,35.25295075287476,35.08775593372987
1020,36.498452300000004,36.501398027,36.04867083892308,30.079539888941177,35.25723865368421,35.096514672710825
1021,36.4586849855,36.4969794365,36.034023471187055,30.07763383029412,35.258486828077544,35.100457358988585
1022,36.479305074500004,36.498452300000004,36.041864615,30.08057955729412,35.27650704059278,35.09813721699563
1023,36.5146537985,36.5087623445,36.05769388134602,30.107957490588237,35.29999088510719,35.129112164606745
1024,36.523490979500004,36.5028708905,36.014062991919964,30.081445947588236,35.2613224189049,35.0690335568527
1025,36.4969794365,36.4999251635,35.98388358003521,30.079020054764708,35.2461126151532,35.054456748683194
1026,36.479305074500004,36.501398027,36.01963108490266,30.07711399611765,35.26773115175,35.06468997552186
1027,36.466049303,36.513180935,36.007683380986585,30.07711399611765,35.25304826169951,35.0507393481477
1028,36.495506573,36.5087623445,36.041864615,30.08803051382353,35.28398249612594,35.06348846284536
1029,36.4851965285,36.501398027,36.0858664120625,30.09392196782353,35.29112426546807,35.0653168200736
1030,36.3732589025,36.377677493,36.02956187282353,30.130483638235294,35.2495137366591,35.001542048979594
1031,36.3526388135,36.451320668,36.029487786358665,30.089936572470588,35.271983007821014,35.05550218256774
1032,36.471940757,36.4527935315,36.04649111142073,30.09288229947059,35.27121030695397,35.0132780177216
1033,36.4645764395,36.457212122,36.04513296924286,30.103625539117647,35.284222433960736,35.03894000440472
1034,36.467522166500004,36.467522166500004,36.029470841953916,30.094095245882354,35.255218949119204,35.04869622480867
1035,36.421863398,36.451320668,36.00846464134271,30.08109939147059,35.2554037175712,35.071897524354675
1036,36.4498478045,36.467522166500004,36.010736824493506,30.08300545011765,35.27775145576861,35.07079182189243
1037,36.460157849,36.46899503,36.041793462173914,30.084391674588236,35.29295485306288,35.05105186389831
1038,36.436592033000004,36.4616307125,36.011726946100545,30.086644289352943,35.24251747075233,35.08398299568204
1039,36.4380648965,36.4527935315,35.9969182641712,30.089243460235295,35.25828017842105,35.0594213113347
1040,36.421863398,36.4586849855,35.9402122794916,30.08508478682353,35.22122570351724,35.048847646452906
1041,36.4410106235,36.454266395000005,35.95245355824818,30.076940718058825,35.24035584037609,35.05507587499494
1042,36.43953776,36.454266395000005,35.97985766371237,30.079539888941177,35.25245579068794,35.07461375396923
1043,36.427754852,36.460157849,35.94809992728512,30.088550348000002,35.27558824796023,35.064584707744935
1044,36.451320668,36.4763593475,35.94003224644236,30.08317872817647,35.25730371908924,35.03712504486957
1045,36.457212122,36.448374941000004,35.94892439270423,30.08057955729412,35.280023868062486,35.03420248559427
1046,36.100779155,36.0286088435,35.90305838818182,30.08508478682353,35.25525955398046,34.93254989166667
1047,36.4704678935,36.4498478045,35.92903018587216,30.07676744,35.27261891871317,34.99089727568425
1048,36.4498478045,36.451320668,35.96358165021978,30.08196578176471,35.27290394379237,35.03509478126276
1049,36.467522166500004,36.466049303,35.97005810431655,30.078500220588236,35.274661516040894,35.03569010368682
1050,36.460157849,36.457212122,35.95416580309936,30.08005972311765,35.28220906224719,35.02363150631229
1051,36.4586849855,36.473413620500004,35.945695292352944,30.083871840411767,35.26045209630581,35.01875124293829
1052,36.4645764395,36.4822508015,35.96544703265364,30.086644289352943,35.30105001448276,35.00714330527749
1053,36.473413620500004,36.474886484,35.98013224930801,30.07676744,35.32374087270936,35.02229968066714
1054,36.474886484,36.460157849,35.984927530625,30.084218396529412,35.291974266737455,35.04352689338513
1055,36.471940757,36.4616307125,35.98063477821023,30.093055577529412,35.30865932309729,35.073056446486696
1056,36.4704678935,36.457212122,35.96703589646307,30.10431865135294,35.28366645735275,35.072043306325256
1057,36.471940757,36.4616307125,35.958836046779155,30.102932426882354,35.29440715050747,35.0885829154971
1058,36.467522166500004,36.4557392585,35.936027607047336,30.094441802000002,35.277296637228915,35.06113601096478
1059,36.451320668,36.4410106235,35.93712587035987,30.08803051382353,35.26031211140544,35.075496998439604
1060,36.4351191695,36.433646306,35.94228704961832,30.08751067964706,35.28398185594515,35.07420937981279
1061,36.448374941000004,36.471940757,35.966205178843666,30.092189187235295,35.294767301724136,35.09419460752663
1062,36.451320668,36.460157849,35.974744611678325,30.103972095235296,35.296145261239964,35.088342611807604
1063,36.4027161725,36.424809125,35.94335963636364,30.079713167,35.26654496280267,35.057390814057186
1064,36.460157849,36.4498478045,35.957116941854544,30.080926113411767,35.2637032832091,35.0569057183489
1065,36.4469020775,36.454266395000005,35.95043467090909,30.083698562352943,35.256940726466645,35.051092832078226
1066,36.401243309,36.433646306,35.93616838650827,30.08109939147059,35.22549000926614,35.02297476932886
1067,36.424809125,36.4203905345,35.93269282427481,30.07763383029412,35.22483952610214,35.00592781142857
1068,36.454266395000005,36.354111677,35.9188341638986,30.089763294411767,35.25303995940298,34.909434697445036
1069,36.5028708905,36.448374941000004,35.96414955594563,30.083871840411767,35.25897211846859,35.03154742394263
1070,36.467522166500004,36.445429214,35.94945130814007,30.07676744,35.271572577872476,34.955026158240976
1071,36.448374941000004,36.4557392585,35.94158492676364,30.08196578176471,35.2850666069872,34.94718666904148
1072,36.4321734425,36.4557392585,35.92592794143636,30.076940718058825,35.28871199563385,34.90626388474429
1073,36.466049303,36.46899503,35.98001911354888,30.076940718058825,35.29147125128952,34.95946513885792
1074,36.477832211,36.4645764395,35.976806580187166,30.080926113411767,35.27689505042403,34.98628626448517
1075,36.473413620500004,36.4645764395,35.98129851850184,30.077460552235294,35.30330824031107,35.008524303178504
1076,36.477832211,36.4527935315,35.99879451568182,30.07676744,35.30857291282159,35.01368687272728
1077,36.492560846,36.4616307125,35.99208134317872,30.08023300117647,35.30304307402056,35.02420517057182
1078,36.4822508015,36.457212122,35.9975956537876,30.082832172058826,35.30184385083574,35.00670510551043
1079,36.4940337095,36.4498478045,35.97887558457478,30.086817567411767,35.315826459293355,34.984335539570694
1080,36.4763593475,36.413026217,35.9820295353125,30.085777899058826,35.327232015428386,34.95409649120736
1081,36.479305074500004,36.424809125,35.969456264954545,30.079020054764708,35.32226348592197,34.93681560403482
1082,36.4851965285,36.43953776,35.97123051596774,30.08057955729412,35.313059682475696,34.95751817155036
1083,36.489615119,36.417444807500004,35.977092095170455,30.08127266952941,35.31714882465909,34.96625009317166
1084,36.457212122,36.315817226,35.947758756259546,30.07711399611765,35.27431513365481,34.88646973046729
1085,36.433646306,36.3644217215,35.95711312596947,30.07919333282353,35.28599537427717,34.94350381274288
1086,36.430700579,36.3879875375,35.9622550311145,30.08161922564706,35.27387010853732,34.92723598332156
1087,36.430700579,36.407134763,35.94310601078908,30.08456495264706,35.27546163465603,34.92421845741113
1088,36.418917671,36.3732589025,35.94553099155425,30.080926113411767,35.272968378591,34.96395131907563
1089,36.4203905345,36.4027161725,35.956522386487606,30.07676744,35.26742547742498,34.95452016550134
1090,36.4351191695,36.421863398,35.9424251575586,30.08005972311765,35.28450877543436,34.97148451083146
1091,36.454266395000005,36.4233362615,35.94975992780992,30.07832694252941,35.28727764525064,34.98316496109381
1092,36.457212122,36.427754852,35.95804586746294,30.081445947588236,35.274599131878865,34.97997825849454
1093,36.473413620500004,36.4233362615,35.96605956649148,30.07815366447059,35.27934214014286,34.98098016982628
1094,36.4351191695,36.466049303,35.95167060203691,30.078500220588236,35.24937983368421,35.01156779774302
1095,36.4498478045,36.4351191695,35.93866148670588,30.077807108352943,35.24791924915167,34.994027439285716
1096,36.421863398,36.4262819885,35.92594012674286,30.07711399611765,35.24907204226488,34.966252236074496
1097,36.413026217,36.4027161725,35.924741024239495,30.07676744,35.235696811282054,34.96046377419495
1098,36.3791503565,36.411553353500004,35.93680860333613,30.07832694252941,35.23856580322684,34.96835631589447
1099,36.436592033000004,36.411553353500004,35.95575331492806,30.076940718058825,35.262807610066226,34.97473669170349
1100,36.448374941000004,36.4203905345,35.94415001414179,30.082485615941177,35.236332659908705,34.979818201993524
1101,36.43953776,36.411553353500004,35.93112308893382,30.07711399611765,35.2431732736203,34.97801656314698
1102,36.4469020775,36.3938789915,35.91575107036674,30.077980386411767,35.23435497969767,34.984494763213625
1103,36.433646306,36.415971944,35.939943418565335,30.081792503705884,35.254787117451436,35.0083481383309
1104,36.4380648965,36.407134763,35.926730027287846,30.07832694252941,35.232178821704096,35.006109166774316
1105,36.427754852,36.3968247185,35.93891072358209,30.07919333282353,35.232275142702704,35.00107358854305
1106,36.4262819885,36.4086076265,35.93075257417911,30.080406279235294,35.23278415044248,35.007868496472334
1107,36.395351855,36.3997704455,35.91392448982912,30.07676744,35.23374069352692,34.98176025269877
1108,36.4086076265,36.405661899500004,35.91993809518797,30.07728727417647,35.22959138626866,34.95740289168083
1109,36.411553353500004,36.277522775,35.91095553733334,30.079366610882353,35.23270724286178,34.93429177190912
1110,36.415971944,36.3879875375,35.92660440993177,30.077807108352943,35.248899832725485,34.964443150686165
1111,36.405661899500004,36.404189036000005,35.94040290550882,30.077460552235294,35.24131103985162,34.953574946527475
1112,36.41008049,36.4027161725,35.91874762281015,30.07676744,35.22869524489182,34.971374058843104
1113,36.415971944,36.405661899500004,35.932485264967355,30.079539888941177,35.238762213609434,34.98781237550671
1114,36.3732589025,36.4144990805,35.93362563502799,30.080752835352943,35.25693658736613,34.98789019637398
1115,36.418917671,36.4498478045,35.94620909197015,30.08109939147059,35.2491479343788,34.99499898098544
1116,36.421863398,36.430700579,35.947682296903224,30.07728727417647,35.2508690092337,34.977102176056235
1117,36.433646306,36.415971944,35.93469888097987,30.08057955729412,35.26590558322083,34.96298276582398
1118,36.4351191695,36.401243309,35.944233653982664,30.07676744,35.29267891784133,34.92843752864215
1119,36.442483487000004,36.4144990805,35.96863918647758,30.07676744,35.28825923147933,34.988123629658034
1120,36.3938789915,36.4410106235,35.950454160780055,30.07676744,35.25830582851794,34.969400332256996
1121,36.4321734425,36.3968247185,35.971448532736844,30.07919333282353,35.26853380779089,34.976276353535916
1122,36.5765140655,36.595661291,36.150751810279274,30.156995181235295,35.46464899367827,35.267054307586676
1123,36.5735683385,36.657521558,36.133212977135386,30.09392196782353,35.44341545750471,35.25452333568641
1124,36.5558939765,36.6059713355,36.18842743535211,30.105531597764706,35.45634775007888,35.272991487192186
1125,36.5588397035,36.625118561,36.176652666157146,30.106571266117648,35.4638078838402,35.28533400383378
1126,36.575041202,36.610389926,36.16808790953384,30.09530819229412,35.45574339741096,35.262334673897286
1127,36.5794597925,36.6354286055,36.168814563034715,30.087337401588236,35.46103683470236,35.23745782515259
1128,36.569149748,36.619227107,36.16614601027823,30.093575411705885,35.45159036172675,35.20386438717175
1129,36.554421113000004,36.64573865,36.17017775191489,30.093055577529412,35.456286029018074,35.236773886768034
1130,36.583878383,36.6089170625,36.1531910527449,30.099466865705885,35.41319936990081,35.214456187928995
1131,36.55736684,36.619227107,36.14422606228572,30.110383383411765,35.44869388276449,35.21256132176962
1132,36.575041202,36.636901469,36.14364183467626,30.112635998176472,35.42659375342155,35.20019967843241
1133,36.523490979500004,36.6059713355,36.14226052133608,30.103625539117647,35.42690252353827,35.210346673948244
1134,36.5588397035,36.610389926,36.12748132138524,30.114195500705883,35.40966090559317,35.20962363044342
1135,36.542638205,36.6000798815,36.124186992181166,30.089243460235295,35.42075317059083,35.20645524277891
1136,36.548529659,36.5824055195,36.1217437852565,30.109343715058824,35.41670712255748,35.20688756404379
1137,36.510235208000005,36.6000798815,36.128513718717514,30.113848944588238,35.42502975045441,35.222173127460884
1138,36.5647311575,36.5647311575,36.11850027457143,30.10605143194118,35.409790299257885,35.22040178676177
1139,36.572095475,36.5588397035,36.1361155019958,30.184546392588235,35.47442037360943,35.22305351130435
1140,36.536746751,36.6000798815,36.09338234786397,30.133256087176473,35.41458364297272,35.18920123962092
1141,36.5617854305,36.575041202,36.130429449846154,30.152489951705885,35.46483632513329,35.21610300940672
1142,36.566204021000004,36.566204021000004,36.12553899702671,30.142959658470588,35.475255465527894,35.212808496385456
1143,36.5647311575,36.5794597925,36.12734217788661,30.127884467352942,35.46779831219787,35.21639859765367
1144,36.563258294,36.560312567000004,36.11717245144963,30.14347949264706,35.45864142160708,35.20034653662921
1145,36.572095475,36.572095475,36.1249770598403,30.170164313705882,35.46068013543671,35.20659802922669
1146,36.572095475,36.569149748,36.12933171769042,30.177788548294117,35.45843494570879,35.21150086980689
1147,36.572095475,36.5676768845,36.126668084022555,30.154915844529413,35.47666488454488,35.214874945757124
1148,36.560312567000004,36.572095475,36.13290918888031,30.157861571529413,35.46498226352423,35.21901855249527
1149,36.569149748,36.5676768845,36.14184080409091,30.156648625117647,35.49376919645354,35.217799986895514
1150,36.569149748,36.575041202,36.13915587120086,30.148677834411767,35.48026301338786,35.21392180506159
1151,36.5735683385,36.5676768845,36.12984267703008,30.149024390529412,35.49104767695959,35.18595865352388
1152,36.5647311575,36.5676768845,36.121672406654135,30.148504556352943,35.46148240599686,35.1856685951685
1153,36.5706226115,36.575041202,36.135258019675675,30.156128790941178,35.48218103508805,35.172831379910846
1154,36.5647311575,36.577986929,36.128709011,30.142786380411767,35.46743858379365,35.189599417430045
1155,36.572095475,36.580932656,36.12820770469936,30.135335423882353,35.469541879713105,35.187900334697986
1156,36.5706226115,36.575041202,36.116361988021325,30.124938740352942,35.45615248493999,35.2048493738828
1157,36.5765140655,36.563258294,36.14459942421622,30.132736253,35.477112648830925,35.19982725627566
1158,36.577986929,36.5529482495,36.12691847105883,30.087337401588236,35.45401020859885,35.219990914290115
1159,36.577986929,36.572095475,36.138690278162166,30.133256087176473,35.460269821671474,35.239479960037514
1160,36.577986929,36.5647311575,36.107313092666665,30.11402222264706,35.453306051534945,35.22385016178218
1161,36.58682411,36.560312567000004,36.12759375633333,30.112809276235296,35.46178810373308,35.24802938
1162,36.591242700500004,36.55736684,36.143655848,30.154569288411764,35.481180799215565,35.242755535036494
1163,36.580932656,36.572095475,36.13167898266667,30.122512847529414,35.45537796573066,35.246628404484305
1164,36.58682411,36.5617854305,36.138296134709755,30.15526240064706,35.45592355436719,35.22964520927925
1165,36.5971341545,36.5617854305,36.11808493254054,30.127884467352942,35.45897746684211,35.21642205721047
1166,36.580932656,36.5824055195,36.140310084,30.126671520941176,35.44665946060645,35.21112434842721
1167,36.592715564,36.5676768845,36.14070437884211,30.140707043705884,35.46216733400569,35.22206754447109
1168,36.583878383,36.566204021000004,36.127084964685714,30.112462720117648,35.46847008573066,35.19617842348663
1169,36.5706226115,36.5735683385,36.11648989270862,30.10518504164706,35.452053695500155,35.206103445120675
1170,36.577986929,36.5617854305,36.12148298729543,30.106917822235296,35.431901647094975,35.17900871854795
1171,36.5441110685,36.572095475,36.11816550076709,30.08907018217647,35.408004803739374,35.17457860284908
1172,36.551475386,36.5706226115,36.124790726514284,30.089936572470588,35.43095035870864,35.16540753553883
1173,36.5617854305,36.560312567000004,36.114807607838294,30.088723626058826,35.43652849469297,35.13512705303502
1174,36.5647311575,36.55736684,36.11524939289474,30.07711399611765,35.41573646736442,35.14794830343134
1175,36.5500025225,36.539692478,36.14864193588235,30.11939384247059,35.41094571899592,35.168755531792264
1176,36.5617854305,36.535273887500004,36.127261058332046,30.079713167,35.40163905531915,35.16903461883064
1177,36.5500025225,36.548529659,36.12669731414388,30.078500220588236,35.4027068950506,35.165660125742775
1178,36.52790957,36.592715564,36.1314435086203,30.078500220588236,35.3828377195493,35.166961166539195
1179,36.5588397035,36.5500025225,36.143257392173915,30.084391674588236,35.36711704869241,35.19998687625293
1180,36.5470567955,36.5558939765,36.12554033847826,30.119740398588238,35.374437247720756,35.183953432272425
1181,36.535273887500004,36.55736684,36.117542177540706,30.096001304529413,35.35603798449174,35.17540119543552
1182,36.554421113000004,36.580932656,36.11032589067884,30.087337401588236,35.373232815787155,35.17470156196051
1183,36.539692478,36.583878383,36.110992442043795,30.09236246529412,35.39338141103003,35.17585641526139
1184,36.5087623445,36.5529482495,36.09510334879599,30.089590016352943,35.38115822001893,35.20134295256823
1185,36.4940337095,36.569149748,36.09985416826087,30.089590016352943,35.382835330660654,35.200094899142854
1186,36.522018116,36.554421113000004,36.08712008960135,30.106917822235296,35.389639097629,35.20039712217842
1187,36.522018116,36.5617854305,36.09053835434783,30.105358319705882,35.382499377844425,35.19779129925976
1188,36.510235208000005,36.563258294,36.08588512263897,30.093055577529412,35.358738313432646,35.20305542452314
1189,36.519072389,36.5676768845,36.07723526176263,30.10570487582353,35.36730069241578,35.230460790601505
1190,36.510235208000005,36.569149748,36.099326596086954,30.09582802647059,35.353487277591285,35.225014715998654
1191,36.533801024,36.5676768845,36.10387690608696,30.119220564411766,35.361793168460295,35.25305659736914
1192,36.510235208000005,36.5676768845,36.09266251153957,30.11055666147059,35.34247644372215,35.24054345396111
1193,36.5205452525,36.572095475,36.09267310767986,30.10171948047059,35.360672480353635,35.23876849289262
1194,36.5264367065,36.5706226115,36.08821171218417,30.08612445517647,35.35440178033505,35.230126056557324
1195,36.5382196145,36.5617854305,36.094973084391306,30.09201590917647,35.364029179090615,35.24587882529231
1196,36.5146537985,36.5617854305,36.07436647697941,30.085431342941177,35.33752881553746,35.22840574742799
1197,36.516126662000005,36.5617854305,36.06843018780461,30.09288229947059,35.332732982832205,35.21262777133127
1198,36.519072389,36.536746751,36.08445466375777,30.12632496482353,35.36356921681057,35.21413926078538
1199,36.529382433500004,36.516126662000005,36.09916451854278,30.112462720117648,35.356882876077,35.2225541114959
1200,36.501398027,36.5117080715,36.10476630063636,30.102412592705882,35.34296397146179,35.198017609885454
1201,36.516126662000005,36.5264367065,36.11063885924088,30.119220564411766,35.36833338873345,35.236530888110565
1202,36.523490979500004,36.504343754000004,36.10912042236364,30.13758803864706,35.35953237169474,35.23577040216216
1203,36.5264367065,36.516126662000005,36.10263696537623,30.094268523941178,35.33957181082279,35.21982574139208
1204,36.5175995255,36.533801024,36.101613245993256,30.096001304529413,35.32745919528184,35.219664127076925
1205,36.523490979500004,36.5264367065,36.09261041945032,30.09236246529412,35.34897461588338,35.22334019185602
1206,36.5087623445,36.523490979500004,36.08051343917293,30.08803051382353,35.32138421615358,35.197337822064135
1207,36.504343754000004,36.516126662000005,36.092030567293236,30.08785723576471,35.32937601757962,35.19881250722928
1208,36.1346550155,36.5087623445,36.11512178154791,30.13464231164706,35.33529511917511,35.182554282978245
1209,36.5470567955,36.5146537985,36.13803393764706,30.120780066941176,35.328452419667244,35.174645805573775
1210,36.5205452525,36.510235208000005,36.14831865689231,30.116274837411765,35.34236444404307,35.17566425786599
1211,36.501398027,36.507289481,36.138734986281996,30.11298255429412,35.350889871376715,35.190072746936416
1212,36.510235208000005,36.5058166175,36.140120114276314,30.108823880882355,35.326214503762586,35.18253292637857
1213,36.5058166175,36.510235208000005,36.147858184732144,30.116274837411765,35.34326326311644,35.185478278604144
1214,36.498452300000004,36.5146537985,36.13485247632088,30.089763294411767,35.33041660642984,35.227761723703985
1215,36.5028708905,36.535273887500004,36.1206273690107,30.085777899058826,35.33083742825475,35.20681863357223
1216,36.4999251635,36.5264367065,36.13772777268532,30.09582802647059,35.325577458436484,35.177356345436245
1217,36.5146537985,36.5323281605,36.14005090076598,30.090109850529412,35.34355828198041,35.20333207652527
1218,36.5146537985,36.530855297,36.136247840733034,30.098080641235295,35.3227330005039,35.20338366653759
1219,36.5058166175,36.539692478,36.13320785081788,30.09392196782353,35.327997525621285,35.185362713361094
1220,36.4969794365,36.523490979500004,36.120229947786264,30.088550348000002,35.3239637859149,35.17868362577465
1221,36.495506573,36.523490979500004,36.12051263478299,30.104491929411765,35.34083803657204,35.17892411780914
1222,36.516126662000005,36.5323281605,36.119703219363636,30.09097624082353,35.33228141053756,35.20253228085941
1223,36.522018116,36.5323281605,36.135172224251335,30.099986699882354,35.32941740029925,35.20551520997765
1224,36.5058166175,36.541165341500005,36.11651097876161,30.09045640664706,35.3259097589375,35.18763634646279
1225,36.513180935,36.5323281605,36.11641395946281,30.091149518882354,35.31871346004213,35.19332063567878
1226,36.489615119,36.52790957,36.11578556398743,30.09340213364706,35.29620985662252,35.16285858109497
1227,36.501398027,36.5087623445,36.135071015114505,30.124072350058825,35.32476807167602,35.179598033009924
1228,36.489615119,36.5205452525,36.109862352760445,30.093575411705885,35.311126417537814,35.19680095052161
1229,36.491087982500005,36.536746751,36.10543405107253,30.08751067964706,35.3361249020658,35.20378903662229
1230,36.5058166175,36.529382433500004,36.11101906314286,30.08196578176471,35.31095478335484,35.20671074353485
1231,36.5058166175,36.523490979500004,36.106977177873304,30.083352006235295,35.329151298509586,35.19182930350562
1232,36.498452300000004,36.523490979500004,36.10896598068831,30.082658894,35.30404991926455,35.18637872952526
1233,36.5175995255,36.513180935,36.127355439252746,30.096001304529413,35.30696116163208,35.17829017043055
1234,36.5117080715,36.510235208000005,36.10395760055717,30.086990845470588,35.29492705367432,35.181627194381505
1235,36.5175995255,36.513180935,36.13396002796104,30.09496163617647,35.32665190805526,35.164868704852246
1236,36.5117080715,36.510235208000005,36.11269716595823,30.085431342941177,35.31023001667014,35.18047774112867
1237,36.513180935,36.524963843,36.10794443689189,30.08612445517647,35.307666326404146,35.187439035167785
1238,36.5058166175,36.5441110685,36.11498708068182,30.091149518882354,35.3335373501548,35.19358958612811
1239,36.516126662000005,36.5500025225,36.11029735467394,30.11159632982353,35.33395742394572,35.20446468710098
1240,36.5146537985,36.560312567000004,36.09742224691385,30.108477324764706,35.31448398148045,35.185209268388476
1241,36.5117080715,36.5529482495,36.086932400848234,30.120086954705883,35.329557790740616,35.16396298685818
1242,36.516126662000005,36.563258294,36.09310877171756,30.10726437835294,35.33034785306987,35.17108154831662
1243,36.501398027,36.529382433500004,36.09910516255725,30.113329110411765,35.32059819807278,35.17957582260901
1244,36.516126662000005,36.542638205,36.09244667022901,30.11159632982353,35.31779007119356,35.13729278848875
1245,36.5117080715,36.5558939765,36.124542058257745,30.116621393529414,35.328023508939964,35.194713235409836
1246,36.4999251635,36.5558939765,36.09986720389313,30.12580513064706,35.303111034646435,35.17273326615043
1247,36.498452300000004,36.524963843,36.10904680768636,30.114195500705883,35.323580647410715,35.160881908806346
1248,36.457212122,36.5175995255,36.10238591518182,30.099466865705885,35.28580321147621,35.163041916550235
1249,36.457212122,36.523490979500004,36.11154714865546,30.089243460235295,35.294493934415854,35.16593717378641
1250,36.486669392,36.5117080715,36.116028927019016,30.103625539117647,35.295504748548005,35.17274614005839
1251,36.495506573,36.5028708905,36.11045394531784,30.11055666147059,35.29862887600544,35.165497169573285
1252,36.486669392,36.504343754000004,36.10375333063652,30.11055666147059,35.292145626395595,35.15176052289051
1253,36.4822508015,36.5087623445,36.10317855669173,30.11159632982353,35.29641981970149,35.1740889889404
1254,36.491087982500005,36.5087623445,36.08504377803144,30.122512847529414,35.284502161706556,35.148246214481205
1255,36.4940337095,36.507289481,36.08803156447369,30.08785723576471,35.28935825777468,35.128575598125
1256,36.479305074500004,36.522018116,36.10055115755418,30.105531597764706,35.28704494180124,35.16579216597753
1257,36.4851965285,36.516126662000005,36.107553335272726,30.091322796941178,35.27870312,35.14108975328211
1258,36.486669392,36.516126662000005,36.083229363544774,30.097040972882354,35.3052041286023,35.16313559607511
1259,36.498452300000004,36.522018116,36.08112922967703,30.11991367664706,35.30108269847406,35.154495096595284
1260,36.467522166500004,36.5117080715,36.09297203631983,30.103278983000003,35.30590445931244,35.1463350692788
1261,36.4969794365,36.5117080715,36.075706654411704,30.119567120529414,35.30754405214165,35.147275123109
1262,36.4881422555,36.5058166175,36.08335728388572,30.096521138705885,35.2864512508982,35.14198402576951
1263,36.498452300000004,36.501398027,36.10784513127932,30.130830194352942,35.32578266787899,35.14061344513808
1264,36.498452300000004,36.507289481,36.09700811153146,30.133429365235294,35.3223608204559,35.17005251533862
1265,36.5028708905,36.507289481,36.11628034302703,30.131869862705884,35.32776151414109,35.15424485542857
1266,36.5058166175,36.519072389,36.11812658154969,30.128404301529415,35.33093001052361,35.16697959474417
1267,36.510235208000005,36.513180935,36.10300137010526,30.14399932682353,35.337060978096495,35.17347715170766
1268,36.510235208000005,36.5175995255,36.13539866716912,30.139320819235294,35.33417236526316,35.18797730076079
1269,36.504343754000004,36.5117080715,36.112714821288705,30.138800985058825,35.330520736404715,35.164385011171106
1270,36.4999251635,36.524963843,36.13792362248649,30.145905385470588,35.31466737219748,35.175228096146725
1271,36.504343754000004,36.516126662000005,36.129001861052636,30.153702898117647,35.34112589475325,35.16654057809231
1272,36.504343754000004,36.522018116,36.137229407410246,30.11644811547059,35.321438108725744,35.170536620208914
1273,36.504343754000004,36.5175995255,36.12368149843267,30.10171948047059,35.31317360239843,35.17015601738461
1274,36.5028708905,36.5175995255,36.13862673100619,30.093748689764706,35.30153678011685,35.15575836471817
1275,36.483723665,36.483723665,36.12037713989474,30.11748778382353,35.31401524888082,35.11142977412676
1276,36.504343754000004,36.477832211,36.13738800202612,30.11644811547059,35.32029892145285,35.15081606241953
1277,36.4999251635,36.479305074500004,36.12649930865672,30.12528529647059,35.33169965916914,35.164191695232724
1278,36.504343754000004,36.510235208000005,36.10417631694273,30.112289442058824,35.303940065084184,35.17546204906516
1279,36.498452300000004,36.4881422555,36.12173643373609,30.128404301529415,35.319462609977556,35.16474722137083
1280,36.492560846,36.4940337095,36.12098382096154,30.127711189294118,35.31557466280791,35.15268533573034
1281,36.5028708905,36.507289481,36.089978156,30.10605143194118,35.311144947150765,35.14262283949481
1282,36.507289481,36.4822508015,36.125038083235296,30.141226877882353,35.317096581734106,35.14052390653998
1283,36.507289481,36.4822508015,36.123861344179105,30.153009785882354,35.33221833939096,35.13358844322445
1284,36.507289481,36.498452300000004,36.113234422238804,30.153529620058826,35.33186701615764,35.142248518866836
1285,36.504343754000004,36.5058166175,36.1260469466,30.133429365235294,35.32645800346041,35.14223744295082
1286,36.498452300000004,36.489615119,36.11874843941037,30.137414760588236,35.308234613269484,35.13520708922414
1287,36.501398027,36.510235208000005,36.13628754527102,30.136894926411767,35.32621371598716,35.10363363603448
1288,36.507289481,36.510235208000005,36.121290143,30.125631852588235,35.30821366197266,35.13959226051948
1289,36.498452300000004,36.5087623445,36.126182162726245,30.102585870764706,35.30825139672228,35.13710332988091
1290,36.474886484,36.507289481,36.11884054682482,30.11003682729412,35.31645654521994,35.13453861718572
1291,36.5175995255,36.510235208000005,36.11771642,30.10119964629412,35.30960367962545,35.134779633976166
1292,36.5175995255,36.5087623445,36.12259053065441,30.10570487582353,35.31473991656442,35.11453944167203
1293,36.523490979500004,36.4999251635,36.129340522627736,30.113848944588238,35.32019931421053,35.12100717130825
1294,36.5087623445,36.492560846,36.10855553617647,30.10709110029412,35.3051790056,35.12784325490546
1295,36.4999251635,36.460157849,36.10815446401866,30.11298255429412,35.3065263401614,35.098806173291536
1296,36.5028708905,36.473413620500004,36.125505477999226,30.10414537329412,35.315641299961314,35.131609803809184
1297,36.5028708905,36.501398027,36.12030265949635,30.112116164,35.30974199527752,35.130671359440996
1298,36.4763593475,36.4822508015,36.11532502591606,30.096521138705885,35.297760743836555,35.1074377160364
1299,36.463103576,36.480777938,36.13068098628526,30.080926113411767,35.29184999583438,35.10872748508531
1300,36.43953776,36.533801024,36.109029325184785,30.08109939147059,35.27471623577076,35.131770361953365
1301,36.460157849,36.519072389,36.12094552908282,30.10379881717647,35.30309040235294,35.12722326863727
1302,36.501398027,36.539692478,36.11085268127373,30.088203791882353,35.28352226702857,35.14219453918919
1303,36.483723665,36.524963843,36.116681811630436,30.08612445517647,35.288283326586686,35.11972461858407
1304,36.501398027,36.5470567955,36.133362286384894,30.113848944588238,35.3123174072296,35.149749107915056
1305,36.4999251635,36.523490979500004,36.13953322297873,30.082658894,35.26974060809918,35.133777661246405
1306,36.513180935,36.4645764395,36.09583628729638,30.106397988058824,35.28142214587599,35.10449184087822
1307,36.5500025225,36.4881422555,36.14019974370153,30.151450283352943,35.27785049998032,35.14451214674627
1308,36.495506573,36.477832211,36.1324359863918,30.082658894,35.25321958870348,35.11959356536346
1309,36.239228324,36.480777938,36.10610375815217,30.132043140764708,35.21292144832527,35.08943460125893
1310,36.4999251635,36.471940757,36.09762833527232,30.097214250941178,35.20975862252101,35.09112361341781
1311,36.4822508015,36.480777938,36.06090162622449,30.109170437,35.186583173928796,35.12426418365664
1312,36.495506573,36.507289481,36.06279428072534,30.082658894,35.17575853357143,35.10762601866924
1313,36.4763593475,36.473413620500004,36.059614382091354,30.08317872817647,35.16493515928641,35.12782285470588
1314,36.489615119,36.477832211,36.05930788022611,30.08456495264706,35.20826984113134,35.12630374828834
1315,36.474886484,36.498452300000004,36.04853294801583,30.077980386411767,35.218410424927164,35.123356615332135
1316,36.498452300000004,36.5058166175,36.07389620434043,30.081445947588236,35.2412830736,35.10780208143752
1317,36.4822508015,36.5058166175,36.058557068,30.094441802000002,35.22367244812074,35.13255855572566
1318,36.483723665,36.5058166175,36.0440992232518,30.08508478682353,35.21793445114555,35.17777974086781
1319,36.4233362615,36.5058166175,36.02956345941138,30.09686769482353,35.2233318536071,35.19058487251084
1320,36.4469020775,36.480777938,36.03721419253229,30.17241692847059,35.20227395370162,35.161765380829124
1321,36.4321734425,36.483723665,36.018211382670806,30.08612445517647,35.21967081313646,35.10601570315353
1322,36.336437315,36.4527935315,36.044123743977444,30.084738230705884,35.20950051330979,35.0885450203127
1323,36.492560846,36.471940757,36.07186854695652,30.089243460235295,35.24125416778331,35.11091929893806
1324,36.480777938,36.4645764395,36.05233461076054,30.085777899058826,35.265958695401395,35.084143989675766
1325,36.483723665,36.454266395000005,36.07759591543355,30.080752835352943,35.26664515994731,35.081265199060624
1326,36.480777938,36.454266395000005,36.0659267806044,30.07763383029412,35.258021904415195,35.0668116331894
1327,36.171476603,36.3879875375,36.076053547934784,30.084045118470588,35.23830033854714,35.014035783392856
1328,36.46899503,36.427754852,36.05669921140288,30.088896904117647,35.21597072944793,35.08659608610847
1329,36.4822508015,36.4557392585,36.09200464904256,30.079366610882353,35.22607520082603,35.090650944173916
1330,36.471940757,36.457212122,36.07041413058594,30.07763383029412,35.22011521366871,35.0992848922515
1331,36.1994610095,36.46899503,36.05208884462307,30.08456495264706,35.215843585481664,35.07033789844601
1332,36.46899503,36.457212122,36.11598414647887,30.078500220588236,35.2270373471798,35.07718062881356
1333,36.4233362615,36.467522166500004,36.078792272916665,30.083698562352943,35.22246331419355,35.10189783136501
1334,36.427754852,36.498452300000004,36.06485435562093,30.082832172058826,35.23288864183804,35.108197608444314
1335,36.448374941000004,36.4851965285,36.11989872109155,30.080406279235294,35.25852700688594,35.08079422547584
1336,36.4763593475,36.519072389,36.11365097490385,30.085604621,35.25917450525958,35.06530532610345
1337,36.479305074500004,36.448374941000004,36.12922108931064,30.088203791882353,35.281691184701494,35.08198041965151
1338,36.471940757,36.46899503,36.09324196619718,30.086644289352943,35.252502910884076,35.04799978275038
1339,36.463103576,36.4439563505,36.09117057498705,30.084738230705884,35.263143463821166,35.03945428556733
1340,36.451320668,36.460157849,36.08808823928611,30.085777899058826,35.23746003616223,35.06409770512449
1341,36.421863398,36.460157849,36.059435010164705,30.088377069941178,35.19419424063611,35.03058725024145
1342,36.4439563505,36.460157849,36.06913036996631,30.085951177117646,35.211092468497505,35.033080402
1343,36.4469020775,36.448374941000004,36.09593528953177,30.089763294411767,35.21664843794154,35.08198003324239
1344,36.477832211,36.433646306,36.05975243547826,30.084391674588236,35.220506999792455,35.05988492783377
1345,36.4616307125,36.457212122,36.07947599886957,30.09288229947059,35.19098354423913,35.103078429547246
1346,36.4763593475,36.4616307125,36.07316091188963,30.07815366447059,35.216538117974686,35.09398129729578
1347,36.486669392,36.471940757,36.089424983137796,30.079713167,35.24199465717654,35.091812147569094
1348,36.457212122,36.463103576,36.066732941167686,30.07711399611765,35.238707961075406,35.05483348223407
1349,36.4645764395,36.4469020775,36.115788335428576,30.07763383029412,35.25774691562775,35.04416831800539
1350,36.477832211,36.4616307125,36.11440870592045,30.08612445517647,35.247375501098965,35.08540638322502
1351,36.4557392585,36.467522166500004,36.1021729549917,30.07815366447059,35.25444234825853,35.079762244766066
1352,36.4851965285,36.5028708905,36.0822608415912,30.103972095235296,35.250596050221,35.11382509639448
1353,36.483723665,36.451320668,36.129815221757035,30.087164123529412,35.22897203808696,35.09659459225522
1354,36.460157849,36.504343754000004,36.06675215558954,30.079539888941177,35.20749588076804,35.112691326401794
1355,36.4527935315,36.507289481,36.07957312496504,30.08005972311765,35.21011976500309,35.091586246190474
1356,36.415971944,36.492560846,36.06027947443872,30.08005972311765,35.22053050598623,35.08376754992739
1357,36.454266395000005,36.4822508015,36.06903744365306,30.085431342941177,35.21702099524932,35.07545253757634
1358,35.8341908615,36.3732589025,36.03385864233813,30.095134914235295,35.2165675698067,35.04558342641781
1359,36.0727947485,36.3997704455,36.059189304370506,30.106397988058824,35.23949625559961,35.0399071666156
1360,36.4557392585,36.4822508015,36.019195107807874,30.077807108352943,35.21056421349624,35.039751894757934
1361,36.421863398,36.483723665,36.05008987192862,30.077980386411767,35.230960284577655,35.05982790540007
1362,36.473413620500004,36.492560846,36.05917438347289,30.077807108352943,35.21736418671308,35.058534676390124
1363,36.4203905345,36.4999251635,36.054947515197185,30.07815366447059,35.24708686097105,35.04412270544073
1364,36.413026217,36.474886484,36.03341466571831,30.07711399611765,35.228836121668145,35.03256689224514
1365,36.2848870925,36.46899503,35.95185764585336,30.07676744,35.222296695239855,35.03787318510104
1366,36.413026217,36.46899503,36.01325780963836,30.07728727417647,35.224702817864134,35.050405837090054
1367,36.4557392585,36.516126662000005,36.043136231385134,30.07832694252941,35.243313483125,35.069907164438646
1368,36.4144990805,36.513180935,36.059988740306125,30.07676744,35.228375459396034,35.03930751762479
1369,36.4498478045,36.510235208000005,36.12419526818728,30.088723626058826,35.23910436041573,35.0589247852669
1370,36.421863398,36.492560846,36.07649160915427,30.076940718058825,35.238997858647565,35.044606885226955
1371,36.4144990805,36.491087982500005,36.04660664739383,30.079366610882353,35.23443163621385,35.05907186852933
1372,36.463103576,36.513180935,36.09495047143836,30.07763383029412,35.233538934061755,35.037371708
1373,36.4851965285,36.5146537985,36.07579057289796,30.07711399611765,35.22904011638267,35.03445835162638
1374,36.448374941000004,36.486669392,36.05800434382852,30.07728727417647,35.20918703533413,35.04392320041494
1375,36.480777938,36.5028708905,36.04092946357143,30.080752835352943,35.20780862531856,35.059876896556965
1376,36.448374941000004,36.4999251635,36.086867410547946,30.085951177117646,35.21077433344262,35.07864918394715
1377,36.4704678935,36.4616307125,36.05549649179136,30.085604621,35.224237209321586,35.076966794167376
1378,36.477832211,36.5382196145,36.07028328040816,30.07763383029412,35.249647469997115,35.060265420953435
1379,36.46899503,36.533801024,36.07692057469388,30.07867349864706,35.24207329095469,35.018107065409794
1380,36.2701584575,36.429227715500005,35.984888565982146,30.080752835352943,35.222258634320916,35.0179425947488
1381,36.483723665,36.466049303,36.05914186692153,30.076940718058825,35.22364118878049,35.01284080920709
1382,36.4586849855,36.516126662000005,36.08422803738637,30.07676744,35.21908826054811,35.03652738590078
1383,36.3231815435,36.460157849,36.06997526694286,30.08785723576471,35.220855461267185,34.98879921139665
1384,36.3791503565,36.5058166175,36.028675092244434,30.079886445058825,35.21418146218896,35.036317706290475
1385,36.3025614545,36.495506573,36.009324288069934,30.076940718058825,35.18631928462866,35.04656172981408
1386,36.301088591,36.4999251635,35.98778656129464,30.07676744,35.179140146482,35.04120792079202
1387,36.417444807500004,36.501398027,35.99603523110638,30.08057955729412,35.188551130803205,35.06649300539732
1388,36.413026217,36.471940757,36.06324644682488,30.08213905982353,35.19267155230332,35.043882828276296
1389,36.3997704455,36.486669392,35.99026360410345,30.07832694252941,35.18448522197704,35.05475718187282
1390,36.415971944,36.473413620500004,36.02266883356044,30.09045640664706,35.190373591836085,35.06583271178004
1391,36.377677493,36.4822508015,35.9785129412545,30.07867349864706,35.160492537010484,35.07932403978022
1392,36.417444807500004,36.4645764395,35.986877711,30.156128790941178,35.164267047461465,35.091203501545095
1393,36.3879875375,36.480777938,35.939228756099745,30.08300545011765,35.17628979640943,35.07774990971261
1394,36.415971944,36.4822508015,36.01038741791429,30.09288229947059,35.1985149401354,35.090593382337076
1395,36.4144990805,36.46899503,35.97702143791024,30.081792503705884,35.163675138147546,35.06645494884112
1396,36.3231815435,36.4527935315,35.98150157872702,30.08005972311765,35.11234989714861,35.08077507638579
1397,36.355584540500004,36.454266395000005,35.93711858263539,30.077807108352943,35.12093339419573,35.03824117423599
1398,36.3408559055,36.424809125,35.94289418087572,30.07676744,35.11786996847984,35.04298047053547
1399,36.395351855,36.427754852,35.968925317419355,30.079539888941177,35.13343913,34.98905600926471
1400,36.380623220000004,36.4351191695,35.956861298375,30.08005972311765,35.13004858643731,35.00060441272912
1401,36.3290729975,36.4439563505,35.931744511412624,30.07711399611765,35.141578634978416,35.00048641368625
1402,36.362948858,36.471940757,35.974998178976065,30.083352006235295,35.13617170663102,35.06303540337638
1403,36.3703131755,36.477832211,35.96032058615087,30.08023300117647,35.14601297238063,35.05975458722475
1404,36.3732589025,36.4763593475,35.9425281545,30.07763383029412,35.135068247472745,35.05922810553588
1405,36.349693086500004,36.473413620500004,35.91191870538985,30.07728727417647,35.12462818337072,35.046692515820894
1406,36.2701584575,36.466049303,35.90272577182143,30.079713167,35.13504334797217,35.025301412000005
1407,36.29225141,36.424809125,35.90534893476448,30.08057955729412,35.12608778586332,35.021849405621765
1408,36.301088591,36.4498478045,35.95082911569149,30.080926113411767,35.11990558791694,35.00321948238411
1409,36.318762953000004,36.4262819885,35.97526198654676,30.08109939147059,35.09667641051656,35.00078267789474
1410,36.306980045,36.473413620500004,35.953558672899085,30.08005972311765,35.083958022008915,35.0416321514489
1411,36.327600134,36.46899503,35.94662174965923,30.081792503705884,35.09854195805865,35.03855886392542
1412,36.315817226,36.46899503,35.950866077591826,30.079366610882353,35.09734623332211,35.036375969295776
1413,36.3172900895,36.471940757,35.93342770804348,30.077980386411767,35.09772134576923,35.04215534992093
1414,36.306980045,36.474886484,35.91410717054849,30.07676744,35.08568652674515,35.02650997939541
1415,36.306980045,36.466049303,35.92441019026232,30.07728727417647,35.10512931652898,35.04953511004563
1416,36.342328769,36.474886484,35.89909324266361,30.07676744,35.08833568525316,35.04614136517192
1417,36.306980045,36.448374941000004,35.913343637000004,30.07676744,35.097787991176475,35.033599482057554
1418,36.2819413655,36.454266395000005,35.90959581991898,30.07676744,35.081795568662955,35.02043431023861
1419,36.309925772,36.4410106235,35.903020939600644,30.07676744,35.082861193496214,35.00602765993581
1420,36.309925772,36.4351191695,35.91014220819334,30.07676744,35.086239123674176,34.98094094656455
1421,36.32170868,36.430700579,35.888735684298645,30.07676744,35.10124580981233,35.02379834364689
1422,35.8577566775,36.417444807500004,35.907714270782876,30.084045118470588,35.09248092116865,34.997229043785396
1423,36.11550779,36.404189036000005,35.87201583156179,30.09825391929412,35.095001297947256,34.942750223127035
1424,36.280468502000005,36.398297582,35.86416205463158,30.088377069941178,35.10295132727273,34.95684464578778
1425,36.2701584575,36.4086076265,35.89314936757463,30.088377069941178,35.10652419428671,34.932767824667145
1426,36.183259511,36.383568947,35.841802652,30.078500220588236,35.09336031895295,34.90476723542857
1427,36.274577048,36.3379101785,35.86718131338235,30.085951177117646,35.11765285685617,34.95833256324344
1428,36.262794140000004,36.389460401,35.866584067384615,30.07815366447059,35.10504604934149,34.935713295350716
1429,36.2907785465,36.3614759945,35.8525349197814,30.07867349864706,35.11148788200627,34.93447778998524
1430,36.256902686000004,36.4027161725,35.84473802334365,30.077460552235294,35.109855908442626,34.954105535364775
1431,36.231864006500004,36.3614759945,35.87287167573927,30.08057955729412,35.13116653834862,34.94729250890098
1432,36.2348097335,36.417444807500004,35.875361745621625,30.079020054764708,35.12137023088859,34.94097679693674
1433,36.2642670035,36.312871499,35.880238136,30.088377069941178,35.14875412871129,34.940288566307025
1434,36.2613212765,36.365894585,35.8693977542,30.083871840411767,35.153687760117364,34.94402154291435
1435,36.2642670035,36.3791503565,35.863473836,30.079886445058825,35.139594806688855,34.94087436234106
1436,36.231864006500004,36.417444807500004,35.858306253432836,30.079020054764708,35.141078890797424,34.93386367103105
1437,35.750237642,35.891632538,35.79545352147552,30.096001304529413,35.127190853345894,34.90394226264718
1438,36.362948858,36.413026217,35.84261982090909,30.077460552235294,35.11453330347826,34.92775146410176
1439,36.380623220000004,36.4262819885,35.89597166136364,30.078846776705884,35.13340435257426,34.950281218303076
1440,36.3614759945,36.411553353500004,35.851870618604394,30.076940718058825,35.12870936608607,34.95158468611858
1441,36.3791503565,36.433646306,35.848571504732824,30.07711399611765,35.126976141548525,34.94963706152038
1442,36.330545861000004,36.4321734425,35.844037580974025,30.07676744,35.13074428931069,34.95570287202001
1443,36.3349644515,36.415971944,35.84636244556391,30.07676744,35.13247889378819,34.95137501044879
1444,36.286359956,36.429227715500005,35.86877658694805,30.07728727417647,35.12464829924842,34.94313474513393
1445,36.35116595,36.4410106235,35.85202143629546,30.07728727417647,35.113557893071025,34.941740307556735
1446,36.362948858,36.430700579,35.84838355858367,30.07676744,35.092719313265306,34.96126234295349
1447,36.304034318,36.4321734425,35.84384986928026,30.077980386411767,35.11056473168901,34.94986440483696
1448,36.312871499,36.4321734425,35.83651499834242,30.07763383029412,35.085886692458566,34.98030510854037
1449,36.32170868,36.4351191695,35.86779892863636,30.07711399611765,35.10730645785998,34.979881627535214
1450,36.286359956,36.415971944,35.851924569648354,30.07832694252941,35.097506444539746,34.94381831221028
1451,36.301088591,36.413026217,35.83817428778409,30.07676744,35.10365555825763,34.966790005658154
1452,36.298142864,36.3879875375,35.82834491582334,30.077980386411767,35.100205852024544,34.95106638927819
1453,36.2819413655,36.411553353500004,35.80942868409091,30.07676744,35.08328698919081,34.926641385520256
1454,36.286359956,36.339383042,35.82554708681818,30.07815366447059,35.1025725929587,34.94019657593103
1455,36.2819413655,36.3290729975,35.82217184561069,30.07728727417647,35.10331059597523,34.93990123455617
1456,36.32170868,36.348220223,35.826578122093785,30.078500220588236,35.125495083192774,34.94998142744492
1457,36.29225141,36.3084529085,35.83652753435115,30.07728727417647,35.118180218940935,34.93457071042553
1458,36.2701584575,36.3644217215,35.8215514398052,30.07728727417647,35.10957377277612,34.912995573535895
1459,36.2701584575,36.405661899500004,35.825082621363634,30.077460552235294,35.090053260434786,34.9303778969651
1460,36.237755460500004,36.2848870925,35.82782587045455,30.076940718058825,35.08142418285715,34.9327612684874
1461,36.236282597,36.3438016325,35.83255009581169,30.076940718058825,35.090380509213716,34.92683148570019
1462,36.2407011875,36.3438016325,35.84857727789474,30.077460552235294,35.0927091515213,34.936723418073115
1463,36.242174051,36.405661899500004,35.84893858384875,30.07676744,35.09274087677862,34.93730659386312
1464,36.236282597,36.333491588,35.86684408579798,30.07676744,35.0865488431076,34.92449655096088
1465,36.242174051,36.3762046295,35.86919102905844,30.07676744,35.09816908381443,34.93696926066514
1466,36.242174051,36.306980045,35.85376532984733,30.07676744,35.09149757881282,34.94403078513503
1467,36.274577048,36.3320187245,35.87384409832061,30.078500220588236,35.08574154389153,34.9513824211124
1468,36.265739867,36.3231815435,35.86161365480916,30.07676744,35.08566315243243,34.92772686055318
1469,36.280468502000005,36.3997704455,35.86969579829545,30.079020054764708,35.091479270561415,34.95162423266366
1470,36.248065505,36.41008049,35.818278409805195,30.07676744,35.0730715782649,34.928445566810446
1471,36.2672127305,36.417444807500004,35.83518727851023,30.07676744,35.088853652059605,34.93637153965257
1472,36.259848413,36.415971944,35.847778186688316,30.07711399611765,35.09881171534174,34.941201985787856
1473,36.277522775,36.389460401,35.847953916363636,30.07676744,35.11376277742781,34.95191680183953
1474,36.248065505,36.407134763,35.827183601818184,30.07676744,35.09665210272022,34.944103545635315
1475,36.2465926415,36.392406128000005,35.827428016396105,30.07676744,35.099376912365116,34.945906150195626
1476,36.2348097335,36.3879875375,35.81366446610687,30.07676744,35.08361249514113,34.91445455409091
1477,36.2230268255,36.3703131755,35.83045436045802,30.07711399611765,35.08609508711246,34.93465204934407
1478,36.206825327000004,36.35116595,35.799904809577924,30.07676744,35.08050479382147,34.92509549268966
1479,36.224499689,36.315817226,35.84280180671756,30.079539888941177,35.09523725204969,34.92992965142857
1480,36.225972552500004,36.3320187245,35.81064438892308,30.079539888941177,35.0773591171831,34.90356992951132
1481,36.2495383685,36.280468502000005,35.84711807114231,30.07919333282353,35.074478349522174,34.914237115034965
1482,36.2407011875,36.342328769,35.822979966153845,30.079539888941177,35.08173567939897,34.927297111867354
1483,36.248065505,36.293724273500004,35.8288048427907,30.07815366447059,35.06756138553279,34.92076419191278
1484,36.2407011875,36.309925772,35.80990381215385,30.07815366447059,35.082575375377196,34.91745196765198
1485,36.253956959,36.342328769,35.82096251251909,30.079886445058825,35.086639711046026,34.915897994434715
1486,36.2465926415,36.324654407000004,35.81287717261539,30.079539888941177,35.077929804407134,34.899513055036834
1487,36.221553962,36.354111677,35.85018998180916,30.079020054764708,35.09481489203685,34.93623545706626
1488,36.212716781000005,36.374731766000004,35.82146849954545,30.079539888941177,35.062991647975295,34.90160380616371
1489,36.2289182795,36.2996157275,35.82692602446154,30.08023300117647,35.08132041406056,34.898275240587544
1490,36.2053524635,36.315817226,35.828130759007635,30.077980386411767,35.072695703966424,34.920233334523715
1491,36.193569555500005,36.327600134,35.843440890602274,30.07676744,35.08667408923554,34.92181861139526
1492,36.200933873000004,36.2996157275,35.81925829155385,30.077460552235294,35.079176185382416,34.92640384993045
1493,36.171476603,36.3231815435,35.8224284219495,30.07676744,35.095532714405145,34.909546415384014
1494,36.197988146,36.32170868,35.804160079355995,30.07676744,35.065576787428576,34.89021313546863
1495,36.2024067365,36.2907785465,35.79404676796512,30.07676744,35.08282184678647,34.90088362839222
1496,36.215662508,36.2819413655,35.80023569296539,30.079539888941177,35.10071100110879,34.908967270681906
1497,36.242174051,36.283414229,35.787886299003844,30.077460552235294,35.09044827787011,34.89366697705951
1498,36.23333687,36.3290729975,35.78928401847328,30.07676744,35.08057435383294,34.892780657437726
1499,36.2407011875,36.330545861000004,35.797751543916036,30.07676744,35.08551364314055,34.877456786746414
1500,36.230391143,36.2524840955,35.78837181892308,30.077980386411767,35.087317534018695,34.874845023943664
1501,36.2348097335,36.2996157275,35.822922148449706,30.077807108352943,35.09253525901617,34.90497399927315
1502,36.230391143,36.327600134,35.812457144,30.07763383029412,35.086216920803324,34.89840298140463
1503,36.230391143,36.348220223,35.81354037569231,30.07763383029412,35.090708061708405,34.90314127018703
1504,36.206825327000004,36.287832819500004,35.804778910376925,30.07676744,35.084401517428276,34.8856222790737
1505,36.227445416,36.2731041845,35.80310700883721,30.07763383029412,35.08975477532034,34.89962052250603
1506,36.224499689,36.2760499115,35.80669833061538,30.07711399611765,35.08326836167011,34.89829847428915
1507,36.2289182795,36.287832819500004,35.80345968892308,30.07711399611765,35.08937749178167,34.89741808907069
1508,36.221553962,36.227445416,35.808279793619235,30.077460552235294,35.08215581900734,34.87854046564833
1509,36.221553962,36.371786039,35.81354951905844,30.07711399611765,35.092743277381444,34.90097802255538
1510,36.215662508,36.349693086500004,35.823943993260634,30.07711399611765,35.09402367472617,34.87762062225187
1511,36.227445416,36.380623220000004,35.8418036270229,30.077807108352943,35.09825952041953,34.88945639324885
1512,36.224499689,36.333491588,35.83421307374046,30.077460552235294,35.08662530440367,34.86848336
1513,36.230391143,36.348220223,35.84948219353326,30.077460552235294,35.10285311725397,34.86499344246988
1514,36.200933873000004,36.3614759945,35.84305992266234,30.07815366447059,35.0781583912289,34.869738903663034
1515,36.186205238,36.367367448500005,35.82457098363636,30.077460552235294,35.0629324279009,34.879884497027234
1516,36.186205238,36.3438016325,35.82304695636364,30.077460552235294,35.06191910048764,34.87623236
1517,36.206825327000004,36.315817226,35.848406969618324,30.077460552235294,35.08130213197492,34.890733958440364
1518,36.221553962,36.271631321,35.83711392906154,30.07676744,35.056266934537724,34.889558849013866
1519,36.1965152825,36.239228324,35.83218550119616,30.077460552235294,35.062053799494734,34.866898898619084
1520,36.1965152825,36.224499689,35.82166581297675,30.07728727417647,35.03818585874184,34.862046923014354
1521,36.2141896445,36.23333687,35.821859911267445,30.07711399611765,35.040640859191356,34.85191170968454
1522,36.1641122855,36.162639422,35.85255243636706,30.077460552235294,35.05247374501408,34.82040126804271
1523,36.218608235000005,36.2200810985,35.85359784153846,30.077460552235294,35.07414495637642,34.851078284080266
1524,36.2112439175,36.218608235000005,35.85025640336923,30.077460552235294,35.06360208171057,34.816617456583494
1525,36.218608235000005,36.206825327000004,35.84748531984616,30.08161922564706,35.07078726808369,34.79550486186154
1526,36.0816319295,36.114034926500004,35.838152750139535,30.125112018411766,35.0643113294426,34.77461333529269
1527,36.206825327000004,36.1876781015,35.814339060076335,30.07711399611765,35.05915766165633,34.76835694790807
1528,36.2171353715,36.1729494665,35.828787949447175,30.07676744,35.072409804389814,34.78851321606519
1529,36.280468502000005,36.237755460500004,35.85860707394344,30.07867349864706,35.09099291975841,34.78465537268623
1530,36.3143443625,36.1788409205,35.85934028261654,30.085951177117646,35.13036455967824,34.814116845661964
1531,36.3084529085,36.171476603,35.87571896770301,30.07763383029412,35.155299252412256,34.7795060833244
1532,36.295197137,36.195042419,35.871307021700005,30.077807108352943,35.144471662361035,34.73916905481901
1533,36.283414229,36.225972552500004,35.854453436893166,30.080926113411767,35.17070578536283,34.74409780048548
1534,36.309925772,36.242174051,35.85925885171642,30.080926113411767,35.18054232904221,34.729114077662445
1535,36.318762953000004,36.2082981905,35.873324138923806,30.082832172058826,35.20540071651695,34.72700408430482
1536,36.324654407000004,36.177368057,35.87882172063621,30.08456495264706,35.190160393040394,34.74392752574655
1537,36.3408559055,36.1906238285,35.889222935681,30.094095245882354,35.207845171912126,34.73837446413096
1538,36.271631321,36.2112439175,35.8911415835,30.082658894,35.19178929046512,34.750604751172766
1539,36.2672127305,36.206825327000004,35.86744656894737,30.090109850529412,35.21131675826468,34.75889842685149
1540,36.251011232,36.1847323745,35.87933799227273,30.085258064882353,35.18443365558041,34.76645774216298
1541,36.253956959,36.186205238,35.85548132358804,30.07867349864706,35.15278622869487,34.76839559034091
1542,36.2038796,36.215662508,35.8319163839882,30.077980386411767,35.133037181531364,34.760697039476085
1543,36.2053524635,36.251011232,35.839652564000005,30.07676744,35.13098420355446,34.78385745040219
1544,36.186205238,36.2407011875,35.85666034397245,30.078500220588236,35.118349400073576,34.77810258675862
1545,36.1434921965,36.2465926415,35.86285755035662,30.077460552235294,35.11959306,34.784758752900764
1546,36.209771054,36.2672127305,35.8645446829407,30.07676744,35.105420285209306,34.796765903572805
1547,36.212716781000005,36.256902686000004,35.87747237663158,30.07676744,35.12456161834609,34.80994776331442
1548,36.195042419,36.287832819500004,35.863081645538465,30.07676744,35.1317181539779,34.7849556344
1549,36.1670580125,36.215662508,35.872005842315794,30.07676744,35.151472674430856,34.7820738585319
1550,36.237755460500004,36.1464379235,35.86080308650106,30.076940718058825,35.16102061337994,34.80295556791157
1551,36.237755460500004,36.1523293775,35.84823971334615,30.080926113411767,35.188096564609666,34.83067641322034
1552,36.237755460500004,36.1464379235,35.83494753344609,30.080926113411767,35.183881862116635,34.7619930393149
1553,36.265739867,36.1965152825,35.85676000295113,30.077980386411767,35.1828806599822,34.781626319561475
1554,36.218608235000005,36.170003739500004,35.87093201561535,30.081792503705884,35.17102095129454,34.74949732524866
1555,36.2289182795,36.2053524635,35.904886910769235,30.079886445058825,35.16671207366793,34.77642613064137
1556,36.2230268255,36.162639422,35.91552990768831,30.07867349864706,35.16646542652491,34.78418342122034
1557,36.200933873000004,36.183259511,35.9397254205453,30.07676744,35.15638278305802,34.79528650727273
1558,36.1641122855,36.2024067365,35.89201731721886,30.07763383029412,35.11783523080988,34.7740486191684
1559,36.1258178345,36.1906238285,35.882435263534006,30.07815366447059,35.082682179567236,34.74755167167618
1560,36.189150965,36.171476603,35.910601565200004,30.07676744,35.057060473928246,34.791796802200274
1561,36.183259511,36.224499689,35.90945575762493,30.076940718058825,35.06212619779399,34.83295879173616
1562,36.17442233,36.2200810985,35.87582802379562,30.07711399611765,35.062618769753165,34.814697897500004
1563,36.1729494665,36.2407011875,35.897235776984175,30.07676744,35.07716943561062,34.78064266172824
1564,36.1493836505,36.215662508,35.88936133979131,30.076940718058825,35.07433481619217,34.77529151054693
1565,36.17442233,36.2112439175,35.89793985934118,30.077980386411767,35.08589020015897,34.80468506945709
1566,36.1552751045,36.218608235000005,35.868673195205886,30.07763383029412,35.07752948569667,34.809756246956525
1567,36.189150965,36.2112439175,35.890282413125,30.07676744,35.075632939890276,34.82799973483607
1568,36.1847323745,36.2348097335,35.89676307530691,30.07676744,35.073900875584656,34.8233597914662
1569,36.1729494665,36.2230268255,35.891285981882355,30.08213905982353,35.0850421925,34.83505201235811
1570,36.186205238,36.225972552500004,35.88329268753247,30.081445947588236,35.08153765163601,34.83181039129437
1571,36.498452300000004,36.4557392585,36.032197927727275,30.193383573588235,35.35917247918919,35.14205848235207
1572,36.498452300000004,36.5058166175,36.03206018035821,30.114715334882355,35.331815933925235,35.11720965297179
1573,36.5087623445,36.5028708905,36.0483452144,30.142959658470588,35.34664505509501,35.11264536690291
1574,36.492560846,36.368840312,36.037713700307286,30.11991367664706,35.34594217510426,35.078066920898365
1575,36.4940337095,36.519072389,36.03466640992481,30.109343715058824,35.35553905950444,35.08477153972686
1576,36.513180935,36.5146537985,36.073654976966594,30.143132936529412,35.37294967954067,35.09888073569157
1577,36.510235208000005,36.516126662000005,36.062252864375,30.179867885,35.37265903936005,35.052316958570835
1578,36.519072389,36.5087623445,36.06233464481728,30.34084320164706,35.37266304744918,35.088903596099584
1579,36.548529659,36.5087623445,36.06072350214286,30.265467246058826,35.367688219644975,35.07888328196494
1580,36.5264367065,36.507289481,36.08366008629537,30.39923790747059,35.386158034736845,35.1009248537525
1581,36.5588397035,36.545583932,36.1150168355,30.348987270411765,35.37334666694818,35.118719180280266
1582,36.539692478,36.516126662000005,36.110230685481284,30.373592754764708,35.37777958674631,35.107223537208206
1583,36.539692478,36.52790957,36.102741902215925,30.387281721411767,35.370562813631715,35.116167817351155
1584,36.530855297,36.5175995255,36.116478258517475,30.384162716352943,35.376901148454756,35.13995914617021
1585,36.536746751,36.5323281605,36.095095076183206,30.343962206705882,35.35284553809187,35.144910568266035
1586,36.524963843,36.52790957,36.10043602636044,30.393173175411764,35.340771180070675,35.159736272428574
1587,36.519072389,36.5264367065,36.09199979634024,30.331659464529412,35.3364261346833,35.144621634844796
1588,36.516126662000005,36.52790957,36.08028113538495,30.390747282588237,35.32694992928184,35.16184315903226
1589,36.530855297,36.5264367065,36.082288660844156,30.222147731352944,35.32907849359701,35.10732088822423
1590,36.548529659,36.541165341500005,36.09280240280246,30.21313727229412,35.3421834711265,35.1239239392949
1591,36.560312567000004,36.575041202,36.09949310690717,30.136721648352943,35.329350006238535,35.122699742199714
1592,36.5441110685,36.524963843,36.127375057054955,30.14642521964706,35.33993205929074,35.12610858673077
1593,36.545583932,36.5706226115,36.12705476089958,30.186799007352942,35.35486951338761,35.12579741589022
1594,36.516126662000005,36.523490979500004,36.065594889619256,30.08508478682353,35.32049092208946,35.07093749197369
1595,36.5028708905,36.5588397035,36.041973716,30.10431865135294,35.3535157745234,35.11998498617904
1596,36.46899503,36.4086076265,36.022074244741674,30.12580513064706,35.34524357716176,35.03065403881607
1597,36.524963843,36.5146537985,36.005643083,30.07763383029412,35.30704649167832,35.10304453513691
1598,36.529382433500004,36.5058166175,36.04600923883943,30.081445947588236,35.33194094345781,35.12059755554306
1599,36.535273887500004,36.5028708905,36.04571164652985,30.089243460235295,35.32220865345018,35.12122166400738
1600,36.3850418105,36.4704678935,36.060931917674424,30.25195155747059,35.31212091521849,35.09779118936877
1601,36.5087623445,36.519072389,36.05360322635339,30.08612445517647,35.3133990075733,35.134288472643014
1602,36.4851965285,36.516126662000005,35.99629103076959,30.127537911235294,35.277949918005035,35.12730954915313
1603,36.4881422555,36.5117080715,36.0326295362353,30.115581725176472,35.30486254907806,35.14673584071806
1604,36.474886484,36.541165341500005,36.02054106880597,30.09686769482353,35.280948163684215,35.14785071891079
1605,36.480777938,36.542638205,35.9943214476103,30.090109850529412,35.2830128672189,35.125743518
1606,36.4969794365,36.5588397035,36.008953491800476,30.097734085117647,35.30267039542347,35.10984739458392
1607,36.4822508015,36.5264367065,36.0480698427822,30.12199301335294,35.29084056417155,35.115091622442065
1608,36.486669392,36.5323281605,36.0515706795036,30.10119964629412,35.28927136368846,35.107349803840386
1609,36.501398027,36.5500025225,36.038226606834534,30.116274837411765,35.31690112974115,35.11554143208115
1610,36.501398027,36.522018116,36.015142662928575,30.091669353058826,35.29614182384,35.09704330469193
1611,36.5146537985,36.5676768845,36.01074411138776,30.089936572470588,35.28121215614374,35.11025676898511
1612,36.5028708905,36.533801024,36.04492807689209,30.106744544176472,35.294011089767444,35.10885494911984
1613,36.5058166175,36.533801024,36.04358717527806,30.14486571711765,35.29006441092963,35.10337946150412
1614,36.501398027,36.5117080715,35.99705322701719,30.122512847529414,35.28366010021739,35.06433026793775
1615,36.504343754000004,36.5529482495,36.01474750442857,30.098427197352944,35.32854858006379,35.080372199544044
1616,36.491087982500005,36.5205452525,36.02959202638298,30.08785723576471,35.324380487029956,35.06173952323823
1617,36.477832211,36.5117080715,36.035118405683455,30.084738230705884,35.32388466274499,35.06580264347702
1618,36.4881422555,36.519072389,36.04643054391305,30.084391674588236,35.354337249796956,35.06493332445679
1619,36.5028708905,36.5205452525,36.02943979055482,30.107957490588237,35.36298665371296,35.04806474841885
1620,36.501398027,36.5323281605,36.03060953160079,30.08213905982353,35.34643089494603,35.04181376004248
1621,36.4881422555,36.5382196145,36.042546897356615,30.170164313705882,35.34523591398422,35.08279786229388
1622,36.4851965285,36.5558939765,36.05753253290818,30.173629874882355,35.3225529281241,35.05074469701038
1623,36.5058166175,36.5441110685,36.06488591606629,30.121819735294117,35.32889150079225,35.04220011718044
1624,36.489615119,36.551475386,36.0473848399018,30.11194288594118,35.31460384422778,35.03587980516407
1625,36.491087982500005,36.5323281605,36.07604846559006,30.16461941582353,35.328667244437426,35.065739462534246
1626,36.4704678935,36.5028708905,36.09799620435829,30.20274058876471,35.33667381861511,35.02709046250698
1627,36.4851965285,36.513180935,36.06942744100544,30.114195500705883,35.33587090687319,35.010222409580635
1628,36.4704678935,36.522018116,36.08469322790602,30.094441802000002,35.31278868847751,35.04722555584071
1629,36.460157849,36.489615119,36.06297742452338,30.121473179176473,35.24650943626433,35.08746171795838
1630,36.480777938,36.533801024,36.06595026517647,30.086297733235295,35.23927408975986,35.158231980967116
1631,36.4999251635,36.533801024,36.040699039568345,30.085951177117646,35.239900610361445,35.13077890166511
1632,36.460157849,36.5441110685,36.07069065778572,30.088377069941178,35.22674061207735,35.11412378158358
1633,36.454266395000005,36.5264367065,36.0499839297563,30.137761316705884,35.2629730063139,35.12384379327676
1634,36.4704678935,36.491087982500005,36.00368327606618,30.12875085764706,35.23708449689666,35.07294725200133
1635,36.5028708905,36.507289481,36.06182408140074,30.177441992176472,35.2934027387766,35.10033294427144
1636,36.4969794365,36.513180935,36.063292562240804,30.115408447117648,35.27410197263981,35.066838588854814
1637,36.413026217,36.4999251635,36.024927521287395,30.08317872817647,35.27404633929025,34.98730332683373
1638,36.4851965285,36.533801024,36.008304316051465,30.086644289352943,35.26119741034483,35.05934296521591
1639,36.4940337095,36.530855297,36.03148815079137,30.13654837029412,35.2677664716686,35.07079759685939
1640,36.4881422555,36.523490979500004,36.002844252703575,30.121473179176473,35.25419527862029,35.06364791743802
1641,36.501398027,36.5441110685,36.01639509787755,30.130483638235294,35.27233900215086,35.06820910195667
1642,36.4645764395,36.55736684,36.013890227979594,30.097734085117647,35.257388150715315,35.03014941837838
1643,36.4851965285,36.5470567955,36.01230856139839,30.09496163617647,35.26758458263339,35.03311879663515
1644,36.474886484,36.539692478,36.026464251509054,30.09981342182353,35.26007428482759,35.04909173190127
1645,36.306980045,36.4881422555,36.00532951124714,30.17501609935294,35.25667800445925,35.04002746187373
1646,36.5205452525,36.545583932,36.025578310023505,30.174842821294117,35.24919053306048,35.05688462388889
1647,36.501398027,36.492560846,36.059905938068916,30.12337923782353,35.26972274995587,35.06852109788403
1648,36.501398027,36.477832211,36.05734950289441,30.13949409729412,35.25948701662822,35.07175515402005
1649,36.498452300000004,36.4822508015,36.06509617796948,30.12233956947059,35.281295122881005,35.070251475990254
1650,36.4469020775,36.4704678935,36.04177797597059,30.093055577529412,35.2672466932088,35.07403384019231
1651,36.4498478045,36.504343754000004,35.99965718335821,30.102585870764706,35.23853562969466,35.08335061865528
1652,36.445429214,36.5058166175,35.964965573933036,30.088723626058826,35.23167646538757,35.09005357342375
1653,36.4469020775,36.5028708905,35.95390962676923,30.078500220588236,35.22583597492735,35.10209573028898
1654,36.415971944,36.4940337095,35.97807909673213,30.079886445058825,35.201089661081085,35.10721175419309
1655,36.4439563505,36.5146537985,35.9353510142066,30.083871840411767,35.184298142319506,35.10629631479633
1656,36.4439563505,36.4881422555,35.93212535206478,30.079713167,35.15462915392552,35.10082040894304
1657,36.2731041845,36.2465926415,35.947878299692306,30.10726437835294,35.12618423368384,34.97529537035017
1658,36.0845776565,36.427754852,35.94493391906417,30.090283128588236,35.10738767399501,35.063885365664035
1659,36.3938789915,36.5117080715,35.95605749268657,30.078500220588236,35.08902724620641,35.123438711048905
1660,36.348220223,36.504343754000004,35.967012372947764,30.07867349864706,35.0934114521034,35.09418595897846
1661,36.418917671,36.4999251635,35.97779251624569,30.078500220588236,35.09098269735067,35.09257269698114
1662,36.401243309,36.510235208000005,35.974180000113904,30.078846776705884,35.094450490038774,35.091668038637366
1663,36.4233362615,36.5175995255,35.969968809632604,30.079539888941177,35.11710451729482,35.12309413290541
1664,36.433646306,36.519072389,35.98172593118472,30.079886445058825,35.12548736782609,35.104632291376355
1665,36.43953776,36.5117080715,35.97916025078948,30.08196578176471,35.153919508258774,35.05055713044731
1666,36.4410106235,36.4881422555,35.97655185413983,30.11939384247059,35.194835659735325,35.05794350639344
1667,36.4262819885,36.491087982500005,35.98487218159587,30.145212273235295,35.21392627675835,35.05131392719457
1668,36.457212122,36.4881422555,36.01764299846351,30.156995181235295,35.24256268720777,35.062186580455865
1669,36.5087623445,36.4881422555,36.00201066147059,30.212617438117647,35.266489197409754,35.04502950109497
1670,36.5117080715,36.498452300000004,36.033834656176474,30.218335614058823,35.27637634355243,35.02935243406852
1671,36.513180935,36.489615119,36.02614280822732,30.183333446176473,35.270847848,35.01697414587135
1672,36.5087623445,36.479305074500004,36.04315747103875,30.204819925470588,35.26015855073898,34.995187742608366
1673,36.522018116,36.4645764395,36.05995796874729,30.196329300588236,35.29197356258544,35.01507143160558
1674,36.513180935,36.5205452525,36.04438789768141,30.193730129705884,35.27569902152608,35.02467487788876
1675,36.5205452525,36.4822508015,36.064413328129035,30.189744734352942,35.279454307213115,35.012114586189426
1676,36.237755460500004,36.383568947,36.04317650593645,30.280022603000003,35.26953063245174,35.00274347324725
1677,36.5058166175,36.501398027,36.07297751258395,30.250565333,35.29720366564103,35.04823652383309
1678,36.463103576,36.52790957,36.03975028540146,30.13412247747059,35.251257181335774,35.04454634260489
1679,36.454266395000005,36.507289481,36.03986496090511,30.145212273235295,35.25746432500803,35.03923331985874
1680,36.466049303,36.5058166175,36.010870200929794,30.131523306588235,35.25696462559471,35.038098051643836
1681,36.4586849855,36.522018116,36.01405890149816,30.142266546235295,35.24242032623975,35.06326085268474
1682,36.466049303,36.5264367065,35.997569609,30.131869862705884,35.247885881857,35.04957899122382
1683,36.4351191695,36.5500025225,36.002869824316996,30.141400155941177,35.247695868153556,35.04262407467672
1684,36.460157849,36.52790957,35.96223783604171,30.15474256647059,35.228638001600004,35.03161154568801
1685,36.474886484,36.530855297,35.95864414140541,30.096174582588237,35.21753928880289,35.03635391528239
1686,36.471940757,36.504343754000004,35.934503488842104,30.090802962764705,35.19873339099602,35.043154179717085
1687,36.466049303,36.519072389,35.94190745827027,30.084045118470588,35.19143712841534,35.038241009466766
1688,36.4557392585,36.5175995255,35.932076698648864,30.081445947588236,35.177908739355054,35.02698888148623
1689,36.41008049,36.5175995255,35.93065886080109,30.081792503705884,35.17176001716583,35.04557727880597
1690,36.4498478045,36.516126662000005,35.910902882120745,30.087337401588236,35.16974650204954,35.02613900762931
1691,36.4586849855,36.52790957,35.94408300092586,30.079886445058825,35.155705602059115,35.072474778274625
1692,36.454266395000005,36.522018116,35.922268098800004,30.08508478682353,35.150743232857145,35.0545405965827
1693,36.429227715500005,36.5264367065,35.8815516056,30.079713167,35.145646652353534,35.054160712348796
1694,36.460157849,36.5028708905,35.87572582313641,30.08213905982353,35.14823005923361,35.0582501163041
1695,36.43953776,36.522018116,35.89077697758456,30.07832694252941,35.16459952899666,35.0292682210855
1696,36.451320668,36.522018116,35.893585712000004,30.082312337882353,35.148217881399596,35.053211245707814
1697,36.4203905345,36.523490979500004,35.89939624029412,30.083871840411767,35.16989213531646,35.046595569977875
1698,36.4439563505,36.4940337095,35.8869957455,30.08109939147059,35.149186842334004,35.04119732748052
1699,36.442483487000004,36.5087623445,35.916829703529416,30.08508478682353,35.16858257990642,35.060132294372956
1700,36.4469020775,36.522018116,35.91722931107692,30.08456495264706,35.16734206653075,35.055476731842106
1701,36.43953776,36.523490979500004,35.899557422951496,30.08456495264706,35.170278311258414,35.06611725872483
1702,36.430700579,36.510235208000005,35.893793156524524,30.098427197352944,35.15041410514593,35.04193366508932
1703,36.418917671,36.4763593475,35.907061016,30.103278983000003,35.14368309014791,35.02284955404016
1704,36.4262819885,36.43953776,35.91869907304348,30.086990845470588,35.17893935280391,34.940032601614774
1705,36.4527935315,36.460157849,35.94192556176744,30.079539888941177,35.21241323982803,34.92011792368897
1706,36.463103576,36.513180935,35.94288020147028,30.093228855588237,35.26613963371134,34.92656178428623
1707,36.4557392585,36.530855297,35.99093336215827,30.103625539117647,35.254888921243726,34.937663312272726
1708,36.460157849,36.529382433500004,35.94962657227449,30.113848944588238,35.261145149158985,34.930337037006716
1709,36.4645764395,36.52790957,35.98751595185,30.137761316705884,35.27389116328112,34.95223461384769
1710,36.454266395000005,36.5028708905,35.94374993285119,30.125112018411766,35.25579407163883,34.93845934959219
1711,36.4439563505,36.480777938,35.9256536462846,30.137934594764708,35.2582501510289,34.9518695361107
1712,36.4233362615,36.504343754000004,35.91980403457801,30.157341737352944,35.24434002858362,34.930830704615936
1713,36.430700579,36.5264367065,35.95216828746403,30.14538555129412,35.25751009489143,34.910244948734494
1714,36.430700579,36.519072389,35.930942942290145,30.151103727235295,35.25486789132653,34.93127802427419
1715,36.4439563505,36.5058166175,35.94877418675,30.17293676264706,35.26539222226913,34.96967641039393
1716,36.43953776,36.5028708905,35.948717356355075,30.125978408705883,35.249363432349824,34.945128493106196
1717,36.445429214,36.529382433500004,35.931778898253675,30.12875085764706,35.24880768156334,34.97440425763683
1718,36.4469020775,36.523490979500004,35.909223667779614,30.149024390529412,35.23789817914439,34.97130726149963
1719,36.4469020775,36.52790957,35.92802905276195,30.148158000235295,35.23223561483526,34.98343461283411
1720,36.436592033000004,36.516126662000005,35.919936781646896,30.101372924352944,35.19938322335689,34.96858678424627
1721,36.4469020775,36.5323281605,35.928291040268164,30.077460552235294,35.20140571299155,34.94383754285918
1722,36.4498478045,36.5146537985,35.91793090338816,30.097734085117647,35.20550830980012,34.97478584321388
1723,36.4527935315,36.519072389,35.93622669940725,30.135508701941177,35.22306193951072,34.97145171796135
1724,36.4469020775,36.523490979500004,35.90892109049721,30.21313727229412,35.23335734174505,34.98154284782212
1725,36.4527935315,36.5264367065,35.921441496527684,30.208112208588236,35.23171024276296,34.988282975735466
1726,36.4498478045,36.529382433500004,35.93670753997852,30.232197858764707,35.211174895895745,34.98131815026467
1727,36.4527935315,36.533801024,35.88712999821004,30.253164503882353,35.21322091584159,34.9671596981573
1728,36.4498478045,36.5175995255,35.889478200343284,30.095654748411764,35.21170051691279,34.96177948054887
1729,36.448374941000004,36.522018116,35.904923984394465,30.111769607882355,35.22026218188049,34.95656722014663
1730,36.460157849,36.519072389,35.92815901987788,30.098947031529413,35.22218989204819,34.95611680969697
1731,36.4527935315,36.523490979500004,35.9388078104,30.110383383411765,35.25066034005391,34.94649173812367
1732,36.4557392585,36.5117080715,35.91261201183733,30.121126623058824,35.26546514304813,34.94516087078699
1733,36.451320668,36.4262819885,35.91103861206989,30.119740398588238,35.26420961646552,34.906450508
1734,36.442483487000004,36.5087623445,35.93768908715329,30.120260232764707,35.26261826148385,34.9504577269905
1735,36.448374941000004,36.5058166175,35.958201447902816,30.105531597764706,35.26975984077982,34.96183536833275
1736,36.424809125,36.507289481,35.91441659431655,30.088896904117647,35.23836086276215,34.9361367516079
1737,36.4351191695,36.519072389,35.93041441145324,30.11107649564706,35.25848348661295,34.94376305
1738,36.424809125,36.510235208000005,35.9393533154,30.10518504164706,35.25068904128662,34.92798380568621
1739,36.451320668,36.501398027,35.92702395369565,30.10119964629412,35.25354183907445,34.94045290555634
1740,36.4439563505,36.5058166175,35.92467433088592,30.096694416764706,35.248299462255815,34.93280150899367
1741,36.41008049,36.491087982500005,35.90994580637748,30.095481470352944,35.25732861193615,34.97621403234136
1742,36.405661899500004,36.4881422555,35.906431488734015,30.09582802647059,35.25303658356464,34.96646370052895
1743,36.411553353500004,36.492560846,35.92483458306175,30.09825391929412,35.23301924095238,34.96101060610145
1744,36.398297582,36.495506573,35.90307141948905,30.108823880882355,35.237803457923874,34.9495134691141
1745,36.4027161725,36.479305074500004,35.90547184884516,30.085604621,35.23949520321727,34.954397714688525
1746,36.3997704455,36.466049303,35.90121215856591,30.090109850529412,35.240099033919904,34.940269392664035
1747,36.3968247185,36.4704678935,35.90266093331122,30.083698562352943,35.22687724166174,34.92113039574468
1748,36.3968247185,36.4704678935,35.87602963643048,30.102066036588237,35.22392982158573,34.91440405479312
1749,36.4027161725,36.4822508015,35.873701467764704,30.09288229947059,35.20667441284398,34.915945923636365
1750,36.3644217215,36.4557392585,35.874720254626865,30.107437656411765,35.215763532392856,34.915891042163146
1751,36.3703131755,36.4586849855,35.87084951589991,30.109690271176472,35.21817901163253,34.91763993212743
1752,36.3762046295,36.457212122,35.87289749444963,30.086644289352943,35.21378001268666,34.88974957564767
1753,36.395351855,36.46899503,35.86668817282138,30.09045640664706,35.21569987783175,34.90842267431358
1754,36.349693086500004,36.4557392585,35.84251968476213,30.085431342941177,35.18981643274659,34.8953601865529
1755,36.4203905345,36.454266395000005,35.887282644491606,30.10466520747059,35.205205875246826,34.90742586352097
1756,36.41008049,36.4557392585,35.889014114,30.10015997794118,35.20695420988278,34.90376441578446
1757,36.407134763,36.454266395000005,35.886900282125,30.089243460235295,35.20129610443272,34.909243826732826
1758,36.3879875375,36.451320668,35.87285433058824,30.101546202411765,35.20963078838806,34.90051994
1759,36.360003131,36.4616307125,35.87433826980645,30.10015997794118,35.20314333228007,34.91638737230126
1760,36.3585302675,36.463103576,35.86011217611213,30.096001304529413,35.21506447718666,34.89837941021405
1761,36.383568947,36.466049303,35.87797460622915,30.084738230705884,35.218112173444936,34.92147924223138
1762,36.386514674,36.466049303,35.856488378375005,30.11610155935294,35.224312075307694,34.90900025519764
1763,36.4086076265,36.467522166500004,35.861796060606345,30.10015997794118,35.226490867467454,34.90862318
1764,36.417444807500004,36.460157849,35.87947866624534,30.085604621,35.22067423486173,34.919056872715586
1765,36.4027161725,36.463103576,35.86548349187097,30.08785723576471,35.22290931652199,34.900641061719796
1766,36.405661899500004,36.460157849,35.847630740937504,30.09929358764706,35.22027725487346,34.912336037963804
1767,36.41008049,36.463103576,35.86991056991541,30.094615080058826,35.216175920685096,34.931881849767805
1768,36.407134763,36.460157849,35.860531203270014,30.09877375347059,35.21766755424707,34.926922310692994
1769,36.3968247185,36.442483487000004,35.85091058975,30.088377069941178,35.21042044946397,34.91249921372067
1770,36.3614759945,36.4380648965,35.85761928351679,30.08161922564706,35.206953168235295,34.90780373534554
1771,36.389460401,36.454266395000005,35.87374658618182,30.09045640664706,35.21857860435566,34.93443049148649
1772,36.3938789915,36.448374941000004,35.881994641519675,30.087683957705885,35.21409771528251,34.94442204932886
1773,36.3909332645,36.4557392585,35.8691962382353,30.08941673829412,35.21649045412833,34.931000639639706
1774,36.3909332645,36.4586849855,35.8631310047932,30.083352006235295,35.218746780945075,34.90615375979836
1775,36.3879875375,36.4498478045,35.8661574545,30.085258064882353,35.21221428043836,34.92647584989777
1776,36.3938789915,36.395351855,35.86130394033921,30.08057955729412,35.19527990272312,34.88637854997368
1777,36.3938789915,36.445429214,35.852560742375005,30.082658894,35.20509516030451,34.896532524302145
1778,36.3379101785,36.457212122,35.8344490672,30.07728727417647,35.19682430128869,34.880726220780716
1779,36.318762953000004,36.3526388135,35.81872579475,30.07763383029412,35.18979038907563,34.885163297358055
1780,36.380623220000004,36.486669392,35.84894573431873,30.080406279235294,35.19480612745405,34.913974239261236
1781,36.336437315,36.477832211,35.8609096964,30.079713167,35.192558166027396,34.900930368377125
1782,36.327600134,36.4616307125,35.85330328249194,30.082312337882353,35.20334366766688,34.904138113586534
1783,36.380623220000004,36.4704678935,35.860430960736096,30.07728727417647,35.21049263268323,34.91061834817286
1784,36.324654407000004,36.4144990805,35.85040786790734,30.08508478682353,35.21118756275,34.904283178827725
1785,36.3791503565,36.4351191695,35.864355871103896,30.082658894,35.216952147613135,34.92494216522148
1786,36.355584540500004,36.46899503,35.84611039258484,30.07815366447059,35.23303278198203,34.81992545142336
1787,36.3614759945,36.4527935315,35.80722631217392,30.07728727417647,35.227995767612796,34.84811360635623
1788,36.377677493,36.424809125,35.83614505294118,30.078500220588236,35.217246472955665,34.825623068870605
1789,36.3644217215,36.41008049,35.867232821341915,30.091669353058826,35.250508601425025,34.88040730389554
1790,36.3526388135,36.415971944,35.882655084285716,30.07832694252941,35.221318329953334,34.88337540966715
1791,36.230391143,36.348220223,35.86002342487234,30.08317872817647,35.22289242571668,34.85370411113402
1792,36.136127879,36.1994610095,35.88212975465415,30.095134914235295,35.19926649479598,34.85034318119122
1793,36.368840312,36.3585302675,35.89281003853119,30.079886445058825,35.18718758488889,34.88501726867029
1794,36.2672127305,36.380623220000004,35.903498424225354,30.080752835352943,35.20631004804649,34.86542557762089
1795,36.318762953000004,36.4498478045,35.91773274074325,30.07867349864706,35.18131460935236,34.88342131668605
1796,36.374731766000004,36.4586849855,35.91468895989437,30.08751067964706,35.191828780600716,34.9008047988293
1797,36.333491588,36.4557392585,35.91489393236474,30.077807108352943,35.1907720135468,34.90227129086971
1798,36.3438016325,36.430700579,35.897545184280574,30.077460552235294,35.19896395001715,34.904212616207616
1799,36.304034318,36.3526388135,35.91261484722067,30.099466865705885,35.183766423519096,34.88382878862917
1800,36.277522775,36.3879875375,35.80898141521739,30.07867349864706,35.161723351205836,34.85097976478261
1801,36.305507181500005,36.418917671,35.834966351115945,30.07763383029412,35.17859659533851,34.86671149413534
1802,36.324654407000004,36.253956959,35.84798703615468,30.07676744,35.16608350111869,34.819540222668046
1803,36.3290729975,36.306980045,35.849653959181154,30.082658894,35.15389007461009,34.863702865897146
1804,36.336437315,36.362948858,35.85054237156001,30.076940718058825,35.18875602515306,34.8702854679344
1805,36.2907785465,36.4262819885,35.861285185225135,30.076940718058825,35.17624076154742,34.83964105021335
1806,36.295197137,36.405661899500004,35.84444577207219,30.080752835352943,35.17249473606962,34.84061462163505
1807,36.287832819500004,36.4262819885,35.856875540758345,30.076940718058825,35.150726391557676,34.84194938322671
1808,36.3349644515,36.2907785465,35.83812321904179,30.080926113411767,35.17291902439678,34.86982182813408
1809,36.304034318,36.413026217,35.87751985674973,30.079366610882353,35.17183689492572,34.84815895377184
1810,36.3290729975,36.371786039,35.87829983630769,30.07676744,35.144434232041405,34.89643245752078
1811,36.3290729975,36.362948858,35.902312072478374,30.079713167,35.14246164761046,34.90428527276923
1812,36.3290729975,36.3850418105,35.86313551724265,30.07832694252941,35.159224644126326,34.870772341764706
1813,36.3172900895,36.4144990805,35.879168040435545,30.07676744,35.16243895367631,34.85763685117276
1814,36.200933873000004,36.3113986355,35.842427309354036,30.078500220588236,35.14250004619048,34.81901231639344
1815,36.3290729975,36.401243309,35.886491955588234,30.081445947588236,35.18045563298946,34.84771379043995
1816,36.3261272705,36.41008049,35.900691817464285,30.07832694252941,35.15514957188264,34.82608679202553
1817,36.3320187245,36.411553353500004,35.92111318678572,30.077807108352943,35.17872193551584,34.842185797169044
1818,36.050701796,36.1965152825,35.88799156747273,30.08005972311765,35.17294951617952,34.773669066898734
1819,36.1022520185,36.215662508,35.897818952806325,30.07832694252941,35.16548569831058,34.80448475257451
1820,36.349693086500004,36.3614759945,35.90871932147606,30.079886445058825,35.16004468616785,34.8724150078856
1821,36.3379101785,36.3143443625,35.9110743362,30.086644289352943,35.1692524139566,34.87719140177107
1822,36.3467473595,36.371786039,35.921727411246756,30.085604621,35.154882944624276,34.88976761211268
1823,36.3585302675,36.3467473595,35.88613785539184,30.07815366447059,35.178271658,34.87069388880402
1824,36.3084529085,36.3732589025,35.848080823722334,30.07763383029412,35.145993132131906,34.82359333557957
1825,36.2613212765,36.2966700005,35.89644856785714,30.079886445058825,35.157469427939425,34.87184509304288
1826,36.2171353715,36.2819413655,35.87739534796404,30.103625539117647,35.156088564031485,34.85371796189925
1827,36.336437315,36.304034318,35.918783886790216,30.08751067964706,35.17890856674699,34.84438376791075
1828,36.289305683,36.3261272705,35.95182463593811,30.088550348000002,35.16025508488558,34.806109641072474
1829,36.301088591,36.305507181500005,35.95787019652098,30.082832172058826,35.154547209638935,34.81969921536328
1830,36.012407345,36.3084529085,35.98556220471154,30.106744544176472,35.16492232332614,34.8517195434926
1831,36.3467473595,36.2348097335,36.0289361465,30.10085309017647,35.1775718973839,34.85685261827247
1832,36.404189036000005,36.265739867,36.00602647554232,30.11315583235294,35.174873902500636,34.90023052972015
1833,36.3644217215,36.293724273500004,36.014687256993156,30.099120309588237,35.191084809064364,34.89764074246145
1834,36.3113986355,36.349693086500004,35.97626204509619,30.078500220588236,35.151297490565454,34.86677110303972
1835,36.231864006500004,36.3408559055,35.960208159655174,30.08057955729412,35.13031728723272,34.850229960916394
1836,36.3290729975,36.318762953000004,35.9471657153169,30.097734085117647,35.150689892703,34.867118038914285
1837,36.2789956385,36.3438016325,35.907343082000004,30.07763383029412,35.1348015507603,34.88988359587671
1838,36.248065505,36.35116595,35.89836074923478,30.080926113411767,35.13782792502904,34.85248596617978
1839,36.0786862025,36.225972552500004,35.86770196641791,30.10865060282353,35.143936189736074,34.848539712284825
1840,36.3113986355,36.283414229,35.860852831636365,30.093748689764706,35.12684710448415,34.89853721516798
1841,36.2789956385,36.336437315,35.83059574369504,30.077980386411767,35.107310629152344,34.89224138848507
1842,36.283414229,36.2996157275,35.82989889727376,30.07676744,35.12219453030804,34.860607233295575
1843,36.306980045,36.3909332645,35.83774905013378,30.07815366447059,35.14244380835804,34.86204363193909
1844,36.271631321,36.35116595,35.82046834671533,30.07867349864706,35.15215201780122,34.861006895532995
1845,36.262794140000004,36.2996157275,35.87002009415958,30.07867349864706,35.1699041377897,34.843206494653465
1846,36.239228324,36.3379101785,35.85317516633803,30.07676744,35.15045123975186,34.81476142027833
1847,36.253956959,36.3909332645,35.852078768750005,30.07832694252941,35.15280733599045,34.7899112346838
1848,36.2701584575,36.360003131,35.89205328230216,30.105011763588237,35.17311571908758,34.838880947040224
1849,36.2731041845,36.3762046295,35.87977517063582,30.09201590917647,35.16964518618421,34.8365165456998
1850,36.2731041845,36.357057404,35.86773566421155,30.078500220588236,35.15299786878247,34.807771949996585
1851,36.3025614545,36.3644217215,35.886337046685334,30.077980386411767,35.15748011509618,34.812064505375005
1852,36.2731041845,36.348220223,35.89059667795605,30.08005972311765,35.15500841399184,34.79679233345331
1853,36.29225141,36.283414229,35.91432064758776,30.080752835352943,35.17429372716707,34.79619227894385
1854,36.2819413655,36.2996157275,35.873976282658475,30.09045640664706,35.171663275219146,34.8361231710218
1855,36.289305683,36.306980045,35.87658027549691,30.08647101129412,35.162919494075105,34.8625337970612
1856,36.2996157275,36.367367448500005,35.881055670402176,30.097040972882354,35.1356001507675,34.8501148899138
1857,36.3084529085,36.4203905345,35.861338172917264,30.09201590917647,35.13451608922827,34.847563558463634
1858,36.293724273500004,36.395351855,35.87034391521277,30.090109850529412,35.15897182644397,34.82773207032697
1859,36.315817226,36.336437315,35.888842153956766,30.079539888941177,35.166370002875,34.81462320406918
1860,36.265739867,36.35116595,35.885741084,30.084738230705884,35.181912725980105,34.821484586723045
1861,36.298142864,36.3113986355,35.84699883762298,30.093748689764706,35.18847584879127,34.81021234696435
1862,36.295197137,36.360003131,35.860668151860466,30.10709110029412,35.19070373854451,34.8005664614696
1863,36.245119778,36.2672127305,35.87541040491102,30.079713167,35.172611782373345,34.72334869045606
1864,36.265739867,36.289305683,35.92418915030038,30.07763383029412,35.151035999454095,34.78445546346676
1865,36.2171353715,36.2524840955,35.928887447776965,30.08023300117647,35.14529530329949,34.803473982471985
1866,36.2996157275,36.2848870925,35.91281979744681,30.08352528429412,35.12596914815319,34.820968544
1867,36.3231815435,36.265739867,35.91474613826087,30.079539888941177,35.121615651763705,34.821506694085194
1868,36.289305683,36.2495383685,35.911479108758996,30.082832172058826,35.120878605227276,34.824527966222846
1869,36.2789956385,36.2672127305,35.87477763681986,30.086817567411767,35.106249861402596,34.83697323239295
1870,36.2701584575,36.259848413,35.86985004202206,30.08196578176471,35.10802045192206,34.832836737245955
1871,36.262794140000004,36.23333687,35.88670855316177,30.094441802000002,35.114557256093754,34.861809841814846
1872,36.289305683,36.248065505,35.88242122816934,30.09288229947059,35.128946781498755,34.85403117122595
1873,36.3025614545,36.256902686000004,35.86548737895522,30.085951177117646,35.1260931283725,34.87954334448577
1874,36.2789956385,36.224499689,35.85617886272509,30.085604621,35.1089765911552,34.856217605005504
1875,36.231864006500004,36.218608235000005,35.85058926688503,30.099120309588237,35.10825807435867,34.86107027218543
1876,36.2731041845,36.2230268255,35.85503071108572,30.083698562352943,35.10327470761181,34.83571794165236
1877,36.286359956,36.23333687,35.85466169724666,30.090109850529412,35.13513569104348,34.82394067127943
1878,36.3113986355,36.221553962,35.85470318,30.103278983000003,35.144441924149916,34.819451441135875
1879,36.333491588,36.2583755495,35.844376438661975,30.10223931464706,35.16452696750598,34.78277716705071
1880,36.3791503565,36.236282597,35.847402528340425,30.102412592705882,35.17369146389549,34.79938580568532
1881,36.362948858,36.274577048,35.86742055113875,30.083871840411767,35.19583580154079,34.73503894329123
1882,36.354111677,36.253956959,35.86011569646277,30.08005972311765,35.17969369998556,34.682061209570556
1883,36.2701584575,36.243646914500005,35.82166326626329,30.078500220588236,35.170098955918576,34.740377981818185
1884,36.304034318,36.2348097335,35.76826267437958,30.077460552235294,35.15968678902583,34.71036543251903
1885,36.298142864,36.239228324,35.81917530503896,30.09981342182353,35.14600238136993,34.69502786378858
1886,36.295197137,36.2495383685,35.82853966882048,30.08612445517647,35.14207496342719,34.76888360294974
1887,36.3025614545,36.305507181500005,35.795708178932806,30.097734085117647,35.15597184439373,34.78712518571429
1888,36.256902686000004,36.2495383685,35.7807372304171,30.102066036588237,35.152228140758794,34.815856451698664
1889,36.271631321,36.2053524635,35.78148077207889,30.084391674588236,35.158433985487946,34.76476282183082
1890,36.3172900895,36.17442233,35.76312796616541,30.07728727417647,35.13889891471343,34.77353997191629
1891,36.2731041845,36.168530876000005,35.80392360112514,30.07728727417647,35.14988370973816,34.758820889
1892,36.2524840955,36.224499689,35.78761084247105,30.076940718058825,35.16801180260052,34.726148722871166
1893,36.265739867,36.177368057,35.81429033940076,30.08196578176471,35.17513725543196,34.78627090609014
1894,36.3614759945,36.192096692,35.82154803197062,30.083871840411767,35.18185147248272,34.766701610328894
1895,36.2230268255,36.2024067365,35.7407124079781,30.07711399611765,35.15910122430471,34.6955499083589
1896,36.280468502000005,36.231864006500004,35.81037859798419,30.094441802000002,35.14829817664681,34.762724541303875
1897,36.251011232,36.2642670035,35.8485139253913,30.08127266952941,35.120045445059425,34.785158810147266
1898,36.3084529085,36.293724273500004,35.855000322545656,30.07919333282353,35.10304335073324,34.824555485063925
1899,36.298142864,36.2613212765,35.851987681258585,30.09634786064706,35.1104292601435,34.857027755000004
1900,36.251011232,36.243646914500005,35.835352713099546,30.092535743352943,35.07482195675,34.84994283534934
1901,36.2583755495,36.251011232,35.83147969382353,30.08023300117647,35.095026328620484,34.865010755
1902,36.2554298225,36.283414229,35.813513197878464,30.079886445058825,35.071948373729334,34.86867560121988
1903,36.225972552500004,36.2789956385,35.8258995556391,30.07763383029412,35.09381342910462,34.86484611127122
1904,36.215662508,36.3084529085,35.81132850269403,30.07815366447059,35.09064336290302,34.84990990060241
1905,36.200933873000004,36.2966700005,35.8177534003721,30.08300545011765,35.06985578005505,34.87137675956113
1906,36.2200810985,36.1906238285,35.7773383304,30.07676744,35.04639366319059,34.786794424758845
1907,36.1641122855,36.237755460500004,35.78386878211717,30.07676744,35.04570309103822,34.817316054658775
1908,36.230391143,36.271631321,35.777318407608696,30.077807108352943,35.054385061064444,34.84451906798155
1909,36.171476603,36.242174051,35.76374619580011,30.082312337882353,35.03585555097181,34.8205915403871
1910,36.262794140000004,36.298142864,35.74966495758073,30.07728727417647,35.0450347914057,34.819461421903746
1911,36.2524840955,36.251011232,35.81960596852607,30.094268523941178,35.07029082571677,34.836655226087274
1912,36.277522775,36.224499689,35.80097677421898,30.091496075000002,35.084823802714,34.8154518995096
1913,36.277522775,36.224499689,35.79995473223022,30.08161922564706,35.105272826400224,34.799404650159744
1914,36.277522775,36.197988146,35.82102873030952,30.08907018217647,35.09920784288367,34.79403068828694
1915,36.274577048,36.1906238285,35.808799869136216,30.10085309017647,35.123460335992284,34.788210201153845
1916,36.2495383685,36.280468502000005,35.81157195512753,30.095654748411764,35.09839206102592,34.78663805235149
1917,36.2613212765,36.283414229,35.8107576390511,30.10171948047059,35.114832424479225,34.8389231794073
1918,36.256902686000004,36.2966700005,35.805123467132354,30.095654748411764,35.087528542663186,34.836310171489366
1919,36.23333687,36.175895193500004,35.806850150900004,30.101546202411765,35.07118201077745,34.78993064
1920,36.2407011875,36.3231815435,35.790167920388654,30.07832694252941,35.08883818909699,34.83234019922874
1921,36.242174051,36.32170868,35.793590967058826,30.08647101129412,35.08667880935455,34.87493205297483
1922,36.236282597,36.3349644515,35.759350415223885,30.08352528429412,35.05963075228332,34.8625671614433
1923,36.231864006500004,36.298142864,35.75802070955224,30.088896904117647,35.04617850169428,34.86856460106055
1924,36.215662508,36.293724273500004,35.77067087518284,30.097734085117647,35.06162372295367,34.84377920803839
1925,36.218608235000005,36.2996157275,35.76700694626866,30.087683957705885,35.04519585768622,34.84203240044238
1926,36.2141896445,36.277522775,35.76330083112782,30.092535743352943,35.04080413676612,34.841654912623014
1927,36.2200810985,36.289305683,35.76263816866738,30.10171948047059,35.05314162764876,34.82948881678248
1928,36.221553962,36.318762953000004,35.76594396727175,30.094615080058826,35.0355052953728,34.8208473021875
1929,36.218608235000005,36.330545861000004,35.76269612626866,30.08109939147059,35.039324654978834,34.80836903613943
1930,36.224499689,36.3349644515,35.77694670022068,30.08751067964706,35.03431756060512,34.81433045493285
1931,36.225972552500004,36.367367448500005,35.778209724379565,30.08300545011765,35.03373968732667,34.80893533032258
1932,36.2230268255,36.336437315,35.80084153191304,30.08196578176471,35.046722180334264,34.8329859776866
1933,36.2200810985,36.349693086500004,35.76328245397973,30.08109939147059,35.041265869829544,34.831581157452185
1934,36.215662508,36.342328769,35.80747799183453,30.10015997794118,35.0463045717124,34.83531466678121
1935,36.206825327000004,36.357057404,35.812874804032965,30.08941673829412,35.044301110471466,34.81330204647059
1936,36.2289182795,36.327600134,35.82540486108494,30.083698562352943,35.02663568827206,34.80840080212827
1937,36.2701584575,36.35116595,35.840728512529644,30.087683957705885,35.037778015172414,34.83490748766328
1938,36.0256631165,36.2583755495,35.82885998641293,30.094615080058826,35.02533785340105,34.78794525792503
1939,36.248065505,36.286359956,35.85753718602261,30.08612445517647,35.051280174388445,34.773607907551664
1940,36.2554298225,36.301088591,35.866472527721584,30.081445947588236,35.04030344769231,34.79323105439069
1941,36.2731041845,36.305507181500005,35.87817250075913,30.08127266952941,35.05295986107649,34.81378438420301
1942,36.2760499115,36.309925772,35.88463094061567,30.08612445517647,35.05112405025739,34.789094812553685
1943,36.277522775,36.3467473595,35.86476656260695,30.089243460235295,35.05022375041878,34.81021125860223
1944,36.2613212765,36.362948858,35.863048076,30.084045118470588,35.03212054943785,34.79767568292467
1945,36.268685594000004,36.374731766000004,35.87360768174465,30.085951177117646,35.04606933471191,34.808345529588436
1946,36.2495383685,36.3820960835,35.87713646039474,30.089590016352943,35.042270428806304,34.821125677007196
1947,36.274577048,36.389460401,35.870546248508404,30.088723626058826,35.05196648886559,34.80642337090007
1948,36.2613212765,36.383568947,35.867034642467154,30.089763294411767,35.03999417902318,34.8212681612766
1949,36.268685594000004,36.3791503565,35.86323471327804,30.09288229947059,35.04884060449238,34.84160783349138
1950,36.2465926415,36.367367448500005,35.84945038264859,30.08161922564706,35.03535882521549,34.798095141624515
1951,36.242174051,36.357057404,35.86634268005309,30.080926113411767,35.03932516123564,34.82813633882353
1952,36.230391143,36.32170868,35.858045474264706,30.090109850529412,35.05728919754563,34.827813603636365
1953,36.212716781000005,36.3261272705,35.875783138181816,30.08491150876471,35.040395412824665,34.824162779202
1954,36.1965152825,36.339383042,35.87532973142857,30.079713167,35.01215442930394,34.795571165671646
1955,36.215662508,36.342328769,35.85194867040668,30.091842631117647,35.02667392013973,34.81550837603834
1956,36.212716781000005,36.3202358165,35.849708216370274,30.088377069941178,35.021681202959186,34.7885824322194
1957,36.021244526000004,36.230391143,35.84102115831579,30.115581725176472,35.023265024640374,34.78459088665664
1958,36.2112439175,36.2966700005,35.804261532395486,30.08941673829412,35.01799320641322,34.7691261137102
1959,36.256902686000004,36.3143443625,35.82580879890511,30.08647101129412,35.0299093201166,34.80559517335463
1960,36.243646914500005,36.309925772,35.83475167513834,30.090629684705885,35.03399191291562,34.822354528680854
1961,36.227445416,36.360003131,35.84231132060219,30.086817567411767,35.03289477738574,34.83233885907938
1962,36.215662508,36.306980045,35.84482456992152,30.090802962764705,35.0412203220874,34.81403299538954
1963,36.225972552500004,36.333491588,35.84551065741021,30.088723626058826,35.03604754050633,34.817942351494004
1964,36.218608235000005,36.3467473595,35.8518974759854,30.084045118470588,35.03260550513911,34.82545417224303
1965,36.221553962,36.3820960835,35.83654673669065,30.08751067964706,35.04800293059078,34.81410908553207
1966,36.215662508,36.35116595,35.816382988132375,30.08803051382353,35.02785952,34.8220887727863
1967,36.224499689,36.3379101785,35.84016998594643,30.091322796941178,35.02244859435494,34.78874444120805
1968,36.1906238285,36.367367448500005,35.82902347708633,30.088896904117647,35.009173817021924,34.800445191493694
1969,36.189150965,36.349693086500004,35.853576448967395,30.085951177117646,35.00651306410612,34.77875938980534
1970,36.2038796,36.3408559055,35.816382988132375,30.087337401588236,35.023615932147464,34.80800027527157
1971,36.180313784,36.3526388135,35.82798850058601,30.087683957705885,35.02130117056638,34.79849123185291
1972,36.1788409205,36.345274496,35.829288380593525,30.081792503705884,35.02150758956281,34.7958323044922
1973,36.197988146,36.342328769,35.82867295983696,30.08213905982353,35.0184097623886,34.80657410105411
1974,36.181786647500005,36.324654407000004,35.82150021748202,30.08803051382353,35.01713139422737,34.79687136889813
1975,36.193569555500005,36.354111677,35.831700821947074,30.08127266952941,35.01727380778876,34.790223955633
1976,36.1994610095,36.3585302675,35.816868472275466,30.080926113411767,34.99819472046282,34.78265517515969
1977,36.218608235000005,36.348220223,35.81346326421533,30.083698562352943,35.01782572602817,34.79997939565311
1978,36.209771054,36.324654407000004,35.811366852664236,30.092535743352943,35.02226207991798,34.79783583957627
1979,36.206825327000004,36.365894585,35.82068423733577,30.091842631117647,35.028542887625356,34.806915576531914
1980,36.2112439175,36.365894585,35.80979723170803,30.088723626058826,35.01871851508464,34.810930087227305
1981,36.212716781000005,36.348220223,35.808661944221896,30.085951177117646,35.01264673295129,34.83098717181655
1982,36.183259511,36.3290729975,35.780377979130435,30.085431342941177,34.98003043307693,34.769032181875886
1983,36.1670580125,36.32170868,35.78092629503976,30.088377069941178,34.978238828938444,34.7558600758842
1984,36.180313784,36.1965152825,35.805528410422,30.09340213364706,34.99575959477273,34.772721501132075
1985,36.197988146,36.256902686000004,35.83053144071834,30.085604621,35.00394527110574,34.78847620597227
1986,36.2024067365,36.215662508,35.81415778331522,30.093748689764706,35.012036857274644,34.785732454251786
1987,36.1876781015,36.2583755495,35.77275617825669,30.080406279235294,35.01392255445545,34.765498433705886
1988,36.17442233,36.251011232,35.76064169906383,30.07728727417647,35.03199621991986,34.74906958518897
1989,36.127290698,36.221553962,35.76191755255245,30.078500220588236,35.04212823177586,34.7392641356
1990,36.218608235000005,36.3025614545,35.7519762853797,30.07676744,35.041643331643165,34.730593773548385
1991,36.1994610095,36.212716781000005,35.75416795090025,30.07815366447059,35.031132215685645,34.737555196106385
1992,36.1670580125,36.2465926415,35.78803964623708,30.07711399611765,35.02038998337079,34.717285340000004
1993,36.1670580125,36.2200810985,35.79150169620669,30.076940718058825,35.02071784995934,34.721991561738264
1994,36.1670580125,36.162639422,35.798920715364915,30.081445947588236,35.00776071883721,34.71148652411841
1995,36.177368057,36.192096692,35.81955623906383,30.087164123529412,34.99049256688571,34.74993911005906
1996,36.1788409205,36.259848413,35.737959302711246,30.077460552235294,34.95276013246563,34.7832595798593
1997,36.1788409205,36.2642670035,35.75581648823673,30.077460552235294,34.954362937564625,34.80012700876713
1998,36.175895193500004,36.262794140000004,35.7507158293617,30.077460552235294,34.964756607703436,34.821858019782965
1999,36.177368057,36.2701584575,35.749069218880855,30.077460552235294,34.957513880112856,34.819205422836646
2000,36.121399244,36.2672127305,35.7187087969093,30.07676744,34.92696858313554,34.81774523637359
2001,36.131709288500005,36.2789956385,35.72080089971429,30.077460552235294,34.935517876065575,34.81063354060241
2002,36.1523293775,36.2848870925,35.7203312008617,30.07711399611765,34.92326831966133,34.822541195
2003,36.1582208315,36.298142864,35.71294982432734,30.07763383029412,34.91664409926484,34.81923069975317
2004,36.153802241,36.305507181500005,35.727858593712234,30.077807108352943,34.918531821239824,34.82597384557129
2005,36.1523293775,36.280468502000005,35.68513392230216,30.07676744,34.90518514520574,34.828661677504186
2006,36.153802241,36.309925772,35.713363452232144,30.07676744,34.912960843113964,34.84228834281857
2007,36.1493836505,36.286359956,35.70261152345324,30.07676744,34.90687051531792,34.84517788864738
2008,36.150856514,36.274577048,35.684388817638684,30.07711399611765,34.89289613677356,34.830509428518134
2009,36.1287635615,36.277522775,35.68322700505017,30.07676744,34.87735830673077,34.8443910180679
2010,36.130236425,36.287832819500004,35.713340782299774,30.076940718058825,34.903385904550404,34.809854912112385
2011,36.1346550155,36.2789956385,35.74045597260354,30.079886445058825,34.94107993839652,34.81318907579131
2012,36.1110891995,36.287832819500004,35.72385468232143,30.077460552235294,34.917748104655175,34.79859576235046
2013,36.147910787,36.32170868,35.73395255172662,30.077980386411767,34.90607698763158,34.82267672994487
2014,36.1169806535,36.309925772,35.7246435030292,30.076940718058825,34.88087472131306,34.826731365410765
2015,36.112562063,36.305507181500005,35.73171515908759,30.07711399611765,34.88737570632121,34.8090587374026
2016,36.119926380500004,36.2907785465,35.72162838431818,30.07711399611765,34.866260932222225,34.811185522469735
2017,36.159693695,36.2848870925,35.740034326739135,30.08057955729412,34.88334521883417,34.84392245501343
2018,36.1022520185,36.2789956385,35.72468409662608,30.07676744,34.84528929555556,34.867422581424066
2019,36.1552751045,36.2642670035,35.72564273144165,30.07676744,34.90895239866967,34.83405491891214
2020,36.421863398,36.4822508015,35.894645672940506,30.142959658470588,35.174495834141474,34.93309886975492
2021,36.424809125,36.513180935,35.91186613090426,30.135335423882353,35.16438053342215,35.01033987317267
2022,36.411553353500004,36.5146537985,35.944893909986774,30.085431342941177,35.16426456338462,35.008978446414716
2023,36.395351855,36.524963843,35.910684123012985,30.08907018217647,35.15224280416089,35.01241898195846
2024,36.309925772,36.516126662000005,35.94558858152493,30.08005972311765,35.15091225167219,34.999031565128206
2025,36.3879875375,36.5264367065,35.95661644824983,30.10379881717647,35.15362816880478,35.049954934566244
2026,36.389460401,36.529382433500004,35.930265593693775,30.093748689764706,35.137905408421055,35.037488563285955
2027,36.3909332645,36.533801024,35.936088837561925,30.101372924352944,35.1403135628866,35.03102950912032
2028,36.3850418105,36.5264367065,35.94150883437703,30.093055577529412,35.12483061113202,35.025472940530975
2029,36.374731766000004,36.5205452525,35.89436516985532,30.091496075000002,35.112363477645694,35.0059380233483
2030,36.433646306,36.530855297,35.96648284861167,30.08023300117647,35.12840790707022,34.99141725973066
2031,36.4262819885,36.522018116,35.93321424956522,30.077807108352943,35.14528409699618,34.98851311543817
2032,36.1022520185,36.4851965285,35.870449757681264,30.09288229947059,35.10509596107375,34.922987087903074
2033,36.411553353500004,36.4616307125,35.92291487798913,30.084738230705884,35.149270726830935,34.957421537573666
2034,36.4027161725,36.4616307125,35.908324991,30.076940718058825,35.16341793666234,34.93801614622082
2035,36.398297582,36.448374941000004,35.96921757956522,30.14001393147059,35.19468098348567,34.957907215357146
2036,36.3938789915,36.427754852,35.93808732963037,30.097040972882354,35.191554066737496,34.905111214205796
2037,36.4233362615,36.4557392585,35.95285915929064,30.091842631117647,35.17824860854977,34.92496917283157
2038,36.365894585,36.4498478045,35.931925139482516,30.08213905982353,35.178163929164924,34.898594359979924
2039,36.451320668,36.424809125,35.96191072759822,30.11610155935294,35.19282909697968,34.94316164921153
2040,36.473413620500004,36.3938789915,35.96538091753572,30.130830194352942,35.19856445226826,34.94871276559232
2041,36.4704678935,36.407134763,35.96982049389797,30.14105359982353,35.23006795795962,34.94617040836118
2042,36.477832211,36.407134763,35.95026092166286,30.147464888000002,35.22830923919442,34.93244181149474
2043,36.168530876000005,36.3084529085,35.9361111860559,30.144345882941177,35.20404056389741,34.872460538710584
2044,36.457212122,36.467522166500004,35.957976856100004,30.108477324764706,35.20554276180739,34.93894284869508
2045,36.41008049,36.427754852,35.94241714613986,30.132736253,35.19833085959083,34.937928131166274
2046,36.4086076265,36.418917671,35.92464448810541,30.116274837411765,35.202898150445456,34.96835867843431
2047,36.4027161725,36.4262819885,35.96029669521185,30.10379881717647,35.217137369170985,34.9460889434941
2048,36.395351855,36.41008049,35.93408707692653,30.133949199411767,35.21048265280633,34.941739914951455
2049,36.404189036000005,36.405661899500004,35.92464033402174,30.16305991329412,35.22311921816409,34.96141403321429
2050,36.4027161725,36.413026217,35.9246370002683,30.135855258058825,35.21887767981025,34.943178450137395
2051,36.395351855,36.4086076265,35.88091396201825,30.14018720952941,35.20516548702475,34.950321223360476
2052,36.395351855,36.3703131755,35.84578271933258,30.14642521964706,35.18847840703088,34.939566609763666
2053,36.3879875375,36.445429214,35.83882494341615,30.105011763588237,35.17648969697464,34.96013281477617
2054,36.386514674,36.4321734425,35.84485311248913,30.094268523941178,35.16280266412903,34.99258333887673
2055,36.121399244,36.4233362615,35.84071414647059,30.14018720952941,35.13221847063898,34.934690857834305
2056,36.2966700005,36.436592033000004,35.81253905652174,30.082312337882353,35.10127476858138,34.992799927523265
2057,36.354111677,36.4586849855,35.80238545165159,30.08213905982353,35.05927588037263,34.98591867408677
2058,36.3320187245,36.4498478045,35.81372128409854,30.085431342941177,35.03154666330435,35.006585445214334
2059,36.3467473595,36.466049303,35.82216627620743,30.07867349864706,35.01361996840237,34.98168674449679
2060,36.367367448500005,36.4233362615,35.81590949203495,30.081445947588236,35.01760940406321,34.99293342888658
2061,36.354111677,36.4645764395,35.8231364501147,30.092189187235295,35.019369716023974,34.99590759774706
2062,36.330545861000004,36.4763593475,35.836346792130435,30.08751067964706,35.00525511479452,34.99858795332213
2063,36.345274496,36.4851965285,35.848762760737614,30.087683957705885,35.00358868557411,35.00201504670933
2064,36.3290729975,36.486669392,35.84467624689286,30.080926113411767,34.98229569068744,34.98891532439169
2065,36.3408559055,36.486669392,35.85152311301998,30.086644289352943,34.979080415628744,34.998642798074556
2066,36.295197137,36.495506573,35.85155793543166,30.09045640664706,34.96028689236364,35.00076199956177
2067,36.259848413,36.4881422555,35.88090893084237,30.10605143194118,34.90696142,34.970924079993615
2068,36.183259511,36.483723665,35.86294371852174,30.089243460235295,34.90889032003489,34.9684348392073
2069,36.380623220000004,36.471940757,35.94110502108074,30.08300545011765,34.923799969798914,34.99000134848625
2070,36.3408559055,36.516126662000005,35.95553450607117,30.08491150876471,34.959409524385066,34.984924478406015
2071,36.3909332645,36.510235208000005,35.967737400352114,30.08057955729412,34.97685125660856,34.99652886901901
2072,36.171476603,36.507289481,35.930143242767855,30.09201590917647,34.95042069056818,34.97175277293664
2073,36.144965060000004,36.480777938,35.924751510312504,30.088723626058826,34.95731208871795,34.972300299511424
2074,36.1464379235,36.473413620500004,35.899785358181816,30.079020054764708,34.95044388182353,34.96405754627041
2075,36.2141896445,36.4822508015,35.941092697057144,30.121126623058824,34.995007952537314,34.93757793680735
2076,36.289305683,36.418917671,35.95526168518383,30.08612445517647,34.996849526699606,34.9575228816776
2077,36.1228721075,36.41008049,35.96881321551339,30.098947031529413,35.02085372239124,34.98841900553282
2078,36.2407011875,36.429227715500005,35.912479221384615,30.07676744,35.02691461056735,35.00331856724789
2079,36.195042419,36.4704678935,35.862262548800004,30.07676744,34.99919939455436,34.988196407712834
2080,36.271631321,36.454266395000005,35.90514427723077,30.07676744,35.032883347749106,35.0236568797487
2081,35.959384259000004,36.4527935315,35.934685471076925,30.168258255058824,35.02076468208803,34.987738779133416
2082,36.298142864,36.474886484,,30.176229045764707,35.02522287118013,35.053480445511525
2083,36.368840312,36.467522166500004,35.904628392411766,30.10466520747059,35.0158114933617,35.03526133641791
2084,36.3850418105,36.489615119,35.91011321213504,30.106224710000003,35.03995956030925,35.044065615470274
2085,36.324654407000004,36.4527935315,35.929068701636695,30.113329110411765,35.033086014331055,35.04481621523839
2086,36.2907785465,36.4557392585,35.87412771424461,30.08127266952941,35.00982649738891,34.99478901990003
2087,36.259848413,36.466049303,35.88665923267533,30.091496075000002,35.01406630746594,35.025535419263065
2088,36.259848413,36.46899503,35.88154417744681,30.081445947588236,35.02279764638081,35.01596040042426
2089,36.2642670035,36.498452300000004,35.88454076197292,30.079539888941177,35.04256869154055,35.02249997488744
2090,36.318762953000004,36.4763593475,35.89415093516441,30.082485615941177,35.05372523544388,35.01730763975904
2091,36.32170868,36.421863398,35.888275941276596,30.080406279235294,35.033041418669065,35.02224224236842
2092,36.330545861000004,36.46899503,35.905028582214285,30.087337401588236,35.05532473199878,35.00335689811321
2093,36.298142864,36.4822508015,35.89955948218978,30.08023300117647,35.04222026486335,34.94999315469069
2094,36.293724273500004,36.4645764395,35.87843666397289,30.08127266952941,35.03803578935633,34.958730726516855
2095,36.231864006500004,36.4645764395,35.88348763816547,30.08127266952941,35.04849508518809,34.9411886460087
2096,36.248065505,36.463103576,35.888422870778285,30.07711399611765,35.05637938035003,34.932408623061825
2097,36.256902686000004,36.471940757,35.90615076392857,30.07676744,35.058890628190824,34.960668600006684
2098,36.283414229,36.473413620500004,35.892026495410335,30.080406279235294,35.05899395154639,34.94127021901163
2099,36.315817226,36.4822508015,35.90623169049451,30.08109939147059,35.06608247653601,34.95541658159292
2100,36.371786039,36.463103576,35.935259292827894,30.08612445517647,35.07807335199022,34.96965111753633
2101,36.355584540500004,36.4704678935,35.93678632472857,30.09236246529412,35.07248357186319,34.969581730805196
2102,36.3261272705,36.4498478045,35.95386411512605,30.085431342941177,35.059804076751576,34.951625538129136
2103,36.398297582,36.454266395000005,35.970874760275734,30.088550348000002,35.07479101060241,34.97185396971537
2104,36.389460401,36.445429214,35.984659324,30.09634786064706,35.05805514596774,34.96729679596542
2105,36.467522166500004,36.4557392585,35.99876972,30.097734085117647,35.06994924670921,34.974635684324326
2106,36.454266395000005,36.477832211,35.97943278902985,30.105358319705882,35.05637442952468,34.980657083410996
2107,36.473413620500004,36.486669392,35.99248036823529,30.09981342182353,35.06991277203508,34.99242621301887
2108,36.457212122,36.4586849855,35.999437352985076,30.105878153882355,35.05592139215282,34.98510583082132
2109,36.445429214,36.4586849855,36.005897652,30.117141227705883,35.07867004274006,35.00006871068044
2110,36.3997704455,36.46899503,35.98359045043478,30.10709110029412,35.06799373341596,34.99750889611596
2111,36.3762046295,36.467522166500004,35.96112589321168,30.089590016352943,35.04571315952255,34.99543874378175
2112,36.362948858,36.480777938,35.96670525698529,30.088550348000002,35.04046110776234,34.99442359601621
2113,36.368840312,36.4851965285,35.95592623165217,30.085951177117646,35.04120593734339,35.00201190636791
2114,36.3820960835,36.4881422555,35.94427416294964,30.088377069941178,35.04682020095238,34.98693252778023
2115,36.392406128000005,36.4763593475,35.965533732883216,30.088723626058826,35.04539374638946,34.996438753061355
2116,36.306980045,36.4645764395,35.97495862583942,30.087164123529412,35.040395732528054,34.98310745002792
2117,36.348220223,36.4969794365,35.96516186847826,30.081445947588236,35.03368976153935,35.003486699279506
2118,36.2996157275,36.46899503,35.99149632,30.090109850529412,35.05597768811083,35.02034809570545
2119,36.3614759945,36.442483487000004,35.95338684359712,30.091669353058826,35.07287192653143,34.99427892673025
2120,36.377677493,36.3997704455,35.972277151086956,30.09288229947059,35.065772222436955,35.00246280356412
2121,36.301088591,36.4999251635,35.96838976725714,30.08109939147059,35.05881712983155,34.994263335238955
2122,36.2907785465,36.477832211,35.966622331057145,30.088896904117647,35.05732873667897,34.97594329370679
2123,36.2200810985,36.421863398,35.95485076425532,30.078846776705884,35.055004685805,34.98829839058179
2124,36.349693086500004,36.411553353500004,35.95728622322302,30.093055577529412,35.06422569912596,34.99618476603012
2125,36.1847323745,36.4645764395,35.98644680129497,30.085431342941177,35.068049423462206,34.999933302335386
2126,36.2289182795,36.474886484,35.959235913035975,30.082832172058826,35.06481375115183,35.00090011677459
2127,36.248065505,36.411553353500004,35.96296575441727,30.08300545011765,35.07170988516893,34.99796040209765
2128,36.200933873000004,36.457212122,35.957148849148936,30.079539888941177,35.04606774132124,34.98382727013591
2129,36.2613212765,36.4557392585,35.95685935014286,30.079366610882353,35.05432432492308,34.97744494019566
2130,36.171476603,36.463103576,35.928589315869566,30.079713167,35.03829753231661,34.956481051018116
2131,36.256902686000004,36.460157849,35.94121535889051,30.077807108352943,35.02580743803026,34.973822807687895
2132,36.283414229,36.374731766000004,35.92471642080292,30.105358319705882,35.039971856691416,34.971965762011386
2133,36.251011232,36.4351191695,35.921138598509316,30.07815366447059,35.02376212489713,34.96021034167954
2134,36.242174051,36.429227715500005,35.93307194391304,30.093228855588237,35.04361794556456,34.974731437633366
2135,36.195042419,36.4410106235,35.94514299489051,30.096174582588237,35.03661661851565,34.96401576229726
2136,36.245119778,36.411553353500004,35.923282977007304,30.08213905982353,35.03581007624927,34.968318208877356
2137,36.289305683,36.436592033000004,35.92951020748202,30.093228855588237,35.04553256530241,34.98379296565259
2138,36.242174051,36.4351191695,35.91031353332734,30.081792503705884,35.0274506976109,34.97297709675849
2139,36.236282597,36.474886484,35.92611944258993,30.090109850529412,35.03773559192353,34.968739833385044
2140,36.2053524635,36.473413620500004,35.926199316231006,30.082312337882353,35.03369146427045,34.9764047796703
2141,36.2053524635,36.492560846,35.93221143034694,30.08127266952941,35.035327452750145,34.965157464935636
2142,36.175895193500004,36.4763593475,35.926665648392856,30.08907018217647,35.037049585335254,34.974698858388
2143,36.2038796,36.4704678935,35.93518721578572,30.084738230705884,35.03428166584438,34.982427897184955
2144,36.225972552500004,36.445429214,35.92777514587234,30.082485615941177,35.0299280659738,34.965553652909264
2145,36.2024067365,36.442483487000004,35.9327067595493,30.080752835352943,35.0314632757464,34.97355943134135
2146,36.231864006500004,36.417444807500004,35.916250399357146,30.086644289352943,35.0337119444287,34.9637558926935
2147,36.1876781015,36.304034318,35.893048017207796,30.079020054764708,35.01621180840264,34.96314523882682
2148,36.221553962,36.345274496,35.8971931313587,30.07763383029412,35.019031728965516,34.968215468769856
2149,36.2038796,36.427754852,35.873930320425536,30.08057955729412,35.00585181885765,34.92316992294716
2150,36.251011232,36.293724273500004,35.902902121870504,30.07919333282353,35.02811717238095,34.92869555074909
2151,36.2200810985,36.3820960835,35.91904583416327,30.077980386411767,35.023310523603556,34.95730233918406
2152,36.2171353715,36.289305683,35.902049311739134,30.08109939147059,35.01484794081855,34.95005447199241
2153,36.2613212765,36.3172900895,35.89335970886691,30.076940718058825,35.018403693395584,34.962103942355526
2154,36.181786647500005,36.374731766000004,35.89732740542232,30.081792503705884,35.03579975790194,34.95151797496722
2155,36.245119778,36.3084529085,35.90831076043479,30.082658894,35.03601214169231,34.94982869271895
2156,36.2141896445,36.342328769,35.88282914531804,30.077460552235294,35.01894305380711,34.94935734868281
2157,36.209771054,36.295197137,35.88723186554745,30.08057955729412,35.02908256923256,34.932478332267166
2158,36.268685594000004,36.327600134,35.89776767744526,30.08005972311765,35.020969039948675,34.95310999897953
2159,36.239228324,36.349693086500004,35.89933013118248,30.084218396529412,35.02826904685287,34.93887886946063
2160,36.218608235000005,36.32170868,35.90980496978261,30.083698562352943,35.03104950290155,34.93637067362373
2161,36.277522775,36.336437315,35.919627695328465,30.08785723576471,35.04139676,34.98110381306467
2162,36.306980045,36.287832819500004,35.90680638639752,30.084391674588236,35.039743047583265,34.96881431807692
2163,36.274577048,36.345274496,35.901693547608694,30.08213905982353,35.04239053938828,34.975352431033855
2164,36.242174051,36.3172900895,35.91176520454677,30.082832172058826,35.03197038613065,34.960277326218936
2165,36.206825327000004,36.2907785465,35.906318481304346,30.077980386411767,35.02853701144785,34.9544651691432
2166,36.133182152,36.3644217215,35.898463209304346,30.077460552235294,35.01621859804544,34.951246355676325
2167,36.175895193500004,36.283414229,35.91203044321168,30.076940718058825,35.01374034035605,34.939279527755836
2168,36.177368057,36.360003131,35.91613757130435,30.08057955729412,35.01658586401028,34.935272758333824
2169,36.200933873000004,36.3909332645,35.91490793021127,30.079020054764708,35.02417378561741,34.95791083063329
2170,36.242174051,36.3261272705,35.92413853244756,30.082658894,35.025772178590834,34.965085668460425
2171,36.186205238,36.355584540500004,35.92963656521127,30.08109939147059,35.02370553464781,34.95479088027639
2172,36.2672127305,36.380623220000004,35.92330947552817,30.08317872817647,35.032182006138505,34.9650760011948
2173,36.206825327000004,36.380623220000004,35.91753557401409,30.080406279235294,35.03041895661276,34.96543663081439
2174,36.298142864,36.3614759945,35.93677946031915,30.08785723576471,35.02637171747509,34.960250245186444
2175,36.2407011875,36.4262819885,35.88966872,30.082832172058826,35.01895670606857,34.931568125282354
2176,36.2171353715,36.355584540500004,35.91856489914286,30.094268523941178,35.02673979575775,34.9526051161194
2177,36.236282597,36.3997704455,35.918914067194244,30.085777899058826,35.018485744318184,34.953899546341596
2178,36.2171353715,36.4645764395,35.914966514375,30.08196578176471,35.00256009661538,34.94321018524555
2179,36.2407011875,36.306980045,,30.087337401588236,35.019394206308725,34.95900123528078
2180,36.17442233,36.298142864,,30.084391674588236,35.006351731046095,34.94022594310318
2181,36.1847323745,36.3438016325,,30.07711399611765,34.99494876386869,34.92870241105925
2182,36.17442233,36.4144990805,35.93254080309859,30.076940718058825,34.986915714729186,34.93399778701857
2183,36.2230268255,36.417444807500004,35.94229074457746,30.082658894,35.00978815729822,34.94260992451815
2184,36.251011232,36.354111677,35.94784498255639,30.098080641235295,34.99237621577815,34.96544112724318
2185,36.2966700005,36.41008049,35.92852426185714,30.082658894,34.99222939812987,34.95440503289453
2186,36.35116595,36.4321734425,35.97845836361702,30.093228855588237,35.0069546517331,34.96356347071121
2187,36.4086076265,36.413026217,35.952525230437956,30.097387529000002,35.00041121833475,34.96913631276355
2188,36.333491588,36.451320668,,30.109343715058824,34.99194819759079,34.96186691202332
2189,36.3290729975,36.3820960835,,30.117834339941176,34.99726151605271,34.9635709689981
2190,36.253956959,36.463103576,,30.09981342182353,34.99051261042261,34.958828575394634
2191,36.286359956,36.362948858,,30.106744544176472,34.995914613431516,34.95755556777196
2192,36.349693086500004,36.3585302675,,30.10119964629412,34.990185870557795,34.94549614187551
2193,36.2554298225,36.4233362615,,30.103972095235296,35.00670264778068,34.93275658318612
2194,36.2465926415,36.371786039,,30.093228855588237,34.99663564756988,34.931898958524336
2195,36.4027161725,36.348220223,,30.093228855588237,35.01276188033226,34.94442759309298
2196,36.289305683,36.451320668,,30.09340213364706,34.99188820718163,34.918511995172416
2197,36.306980045,36.442483487000004,,30.081792503705884,34.9996769858503,34.928817065351566
2198,36.3025614545,36.392406128000005,,30.082485615941177,35.008740905112646,34.928195851682574
2199,36.405661899500004,36.43953776,35.94815634304348,30.093055577529412,35.01009476651163,34.925611666811214
2200,36.3879875375,36.287832819500004,35.959929764,30.088550348000002,35.01998869122298,34.96229153532245
2201,36.430700579,36.3084529085,,30.097387529000002,35.0304738044928,34.965735573027274
2202,36.430700579,36.418917671,35.937361442857146,30.09582802647059,35.02958127099913,34.97109755613418
2203,36.433646306,36.2524840955,35.95327620742647,30.109863549235296,35.027181991374896,34.97302084102647
2204,36.327600134,36.342328769,35.916300778993964,30.09496163617647,35.00558319244904,34.94547323448553
2205,36.330545861000004,36.3703131755,35.92445635314286,30.10171948047059,35.01229037316865,34.92175014681319
2206,36.3614759945,36.327600134,35.94114582161702,30.086817567411767,35.00030218026756,34.924830475186766
2207,36.333491588,36.367367448500005,35.90775977447479,30.089243460235295,34.98450893367347,34.91984730128162
2208,36.259848413,36.271631321,35.92280994055474,30.095481470352944,34.97959250895168,34.91678548682136
2209,36.225972552500004,36.3791503565,35.92726180742857,30.086644289352943,34.97225493395349,34.901095905854454
2210,36.2524840955,36.405661899500004,35.915198354,30.08196578176471,34.93495988516579,34.88568849115045
2211,36.209771054,36.298142864,35.95553546240876,30.08751067964706,34.98608317878702,34.91490454602261
2212,36.259848413,36.3113986355,35.95823068758742,30.086817567411767,34.977863784143885,34.9241570415313
2213,36.2495383685,36.3261272705,35.96107058097826,30.079886445058825,34.99100314068966,34.91304202910599
2214,36.224499689,36.339383042,35.97485969802817,30.091322796941178,35.004908265165525,34.927724067094694
2215,36.218608235000005,36.365894585,35.974183030357146,30.094615080058826,34.987108797664234,34.93871914553289
2216,36.3202358165,36.362948858,35.95144675816749,30.090629684705885,34.970383086194985,34.933747319462455
2217,36.227445416,36.3585302675,35.970589163829786,30.090629684705885,34.9845719230493,34.91443567570757
2218,36.227445416,36.4144990805,35.94539720562238,30.08785723576471,34.98925391631169,34.92579986580185
2219,36.29225141,36.407134763,35.96446093744681,30.094095245882354,34.98793725918087,34.950782032214136
2220,36.2583755495,36.41008049,35.940644421276595,30.110383383411765,34.97449113332402,34.94297608718374
2221,36.2760499115,36.3438016325,35.97397262128572,30.099120309588237,34.97027718770102,34.93998823142857
2222,36.2760499115,36.389460401,35.946619442,30.096001304529413,34.95939748585097,34.89462379606531
2223,36.2141896445,36.3644217215,35.92024202838373,30.086817567411767,34.96427062859375,34.9158549676254
2224,36.212716781000005,36.3290729975,35.94388717347826,30.088896904117647,34.954074324962406,34.93524139337514
2225,36.212716781000005,36.362948858,35.92470705331307,30.088896904117647,34.95958552145078,34.90578650574163
2226,36.195042419,36.4380648965,35.89495181733696,30.096694416764706,34.96174748852631,34.90453722880398
2227,36.245119778,36.41008049,35.919920868714286,30.12043351082353,34.98259529304447,34.949120955273976
2228,36.2465926415,36.3909332645,35.954767197531915,30.10570487582353,34.97754519867639,34.93543526863309
2229,36.230391143,36.4321734425,35.920791115402096,30.08109939147059,34.97037000605166,34.89964996416862
2230,36.156747968000005,36.4498478045,35.89619189167832,30.097387529000002,34.98241895735652,34.89795609313386
2231,36.200933873000004,36.451320668,35.89223709364185,30.080406279235294,34.97806221018995,34.88886290101205
2232,36.212716781000005,36.4469020775,35.87751847913669,30.08508478682353,34.97249838309715,34.85204361341357
2233,36.286359956,36.4351191695,35.922352262428575,30.081792503705884,34.9763784108194,34.87106010877329
2234,36.177368057,36.405661899500004,35.88422552880435,30.077460552235294,34.949700257969184,34.86685958565369
2235,36.162639422,36.3938789915,35.89102098933196,30.097040972882354,34.9778691852777,34.87353934354788
2236,36.1611665585,36.367367448500005,35.860776577482014,30.08456495264706,34.96665711374273,34.85941208149007
2237,36.2038796,36.3879875375,35.875010221357144,30.08161922564706,34.96390398382445,34.862960956377485
2238,36.1670580125,36.4351191695,35.891948151607146,30.086644289352943,34.97443248285465,34.878849146058954
2239,36.330545861000004,36.4027161725,35.9012538333813,30.105011763588237,34.99358918794016,34.88811620788488
2240,36.298142864,36.436592033000004,35.83576892953572,30.084738230705884,34.980170409816026,34.85875762349179
2241,36.380623220000004,36.3320187245,35.907528795171025,30.079713167,34.98594149044827,34.907117323294116
2242,36.392406128000005,36.3614759945,35.894951667014084,30.08491150876471,34.990163063529415,34.90795948673637
2243,36.418917671,36.368840312,35.916688627234045,30.098427197352944,34.99986267061885,34.922488355
2244,36.348220223,36.283414229,35.930378523795625,30.10275914882353,34.98821948751053,34.90769429574681
2245,36.392406128000005,36.4233362615,35.887177162697306,30.097560807058823,34.99301293373636,34.888869971052195
2246,36.251011232,36.417444807500004,35.888599014409046,30.08785723576471,34.98471458283465,34.86503835723729
2247,36.287832819500004,36.377677493,35.91955602313869,30.094615080058826,34.99118712597558,34.8908093514735
2248,36.295197137,36.413026217,35.87072967418945,30.09825391929412,34.99095912507772,34.88135373496641
2249,36.2848870925,36.3997704455,35.90114302802857,30.095134914235295,34.98688076555301,34.88551250776471
2250,36.283414229,36.3467473595,35.85733280338892,30.084738230705884,34.980997361405976,34.84774801305869
2251,36.243646914500005,36.3997704455,35.88576340011364,30.086297733235295,34.98217722379416,34.84014189568182
2252,36.3231815435,36.417444807500004,35.90597352806103,30.081792503705884,34.98858847667849,34.85327557946918
2253,36.3968247185,36.3732589025,35.905163383297875,30.095481470352944,34.99691286858081,34.866925289520665
2254,36.195042419,36.41008049,35.88173791653846,30.079713167,34.97857585425854,34.83625987560893
2255,36.2731041845,36.3703131755,35.875323643203124,30.081445947588236,34.98145957473887,34.86644676621086
2256,36.230391143,36.429227715500005,35.85369461348215,30.080752835352943,34.98436822750416,34.857285804496975
2257,36.1405464695,36.424809125,35.84941722278621,30.076940718058825,34.98043795794257,34.854252878246335
2258,36.1641122855,36.380623220000004,35.829306493653846,30.08005972311765,34.98034325035539,34.845330920086035
2259,36.230391143,36.436592033000004,35.83117983513301,30.07728727417647,34.97477089510615,34.86833256476078
2260,36.162639422,36.395351855,35.840099244965515,30.07728727417647,34.973287282737076,34.87832012082784
2261,36.165585149,36.3968247185,35.85077492194805,30.078500220588236,34.97996195648506,34.86557248154489
2262,36.17442233,36.3968247185,35.82432597050737,30.07815366447059,34.96249723253417,34.86896101277709
2263,36.186205238,36.3909332645,35.8375439762766,30.079020054764708,34.95507704252722,34.85065290258913
2264,36.1110891995,36.3703131755,35.80597986061539,30.07676744,34.96770570150149,34.81360978621393
2265,36.121399244,36.368840312,35.84102767456741,30.08005972311765,34.962364267730415,34.85733157858824
2266,36.0993062915,36.386514674,35.8361751359375,30.08196578176471,34.95653003456954,34.86559023526786
2267,36.181786647500005,36.398297582,35.84544848251748,30.09097624082353,34.9616043097958,34.84168733869159
2268,36.2230268255,36.365894585,35.81990511552448,30.082312337882353,34.961969992142855,34.84972167986581
2269,36.1258178345,36.3762046295,35.84053071706392,30.077980386411767,34.93467499208122,34.87815451097784
2270,36.162639422,36.3820960835,35.8110666081992,30.078846776705884,34.95709659975123,34.8556674202693
2271,36.236282597,36.4144990805,35.83881986107143,30.078846776705884,34.9636538620507,34.84545590796009
2272,36.195042419,36.389460401,35.826725835384615,30.083698562352943,34.97073155046101,34.85181173958133
2273,36.231864006500004,36.3850418105,35.83355194810959,30.077807108352943,34.96251791507279,34.859816167801824
2274,36.133182152,36.360003131,35.84130970175,30.08612445517647,34.96897246386674,34.82945136649322
2275,36.192096692,36.401243309,35.82070291447291,30.079539888941177,34.95650803045454,34.80971834928934
2276,36.1876781015,36.3938789915,35.82530765351562,30.079539888941177,34.95388349314578,34.79596099544566
2277,36.1876781015,36.3879875375,35.81484629154412,30.081792503705884,34.95763662006921,34.79665265929082
2278,36.136127879,36.374731766000004,35.82093509,30.07815366447059,34.96108045785714,34.79181143204487
2279,36.227445416,36.371786039,35.832390695,30.08005972311765,34.97958307520208,34.80787302815995
2280,36.180313784,36.380623220000004,35.81507943476563,30.07815366447059,34.968348062683546,34.80600908052038
2281,36.180313784,36.411553353500004,35.80151350757353,30.079020054764708,34.960172274759955,34.79597998
2282,36.08605052,36.3614759945,35.806051958828675,30.08005972311765,34.94913874227524,34.763738701017346
2283,36.1110891995,36.3997704455,35.798741256438355,30.07815366447059,34.96669111198513,34.7834223420998
2284,36.106670609,36.4203905345,35.754361659800004,30.077807108352943,34.93971480392642,34.80340606086002
2285,36.088996247,36.429227715500005,35.79956848114384,30.077460552235294,34.963224614144664,34.8079987029833
2286,36.1788409205,36.405661899500004,35.80039782966114,30.079020054764708,34.95853309808928,34.796428052110585
2287,36.1258178345,36.4351191695,35.80545250180245,30.081445947588236,34.956497502521344,34.81109906779221
2288,36.1670580125,36.418917671,35.805237996808216,30.082312337882353,34.95134102880844,34.802322890714706
2289,36.0639575675,36.4410106235,35.801525573739724,30.079020054764708,34.934197640505474,34.81280151336268
2290,36.192096692,36.418917671,35.82558827452217,30.090629684705885,34.96030834939166,34.82385932917647
2291,36.1729494665,36.4203905345,35.828638065910205,30.112635998176472,34.95921566247511,34.82345804155129
2292,36.156747968000005,36.4203905345,35.81299164657959,30.084738230705884,34.95329344937156,34.82613818627907
2293,36.114034926500004,36.415971944,35.808226946942284,30.078846776705884,34.953381971223145,34.81592038755518
2294,36.195042419,36.386514674,35.80393413180744,30.077980386411767,34.94667813471417,34.81929346815506
2295,36.103724882,36.389460401,35.821794772090534,30.085258064882353,34.96526830634273,34.7899633703
2296,36.2348097335,36.395351855,35.81241082505495,30.082658894,34.966920283969934,34.80368801759635
2297,36.253956959,36.405661899500004,35.8582910497449,30.083698562352943,34.979012721776314,34.818032975945485
2298,36.212716781000005,36.4233362615,35.823459998857146,30.081445947588236,34.964265237084845,34.80167186318396
2299,36.127290698,36.430700579,35.825984907714286,30.079886445058825,34.97047046791482,34.81873102908775
2300,36.2642670035,36.383568947,35.81891168028138,30.08803051382353,34.98196530552297,34.79399724687935
2301,36.259848413,36.3791503565,35.81262662923077,30.079020054764708,34.978643575370526,34.79264925305245
2302,36.2731041845,36.3879875375,35.783104691883565,30.079366610882353,34.976373205406006,34.76965710711765
2303,36.242174051,36.430700579,35.779268368440235,30.082485615941177,34.96172053461755,34.770666137312645
2304,36.192096692,36.389460401,35.814722394166665,30.091842631117647,34.98539522725605,34.749313613155586
2305,36.2407011875,36.3762046295,35.74167657819815,30.079713167,34.95479632854839,34.76695160042685
2306,36.230391143,36.367367448500005,35.79835882856507,30.08196578176471,34.95381958982688,34.7598246880362
2307,36.2583755495,36.3879875375,35.81179317862069,30.08127266952941,34.95926898411569,34.795012897656775
2308,36.156747968000005,36.3968247185,35.795939880429685,30.08213905982353,34.96778770878266,34.781757629375576
2309,36.2348097335,36.4086076265,35.81677326306035,30.08508478682353,34.96465897642483,34.80296720083662
2310,36.239228324,36.3850418105,35.81917160400862,30.09790736317647,34.95685517,34.78603941314021
2311,36.251011232,36.374731766000004,35.81729182729313,30.085604621,34.97282830820345,34.795228326457455
2312,36.215662508,36.345274496,35.78064296206897,30.084738230705884,34.967104655627985,34.76240397331924
2313,36.2289182795,36.289305683,35.81796723425099,30.079713167,34.97799897990623,34.75322102457895
2314,36.2230268255,36.2760499115,35.79739617561644,30.08005972311765,34.96043799673481,34.741724642729444
2315,36.251011232,36.312871499,35.835813738875004,30.085604621,34.99140459294368,34.76876228719789
2316,36.265739867,36.2966700005,35.850773832027976,30.088723626058826,34.98545316765439,34.77889705345391
2317,36.280468502000005,36.29225141,35.86889082419643,30.082312337882353,34.98578882432418,34.79568182128572
2318,36.271631321,36.253956959,35.856740054545455,30.09201590917647,34.98142713301701,34.803445210337344
2319,36.277522775,36.2848870925,35.85137261156981,30.08456495264706,34.983853676,34.8084246216409
2320,36.2672127305,36.2613212765,35.84672859365135,30.09790736317647,34.98857838384615,34.795032273066745
2321,36.2407011875,36.293724273500004,35.77491083661793,30.081445947588236,34.96801934082192,34.70381660091975
2322,36.215662508,36.330545861000004,35.79986355824914,30.07711399611765,34.93769936887555,34.76686221021834
2323,36.225972552500004,36.3025614545,35.81020824558594,30.07815366447059,34.95618889477286,34.778903001155584
2324,36.231864006500004,36.287832819500004,35.791135435790785,30.07676744,34.95295158075102,34.7798989147078
2325,36.274577048,36.3025614545,35.83760186418431,30.07676744,34.94909772074987,34.78586697702561
2326,36.253956959,36.2554298225,35.85819584775254,30.077460552235294,34.95106539536767,34.768024098795465
2327,36.2524840955,36.301088591,35.8261568477186,30.07867349864706,34.95291634870627,34.755942103624896
2328,36.2348097335,36.305507181500005,35.81115742281496,30.08057955729412,34.943249826043086,34.743575207480916
2329,36.274577048,36.287832819500004,35.83315821793323,30.084738230705884,34.94965980445344,34.75923079674354
2330,36.271631321,36.271631321,35.77179418125,30.08508478682353,34.939833396441585,34.74500200524919
2331,36.271631321,36.268685594000004,35.74139037289384,30.103972095235296,34.96909764852696,34.71912864988552
2332,36.253956959,36.277522775,35.75240858648649,30.100679812117647,34.95984918760656,34.723083659768854
2333,36.253956959,36.3025614545,35.770958196592666,30.080752835352943,34.96648658426865,34.71600030031647
2334,36.2524840955,36.2583755495,35.740830912952184,30.08127266952941,34.95668660193133,34.66455238222417
2335,36.130236425,36.1493836505,35.699240528979374,30.088723626058826,34.9426376401196,34.63154302304889
2336,35.655974378,36.197988146,35.72812437414138,30.088377069941178,34.9557392974033,34.67706781844521
2337,36.1051977455,36.024190253,35.696472465068496,30.08785723576471,34.93807705627737,34.68788628150448
2338,36.183259511,36.2407011875,35.758542955625,30.081445947588236,34.94103661321174,34.73327076347853
2339,36.159693695,36.253956959,35.733596461095566,30.084738230705884,34.90542800997362,34.69108913448697
2340,36.1287635615,36.239228324,35.70170170320946,30.077460552235294,34.885799111756526,34.74691941141104
2341,36.1228721075,36.2407011875,35.69598735171979,30.077807108352943,34.87997454141305,34.72856459617177
2342,36.0904691105,36.2348097335,35.67554689843161,30.076940718058825,34.88456956998161,34.733812868668736
2343,36.142019333,36.231864006500004,35.67321122194941,30.08127266952941,34.88446704288474,34.7313912260925
2344,36.159693695,36.181786647500005,35.70010704291009,30.08005972311765,34.86835428276056,34.74596282929912
2345,36.177368057,36.181786647500005,35.68043671960869,30.080926113411767,34.88750019777565,34.72487997783784
2346,36.1611665585,36.171476603,35.67575283071429,30.07676744,34.866890744029945,34.717921811712486
2347,36.136127879,36.1847323745,35.70908722085107,30.076940718058825,34.876745397006765,34.72399649523405
2348,36.1258178345,36.186205238,35.739964276447154,30.076940718058825,34.90149106925,34.72048422666893
2349,36.1493836505,36.189150965,35.730841805497874,30.076940718058825,34.892624899622305,34.722974294639656
2350,36.153802241,36.1788409205,35.72360470492958,30.07815366447059,34.888985896514086,34.72218924829455
2351,36.183259511,36.175895193500004,35.7442626212766,30.077460552235294,34.900530942085894,34.69560288487444
2352,36.192096692,36.189150965,35.76010566787649,30.07728727417647,34.90923509834946,34.73512243773475
2353,36.189150965,36.2038796,35.73279057375,30.07676744,34.91047491184348,34.732818007473405
2354,36.1110891995,36.136127879,35.73330803077461,30.077460552235294,34.90414015685058,34.68490481935634
2355,36.195042419,36.1965152825,35.77434664170213,30.08300545011765,34.94750800982878,34.73279108934616
2356,36.171476603,36.2053524635,35.73880198253747,30.07676744,34.92323222545455,34.71353702413521
2357,36.0816319295,36.209771054,35.73296563829787,30.07676744,34.91961959473872,34.730895825335146
2358,36.139073606000004,36.1994610095,35.700653760390544,30.079020054764708,34.913486026599635,34.71374159261785
2359,36.1434921965,36.221553962,35.698874390104436,30.07676744,34.9260221316553,34.74132515133513
2360,36.136127879,36.2230268255,35.684075342043165,30.07676744,34.90821543271659,34.72320957759141
2361,36.1228721075,36.23333687,35.67996101214286,30.07676744,34.91341786727783,34.728234024500004
2362,36.1228721075,36.212716781000005,35.67538461483929,30.07676744,34.91057222316583,34.715538551355934
2363,36.0197716625,36.227445416,35.6520564159803,30.07728727417647,34.90865208286526,34.70392491727815
2364,36.0286088435,36.2554298225,35.63361505656915,30.07676744,34.89934604607668,34.72058856211539
2365,36.068376158,36.280468502000005,35.63601739637662,30.07711399611765,34.89246261136842,34.73409577162191
2366,35.929926989,36.124344971,35.63097316402623,30.07815366447059,34.88648393761462,34.71878815410791
2367,35.844500906,36.1405464695,35.64303332092308,30.084391674588236,34.91185846881459,34.7066443572275
2368,36.165585149,36.215662508,35.64826038787051,30.07676744,34.88496506641001,34.69013410264151
2369,36.1729494665,36.239228324,35.67653281106383,30.076940718058825,34.91937768163116,34.73914365179203
2370,36.1729494665,36.2171353715,35.65705821177801,30.07676744,34.900207045034314,34.709667853764046
2371,36.1641122855,36.218608235000005,35.66528283495375,30.07676744,34.898185880166515,34.71228568343684
2372,36.186205238,36.206825327000004,35.67063989027857,30.07676744,34.886727747424935,34.69477503873322
2373,36.1582208315,36.221553962,35.669516245287774,30.077980386411767,34.89371031816748,34.68550858769703
2374,36.192096692,36.2200810985,35.69646403913669,30.07728727417647,34.90853030256837,34.69986455564706
2375,36.206825327000004,36.2171353715,35.67367931319149,30.07763383029412,34.900192387385644,34.696005102662426
2376,36.183259511,36.248065505,35.69627144583587,30.07676744,34.88872579169231,34.699800049577995
2377,36.168530876000005,36.2141896445,35.70497001258741,30.07676744,34.90098239773431,34.713618136548845
2378,36.168530876000005,36.218608235000005,35.69919550031977,30.07676744,34.895730765197214,34.73874196059967
2379,36.144965060000004,36.2407011875,35.70488714725582,30.07832694252941,34.90167343594381,34.705894256655355
2380,36.1523293775,36.225972552500004,35.68439653210837,30.07728727417647,34.8975241317025,34.704063068948365
2381,36.1611665585,36.218608235000005,35.70033925163547,30.085431342941177,34.90241319979058,34.71834327829828
2382,36.124344971,36.2112439175,35.6899141025,30.078846776705884,34.89000732549669,34.698609345695154
2383,36.1670580125,36.2038796,35.68128880830986,30.07815366447059,34.89640937103084,34.70582465774951
2384,36.156747968000005,36.239228324,35.66822709404256,30.078500220588236,34.88683274831666,34.68987700554225
2385,36.133182152,36.227445416,35.684028920857145,30.078500220588236,34.88449566995831,34.6983055170482
2386,36.1022520185,36.2171353715,35.66828627218662,30.07676744,34.87799143809955,34.667775468173915
2387,36.100779155,36.2038796,35.66334729690141,30.07676744,34.87580245215343,34.69024124433735
2388,36.114034926500004,36.197988146,35.67161314032733,30.077807108352943,34.874644705804705,34.69546149185484
2389,36.139073606000004,36.2024067365,35.668458806651735,30.076940718058825,34.86177980081203,34.698009175477054
2390,36.133182152,36.195042419,35.62834065328572,30.07676744,34.83147974003723,34.6947579435996
2391,36.124344971,36.197988146,35.65204164684582,30.07711399611765,34.84261757697298,34.67969654356083
2392,36.1228721075,36.193569555500005,35.65804663938169,30.07728727417647,34.85164887758297,34.69619756729349
2393,36.1287635615,36.2082981905,35.68079027142437,30.079020054764708,34.840828849301026,34.70756178160865
2394,36.077213339000004,36.180313784,35.59197455709637,30.076940718058825,34.795596574881365,34.682610851286476
2395,36.1051977455,36.1906238285,35.63358735926499,30.077460552235294,34.807456662623565,34.714006652755906
2396,36.1022520185,36.1876781015,35.63600464431169,30.07711399611765,34.806642247604735,34.69370159614386
2397,36.103724882,36.1876781015,35.640274279840426,30.07867349864706,34.80576222054854,34.686718577667214
2398,36.08605052,36.175895193500004,35.63177150336665,30.07711399611765,34.79609931729511,34.70278702855063
2399,36.0934148375,36.200933873000004,35.65715823991489,30.079539888941177,34.82496631794254,34.70440643023514
2400,36.0963605645,36.183259511,35.65607958253572,30.07728727417647,34.79472558874079,34.71234416910078
2401,36.0934148375,36.1847323745,35.662507655354574,30.07676744,34.79703475957213,34.67887612722793
2402,36.077213339000004,36.1788409205,35.653547958495444,30.07711399611765,34.77940688951426,34.69220228125168
2403,36.077213339000004,36.1965152825,35.67405744826824,30.07676744,34.77680035055394,34.68945577671968
2404,36.0993062915,36.183259511,35.66948587914894,30.07728727417647,34.79596284546075,34.7196908946016
2405,36.0845776565,36.193569555500005,35.67411811408242,30.07676744,34.77968545641273,34.69973826924012
2406,36.0816319295,36.171476603,35.674303346,30.07711399611765,34.78734256990848,34.70069774053025
2407,36.0816319295,36.162639422,35.67465870354286,30.07676744,34.779816720926895,34.68808523049951
2408,36.1051977455,36.1876781015,35.68879426943057,30.079886445058825,34.78290147594096,34.70920731671681
2409,36.058066113500004,36.2082981905,35.6457061168617,30.07867349864706,34.76997875105431,34.69461873532039
2410,36.100779155,36.1670580125,35.678199354500954,30.077980386411767,34.755594168294195,34.6932016236869
2411,36.0492289325,36.1994610095,35.64080579675974,30.07832694252941,34.77008776235831,34.68840947786869
2412,36.1022520185,36.1965152825,35.68023454393572,30.07832694252941,34.77783933798277,34.71449152487087
2413,36.0610118405,36.1906238285,35.64797273447205,30.07832694252941,34.77563694455705,34.7074198372093
2414,36.100779155,36.189150965,35.66358240672662,30.077807108352943,34.76738681091837,34.7108712523906
2415,36.0963605645,36.181786647500005,35.65730391937888,30.077807108352943,34.77477508804348,34.70337233913477
2416,36.068376158,36.1906238285,35.66307379199281,30.07832694252941,34.77093613183108,34.72128964292453
2417,36.1051977455,36.192096692,35.683403792456524,30.07832694252941,34.77811633184544,34.71475911358229
2418,36.100779155,36.17442233,35.616635920988145,30.07763383029412,34.76212252218147,34.7296971177612
2419,36.080159066,36.1729494665,35.662057392216326,30.07728727417647,34.76671241392774,34.68481210062312
2420,36.080159066,36.186205238,35.60208193383399,30.078500220588236,34.771162631117825,34.68904495265678
2421,36.106670609,36.1994610095,35.647540481053575,30.078500220588236,34.784845977471335,34.72249229421277
2422,36.0786862025,36.193569555500005,35.62735323979725,30.076940718058825,34.76016144655857,34.70846070217421
2423,36.112562063,36.168530876000005,35.632463451322984,30.077807108352943,34.78507170886598,34.724180925945944
2424,36.1110891995,36.142019333,35.64673391294643,30.077807108352943,34.7713311736529,34.720841176180215
2425,36.106670609,36.1552751045,35.612862305395744,30.07832694252941,34.783618367857144,34.71456353970326
2426,36.0875233835,36.150856514,35.62875130673913,30.07763383029412,34.75502114919935,34.69675983104636
2427,36.0757404755,36.186205238,35.63784412967857,30.077980386411767,34.76340241258024,34.71454685296284
2428,36.11550779,36.162639422,35.639529536834786,30.07763383029412,34.78043079134976,34.72056858824
2429,36.100779155,36.186205238,35.649839673475135,30.07728727417647,34.77155536546624,34.7268778883339
2430,36.1022520185,36.186205238,35.661541497966844,30.07676744,34.76524588246391,34.73020389551446
2431,36.062484704,36.1876781015,35.653398026975424,30.07728727417647,34.77701892322835,34.716444098854204
2432,36.053647523,36.170003739500004,35.646295560714286,30.07676744,34.75261439966102,34.70174670785499
2433,36.0904691105,36.1493836505,35.64619510379987,30.07676744,34.767045201889765,34.71470254677176
2434,36.053647523,36.170003739500004,35.61992126295992,30.076940718058825,34.76564180759348,34.687907408906355
2435,36.0345002975,36.159693695,35.63770639813664,30.07676744,34.733850940386255,34.694715221818186
2436,36.0551203865,36.180313784,35.619585529051385,30.07676744,34.74556646889107,34.70333433668493
2437,36.065430431,36.153802241,35.628096700739135,30.076940718058825,34.76598180051609,34.69656051714882
2438,36.058066113500004,36.1582208315,35.61968500168067,30.07676744,34.7511188953882,34.693810241465336
2439,35.996205846500004,36.1405464695,35.58500214203358,30.076940718058825,34.757249744226414,34.612756986861314
2440,35.7752763215,35.946128487500005,35.60145804284602,30.079366610882353,34.78995081621233,34.59131580571732
2441,36.0993062915,36.17442233,35.662058323023984,30.077460552235294,34.803835461920464,34.6828406669506
2442,36.0904691105,36.1641122855,35.595805455530694,30.07728727417647,34.78944082839375,34.68531603626168
2443,36.0875233835,36.165585149,35.6240385533643,30.077460552235294,34.79985386258266,34.69651512586648
2444,36.0934148375,36.1346550155,35.595299490447864,30.08057955729412,34.781314218336085,34.632985142684134
2445,36.062484704,36.1258178345,35.605940985074625,30.077460552235294,34.781878720460085,34.612134974642856
2446,36.1051977455,36.1376007425,35.649134219652176,30.07763383029412,34.79989176119576,34.66515467407278
2447,36.1051977455,36.153802241,35.631569323538464,30.077807108352943,34.80686949891551,34.665732966966374
2448,36.106670609,36.1552751045,35.65723615478261,30.07676744,34.81775859525456,34.68310582674309
2449,36.106670609,36.150856514,35.63620811286084,30.07711399611765,34.83165720122905,34.71814691083591
2450,36.109616336,36.133182152,35.652908856054225,30.07763383029412,34.849994642997835,34.69709501138185
2451,36.1434921965,36.1287635615,35.665772275719426,30.086644289352943,34.86255292945954,34.674132415963854
2452,36.1493836505,36.1376007425,35.66086257715217,30.07919333282353,34.87407091861282,34.711712844683504
2453,36.1523293775,36.130236425,35.68214438743478,30.092189187235295,34.881501995709954,34.700943304955224
2454,36.144965060000004,36.1376007425,35.67326804714894,30.077807108352943,34.85893446744145,34.67870210065301
2455,36.139073606000004,36.1464379235,35.67936216054579,30.08109939147059,34.88107001500293,34.65700482561215
2456,36.1434921965,36.091941974,35.70185736767937,30.086644289352943,34.88206934237693,34.64693918387761
2457,36.106670609,36.1110891995,35.7012257587234,30.08127266952941,34.86667178510216,34.6391372482796
2458,36.0610118405,36.074267612,35.6466044591383,30.08508478682353,34.84304740948695,34.61813492082031
2459,36.131709288500005,36.1169806535,35.71323132916499,30.07676744,34.853777091947606,34.639792410782555
2460,36.1110891995,36.147910787,35.72527056003125,30.07676744,34.826315779613836,34.638848204439775
2461,36.1405464695,36.1523293775,35.71367450217221,30.07676744,34.83163381381549,34.665741672348624
2462,36.124344971,36.1228721075,35.714842036403184,30.08023300117647,34.838438575024334,34.68842052614111
2463,36.124344971,36.1405464695,35.67471322088146,30.080406279235294,34.85895804150499,34.67799863025739
2464,36.097833428,36.109616336,35.7218381040888,30.085777899058826,34.84982533871658,34.67828833434645
2465,36.0904691105,36.127290698,35.682226567852005,30.082832172058826,34.84852363308672,34.681834768746356
2466,36.0875233835,36.136127879,35.699668725467625,30.08785723576471,34.85757591049499,34.68479931362758
2467,36.0904691105,36.1405464695,35.6742173133813,30.079886445058825,34.85761517154862,34.67775891649007
2468,36.091941974,36.1346550155,35.691385777042555,30.07676744,34.868330670801434,34.66462732731343
2469,36.286359956,36.3172900895,35.87188094601824,30.097560807058823,35.04331007124742,34.916479922671485
2470,36.383568947,36.262794140000004,35.968301549125876,30.116621393529414,35.041188900808436,34.9206425882942
2471,36.29225141,36.3084529085,35.85549808297873,30.110903217588238,35.02054053321253,34.88895795918416
2472,36.3850418105,36.348220223,35.91526079996711,30.110729939529413,35.034448258167544,34.917910304307334
2473,36.374731766000004,36.295197137,35.93718891491979,30.080926113411767,35.0226695341814,34.94343479276385
2474,36.3879875375,36.306980045,35.94913302675781,30.093228855588237,35.0411229734715,34.90702881255049
2475,36.3968247185,36.3408559055,35.96272226827206,30.093055577529412,35.05654331724078,34.92806378603669
2476,36.3938789915,36.365894585,35.953845336223125,30.09825391929412,35.032362485193495,34.95885572706811
2477,36.407134763,36.295197137,35.93132546545455,30.130310360176473,35.024330163353824,34.95529006126447
2478,36.3938789915,36.3290729975,35.93364852390632,30.10310570494118,35.004084065244776,34.91537417839378
2479,36.3408559055,36.3968247185,35.90331311305211,30.13568198,35.00508388752962,34.932398891705475
2480,36.3467473595,36.35116595,35.93489146597203,30.138454428941177,34.99595603988085,34.92829953444905
2481,36.4027161725,36.3997704455,35.91650004179311,30.10275914882353,35.009671056315945,34.92775163828007
2482,36.405661899500004,36.368840312,35.920591664274916,30.105878153882355,35.004944667632984,34.93507342515634
2483,36.4027161725,36.3820960835,35.89317773648903,30.12285940364706,35.02733700593472,34.92434648140625
2484,36.3320187245,36.339383042,35.84583551219828,30.163753025529413,34.999542371789474,34.84858464989976
2485,36.4203905345,36.4144990805,35.89174681189224,30.102066036588237,35.018917322207606,34.90654298750674
2486,36.3732589025,36.357057404,35.88618802188966,30.098427197352944,35.00265427117697,34.89988266813309
2487,36.404189036000005,36.362948858,35.8729209481831,30.09530819229412,34.993294526487894,34.91975100740193
2488,36.349693086500004,36.4203905345,35.862263599659244,30.09236246529412,34.99419091812112,34.93468446452489
2489,36.1729494665,36.3585302675,35.80687664685715,30.12285940364706,34.97100513654467,34.87120535683557
2490,36.142019333,36.354111677,35.77642319911469,30.09392196782353,34.947943778513434,34.832691790106786
2491,36.091941974,36.227445416,35.793081637397606,30.10275914882353,34.94247657568556,34.83938364789916
2492,36.374731766000004,36.330545861000004,35.82452584764628,30.10379881717647,34.93792594956679,34.8778237693625
2493,36.365894585,36.418917671,35.8534519803569,30.093748689764706,34.972328965776235,34.90508594852347
2494,36.3349644515,36.368840312,35.84622188629032,30.089590016352943,34.974671481280595,34.88783011940036
2495,36.3113986355,36.374731766000004,35.842929851600005,30.093575411705885,34.986435563385584,34.889517056268524
2496,36.218608235000005,36.3703131755,35.80385664518621,30.079886445058825,34.97063083296118,34.8398893067033
2497,36.2701584575,36.3585302675,35.83023662205419,30.088203791882353,34.97275102184755,34.831076190243905
2498,36.215662508,36.274577048,35.87087393519123,30.08196578176471,34.9769130636333,34.84444455125
2499,36.2171353715,36.345274496,35.88174185046875,30.082658894,34.974370155997775,34.8476828495583
2500,36.1994610095,36.32170868,35.8469556785,30.08317872817647,34.981555501971435,34.87197293121194
2501,36.245119778,36.3762046295,35.89372976221778,30.11298255429412,34.984560807175015,34.91792662517712
2502,36.301088591,36.398297582,35.871094846958044,30.11402222264706,35.00002430532545,34.931871811439976
2503,36.192096692,36.287832819500004,35.82507464880576,30.16756514282353,34.98894186908436,34.855128628982385
2504,36.3320187245,36.274577048,35.834587601139965,30.102932426882354,35.00139953128584,34.89526537778312
2505,36.197988146,36.355584540500004,35.84571144577206,30.08317872817647,34.97235797584767,34.87888644252478
2506,36.3320187245,36.262794140000004,35.85367742319853,30.106744544176472,34.98338062105949,34.91486473054577
2507,36.3320187245,36.32170868,35.84517774636963,30.089763294411767,34.981327706279075,34.92827057425682
2508,36.306980045,36.2613212765,35.82753778593159,30.089763294411767,34.96994636723992,34.93537258537628
2509,36.354111677,36.3202358165,35.8203206287985,30.12875085764706,34.989830828833576,34.93464461469375
2510,36.342328769,36.3614759945,35.84512991498563,30.09634786064706,34.979905139220854,34.922755466738785
2511,36.2966700005,36.362948858,35.764930098723404,30.09340213364706,34.986352055925074,34.90739757950825
2512,36.305507181500005,36.3526388135,35.81022837972028,30.09340213364706,34.99279101484536,34.91065166389704
2513,36.271631321,36.3202358165,35.806765265,30.088896904117647,34.98613963739427,34.90497972355717
2514,36.262794140000004,36.318762953000004,35.775429346279225,30.105878153882355,34.97481290171141,34.869752614003595
2515,36.283414229,36.289305683,35.76309926692958,30.07867349864706,34.970676876137006,34.87132290243014
2516,36.301088591,36.2848870925,35.78962421627551,30.089243460235295,34.980495133486954,34.87541584621015
2517,36.287832819500004,36.286359956,35.72532833398026,30.082832172058826,34.97296279493202,34.88473117496227
2518,36.2819413655,36.3585302675,35.72530917677551,30.081792503705884,35.00381085298844,34.865833476192236
2519,36.2583755495,36.349693086500004,35.75531608305428,30.084738230705884,35.01696007531903,34.86179613938848
2520,36.2524840955,36.3172900895,35.71163166699372,30.126151686764707,35.006079818552635,34.86832122848297
2521,36.243646914500005,36.3938789915,35.75255302186381,30.135508701941177,35.004075853412886,34.952428699560365
2522,36.245119778,36.3349644515,35.76874449206522,30.131003472411766,35.00843996676056,34.93734459563479
2523,36.301088591,36.3320187245,35.77371469059614,30.108823880882355,34.983852696887475,34.88208776301462
2524,36.268685594000004,36.280468502000005,35.77473796449655,30.12424562811765,34.99638416524871,34.82835608684151
2525,36.2554298225,36.3467473595,35.775103155377906,30.091322796941178,34.98216458271094,34.88148724804704
2526,36.2230268255,36.411553353500004,35.763666806160714,30.115581725176472,34.9938242815665,34.874700129904596
2527,36.2524840955,36.407134763,35.77307711435616,30.090629684705885,35.01236568799351,34.85177049780601
2528,36.2495383685,36.411553353500004,35.77379763256757,30.086990845470588,35.010848029349084,34.851108636531286
2529,36.2407011875,36.421863398,35.7929803384698,30.082832172058826,35.01637172608879,34.875475488824534
2530,36.256902686000004,36.3968247185,35.769160655310344,30.07832694252941,35.00465157595608,34.83677479952381
2531,36.253956959,36.4262819885,35.76229240351351,30.092189187235295,35.003706256571434,34.85998230728605
2532,36.1847323745,36.4144990805,35.75357594431448,30.089763294411767,34.99364718192771,34.84886237128684
2533,36.2141896445,36.3968247185,35.77721584847823,30.077807108352943,35.012370121729845,34.82257541919341
2534,36.2348097335,36.3526388135,35.773131395840004,30.07763383029412,35.01622813137048,34.81010937149262
2535,36.2289182795,36.3526388135,35.7488118232801,30.08785723576471,35.012098052289886,34.77300351159621
2536,36.231864006500004,36.3732589025,35.777394944972976,30.124938740352942,35.011449915272074,34.79732881643103
2537,36.2613212765,36.41008049,35.77782305153677,30.11939384247059,35.02749986465281,34.8049148886535
2538,36.221553962,36.4144990805,35.7540138903102,30.078846776705884,35.025983486431336,34.77255322274381
2539,36.286359956,36.360003131,35.784502526643124,30.138281150882353,35.0481877828744,34.813142522047244
2540,36.2642670035,36.3349644515,35.755968058098894,30.097734085117647,35.02691961067513,34.78675591655477
2541,36.177368057,36.3644217215,35.737505188513516,30.086817567411767,35.04054150145538,34.78647216379089
2542,36.1641122855,36.3585302675,35.74225831930029,30.07763383029412,35.015683622052606,34.763207455189644
2543,36.1611665585,36.4203905345,35.74547216086873,30.07711399611765,35.01612851359753,34.77239312106357
2544,36.147910787,36.380623220000004,35.67569482320086,30.07676744,34.97981493355762,34.73438007526107
2545,36.206825327000004,36.427754852,35.77075821319595,30.07676744,34.99279334013782,34.78921569903496
2546,36.230391143,36.43953776,35.79372033773497,30.07676744,35.00278849776815,34.81079149330225
2547,36.2407011875,36.429227715500005,35.77627705402263,30.083698562352943,34.99397002965828,34.845998822864495
2548,36.239228324,36.3938789915,35.79141929562252,30.08491150876471,35.00493881681499,34.82767198508071
2549,36.251011232,36.3644217215,35.76492700064,30.093748689764706,34.9998018235768,34.782823075130054
2550,36.2554298225,36.4027161725,35.808307900722816,30.07676744,34.99072257901409,34.7880121677087
2551,36.243646914500005,36.404189036000005,35.811216474409306,30.079020054764708,35.02586211487629,34.842221551080925
2552,36.2348097335,36.392406128000005,35.81561210963158,30.078500220588236,35.007420316051615,34.82050303738049
2553,36.2407011875,36.3703131755,35.80338860452093,30.07711399611765,35.01092953062795,34.821437750523984
2554,36.2495383685,36.324654407000004,35.81784909028572,30.076940718058825,35.01391805243118,34.83842157755466
2555,36.2171353715,36.3820960835,35.78757478027027,30.11644811547059,35.03531422618442,34.850768108148564
2556,36.162639422,36.395351855,35.752444782829116,30.07676744,34.985944798564745,34.818981602827584
2557,36.218608235000005,36.3732589025,35.76605362589262,30.084738230705884,34.98303005119314,34.826372092125986
2558,36.215662508,36.401243309,35.76133717010989,30.10085309017647,35.00584632801912,34.87895287199884
2559,36.2760499115,36.401243309,35.78567593202365,30.089763294411767,35.01859152695652,34.86128516564624
2560,36.245119778,36.3938789915,35.747373570634096,30.08300545011765,35.00072157907182,34.84288328283465
2561,36.227445416,36.4027161725,35.7656604807947,30.07676744,34.99992526931818,34.78092501435984
2562,36.1906238285,36.3968247185,35.774915195789475,30.07676744,34.99068709293775,34.77977520548066
2563,36.2230268255,36.401243309,35.792633007058825,30.079366610882353,35.01770388546415,34.76589742373626
2564,36.218608235000005,36.401243309,35.8101282313555,30.07676744,35.00359442785325,34.804546842671755
2565,36.2200810985,36.41008049,35.77259226187166,30.076940718058825,34.99261026919638,34.785951698026686
2566,36.2672127305,36.3762046295,35.81058863199489,30.077807108352943,34.99941098085336,34.79659445414555
2567,36.2819413655,36.3732589025,35.792888008457446,30.085604621,35.01814387802985,34.80998834845322
2568,36.309925772,36.3526388135,35.79201047200548,30.079713167,34.995752707083334,34.836457929688066
2569,36.2465926415,36.3585302675,35.778177416272726,30.089936572470588,35.00797532408957,34.82002975418578
2570,36.236282597,36.371786039,35.82788225661765,30.08508478682353,35.040892576943975,34.77468350519802
2571,36.23333687,36.355584540500004,35.810512228762256,30.082658894,35.030971999766706,34.75315134144381
2572,36.2731041845,36.360003131,35.80974789430733,30.080752835352943,35.01766059390647,34.73384142943869
2573,36.333491588,36.304034318,35.86654270901559,30.096694416764706,35.03439795188038,34.72174753638494
2574,36.1847323745,36.339383042,35.85159665662569,30.082658894,35.01841083355202,34.65418593634346
2575,36.3113986355,36.3526388135,35.84328038255484,30.080752835352943,35.020312449913796,34.726470524563425
2576,36.144965060000004,36.306980045,35.79400450821504,30.08612445517647,34.995917243360815,34.72015393647942
2577,36.097833428,36.259848413,35.79499784080537,30.07919333282353,34.974074926549854,34.75395501400242
2578,35.815043636,36.29225141,35.813974953646515,30.085258064882353,34.9954635817121,34.76421080990875
2579,36.0904691105,36.2024067365,35.90673551544731,30.26269479711765,35.006246177892976,34.89128524325155
2580,35.932872716,36.1346550155,35.95553249278836,30.20984498917647,34.99580745848237,34.87218834878654
2581,36.339383042,35.6810130575,36.003655547391304,30.198235359235294,35.01359205753403,34.96593474694561
2582,36.1965152825,35.7163617815,35.96655258280633,30.392133507058826,35.02977904565264,34.92617358819371
2583,36.398297582,35.6427186065,36.02381619242857,30.299256467529414,35.02195537283748,34.96418210517766
2584,36.4586849855,35.64419147,35.99584596130091,30.327847347235295,35.01761552138793,35.01107799464164
2585,36.32170868,36.318762953000004,35.83534959314688,30.116621393529414,34.97152462351372,34.86518744167832
2586,36.3762046295,36.345274496,35.83393751180175,30.099120309588237,34.96771028996851,34.88590219436343
2587,36.2848870925,36.304034318,35.83596561793579,30.089243460235295,34.980971384563134,34.87794115887163
2588,36.3231815435,36.306980045,35.85432742766698,30.09582802647059,34.97943158151145,34.876215794947875
2589,36.256902686000004,36.355584540500004,35.864253967185434,30.089763294411767,34.97973669265306,34.88021032478366
2590,36.2848870925,36.3349644515,35.88632173762758,30.087337401588236,34.9886632805998,34.88377751313192
2591,36.186205238,36.357057404,35.86618251824324,30.102585870764706,34.991733640047734,34.88448970922176
2592,36.277522775,36.365894585,35.83819050416,30.080752835352943,34.959974592093864,34.8645416851581
2593,36.2348097335,36.374731766000004,35.78523709061029,30.080752835352943,34.95011816083813,34.85100178545757
2594,36.2407011875,36.357057404,35.83461409813793,30.080406279235294,34.946636782439924,34.8705366670506
2595,36.236282597,36.368840312,35.80014172294118,30.099120309588237,34.95145934102406,34.89986937982143
2596,36.265739867,36.3231815435,35.784965296465025,30.082832172058826,34.94883232178472,34.908648930281146
2597,36.2171353715,36.330545861000004,35.80306701806123,30.07919333282353,34.95698426455594,34.90238588001831
2598,36.162639422,36.309925772,35.7810849336523,30.07676744,34.95000266580645,34.87355398850214
2599,36.2053524635,36.274577048,35.77522514091506,30.07728727417647,34.92156363439487,34.86707165148429
2600,36.2554298225,36.280468502000005,35.76627391368012,30.084738230705884,34.92771517421727,34.86133381707575
2601,36.23333687,36.324654407000004,35.74255270115306,30.085604621,34.954389212527474,34.87506586158805
2602,36.2348097335,36.2907785465,35.72766991675676,30.089936572470588,34.97730309080865,34.786394016796436
2603,36.262794140000004,36.289305683,35.75030176666939,30.09981342182353,35.01962351825564,34.79186285084725
2604,36.256902686000004,36.2966700005,35.77309588975644,30.128924135705883,35.039231865453665,34.75191641671008
2605,36.287832819500004,36.2495383685,35.797844184235295,30.083698562352943,35.02958420254493,34.75703075295337
2606,36.2642670035,36.2554298225,35.809867080657895,30.08647101129412,35.01720889792058,34.79499502133408
2607,36.271631321,36.2907785465,35.82016870767644,30.090629684705885,35.02017170048163,34.80203520784483
2608,36.2082981905,36.304034318,35.809815458278145,30.08352528429412,34.99561600962288,34.78062660465077
2609,36.180313784,36.2701584575,35.79921962696,30.092709021411764,34.99205889455401,34.800557731411445
2610,36.2731041845,36.2996157275,35.805544312417766,30.083698562352943,34.985326462646846,34.77813458876743
2611,36.293724273500004,36.2907785465,35.79682505805586,30.085604621,35.004457687572284,34.796220687947475
2612,36.245119778,36.242174051,35.80934726325828,30.125631852588235,35.02087082867636,34.839562498021856
2613,36.2230268255,36.3025614545,35.81428730068919,30.122512847529414,35.02144240958987,34.838187529515295
2614,36.206825327000004,36.277522775,35.778416108217904,30.09929358764706,34.990600252227075,34.7551928816
2615,36.212716781000005,36.305507181500005,35.7747519687347,30.08456495264706,34.99491765222422,34.74182138681223
2616,36.224499689,36.2701584575,35.792285094177856,30.07815366447059,34.97988494384184,34.79033176027234
2617,36.221553962,36.283414229,35.78732935732396,30.089763294411767,34.967502345790955,34.82470262519067
2618,36.159693695,36.225972552500004,35.71078180262644,30.17345659682353,34.94356163276923,34.80762243233728
2619,35.717834645,36.3732589025,35.800730054510765,30.175709211588238,34.94628906554522,34.84417817025431
2620,36.0345002975,36.0934148375,35.896258188885945,30.21798905794118,34.937734976010375,34.90739645770179
2621,36.058066113500004,36.0433374785,35.9196646271313,30.229078853705882,34.92558889139061,34.91462937121838
2622,36.224499689,35.620625654,35.94575127659574,30.25992234817647,34.91391713567168,35.000107899961826
2623,36.236282597,36.2966700005,35.83709132319149,30.13117675047059,34.89337113415299,34.9197665721579
2624,36.212716781000005,36.2848870925,35.78853473254033,30.10275914882353,34.885479312145456,34.885408707141615
2625,36.209771054,36.287832819500004,35.7459589471371,30.085431342941177,34.87602864511709,34.89907776188747
2626,36.1906238285,36.289305683,35.78020009706522,30.11194288594118,34.88755461794457,34.883259914250225
2627,36.209771054,36.245119778,35.79605632139429,30.09582802647059,34.899419089262146,34.90368728635945
2628,36.1876781015,36.253956959,35.7837193054562,30.088203791882353,34.91734788126058,34.85278169058102
2629,36.1965152825,36.209771054,35.81047562456522,30.089243460235295,34.91410463851537,34.86726417977077
2630,36.225972552500004,36.1729494665,35.81643305664032,30.10709110029412,34.9318538214844,34.89483140900866
2631,36.23333687,36.2583755495,35.83821140568658,30.120086954705883,34.950954563338186,34.900825385820205
2632,36.239228324,36.301088591,35.8754710432,30.14088032176471,34.94001717544641,34.91468862722915
2633,36.227445416,36.330545861000004,35.78863789415879,30.089590016352943,34.928776331959895,34.879279323569236
2634,36.189150965,36.3261272705,35.80735136865613,30.089763294411767,34.92198854500764,34.87012379680931
2635,35.8135707725,36.339383042,35.83154764181818,30.12199301335294,34.943067453491466,34.86434581950668
2636,36.1906238285,36.253956959,35.80453236215844,30.10015997794118,34.92063292955195,34.85364876359712
2637,36.1847323745,36.2966700005,35.804149699111115,30.08508478682353,34.9086255566901,34.84716670307692
2638,36.1847323745,36.2701584575,35.753465526758625,30.088723626058826,34.91249805560792,34.83828281227092
2639,36.200933873000004,36.2613212765,35.78027449723124,30.09790736317647,34.93011874114986,34.836546382858145
2640,36.181786647500005,36.2495383685,35.745765297357664,30.08300545011765,34.917443808762606,34.857831432002854
2641,36.2082981905,36.1965152825,35.76821302719708,30.093748689764706,34.92808139165942,34.84005287849723
2642,36.183259511,36.2642670035,35.794999884891304,30.09530819229412,34.915737352035784,34.849285587706426
2643,36.186205238,36.1847323745,35.80122626906475,30.094095245882354,34.905992983497626,34.84771411607949
2644,36.1847323745,36.230391143,35.80122776147888,30.093228855588237,34.90581375489091,34.85534296198458
2645,36.2024067365,36.251011232,35.81640250358927,30.086817567411767,34.89338478183813,34.86972530023716
2646,36.186205238,36.2465926415,35.79169824855102,30.08023300117647,34.89915683786885,34.88080778592027
2647,36.2024067365,36.2554298225,35.79554358785667,30.084391674588236,34.902477472895974,34.89392813354202
2648,36.1876781015,36.245119778,35.775119546113444,30.091669353058826,34.89463482873592,34.87214978847939
2649,36.1611665585,36.2848870925,35.797282634970585,30.08352528429412,34.898964554123616,34.873917392294224
2650,36.1965152825,36.2465926415,35.774626528779415,30.08612445517647,34.89207566294798,34.87216249881898
2651,36.183259511,36.2760499115,35.7981218319927,30.084218396529412,34.91184866292264,34.859532671413646
2652,36.1965152825,36.268685594000004,35.79009572119748,30.08317872817647,34.89809159812363,34.8669491271875
2653,36.189150965,36.2701584575,35.79418013258403,30.085431342941177,34.88933513539326,34.86450292227508
2654,36.139073606000004,36.2701584575,35.786269433130435,30.088723626058826,34.87212122151389,34.836294260843914
2655,36.11550779,36.3025614545,35.75719462255475,30.093748689764706,34.848482452760855,34.836453860227195
2656,36.1847323745,36.295197137,35.76903418571429,30.084045118470588,34.89221385935057,34.84101866684101
2657,36.175895193500004,36.2789956385,35.78348837409938,30.082485615941177,34.903756000863766,34.86632035376786
2658,36.156747968000005,36.227445416,35.75031750529718,30.08300545011765,34.882222689322035,34.830810116734696
2659,36.159693695,36.2760499115,35.74950121025,30.083352006235295,34.88112944328215,34.82353450828572
2660,36.121399244,36.274577048,35.71446028280186,30.08213905982353,34.87141683731451,34.822087097077926
2661,36.1552751045,36.231864006500004,35.72079712098081,30.08300545011765,34.88586331106425,34.81196179778913
2662,36.114034926500004,36.265739867,35.72164822408177,30.083871840411767,34.89156887337278,34.843338139054254
2663,36.1582208315,36.295197137,35.74307849951493,30.087337401588236,34.90152374778177,34.82850538073642
2664,36.1611665585,36.289305683,35.755251875827206,30.08057955729412,34.90070352309805,34.84330254801308
2665,36.159693695,36.265739867,35.717484756611995,30.08109939147059,34.896353151175504,34.82385113272727
2666,36.1582208315,36.1994610095,35.73135880496,30.080406279235294,34.91134764793003,34.83182728235628
2667,36.1552751045,36.218608235000005,35.72955893156717,30.078500220588236,34.896046055337905,34.82476520074182
2668,36.153802241,36.215662508,35.722536129993166,30.077460552235294,34.88747994233749,34.81159468478112
2669,36.1611665585,36.239228324,35.72934576272049,30.07711399611765,34.885703333128106,34.79471045753629
2670,36.159693695,36.230391143,35.71269480151386,30.077980386411767,34.87986278693419,34.78893807006365
2671,36.147910787,36.245119778,35.70854181559023,30.079713167,34.892528917040714,34.8050302184
2672,36.136127879,36.2230268255,35.71074718154136,30.079020054764708,34.8868384181444,34.79562000087248
2673,36.1493836505,36.2348097335,35.709418282142856,30.079886445058825,34.887322387911944,34.825667133597605
2674,36.131709288500005,36.2407011875,35.702596872,30.07919333282353,34.89183895005222,34.82319722632623
2675,36.1670580125,36.2407011875,35.711068859570354,30.079366610882353,34.89782142060064,34.82208770431911
2676,36.17442233,36.236282597,35.73965074345865,30.083871840411767,34.90567096725646,34.82488616831683
2677,36.171476603,36.1994610095,35.714018559506066,30.085258064882353,34.8918767432,34.83583663718363
2678,36.1729494665,36.1464379235,35.73742475952448,30.092535743352943,34.88679879496499,34.82100572541836
2679,36.175895193500004,36.156747968000005,35.74200759557252,30.08785723576471,34.910367086466216,34.83127454823572
2680,36.1729494665,36.200933873000004,35.75212592853846,30.090283128588236,34.90368252170199,34.81973796038171
2681,36.181786647500005,36.175895193500004,35.758595286046514,30.08317872817647,34.89600419591633,34.83709274128556
2682,36.177368057,36.175895193500004,35.7397400235216,30.08491150876471,34.86052068134369,34.872006069780966
2683,36.1876781015,36.168530876000005,35.74648010047244,30.08300545011765,34.891818138588235,34.85230940929285
2684,36.1670580125,36.162639422,35.70728105614173,30.079539888941177,34.860100316077364,34.84683158781106
2685,36.193569555500005,36.1552751045,35.73067801472,30.082832172058826,34.87036593023209,34.82782926576837
2686,36.183259511,36.150856514,,30.085604621,34.87550415979571,34.82008270895545
2687,36.1434921965,36.1523293775,35.7209659296063,30.08300545011765,34.867485031117056,34.82940514307175
2688,36.168530876000005,36.1523293775,35.71323931088,30.08213905982353,34.84547806560703,34.800030275428576
2689,36.17442233,36.1493836505,35.720210231290324,30.086817567411767,34.83635984502412,34.78111349795918
2690,36.1611665585,36.1346550155,35.70405624451613,30.082658894,34.82069240290422,34.7947930684453
2691,36.168530876000005,36.1523293775,35.70643183080645,30.079539888941177,34.80269781008559,34.780126964583985
2692,36.1552751045,36.147910787,,30.08057955729412,34.81263409263268,34.78545582448643
2693,36.1228721075,36.1464379235,,30.08127266952941,34.83102046524513,34.779291746868154
2694,36.1405464695,36.1464379235,35.70499127528,30.08023300117647,34.82934501933735,34.787232601756756
2695,36.142019333,36.1493836505,35.71168804929134,30.077980386411767,34.83860453744503,34.771616048049985
2696,36.131709288500005,36.1376007425,35.69521981173229,30.08005972311765,34.81841329404457,34.777155579538004
2697,36.156747968000005,36.159693695,35.701469495,30.07832694252941,34.82172514893297,34.80672568050746
2698,36.156747968000005,36.1582208315,35.71076026125984,30.08023300117647,34.81432062861446,34.805794803459946
2699,36.153802241,36.1523293775,35.71400751937008,30.079366610882353,34.83539179363516,34.80681683289238
2700,36.153802241,36.147910787,35.71795247408,30.08005972311765,34.83715915099692,34.81545879410701
2701,36.150856514,36.156747968000005,35.721429823622046,30.08005972311765,34.855743464548226,34.811897284295306
2702,36.175895193500004,36.1493836505,35.72975782571429,30.080926113411767,34.85682400346358,34.80758937480106
2703,35.8548109505,36.1493836505,,30.096174582588237,34.85066663166312,34.81935427017891
2704,36.162639422,36.1434921965,,30.082312337882353,34.856209497500004,34.79112038762902
2705,36.183259511,36.1670580125,,30.07867349864706,34.8369116157066,34.8326264045088
2706,36.177368057,36.180313784,,30.077807108352943,34.85257515899351,34.833936728146504
2707,36.177368057,36.192096692,35.710119645714286,30.07867349864706,34.847048180255825,34.823275616244
2708,35.9372913065,36.181786647500005,,30.100333256000003,34.87242836851456,34.81950778790233
2709,36.065430431,36.103724882,,30.13654837029412,34.8803771879687,34.85008297166237
2710,36.1434921965,36.109616336,,30.150410615000002,34.90353036355585,34.82648797689018
2711,36.200933873000004,36.189150965,,30.09201590917647,34.89347401641026,34.81179423476923
2712,36.192096692,36.1847323745,,30.08907018217647,34.88080398762028,34.76350836145455
2713,36.1670580125,36.1965152825,,30.083871840411767,34.86041330521906,34.78465860052399
2714,36.156747968000005,36.1847323745,,30.079539888941177,34.8472262397031,34.80479827295351
2715,36.156747968000005,36.1788409205,,30.078500220588236,34.84125867313841,34.76845180356995
2716,36.153802241,36.168530876000005,35.683854408346456,30.07763383029412,34.831457208125,34.76293824444445
2717,36.0669032945,36.197988146,,30.08456495264706,34.8484632086076,34.7820013885548
2718,35.906361173,36.195042419,,30.07867349864706,34.84043890870504,34.75340596153338
2719,36.2112439175,36.200933873000004,35.723885944651165,30.07832694252941,34.85969098093156,34.775012203002575
2720,36.1847323745,36.193569555500005,,30.08005972311765,34.86113606383479,34.829315923021205
2721,36.1847323745,36.2112439175,,30.07867349864706,34.85114339425387,34.829598040371245
2722,36.1552751045,36.195042419,,30.080926113411767,34.840589981537995,34.83286600051887
2723,36.1493836505,36.1876781015,,30.077460552235294,34.83186046579168,34.79220102397126
2724,36.1641122855,36.168530876000005,,30.079886445058825,34.854099563998695,34.763464055009955
2725,36.127290698,36.1523293775,,30.07919333282353,34.85422626322034,34.83546967141441
2726,36.162639422,36.170003739500004,,30.082832172058826,34.84068778215385,34.861755465
2727,36.1051977455,36.181786647500005,,30.077807108352943,34.82178592025974,34.849844077044985
2728,36.1464379235,36.175895193500004,,30.079366610882353,34.82954820389961,34.857222452926045
2729,36.159693695,36.131709288500005,,30.094095245882354,34.826958255901104,34.83996958526424
2730,36.171476603,36.177368057,,30.079886445058825,34.82305786809145,34.849382834629694
2731,36.1847323745,36.171476603,,30.078500220588236,34.84454792928037,34.82302750044075
2732,36.1788409205,36.156747968000005,,30.07728727417647,34.82833046817197,34.838019367415164
2733,36.183259511,36.1788409205,,30.080406279235294,34.8493734737828,34.82938598450602
2734,36.1611665585,36.1788409205,,30.080406279235294,34.83941108891598,34.79410973614405
2735,36.183259511,36.189150965,,30.078846776705884,34.83792717933509,34.810923918948525
2736,36.1788409205,36.144965060000004,,30.07815366447059,34.821623550351056,34.78446522978817
2737,36.162639422,36.162639422,,30.08491150876471,34.83094957030907,34.78700699806498
2738,36.1582208315,36.1376007425,,30.07832694252941,34.79090394157114,34.787260980102985
2739,36.1376007425,36.150856514,,30.078500220588236,34.810417659109525,34.78277053671346
2740,36.133182152,36.162639422,,30.078846776705884,34.822355110159045,34.7906957638961
2741,36.1346550155,36.17442233,,30.080752835352943,34.808088163571426,34.782028509002174
2742,36.1022520185,36.1670580125,,30.090109850529412,34.82843078735178,34.77015795191781
2743,36.1582208315,36.180313784,,30.123032681705883,34.8390419221348,34.77941246769787
2744,36.1228721075,36.168530876000005,,30.10518504164706,34.85329711095206,34.76539873523094
2745,36.139073606000004,36.193569555500005,,30.12199301335294,34.85384282450245,34.78069792345277
2746,36.118453517,36.193569555500005,,30.164792693882355,34.83097417915576,34.776215419101604
2747,36.165585149,36.215662508,,30.088203791882353,34.84213572380655,34.81302758595848
2748,36.144965060000004,36.181786647500005,,30.086644289352943,34.80632895559848,34.78664036537408
2749,36.159693695,36.1965152825,,30.093575411705885,34.8007945779097,34.77607573758475
2750,36.165585149,36.162639422,,30.08317872817647,34.8042905982791,34.80070870694268
2751,36.118453517,36.1670580125,,30.07763383029412,34.81206638065849,34.78634772395301
2752,36.0786862025,36.168530876000005,,30.087164123529412,34.78751827239923,34.78442363714286
2753,36.175895193500004,36.17442233,,30.087164123529412,34.786565762013865,34.783264903842706
2754,36.165585149,36.142019333,,30.086990845470588,34.786883992811894,34.773270894103476
2755,36.17442233,36.144965060000004,,30.082832172058826,34.80050359487524,34.774887333955895
2756,36.1434921965,36.144965060000004,,30.117834339941176,34.80655928320078,34.78300692269231
2757,36.144965060000004,36.162639422,,30.09236246529412,34.81267386854319,34.772683255922885
2758,36.139073606000004,36.168530876000005,,30.093228855588237,34.820037566238184,34.77215706684343
2759,36.150856514,36.177368057,,30.07676744,34.84942058981096,34.780135457349566
2760,36.100779155,36.183259511,35.71168804929134,30.07676744,34.84291306979297,34.77092131922729
2761,36.1611665585,36.189150965,,30.076940718058825,34.86162403298944,34.78113494811268
2762,36.1051977455,36.171476603,35.72161986671756,30.077980386411767,34.84297884182095,34.76836172109316
2763,36.153802241,36.183259511,35.71746826104478,30.07728727417647,34.822047749490174,34.75499528096049
2764,35.8430280425,36.114034926500004,,30.077460552235294,34.81793708435786,34.71378067749829
2765,36.139073606000004,36.171476603,35.722442064153846,30.076940718058825,34.85026675869884,34.7467475148655
2766,36.133182152,36.153802241,35.714888918,30.079366610882353,34.82853105898873,34.753721251415655
2767,36.103724882,36.1552751045,35.71325984170455,30.083698562352943,34.80073194884822,34.735367032459365
2768,36.133182152,36.1258178345,35.697667744769234,30.098080641235295,34.80262946930939,34.76168477246745
2769,36.130236425,36.1376007425,35.701469495,30.094615080058826,34.82319330646857,34.770382100568824
2770,36.062484704,36.1376007425,35.66829287272727,30.10726437835294,34.800666095564694,34.74994641563337
2771,36.0786862025,36.1346550155,35.66685090846154,30.08907018217647,34.80424208459976,34.75341965636735
2772,36.112562063,36.1405464695,35.67288757023256,30.079020054764708,34.79563687521753,34.764512869050634
2773,36.136127879,36.133182152,35.6700922192126,30.09236246529412,34.79145605593938,34.76842450676956
2774,36.124344971,36.159693695,35.67551904285715,30.08352528429412,34.78690741904514,34.75145023205882
2775,36.124344971,36.109616336,35.68401769904,30.091842631117647,34.79094285290487,34.7324746946394
2776,36.114034926500004,36.159693695,35.691003410697675,30.08196578176471,34.78894346607239,34.72621013189874
2777,36.118453517,36.1405464695,35.66231902076923,30.114368778764707,34.7984722225641,34.76796502440202
2778,36.1022520185,36.142019333,35.66102419571429,30.197368968941177,34.77321702652943,34.746787658576594
2779,36.11550779,36.162639422,35.65845983515625,30.096174582588237,34.76834923249017,34.754848363668344
2780,36.118453517,36.1493836505,35.642350390625,30.082312337882353,34.76057646575883,34.759164158000004
2781,36.0727947485,36.1493836505,35.64212025570313,30.14694505382353,34.75801223798575,34.74128424453007
2782,35.822407953500004,36.0993062915,,30.079539888941177,34.76250595196704,34.711675468181824
2783,36.1110891995,36.1287635615,35.66244884046875,30.089590016352943,34.7742316819469,34.731241277185546
2784,36.108143472500004,36.130236425,35.66171476907692,30.122512847529414,34.78862962675676,34.77256679923987
2785,36.109616336,36.1405464695,35.63901132015748,30.103452261058823,34.77200012782609,34.765439464732985
2786,36.108143472500004,36.118453517,35.65692560234375,30.124072350058825,34.74586287913102,34.77029246
2787,36.11550779,36.124344971,35.65393502853846,30.156302069000002,34.75200041959331,34.771998288987795
2788,36.1169806535,36.1258178345,35.6553806655814,30.09288229947059,34.763094609043996,34.75259720631915
2789,36.130236425,36.133182152,35.66931906251968,30.082312337882353,34.78307876929108,34.783213241749735
2790,36.1110891995,36.127290698,35.65178592242188,30.10119964629412,34.77184045637863,34.769920737307146
2791,36.112562063,36.1464379235,35.646032549375,30.08456495264706,34.76759309819796,34.75442543086145
2792,36.094887701000005,36.133182152,35.623084292283465,30.07676744,34.773804878013415,34.74169864195494
2793,36.1169806535,36.1169806535,35.623495849538465,30.07676744,34.77418389658986,34.73795629450262
2794,36.1110891995,36.119926380500004,35.6171889725,30.07676744,34.783453817173076,34.73621573778609
2795,36.1110891995,36.11550779,35.638939398604656,30.07676744,34.80505683455655,34.72981074150036
2796,36.1110891995,36.094887701000005,35.63049041418605,30.07676744,34.80827125283355,34.71184773291866
2797,36.11550779,36.091941974,35.63117546697674,30.07676744,34.804794485641025,34.71610021391936
2798,36.11550779,36.091941974,35.625166983125,30.076940718058825,34.79602261350405,34.710566062279334
2799,36.1169806535,36.0934148375,35.649874171692915,30.07676744,34.806144954263615,34.71576637971841
2800,36.112562063,36.094887701000005,35.64465173984375,30.07676744,34.79747793666989,34.702320748459016
2801,36.109616336,36.103724882,35.631534049296874,30.07676744,34.81861345532468,34.73185589059211
2802,36.1169806535,36.1051977455,35.64679966578125,30.07676744,34.802729964984024,34.710867837402596
2803,36.119926380500004,36.103724882,35.65355385813954,30.076940718058825,34.82451579562897,34.72466979109559
2804,36.1287635615,36.127290698,35.66122145421875,30.07711399611765,34.817116260283285,34.72007482828572
2805,36.112562063,36.1346550155,35.67012000453125,30.077980386411767,34.825332542823986,34.73734941305
2806,36.106670609,36.127290698,35.647259935625,30.07711399611765,34.81921697806577,34.71204003941177
2807,36.1051977455,36.130236425,35.64085451363282,30.07676744,34.821564370713375,34.72022361359216
2808,36.11550779,36.112562063,35.657892525813956,30.07676744,34.84146221865823,34.73448676509573
2809,36.114034926500004,36.108143472500004,35.65677775809091,30.077460552235294,34.84770268730446,34.721642336758364
2810,36.106670609,36.1022520185,35.64770368296154,30.077980386411767,34.854251955221244,34.71413299575758
2811,36.109616336,36.0845776565,35.66654301685496,30.077980386411767,34.86728155275554,34.714956805071736
2812,36.1022520185,36.077213339000004,35.65620097238462,30.079539888941177,34.86536762505596,34.70770555794755
2813,36.0845776565,36.0786862025,35.64422409156146,30.07676744,34.84377909878261,34.68539861671642
2814,36.08605052,36.068376158,35.60875069203125,30.07676744,34.818253134555874,34.676312874847355
2815,36.1051977455,36.0786862025,35.64289748139535,30.077460552235294,34.841307418994276,34.70577010454245
2816,36.1051977455,36.08605052,35.64189012078125,30.077807108352943,34.82867864702107,34.69825418826895
2817,36.1110891995,36.094887701000005,35.63559976625,30.07711399611765,34.821545669476784,34.708487356426964
2818,36.1022520185,36.068376158,35.6238682372093,30.077980386411767,34.80758957934555,34.68109836167488
2819,36.1051977455,36.068376158,35.6111947605814,30.076940718058825,34.83187439059055,34.6816938554184
2820,36.083104793000004,36.0639575675,35.62198522030769,30.08109939147059,34.801954015510205,34.66881996506169
2821,36.091941974,36.0727947485,35.63958566512936,30.07676744,34.7967740550941,34.695250476089385
2822,36.103724882,36.0551203865,35.64248189629464,30.07676744,34.8042806468509,34.68408157984387
2823,36.103724882,36.0610118405,35.649329365930235,30.07676744,34.81706027711156,34.673552982038075
2824,36.1051977455,36.053647523,35.68320495672441,30.07711399611765,34.83581972486859,34.68601285175419
2825,36.097833428,36.0698490215,35.663405569701,30.07676744,34.83651838440027,34.69160675006772
2826,36.097833428,36.059538977,35.65256433744186,30.07676744,34.83216547906493,34.654319360403434
2827,36.0963605645,36.0669032945,35.66214199390625,30.076940718058825,34.8412783561167,34.663332263150735
2828,36.0963605645,36.0669032945,35.64645141928572,30.07676744,34.84183201201734,34.639436295368746
2829,36.0875233835,36.068376158,35.64312451376378,30.07711399611765,34.84359090488519,34.64501288135901
2830,36.106670609,36.058066113500004,35.59938275414857,30.07676744,34.82087290581878,34.646402309389856
2831,36.106670609,36.059538977,35.63796336148572,30.07711399611765,34.83384087536096,34.63805649621434
2832,36.1051977455,36.0669032945,35.65118248108295,30.07711399611765,34.829518616198186,34.65828461674741
2833,36.103724882,36.0757404755,35.64686226248,30.07676744,34.83303168867286,34.6519619478125
2834,36.0875233835,36.0669032945,35.619873879921876,30.07728727417647,34.81678072758256,34.64093775372208
2835,36.109616336,36.0757404755,35.65120510571429,30.07728727417647,34.84591508019894,34.65514165948857
2836,36.109616336,36.068376158,35.64944893551181,30.07815366447059,34.85521703574207,34.66282097318553
2837,36.106670609,36.071321885,35.63567647789063,30.07711399611765,34.83968462756757,34.654544396013776
2838,36.0993062915,36.062484704,35.601156239609374,30.07676744,34.82987270101695,34.63894213504267
2839,36.1110891995,36.062484704,35.63135706889764,30.07676744,34.82964764235097,34.65993240343602
2840,36.1022520185,36.062484704,35.61501036190625,30.076940718058825,34.83131109071429,34.62981096772093
2841,36.114034926500004,36.062484704,35.62246576692914,30.07676744,34.83188086294463,34.65157313595851
2842,36.108143472500004,36.058066113500004,35.61479944312293,30.078846776705884,34.83454726474622,34.66130521459716
2843,36.108143472500004,36.080159066,35.625009991860466,30.077460552235294,34.83884969916168,34.653896309401915
2844,36.106670609,36.0816319295,35.64557227953125,30.080406279235294,34.84715854536618,34.6613817715188
2845,36.106670609,36.0816319295,35.61677354946154,30.07711399611765,34.83762807315648,34.64243427569231
2846,36.0993062915,36.080159066,35.59705331368771,30.077807108352943,34.825096532479364,34.65664367094737
2847,36.109616336,36.097833428,35.62301192122093,30.078846776705884,34.85301347345295,34.66826182162544
2848,36.106670609,36.097833428,35.65346261970982,30.078846776705884,34.841530023497995,34.66668803633218
2849,36.1022520185,36.1051977455,35.64207106850498,30.07711399611765,34.84890433114458,34.648930429288676
2850,36.097833428,36.088996247,35.62725353975,30.079020054764708,34.83644211894737,34.64330378111941
2851,36.109616336,36.088996247,35.63184207603846,30.079886445058825,34.83103972287612,34.651967921330275
2852,36.106670609,36.1051977455,35.639526586710964,30.085604621,34.83616980231146,34.66161212095423
2853,36.106670609,36.0934148375,35.641375141860465,30.080752835352943,34.842760659483616,34.66381242123256
2854,36.100779155,36.094887701000005,35.643106803081395,30.07815366447059,34.8479053667996,34.63914509565994
2855,36.0963605645,36.0934148375,35.64373476813954,30.07867349864706,34.85353291817937,34.653693649694596
2856,36.094887701000005,36.091941974,35.63345897627907,30.077460552235294,34.83391102916279,34.64869196576135
2857,36.097833428,36.091941974,35.64587912609375,30.07763383029412,34.84784524496017,34.657756329595514
2858,36.091941974,36.08605052,35.648660623920264,30.07763383029412,34.851077236350946,34.656886737048545
2859,36.0934148375,36.103724882,35.634788814620535,30.078846776705884,34.861318878251254,34.63183622690647
2860,36.088996247,36.0904691105,35.63887415548173,30.07763383029412,34.83953243336704,34.63387403065764
2861,36.088996247,36.0934148375,35.62067132418605,30.076940718058825,34.83851729462315,34.60544834719805
2862,36.0875233835,36.0875233835,35.62275604584821,30.07676744,34.83793805581998,34.616135124503636
2863,36.0639575675,36.0816319295,35.622838845714284,30.076940718058825,34.85327854839465,34.59113954496501
2864,36.094887701000005,36.08605052,35.63018611618304,30.077980386411767,34.85584434498503,34.62319001803746
2865,36.088996247,36.103724882,35.61213099939535,30.077460552235294,34.843906353419484,34.63186957080292
2866,36.0492289325,36.088996247,35.612720519433594,30.07763383029412,34.833842593385185,34.6029234117785
2867,36.077213339000004,36.1051977455,35.63069022125,30.07728727417647,34.836288646727276,34.62365005032179
2868,36.065430431,36.106670609,35.620126967933075,30.077807108352943,34.83407180733041,34.59995135793132
2869,35.760547686500004,36.077213339000004,35.60224762887588,30.08751067964706,34.8268840562794,34.60913130891304
2870,35.9814772115,36.0757404755,35.62569230444,30.09340213364706,34.828685931819436,34.624319541861404
2871,36.08605052,36.1110891995,35.611915047207034,30.07763383029412,34.83589137226147,34.61064089342137
2872,36.08605052,36.074267612,35.63382012521935,30.08005972311765,34.85724187845794,34.636566912402365
2873,36.0875233835,36.0816319295,35.64568255790776,30.081445947588236,34.84617585154884,34.635967613149944
2874,36.08605052,36.071321885,35.62595062203846,30.082312337882353,34.85053066667544,34.657152419523996
2875,36.08605052,36.0786862025,35.62072206883721,30.08456495264706,34.838818852924625,34.65357821117904
2876,36.08605052,36.074267612,35.63609769813954,30.07919333282353,34.83000368073022,34.63956843048193
2877,36.08605052,36.08605052,35.62868897906977,30.07919333282353,34.84264876118694,34.64478940755273
2878,36.08605052,36.0786862025,35.6185590780814,30.082312337882353,34.829608572282325,34.64532850740712
2879,36.068376158,36.0786862025,35.62858748976744,30.079713167,34.836820630332035,34.63994104308783
2880,36.0845776565,36.0845776565,35.61687066134066,30.079539888941177,34.835187269889445,34.64163900221429
2881,36.0757404755,36.088996247,35.628054585309336,30.080752835352943,34.83460210439561,34.63231303259634
2882,36.0639575675,36.0904691105,35.616446831976745,30.085258064882353,34.816548537502484,34.64495695433783
2883,36.083104793000004,36.0610118405,35.58676002171875,30.07711399611765,34.82026693994032,34.61824285656734
2884,36.0875233835,36.053647523,35.614277498139536,30.07867349864706,34.82481321837101,34.625200965411764
2885,36.0904691105,36.053647523,35.62368467819231,30.07867349864706,34.829906262981694,34.64164713032258
2886,36.088996247,36.047756069,35.63472759255814,30.081445947588236,34.83455345243243,34.620853177811384
2887,36.0904691105,36.059538977,35.62238395616279,30.086297733235295,34.839902624943605,34.63351288795862
2888,36.068376158,36.062484704,35.61654695507693,30.08005972311765,34.81954418198939,34.62422023517407
2889,36.0904691105,36.0551203865,35.633864933488375,30.08005972311765,34.82768284274627,34.63266385345071
2890,36.091941974,36.059538977,35.61448700612588,30.08005972311765,34.81752735142674,34.63555011492823
2891,36.094887701000005,36.0727947485,35.64122290790698,30.079539888941177,34.813634987903335,34.61499099234884
2892,36.0904691105,36.074267612,35.61959567952448,30.079713167,34.824079883641616,34.64148728803614
2893,36.0993062915,36.0727947485,35.628849141875,30.079886445058825,34.833391871202345,34.62094372198456
2894,36.088996247,36.0669032945,35.62957701046512,30.08005972311765,34.82357696333117,34.63229072387247
2895,36.0875233835,36.0639575675,35.6238682372093,30.07867349864706,34.833290373984525,34.61963444785091
2896,36.0757404755,36.0639575675,35.63691686179402,30.08005972311765,34.82977948543073,34.61677964729448
2897,36.0875233835,36.0757404755,35.631110223853824,30.085431342941177,34.83877431846154,34.626663607202474
2898,36.0845776565,36.0610118405,35.61782246217742,30.088896904117647,34.818874783361295,34.621593826048446
2899,36.0963605645,36.083104793000004,35.65730896232558,30.07763383029412,34.8096909160144,34.6195068662635
2900,36.088996247,36.083104793000004,35.63673486781955,30.07676744,34.78674262376624,34.69882373662754
2901,36.088996247,36.0963605645,35.61143141518182,30.07728727417647,34.80172072613463,34.7038294945625
2902,36.021244526000004,36.0757404755,35.55833219185294,30.07676744,34.78687475915561,34.63096998023042
2903,36.094887701000005,36.0374460245,35.59993866010383,30.076940718058825,34.806388972348756,34.66347650336277
2904,36.094887701000005,36.050701796,35.63119586854891,30.07676744,34.7861870766475,34.64563799300977
2905,36.0904691105,36.0462832055,35.63770865695652,30.07676744,34.80376231202618,34.662578131980986
2906,36.0904691105,36.030081707,35.639966464257874,30.07728727417647,34.79176959095954,34.68376272016145
2907,36.088996247,36.021244526000004,35.60156963714151,30.07676744,34.761302903666866,34.67613358499668
2908,36.0875233835,36.053647523,35.59721479304348,30.07832694252941,34.78626609923445,34.69074096862616
2909,36.059538977,36.0698490215,35.59696632285714,30.07676744,34.75117569945704,34.6603414502741
2910,35.884268220500005,35.935818443,35.51412410391305,30.077980386411767,34.74174258448593,34.60705846109823
2911,36.077213339000004,36.033027434000005,35.55437365095372,30.07676744,34.78158336859836,34.6254852838171
2912,36.058066113500004,36.0345002975,35.58326498924401,30.07676744,34.743200581036994,34.650244183720446
2913,36.035973161,36.0286088435,35.50411854443778,30.07711399611765,34.75668704193727,34.63036315769003
2914,36.002097300500004,36.030081707,35.534270868891625,30.07676744,34.725949867393616,34.63140375735157
2915,36.000624437,36.038918888,35.5406801552766,30.07676744,34.72595883417699,34.62021247389501
2916,36.006515891,36.0256631165,35.54896142545855,30.07676744,34.74156900099644,34.638878063698634
2917,36.007988754500005,36.0433374785,35.52531133247887,30.07676744,34.73539718703125,34.61480659823415
2918,36.1641122855,36.212716781000005,35.71868883261392,30.08196578176471,34.93626166645642,34.88584810822514
2919,36.168530876000005,36.23333687,35.708967501106166,30.07867349864706,34.93756621667457,34.89395991783784
2920,36.192096692,36.245119778,35.747164944008624,30.08647101129412,34.96922783139319,34.88392406641221
2921,36.218608235000005,36.2495383685,35.74387824699219,30.09097624082353,34.987374889528795,34.90006711645274
2922,36.1670580125,36.206825327000004,35.767113596199664,30.08941673829412,34.98147007235462,34.87544675014788
2923,36.170003739500004,36.1994610095,35.750511162816906,30.082485615941177,34.97890880120137,34.87486495700496
2924,36.1906238285,36.2230268255,35.73971718842857,30.092189187235295,34.967022969914176,34.849925497205184
2925,36.1729494665,36.256902686000004,35.74563992468085,30.07832694252941,34.950673210378696,34.87818006441036
2926,36.150856514,36.251011232,35.72020933272341,30.07815366447059,34.926262378585264,34.876036506153845
2927,36.197988146,36.230391143,35.74087942320516,30.090629684705885,34.96182862623669,34.912854197091384
2928,36.156747968000005,36.2407011875,35.74482505002463,30.07815366447059,34.93899965675088,34.85327250864865
2929,36.124344971,36.239228324,35.682503313913045,30.080406279235294,34.945875722005376,34.813301854863994
2930,36.05659325,36.212716781000005,35.70915650559859,30.092189187235295,34.928279924146345,34.82036471154096
2931,36.2141896445,36.2348097335,35.75195622798202,30.089763294411767,34.95259673195031,34.84946958597257
2932,36.1464379235,36.2407011875,35.69832512893793,30.07919333282353,34.931686697931035,34.84012054493211
2933,36.1994610095,36.251011232,35.714452514,30.08803051382353,34.931478120420145,34.85718769277459
2934,36.195042419,36.239228324,35.73219390984326,30.085951177117646,34.93233361087798,34.858738236779665
2935,36.159693695,36.242174051,35.74162705538462,30.08161922564706,34.95630811438886,34.85980897474008
2936,36.0934148375,36.1876781015,35.73321987568389,30.094615080058826,34.945860350195616,34.81933988706228
2937,36.170003739500004,36.2465926415,35.75917126049107,30.083871840411767,34.96213588335051,34.841750175498106
2938,36.1641122855,36.2289182795,35.76495797917747,30.08941673829412,34.96410986227247,34.83594486327032
2939,36.1641122855,36.253956959,35.7463754666,30.08023300117647,34.95100389641944,34.85491230908085
2940,36.153802241,36.215662508,35.73185957855,30.079713167,34.94768487051083,34.88038146905591
2941,36.153802241,36.200933873000004,35.68856620365385,30.079713167,34.910377388540105,34.89301301305522
2942,36.159693695,36.195042419,35.723893486109766,30.088550348000002,34.905537490014396,34.89311591193695
2943,36.1523293775,36.1965152825,35.69659899478404,30.07867349864706,34.88304452398564,34.88297396576165
2944,36.139073606000004,36.195042419,35.72057812246663,30.07711399611765,34.894516635015286,34.87992301656712
2945,36.150856514,36.215662508,35.709360238261084,30.095654748411764,34.9400859180042,34.83913229451328
2946,36.094887701000005,36.2053524635,35.667565024097904,30.081445947588236,34.944960867774256,34.80178812336709
2947,36.1287635615,36.225972552500004,35.69632105314248,30.077807108352943,34.92818936317381,34.826743470879904
2948,36.171476603,36.2200810985,35.67598844503907,30.077460552235294,34.927458648025876,34.854163225673936
2949,36.168530876000005,36.2200810985,35.70116927914483,30.079713167,34.95915254988751,34.87255022190298
2950,36.17442233,36.209771054,35.66672435016027,30.085258064882353,34.94257133138461,34.85358960917001
2951,36.180313784,36.215662508,35.72949916680851,30.09045640664706,34.94582784343244,34.8508140955159
2952,36.109616336,36.2038796,35.65614986811915,30.082832172058826,34.93885494940865,34.79632213444799
2953,36.170003739500004,36.2082981905,35.7201653300989,30.099986699882354,34.94379482699029,34.82270113881707
2954,36.156747968000005,36.181786647500005,35.71389317929577,30.084738230705884,34.95328071412685,34.80225989612983
2955,36.168530876000005,36.195042419,35.71773164755245,30.08109939147059,34.95453337313844,34.8330496542239
2956,36.150856514,36.1965152825,35.69881403282662,30.079713167,34.95636125199195,34.82328568529279
2957,36.156747968000005,36.215662508,35.730502722197045,30.089590016352943,34.96017533464862,34.81562778660617
2958,36.165585149,36.1847323745,35.71053862913674,30.084218396529412,34.94460233639064,34.80275666
2959,36.1906238285,36.1788409205,35.7040265496875,30.085951177117646,34.95618169927378,34.827697786541705
2960,36.1906238285,36.1965152825,35.713446112938776,30.082312337882353,34.95687780767147,34.82185442782297
2961,36.2082981905,36.2082981905,35.7455791201094,30.096001304529413,34.97504668592808,34.8433354461247
2962,36.181786647500005,36.1847323745,35.67371311340472,30.124592184235294,34.94358230644658,34.805466704896034
2963,36.171476603,36.2082981905,35.699535431818184,30.094788358117647,34.95617552442623,34.83389323675676
2964,36.114034926500004,36.193569555500005,35.71252647911351,30.08907018217647,34.93239866712763,34.83232890064644
2965,36.1464379235,36.1994610095,35.679877072353726,30.105878153882355,34.94499107213553,34.84912326616318
2966,36.177368057,36.183259511,35.66870776385404,30.103625539117647,34.93626850384545,34.84505129020229
2967,36.150856514,36.159693695,35.65653546885714,30.08612445517647,34.9193570703937,34.826317215386226
2968,36.156747968000005,36.181786647500005,35.685028561451816,30.093748689764706,34.93574775424261,34.82842201416954
2969,36.112562063,36.189150965,35.66302691209941,30.09288229947059,34.929404491742474,34.827363779337055
2970,36.108143472500004,36.1788409205,35.635549635849806,30.093575411705885,34.90354606629389,34.82445938635013
2971,36.124344971,36.1847323745,35.646569300296264,30.112635998176472,34.93510086062302,34.85936563357143
2972,36.1287635615,36.119926380500004,35.643133964199826,30.10310570494118,34.926374602867575,34.7959423277551
2973,36.162639422,36.192096692,35.621988602313436,30.109516993117648,34.926679903300396,34.78647967345329
2974,36.168530876000005,36.189150965,35.59853876266667,30.135162145823532,34.9298427341498,34.746872652773234
2975,36.1523293775,36.189150965,35.67831137221053,30.12199301335294,34.961172292368424,34.81019861586006
2976,36.150856514,36.177368057,35.68215886948137,30.140707043705884,34.9554207129312,34.813145651383536
2977,36.150856514,36.193569555500005,35.70458954642391,30.11488861294118,34.966933795418505,34.79164234622973
2978,36.147910787,36.1906238285,35.70009026478383,30.102412592705882,34.95458318363693,34.74349019559181
2979,36.1376007425,36.168530876000005,35.693246022616435,30.099120309588237,34.94835015895911,34.779992013252176
2980,36.1287635615,36.1906238285,35.68630833918591,30.089243460235295,34.94495278789972,34.7720658304357
2981,36.142019333,36.212716781000005,35.68875685673913,30.11107649564706,34.95221524630469,34.747177042133146
2982,36.1228721075,36.181786647500005,35.667910473849105,30.093748689764706,34.92313931851828,34.74160067540043
2983,36.11550779,36.195042419,35.675912693557315,30.086990845470588,34.919911420112676,34.73114302540036
2984,36.1228721075,36.2053524635,35.66460370964964,30.086990845470588,34.90936476355769,34.733980616187104
2985,36.077213339000004,36.224499689,35.64232799306569,30.085431342941177,34.892797901441035,34.757532950616216
2986,35.853338087,36.012407345,35.60819473054619,30.117834339941176,34.90421438595857,34.75299625113786
2987,36.153802241,36.1641122855,35.69796775948758,30.080752835352943,34.9187814679693,34.814455676025595
2988,36.150856514,36.136127879,35.690126816940044,30.089763294411767,34.897908873564035,34.80130370772174
2989,36.1493836505,36.131709288500005,35.68715312784527,30.090629684705885,34.878629753,34.783067005514184
2990,36.147910787,36.131709288500005,35.70710790802521,30.08196578176471,34.879830278045546,34.770761135892435
2991,36.112562063,36.1434921965,35.692632314,30.08213905982353,34.88504198466769,34.78133435489651
2992,35.7634934135,36.006515891,35.66819471538534,30.11298255429412,34.89452456557187,34.73835949614347
2993,36.000624437,36.1847323745,35.714852551,30.098947031529413,34.920793738875744,34.79316083232402
2994,36.144965060000004,36.197988146,35.712168666400004,30.08456495264706,34.91667198242304,34.780948726748555
2995,36.11550779,36.2112439175,35.7094706463914,30.084218396529412,34.923507620983926,34.781318902742115
2996,36.11550779,36.2082981905,35.692249771572904,30.084218396529412,34.92469254120912,34.77273716820723
2997,36.11550779,36.212716781000005,35.68781934405281,30.082312337882353,34.89409447223783,34.78849262081112
2998,36.118453517,36.2082981905,35.69814412443497,30.092535743352943,34.90594608380428,34.77480656904744
2999,36.1022520185,36.218608235000005,35.70483534226866,30.080926113411767,34.90978659637615,34.74837697178716
3000,36.0904691105,36.1434921965,35.690855526285716,30.086297733235295,34.903207057445975,34.76196821653731
3001,36.0904691105,36.1464379235,35.70345773859702,30.091496075000002,34.9061488522841,34.76011558939271
3002,36.1051977455,36.150856514,35.69284725925373,30.08751067964706,34.897571348891034,34.777587900606065
3003,36.0875233835,36.175895193500004,35.69576917129665,30.091669353058826,34.91817040108381,34.75705422258929
3004,36.103724882,36.142019333,35.6973018368,30.096001304529413,34.91341123258836,34.76008145378641
3005,36.103724882,36.150856514,35.69699031380623,30.10015997794118,34.922488355,34.76948114455921
3006,36.114034926500004,36.156747968000005,35.66409378926316,30.094095245882354,34.92327163966721,34.79338980242984
3007,36.1405464695,36.171476603,35.674682328421056,30.094095245882354,34.942704221122156,34.78862634061539
3008,36.118453517,36.162639422,35.70023324218266,30.09634786064706,34.940333565411095,34.784003934218404
3009,36.124344971,36.165585149,35.70517695906262,30.102412592705882,34.9584514385436,34.807219379556365
3010,36.130236425,36.1552751045,35.70913779060315,30.10570487582353,34.943364103777924,34.78951590259356
3011,36.1228721075,36.165585149,35.68521436809835,30.10379881717647,34.935545392080705,34.78318650381335
3012,36.130236425,36.168530876000005,35.705705180882354,30.113675666529414,34.93069390596044,34.77563738642394
3013,36.1169806535,36.177368057,35.70335713762149,30.12233956947059,34.94519539732386,34.79024921177361
3014,36.144965060000004,36.175895193500004,35.705018525801,30.09530819229412,34.94583011944514,34.781493340916846
3015,36.144965060000004,36.171476603,35.7196849191625,30.102066036588237,34.94604406716557,34.76286704274524
3016,36.121399244,36.177368057,35.7159888569821,30.11055666147059,34.94066391912713,34.771464256506114
3017,36.1464379235,36.180313784,35.714483082546444,30.10570487582353,34.945099388300676,34.751026432099124
3018,36.147910787,36.144965060000004,35.72362983341176,30.107957490588237,34.93969574546486,34.75121657577667
3019,36.150856514,36.181786647500005,35.722944117687284,30.095481470352944,34.93102992106787,34.773760077401214
3020,36.147910787,36.183259511,35.71281467770761,30.105358319705882,34.94369395388113,34.770362974111315
3021,36.1523293775,36.1641122855,35.6816849842792,30.118180896058824,34.93698730368421,34.79031951485149
3022,36.150856514,36.171476603,35.67316099435294,30.11350238847059,34.94269406625204,34.76349157724569
3023,36.147910787,36.1729494665,35.68719812154412,30.10761093447059,34.93489509692308,34.750465101533905
3024,36.1464379235,36.1611665585,35.68855977295666,30.121646457235297,34.932761659299025,34.75805883967213
3025,36.144965060000004,36.17442233,35.69313603117941,30.130830194352942,34.949849519449714,34.76055875339131
3026,36.144965060000004,36.171476603,35.69413887045588,30.162366801058823,34.96203373116438,34.753430886426735
3027,36.144965060000004,36.193569555500005,35.680298705714286,30.15716845929412,34.95699043611146,34.75650076106871
3028,36.139073606000004,36.1847323745,35.67711700336842,30.11835417411765,34.94482933456091,34.73828976333816
3029,36.144965060000004,36.189150965,35.68119027369652,30.126498242882356,34.95166290816719,34.757999858778625
3030,36.144965060000004,36.180313784,35.68836178914286,30.138107872823532,34.96906737774884,34.76370868413396
3031,36.144965060000004,36.175895193500004,35.68995853728676,30.153356342000002,34.97565101864974,34.78732893951095
3032,36.144965060000004,36.180313784,35.68652082436975,30.145212273235295,34.96789067731279,34.76037685910448
3033,36.144965060000004,36.180313784,35.68434866013236,30.146598497705885,34.97993094575419,34.779455993918724
3034,36.144965060000004,36.181786647500005,35.68243641298319,30.122512847529414,34.963124974256885,34.74596741414687
3035,36.144965060000004,36.165585149,35.68757596397794,30.170684147882355,34.975070120146164,34.77104216782609
3036,36.144965060000004,36.165585149,35.66192817542857,30.132043140764708,34.94990309865895,34.75506895425671
3037,36.144965060000004,36.1405464695,35.67559272145455,30.148851112470588,34.95698036786885,34.7493006559004
3038,36.094887701000005,36.170003739500004,35.669598365375,30.115408447117648,34.952512983821265,34.74078408692937
3039,36.147910787,36.171476603,35.67395197660294,30.158554683764706,34.96759990434381,34.75236346440497
3040,35.9755857575,36.168530876000005,35.6265587600707,30.167738420882355,34.91938021180834,34.71946731932748
3041,36.112562063,36.1405464695,35.679976598,30.11315583235294,34.945030686774594,34.73060875783843
3042,36.108143472500004,36.127290698,35.65154579521031,30.135335423882353,34.95564963973759,34.730343906131765
3043,36.1022520185,36.1434921965,35.66896635305224,30.170164313705882,34.967464935786516,34.74748776872781
3044,36.103724882,36.1493836505,35.67005832527273,30.148158000235295,34.947310611873256,34.74666596838734
3045,36.144965060000004,36.147910787,35.6884633955808,30.137761316705884,34.965682247165574,34.741361536783735
3046,36.144965060000004,36.1287635615,35.6793765425,30.135335423882353,34.96772096502538,34.694804365807876
3047,36.153802241,36.1169806535,35.65999091111111,30.131003472411766,34.974052308359234,34.68974928392615
3048,36.153802241,36.1110891995,35.64885452755556,30.15231667364706,34.96469592208872,34.688637011978734
3049,36.1405464695,36.130236425,35.63764189439313,30.13914754117647,34.96329687833845,34.68265274202921
3050,36.144965060000004,36.119926380500004,35.65933782889181,30.14833127829412,34.979967611478635,34.68763701482433
3051,36.1434921965,36.1228721075,35.65176008668914,30.120606788882355,34.977806731464966,34.68944977554771
3052,36.133182152,36.108143472500004,35.65917731461857,30.175535933529414,34.99654566032396,34.68305347717133
3053,36.094887701000005,36.088996247,35.603360384559934,30.195289632235294,34.96065365742747,34.583635486736
3054,36.139073606000004,36.1051977455,35.59487386864254,30.184892948705883,34.98553199476895,34.61901854528169
3055,36.1493836505,36.1022520185,35.608407535991795,30.206032871882353,35.00959537916898,34.69208764594045
3056,36.1464379235,36.11550779,35.63522470478005,30.22197445329412,34.98702655563636,34.72147251757576
3057,36.1464379235,36.168530876000005,35.64511477644483,30.19009129047059,34.97654557920213,34.709251221043104
3058,36.142019333,36.1670580125,35.66470926323822,30.127884467352942,34.94714147273703,34.713364500906216
3059,36.1464379235,36.165585149,35.66206076981618,30.13897426311765,34.95224986168894,34.70631268118393
3060,36.131709288500005,36.165585149,35.67061345852402,30.151103727235295,34.94912954703058,34.72454306906694
3061,36.144965060000004,36.175895193500004,35.680451966642856,30.167738420882355,34.96258415597917,34.74529535258142
3062,36.1493836505,36.170003739500004,35.6647261756087,30.15872796182353,34.95946888460432,34.70329161058824
3063,36.150856514,36.183259511,35.6795078071964,30.136375092235294,34.95584312713955,34.71483707237171
3064,36.1405464695,36.1729494665,35.652537007924266,30.14382604876471,34.94830416492147,34.69294792834202
3065,36.144965060000004,36.1493836505,35.63994617766535,30.144345882941177,34.95273396668032,34.72750602929718
3066,36.144965060000004,36.17442233,35.646875709107604,30.182813612,34.95752636295227,34.699348530068214
3067,36.1464379235,36.17442233,35.640976627200004,30.18714556347059,34.95401167149606,34.6961385255414
3068,36.100779155,36.127290698,35.636393957352944,30.14243982429412,34.94198314875584,34.70496545306123
3069,36.130236425,36.142019333,35.63596350261314,30.14053376564706,34.950366032260874,34.70322425869258
3070,36.130236425,36.1346550155,35.6326568714575,30.13013708211765,34.94295133856,34.702800564017004
3071,36.153802241,36.1523293775,35.628085057549406,30.147291609941178,34.95512374965558,34.71920850713687
3072,36.1376007425,36.1228721075,35.61528506058906,30.14399932682353,34.93104115642338,34.69293769667842
3073,36.139073606000004,36.119926380500004,35.613488763952205,30.177441992176472,34.96191509745946,34.70524098875
3074,36.118453517,36.1258178345,35.606878928,30.179174772764707,34.96138909724573,34.70146505022285
3075,36.1434921965,36.131709288500005,35.6274345120292,30.137934594764708,34.95209728790821,34.71323979503244
3076,36.1434921965,36.130236425,35.619518318667886,30.21573644317647,34.956312406231156,34.7059182568499
3077,36.1523293775,36.136127879,35.61966440227209,30.117834339941176,34.95847289607922,34.72005949424545
3078,36.1376007425,36.1287635615,35.62840872680883,30.092535743352943,34.93670952267432,34.71874756238612
3079,36.1258178345,36.133182152,35.63230328421908,30.11644811547059,34.95603249702357,34.71390170216868
3080,36.106670609,36.1258178345,35.61669318100985,30.07711399611765,34.93438581905,34.66349238910795
3081,36.118453517,36.1228721075,35.647412696647486,30.112462720117648,34.93523147235359,34.672649420219194
3082,36.1110891995,36.1464379235,35.63064253861871,30.07728727417647,34.93427951433613,34.69070294167702
3083,36.127290698,36.136127879,35.63664701811511,30.125458574529414,34.94254198989036,34.6939269464652
3084,36.109616336,36.1258178345,35.59437402808824,30.162540079117647,34.92423082447322,34.71737404626192
3085,36.142019333,36.156747968000005,35.61032385313899,30.25351106,34.941020729463446,34.73841399734128
3086,36.1287635615,36.1670580125,35.624892366489206,30.11003682729412,34.92372797433555,34.70621941227181
3087,36.1346550155,36.1641122855,35.61508714424885,30.08109939147059,34.92690491396414,34.69903952271547
3088,36.121399244,36.1523293775,35.63208103435827,30.093748689764706,34.931043898954975,34.68642740201648
3089,36.124344971,36.1434921965,35.608123282723504,30.090802962764705,34.924882334671224,34.69572678562017
3090,36.103724882,36.1641122855,35.58529165127436,30.095481470352944,34.9197530967281,34.68382069041949
3091,36.130236425,36.156747968000005,35.633254293839414,30.171723816235296,34.94177386723696,34.69099674742104
3092,36.114034926500004,36.162639422,35.603765080026264,30.102066036588237,34.932486200660456,34.67935813144607
3093,36.108143472500004,36.1582208315,35.63751059802399,30.112289442058824,34.93584528941793,34.72798837203426
3094,36.118453517,36.130236425,35.61966582691154,30.092189187235295,34.93773203532995,34.6904632583
3095,36.114034926500004,36.1552751045,35.641688853358325,30.09201590917647,34.92184108014177,34.689243194594596
3096,36.109616336,36.1493836505,35.62129697075888,30.083871840411767,34.91375919783921,34.664607198960105
3097,36.0993062915,36.1464379235,35.6120031556129,30.12823102347059,34.921514489724984,34.714429556745884
3098,36.100779155,36.144965060000004,35.601273864125,30.102066036588237,34.92027284604015,34.70346123696805
3099,36.1051977455,36.150856514,35.595913082963506,30.087683957705885,34.8921503168412,34.65947701571429
3100,36.1022520185,36.127290698,35.562464365594536,30.104491929411765,34.88956778462743,34.667829618246756
3101,36.1022520185,36.1287635615,35.58751112873913,30.102412592705882,34.908271723534185,34.66109622518855
3102,36.1051977455,36.112562063,35.59852999403033,30.149544224705885,34.914105958972705,34.67513797178139
3103,36.103724882,36.1228721075,35.590402647572404,30.134988867764708,34.90818217263221,34.68832706980229
3104,35.9137254905,36.068376158,35.560902483058825,30.25992234817647,34.89239544723798,34.65276818545455
3105,36.11550779,36.11550779,35.547617831882356,30.17241692847059,34.8960525747275,34.63754812996803
3106,36.108143472500004,36.108143472500004,35.5543523861148,30.148158000235295,34.9074528734375,34.644020994377456
3107,36.0757404755,36.080159066,35.57972752237838,30.148851112470588,34.8857884727783,34.686560601008594
3108,36.059538977,36.077213339000004,35.55946765592174,30.167218586705882,34.89556675083462,34.673408391614544
3109,36.0963605645,36.0786862025,35.57420118380763,30.08317872817647,34.87409174643692,34.61684171858305
3110,36.058066113500004,36.077213339000004,35.59078119530624,30.077980386411767,34.84392988611827,34.67672117124016
3111,36.0492289325,36.080159066,35.58545411658647,30.07676744,34.83768621417515,34.70204580593841
3112,36.050701796,36.1051977455,35.55306219374812,30.07919333282353,34.827974187639256,34.67648253129001
3113,36.0610118405,36.112562063,35.58070300830986,30.078846776705884,34.84393138431169,34.70145494094261
3114,36.065430431,36.100779155,35.55930672113682,30.081445947588236,34.8035497573548,34.71915150132057
3115,36.033027434000005,36.1051977455,35.52973091081489,30.08057955729412,34.80562306864226,34.69191809518651
3116,35.940237033500004,35.971167167000004,35.52088564377841,30.100333256000003,34.81055326041822,34.62455341952428
3117,36.100779155,36.114034926500004,35.56269998689362,30.091669353058826,34.85285241550805,34.647139738162124
3118,36.094887701000005,36.103724882,35.59546383128259,30.08352528429412,34.84264448413459,34.68099923776303
3119,36.0904691105,36.114034926500004,35.604310715255686,30.091322796941178,34.838839600264244,34.686145038066286
3120,36.097833428,36.1110891995,35.62568700097847,30.10379881717647,34.82578062933764,34.68709956826549
3121,36.1022520185,36.1228721075,35.594551332848575,30.084391674588236,34.834005741671774,34.68559535196841
3122,36.052174659500004,36.127290698,35.52631822617691,30.079713167,34.80445933877828,34.67196722717264
3123,36.094887701000005,36.112562063,35.57949628704702,30.126151686764707,34.843542371135015,34.70368554534562
3124,36.077213339000004,36.109616336,35.54870637211851,30.091842631117647,34.83148861427386,34.665123913108594
3125,36.0904691105,36.103724882,35.538831075714285,30.08300545011765,34.84180988054606,34.69435499399516
3126,36.0374460245,36.11550779,35.57097016125778,30.084045118470588,34.833690676121115,34.66940801398589
3127,36.058066113500004,36.119926380500004,35.584884796333604,30.10015997794118,34.820701900145984,34.677632455614976
3128,36.050701796,36.109616336,35.53778805875,30.124592184235294,34.822065843636366,34.67823849125
3129,36.1051977455,36.124344971,35.578721128839284,30.152663229764705,34.85815282962878,34.72889239377253
3130,36.1051977455,36.118453517,35.58734253125,30.08785723576471,34.845164076612214,34.71705687130597
3131,36.0993062915,36.1051977455,35.5823879772028,30.087164123529412,34.84340771146792,34.73337721494069
3132,36.074267612,36.100779155,35.55755435385352,30.086297733235295,34.82713892360314,34.71270583502857
3133,36.0875233835,36.0963605645,35.58235462604695,30.112462720117648,34.840609256052865,34.73813369417259
3134,36.0610118405,35.991787256,35.53505122503597,30.116621393529414,34.8292911035546,34.68198818156809
3135,36.097833428,36.0963605645,35.57524985481606,30.08803051382353,34.833039719131236,34.697684943357814
3136,36.0963605645,36.074267612,35.59135197622899,30.099986699882354,34.84199249851619,34.72924927305067
3137,36.0963605645,36.108143472500004,35.611218679091245,30.08803051382353,34.8633627504486,34.71095573998613
3138,36.0904691105,36.0934148375,35.61608459183202,30.09496163617647,34.864032878194,34.71753108321465
3139,36.094887701000005,36.068376158,35.61868108911765,30.098947031529413,34.844695764918036,34.71301111549696
3140,36.088996247,36.068376158,35.60154789208633,30.108477324764706,34.82658364952023,34.72310797828684
3141,36.08605052,36.108143472500004,35.63172839070915,30.10379881717647,34.825940019963035,34.78191646077732
3142,36.071321885,36.0963605645,35.64049364248936,30.092189187235295,34.79457798093923,34.786565175263156
3143,36.0816319295,36.0904691105,35.626713415441124,30.08751067964706,34.786223617071826,34.78013984708934
3144,36.0816319295,36.103724882,35.5947905456854,30.08785723576471,34.75735219217555,34.760802239043066
3145,36.091941974,36.130236425,35.642478352170215,30.125631852588235,34.75715424098592,34.756979350748175
3146,36.0727947485,36.121399244,35.6177193787009,30.08317872817647,34.73923978300795,34.71767022600848
3147,36.08605052,36.1346550155,35.64454865035003,30.110383383411765,34.772276175449804,34.800616031515524
3148,36.0875233835,36.109616336,35.64438546417934,30.095654748411764,34.756180871639344,34.767727772313435
3149,36.083104793000004,36.1523293775,35.60856598604198,30.097387529000002,34.75836661587975,34.776820080394366
3150,35.8312451345,36.077213339000004,35.54020801330935,30.089590016352943,34.735806365481054,34.679959314702906
3151,36.0168259355,36.112562063,35.625639840397085,30.07676744,34.75731434104492,34.71661807931711
3152,36.071321885,36.0816319295,35.598596670791366,30.086644289352943,34.75424815444303,34.709802434547164
3153,36.003570164,36.0904691105,35.581986111793476,30.08109939147059,34.7504315527479,34.736844899155656
3154,36.044810342,36.103724882,35.576955788766426,30.091322796941178,34.755901601696,34.78113916688016
3155,36.018298799,36.094887701000005,35.57409000656717,30.090283128588236,34.757515116192344,34.79324803849844
3156,36.030081707,36.112562063,35.55316798061497,30.091149518882354,34.758293861367974,34.762777118957246
3157,36.002097300500004,36.106670609,35.547560072529414,30.090629684705885,34.738319875593554,34.78194016538382
3158,35.996205846500004,36.1169806535,35.5492736,30.088550348000002,34.73867479873253,34.768335413786204
3159,36.050701796,36.121399244,35.54653505953468,30.093228855588237,34.73473143135135,34.748800089331496
3160,36.021244526000004,36.121399244,35.56650514029412,30.08941673829412,34.712927642191694,34.74188264970406
3161,36.041864615,36.1258178345,35.57065903661654,30.086644289352943,34.73245645547708,34.70049435603197
3162,36.0669032945,36.1169806535,35.533149652770526,30.094615080058826,34.72608737708985,34.70139506477415
3163,35.729617553000004,36.050701796,35.538599058977276,30.126671520941176,34.72008035579675,34.63862293127636
3164,35.741400461,36.0551203865,35.57186488977444,30.125978408705883,34.72602596496389,34.63825172182332
3165,35.974112894,36.1287635615,35.589822805000004,30.078846776705884,34.73492861516843,34.64849525290722
3166,35.974112894,36.1228721075,35.57648371507463,30.07763383029412,34.71784242253115,34.65381494090847
3167,35.929926989,36.1376007425,35.5569787656038,30.094095245882354,34.71337816417182,34.6522313499463
3168,35.957911395500005,36.127290698,35.57375781844776,30.083871840411767,34.711102138896145,34.66533363924367
3169,35.991787256,36.124344971,35.59666325851492,30.076940718058825,34.748410098213014,34.65199479002169
3170,36.002097300500004,36.112562063,35.583992327248126,30.077460552235294,34.740406078097685,34.63857980257143
3171,35.959384259000004,36.119926380500004,35.56142533451493,30.07815366447059,34.72993457704348,34.645358782457336
3172,35.9667485765,36.127290698,35.579011764365674,30.076940718058825,34.71641998485219,34.62674510004147
