frame,left_eye_temp,right_eye_temp,forehead_temp,nose_temp,left_cheek_temp,right_cheek_temp
0,36.689924555000005,34.1109405665,36.15593133081188,33.77712038617647,34.668050959337016,34.58974554256984
1,36.6678316025,36.4410106235,36.469280330435836,33.73726643264706,34.58963403941176,34.40200858576178
2,36.651630104,36.7179089615,36.455024104904865,33.86064041052941,34.50377835307989,34.21582921392167
3,36.775350638,36.663413012,36.43096965983173,33.66864832135294,34.44007268847615,34.15929071207832
4,36.748839095,36.76356773,36.42315476359869,33.693253805705886,34.42119996477531,34.201325218900145
5,36.776823501500004,36.784187819,36.425488908153845,33.71491356305882,34.42601862997749,34.20669688008811
6,37.0154273885,36.8416294955,36.440276831290326,33.71716617782353,34.5300768786021,34.261886061757814
7,36.787133546,36.7620948665,36.43041355944615,33.648201510411766,34.46356022936986,34.23963897058824
8,36.784187819,36.775350638,36.40404126779717,33.62099685517647,34.43701380356847,34.21495888295652
9,36.819536543,36.778296365,36.40195323884406,33.67523288758824,34.387927092037536,34.17796325176471
10,36.863722448000004,36.7974435905,36.41481125605042,33.627061587235296,34.48435582710844,34.23626590503408
11,37.0360474775,36.882869673500004,36.4233558251518,33.70642293817647,34.518056499709225,34.26731610836502
12,36.8445752225,36.8534124035,36.42236214542857,33.61302606447059,34.46996561066237,34.20590702661283
13,36.5941884275,36.784187819,36.4092293638055,33.600376766176474,34.437256207640345,34.13685055800196
14,36.6884516915,36.742947641,36.43103168784884,33.61146656194118,34.46791005222274,34.17758675686331
15,36.6943431455,36.7355833235,36.4237073767126,33.68874857617647,34.45466549355102,34.18918811124701
16,36.769459184,36.7061260535,36.413095801102365,33.689961522588234,34.42299760372613,34.1666681405413
17,36.819536543,36.722327552,36.42149743716536,33.63122026064706,34.460146472096774,34.18899123175695
18,37.0213188425,36.878451083,36.42905342,33.66518276017647,34.54162113201092,34.22749804385093
19,36.6501572405,36.760622003,36.42448718762295,33.69654608882353,34.41880216707592,34.13692930438369
20,36.628064288000004,36.703180326500004,36.41496198045714,33.58131617970589,34.47711924159186,34.09251290790076
21,36.7591491395,36.770932047500004,36.41571879558594,33.62948748005883,34.48634683648535,34.15124671606987
22,36.6383743325,36.6707773295,36.43240538950788,33.68043122935294,34.43510753120778,34.18311921103253
23,36.7385290505,36.6707773295,36.41533256139535,33.64958773488235,34.455859930112865,34.15266800761278
24,36.7061260535,36.7444205045,36.42405580857143,33.61233295223529,34.455091037834336,34.16644554955801
25,36.7473662315,36.7886064095,36.4193058675814,33.695159864352945,34.41417147668767,34.13772762405063
26,36.8327923145,36.742947641,36.4243838888189,33.69169430317647,34.491068717970876,34.19545963186441
27,37.025737433,36.88139681,36.43197547697581,33.757020131352945,34.505507197466606,34.25045298207435
28,36.6589944215,36.76356773,36.41770051296875,33.64057727582353,34.39218381833561,34.11658608269231
29,36.816590816,36.828373724,36.42567852359375,33.63936432941176,34.43847014901979,34.154822113287736
30,36.7886064095,36.6501572405,36.424757983906254,33.70486343564706,34.42455946526174,34.204332025266545
31,36.765040593500004,36.6884516915,36.4153827986,33.642656612529414,34.412877584,34.22009792530387
32,36.7532576855,36.8622495845,36.408336619616,33.675579443705885,34.477361717092634,34.19134604196632
33,36.728219006,36.810699362,36.416568103035715,33.7007047622353,34.426633760519735,34.179027500450495
34,36.8534124035,36.7296918695,36.424809125,33.69966509388235,34.41408997324759,34.220937316299064
35,36.878451083,36.843102359,36.41270898486154,33.69446675211765,34.38591012217795,34.23102785971984
36,36.866668175,36.692870282,36.4110010296875,33.672113882529416,34.42943606018851,34.201465546466515
37,36.5175995255,36.710544644,36.410496112857146,33.66986126776471,34.47924958978602,34.2174260616752
38,36.9388384865,36.793025,36.39673659846154,33.72305763182353,34.39953669556172,34.191244311189806
39,36.9859701185,36.8121722255,36.4065524187013,33.888191621882356,34.35759260048214,34.25200601494804
40,36.972714347,36.7562034125,36.38249154579281,33.79756719711765,34.32107657330431,34.1708152237859
41,36.887288264,36.707598917,36.385304414069765,33.72583008076471,34.35114170978437,34.211712936935484
42,36.6913974185,36.875505356000005,36.4277333895082,33.64542906147059,34.55044177663977,34.19214719945566
43,36.681087374,36.837210905,36.41715936883721,33.83655476035294,34.36885572675061,34.18033826869042
44,36.757676276,36.7002345995,36.41698453765625,33.72617663688236,34.442100299625295,34.1534248136699
45,36.4969794365,36.765040593500004,36.426700681298705,33.73276120311765,34.43298921730769,34.19976614791024
46,36.838683768500005,36.8327923145,36.43838708539063,33.70624966011765,34.41712256701521,34.16402030109616
47,36.7944978635,36.872559629,36.42227996545455,33.73882593517647,34.386070156496785,34.19327678701866
48,36.7473662315,36.8092264985,36.409104808752645,33.636765158529414,34.306107473590096,34.12043989745322
49,36.7944978635,36.689924555000005,36.41439039591603,33.61909079652941,34.40502908962899,34.14008384142418
50,36.709071780500004,36.619227107,36.39327776914439,33.63953760747059,34.32747576143043,34.062424933543454
51,36.893179718,36.893179718,36.42832133796154,33.65825163782353,34.4964252323913,34.16659048298608
52,37.0537218395,36.887288264,36.40948231087443,33.76221847311765,34.436741084859904,34.303304673757395
53,36.8858154005,36.907908353,36.423015940509885,33.33976656570589,34.59325533459239,34.271695953303166
54,36.6737230565,36.734110460000004,36.39823910602978,33.627061587235296,34.49724105315069,34.11596212030917
55,36.902016899,36.757676276,36.42400308029851,33.976216875764706,34.52034504062257,34.1292731712
56,36.960931439,36.834265178,36.43477667882169,33.695506420470586,34.48113932069255,34.143218718595946
57,36.9358927595,36.8622495845,36.432337094000005,33.93757586864706,34.49315582555796,34.15796622604797
58,36.913799807000004,36.8504666765,36.396735382173915,33.71456700694118,34.40889816375254,34.143760524857434
59,36.890233991,36.781242092,36.399671848012424,33.82251923758824,34.48959222760021,34.11295648878924
60,36.810699362,36.826900860500004,36.44218735571429,33.65080068129412,34.540153998206605,34.131513788169016
61,36.684033101000004,36.710544644,36.446681727842524,33.92787229735294,34.39924070040774,34.04577080270033
62,36.9241098515,36.754730549,36.40585974683582,33.795314582352944,34.41495161627551,34.07973452029237
63,36.8003893175,36.795970727000004,36.42408315218045,33.894429632,34.398233552125326,34.09049572566896
64,36.8327923145,36.7944978635,36.40489204669629,33.77192204441177,34.50169428640732,34.0429749509111
65,36.875505356000005,36.816590816,36.415773754814346,33.739345769352944,34.48761220366534,34.069671181575075
66,36.846048086,36.7679863205,36.4125352625,33.61978390876471,34.467243313278416,34.102099165260746
67,36.9211641245,36.825427997,36.41298807089497,33.751475233470586,34.44026695045971,34.10065367763055
68,36.888761127500004,36.8475209495,36.41301868317136,33.319666310882354,34.449153130144595,34.20253212461628
69,36.784187819,36.831319451,36.4402308722353,33.86982414764706,34.430473654252495,34.02222174677487
70,36.345274496,36.6383743325,36.46944821876923,33.87779493835294,34.67246059597784,34.22946099059184
71,36.548529659,36.6943431455,36.45310218304228,33.831356418588236,34.486178530130296,34.24924213510661
72,36.9300013055,36.8180636795,36.44128079372781,33.87034398182353,34.54038399429581,34.15369520172466
73,36.781242092,36.7974435905,36.437110882642045,33.850936839235295,34.451150658171265,34.121516800009985
74,36.8651953115,36.766513457,36.403762780930236,33.89044423664706,34.41653872153486,34.25221674121153
75,36.838683768500005,36.7738777745,36.40254752400764,33.80571126588235,34.40269226602499,34.198389660595744
76,36.5058166175,36.7738777745,36.42175515606299,33.66362325764706,34.538011132735384,34.19865309474286
77,36.754730549,36.778296365,36.42696177165385,33.68268384411765,34.394866567485714,34.13208404682398
78,36.6560486945,36.6501572405,36.441894341600005,33.73120170058824,34.4204346000183,34.20272952635624
79,36.6678316025,36.70465319,36.42007084319768,33.67575272176471,34.38074336264099,34.15252574566038
80,36.804807908,36.707598917,36.39823886318937,33.67263371670588,34.34471335544883,34.13333236086957
81,36.7326375965,36.6354286055,36.41796668826772,33.699838371941176,34.440766155819105,34.20180148148252
82,36.545583932,36.7355833235,36.42799051016,33.63537893405883,34.490767951183436,34.23250213322176
83,36.810699362,36.591242700500004,36.44317362875429,33.689268410352945,34.42774784049038,34.21552767878163
84,36.6972888725,36.628064288000004,36.405592859023436,33.60904066911765,34.43283973026877,34.199027000743804
85,36.719381825,36.6678316025,36.41251593358268,33.567107378882355,34.41029312540566,34.144467027594935
86,36.6442657865,36.6560486945,36.410179895860516,33.64092383194118,34.39716704,34.16159996617811
87,36.76356773,36.70465319,36.38732151395349,33.675925999823534,34.35691966093346,34.13497204192038
88,36.784187819,36.660467285,36.38638875991001,33.692733971529414,34.37103499653846,34.12346836320625
89,36.678141647000004,36.684033101000004,36.40404986779528,33.606268220176474,34.38150656501416,34.13564259148571
90,36.709071780500004,36.6796145105,36.386606727968754,33.642656612529414,34.35699477762774,34.152594775253455
91,36.7179089615,36.695816009,36.388625391771654,33.68095106352941,34.42021326830726,34.16960824237288
92,36.7444205045,36.713490371,36.387904041836734,33.58460846282353,34.44156151278282,34.11253702693706
93,36.642792923,36.7120175075,36.41188399632653,33.59951037588235,34.41856414226775,34.11066760873001
94,36.787133546,36.70465319,36.40088982176,33.67575272176471,34.42035363597242,34.12893758145738
95,36.902016899,36.769459184,36.38072470930233,33.701744430588235,34.3569022103608,34.14046113634914
96,36.893179718,36.810699362,36.361898126786954,33.64057727582353,34.342206378556796,34.07801846145567
97,36.949148531,36.8239551335,36.38049866494715,33.783185118235295,34.34485901174143,34.10325096194457
98,36.955039985,36.8121722255,36.378028971789774,33.778853166764705,34.357282686811146,34.12236778081791
99,36.9476756675,36.825427997,36.373658516627906,33.74662344782353,34.33656075625222,34.078270071975254
100,36.436592033000004,36.8121722255,36.4143314375,33.45794220182353,34.50589964701299,34.091327253312414
101,36.653102967500004,36.751784822000005,36.39476738535714,33.66518276017647,34.36780849942413,34.105475829962614
102,36.681087374,36.67519592,36.396886087812504,33.74575705752941,34.346943439234046,34.14570455817416
103,36.8769782195,36.804807908,36.380682609657256,33.70209098670588,34.46685543375596,34.12903329050584
104,36.7797692285,36.7179089615,36.40153660649351,33.60384232735294,34.4692377873007,34.06407293165786
105,36.6855059645,36.660467285,36.39397104546875,33.69065463482353,34.39899634991781,34.10126743594595
106,36.6913974185,36.6678316025,36.37469965026045,33.66795520911765,34.45902549535978,34.13984966549812
107,36.563258294,36.513180935,36.425791034,33.70642293817647,34.44495039427313,34.18733317821062
108,36.8092264985,36.631010015,36.40789420824219,33.73605348623529,34.418661094291224,34.163662562077924
109,36.776823501500004,36.595661291,36.41388817688921,33.79115590894118,34.41062906241779,34.16391147264053
110,36.8121722255,36.6413200595,36.40069717922692,33.648548066529415,34.42371698167598,34.1149407458246
111,36.67519592,36.622172834,36.39968504682892,33.74645016976471,34.39153157885767,34.15513750418539
112,36.707598917,36.592715564,36.40661263678572,33.653573130235294,34.41837910385412,34.14956486670439
113,36.88139681,36.769459184,36.419919701086066,33.56000297847059,34.56406510345013,34.258557161201516
114,36.592715564,36.6737230565,36.410127621632,33.69065463482353,34.44696288528302,34.20461551177736
115,36.647211513500004,36.6855059645,36.405375279268846,33.675579443705885,34.426903027771054,34.18154321925072
116,36.787133546,36.669304466,36.408085500285715,33.74385099888235,34.42471041957627,34.233433949606905
117,36.625118561,36.6560486945,36.41602564214844,33.72461713435294,34.44163772139211,34.204655143178684
118,36.554421113000004,36.5765140655,36.4185465557874,33.713873894705884,34.4159869625,34.155932134291284
119,36.5382196145,36.610389926,36.41014283342857,33.720978295117646,34.427081237950496,34.196223759757466
120,36.907908353,36.709071780500004,36.39447650976744,33.80727076841177,34.390926092966104,34.12602217841194
121,36.872559629,36.7562034125,36.39858682651163,33.736226764294116,34.3910003338814,34.11231738859804
122,36.9064354895,36.7562034125,36.38769896119084,33.68441662470588,34.37185279249032,34.064883210287306
123,36.9241098515,36.666358739,36.38100087730769,33.787517069705885,34.37622544097345,34.153114136690846
124,36.9093812165,36.7355833235,36.36249566923077,33.72496369047059,34.33026636272533,34.11256942613416
125,36.825427997,36.689924555000005,36.38621726887019,33.664662926,34.33124635215302,34.114981499692306
126,36.770932047500004,36.748839095,36.37454108277902,33.63122026064706,34.32798955814576,34.13481755084507
127,36.778296365,36.636901469,36.38216406181539,33.662583589294115,34.25250921227768,34.15633668444445
128,36.840156632,36.776823501500004,36.36529948863637,33.5445812312353,34.39560584577406,34.105475829962614
129,36.6000798815,36.709071780500004,36.3615327991529,33.695506420470586,34.37632223985753,34.041672582707186
130,36.603025608500005,36.725273279,36.395961356568904,33.574904891529414,34.45583003087456,33.946983434246576
131,36.5441110685,36.607444199,36.42924853573187,33.828930525764704,34.47506063056269,34.08667040316761
132,36.831319451,36.7326375965,36.40292788441398,33.89027095858824,34.38007962918994,34.054039390366974
133,36.888761127500004,36.58682411,36.403856811150376,33.85388256623529,34.34858594535158,34.09601515216599
134,36.882869673500004,36.6354286055,36.39004452170576,33.84036687764706,34.430343107145525,34.02418538412884
135,36.899071172,36.67519592,36.39274635800199,33.81350877852941,34.455291793276096,33.99601724331797
136,36.64573865,36.598607018,36.39884223464844,33.86843792317647,34.45980654773053,34.171065922072216
137,36.778296365,36.707598917,36.394849742443185,33.937402590588235,34.365374879132816,34.09206665587629
138,36.869613902,36.707598917,36.39079101316296,33.86410597170588,34.41791273771665,34.030127705149454
139,36.5529482495,36.722327552,36.42910232019481,33.84452555105882,34.49792203435223,34.21072080192883
140,36.8740324925,36.765040593500004,36.41680415627907,33.88507261682353,34.40235129411765,34.11335002012308
141,36.778296365,36.663413012,36.430332363125004,33.890790792764705,34.39747081530482,34.14031885887112
142,36.7238004155,36.7179089615,36.430331381216,33.86323958141177,34.35331444355963,34.175448356273115
143,36.9093812165,36.804807908,36.426648133419576,33.92163428723529,34.28507425907901,34.18984786475
144,36.882869673500004,36.7827149555,36.40143659817323,33.887671787705884,34.351834379963506,34.20705967925311
145,36.804807908,36.8357380415,36.38621254815385,33.867744810941176,34.334364015786136,34.129655101244964
146,36.8622495845,36.810699362,36.38639565472727,33.81870712029412,34.322269132005246,34.05901533447417
147,36.8445752225,36.8504666765,36.378408387669175,33.83274264305882,34.26793783008475,34.057176070617395
148,36.8416294955,36.837210905,36.372539081992485,33.83308919917647,34.26452073480487,34.04110415687556
149,36.8534124035,36.793025,36.38424958846591,33.79600769458823,34.29992556854962,34.05959998515511
150,36.5647311575,36.642792923,36.389112956276925,33.84643160970588,34.275045554349894,34.01373499281671
151,36.698761736,36.676668783500006,36.39133789732967,33.85509551264706,34.3242976519837,34.060499057378784
152,36.707598917,36.660467285,36.37491667094156,33.853709288176475,34.329571987226345,34.06580171394998
153,36.807753635,36.7061260535,36.389390264642856,33.842619492411764,34.322662501859824,34.075913245351046
154,36.195042419,36.6737230565,36.42076793489796,33.813682056588235,34.439191770600495,34.16866052264317
155,36.8416294955,36.726746142500005,36.38553564788021,33.85162995147059,34.34545866689076,34.07018053213021
156,36.8563581305,36.757676276,36.38181367994612,33.897895193176474,34.38948138251013,34.1249903793968
157,36.9417842135,36.8151179525,36.386099335752135,33.96547363611765,34.310702407913475,34.130381696734695
158,36.9064354895,36.810699362,36.36983272270054,33.904479759411764,34.34403047355977,34.121639058516486
159,36.846048086,36.7827149555,36.37486465593985,33.87779493835294,34.34403047355977,34.070746983331844
160,36.8563581305,36.7473662315,36.35614877179105,33.86064041052941,34.2937005877892,34.04352185217158
161,36.1906238285,36.672250193,36.400384138625,33.78457134270588,34.35453578563474,34.05381416092136
162,36.7296918695,36.616281380000004,36.385817460508875,33.77902644482353,34.28918417455801,34.04998306747504
163,36.8327923145,36.703180326500004,36.39149975046154,33.70555654788235,34.222103508729816,34.067285464093516
164,36.798916454,36.647211513500004,36.3617595738168,33.72271107570588,34.22167566068936,34.01588914811873
165,36.491087982500005,36.589769837,36.39962791032258,33.58356879447059,34.427210311004366,34.17311033956664
166,36.7591491395,36.6089170625,36.353439030677166,33.537996665,34.285033547637795,33.98989106424555
167,36.734110460000004,36.516126662000005,36.36970389369979,33.528293093705884,34.338101243157894,34.004385659846086
168,36.692870282,36.5382196145,36.386954768520084,33.63589876823529,34.382868622860826,34.01040937666368
169,36.5529482495,36.5500025225,36.393556186321355,33.77746694229412,34.31718527166133,34.14097186513176
170,36.7120175075,36.633955742,36.40720779755372,33.83828754094118,34.33168390068864,34.29768305282805
171,36.9476756675,36.719381825,36.383706901157026,33.83863409705882,34.38645072309035,34.13888562427453
172,36.866668175,36.748839095,36.34682091714286,33.61233295223529,34.38696439179688,33.99735610513514
173,36.9064354895,36.672250193,36.36183755013953,33.70780916264706,34.32600471247345,33.98124984278568
174,36.846048086,36.619227107,36.382276782031255,33.73605348623529,34.31783609466732,34.0813420630137
175,36.7738777745,36.6589944215,36.37299005483178,33.790636074764706,34.31974173268891,34.14337465487482
176,36.3467473595,36.8003893175,36.406049495157895,33.75996585835294,34.52717369104783,34.06236436506937
177,36.784187819,36.6148085165,36.38466572499438,33.80293881694118,34.51542947058127,34.02088670866124
178,36.912326943500005,36.801862181000004,36.387636855714284,33.95178466947059,34.40698613,34.03566376063672
179,36.916745534,36.804807908,36.375732704244186,33.88524589488235,34.434375628458,34.08252709052101
180,36.9211641245,36.8003893175,36.366895376865386,33.86601203035294,34.45565115413699,33.99836602655405
181,36.955039985,36.7944978635,36.37412400121646,33.85388256623529,34.46807277172727,34.08426054095941
182,36.928528442,36.7679863205,36.38707739761041,33.99285156941177,34.40771454913947,34.20847896398972
183,36.904962626,36.6678316025,36.39735293025704,34.05869723176471,34.244282086052635,34.299281252966104
184,36.94031135,36.7444205045,36.37422119095645,33.90205386658823,34.085827999858026,34.125564238813794
185,36.922636988,36.807753635,36.365954094636365,33.805191431705886,33.34016528975799,34.02930720805175
186,36.4881422555,36.598607018,36.39711589064935,33.760485692529414,33.75050503422551,34.15799183818409
187,36.5529482495,36.7944978635,36.43182672322034,33.80744404647059,34.524146894973825,34.08782147486487
188,36.765040593500004,36.734110460000004,36.39923052440945,33.66604915047059,34.491839351974335,33.975984727596156
189,36.9211641245,36.731164733,36.37096221910555,33.791329187,34.33167269742268,33.9055470180312
190,36.899071172,36.719381825,36.37717898535385,33.676445834,34.4095865148809,33.931931739945774
191,36.890233991,36.707598917,36.36206745937008,33.84400571688236,34.33922132979773,33.9421190347929
192,36.82248227,36.669304466,36.36454609664,33.77504104947059,34.37341788391723,34.011427904796705
193,36.466049303,36.523490979500004,36.42294866584211,33.862719747235296,34.40615229065363,34.18922624961479
194,36.9388384865,36.731164733,36.40606780676378,33.891657183058825,34.36558358909449,34.132346337819904
195,36.9329470325,36.804807908,36.39574308436719,33.874849211352945,34.396861927033896,34.05051136866001
196,36.913799807000004,36.775350638,36.38821643257356,33.84175310211765,34.43297618066029,33.98736754579353
197,36.916745534,36.778296365,36.38850941826772,33.92579296064706,34.38501143661314,34.09003679808937
198,36.916745534,36.7503119585,36.39092815039063,33.92821885347059,34.41337753380907,34.09066795671233
199,36.9211641245,36.801862181000004,36.41256183180235,33.73137497864706,34.38667175660524,34.09398327684543
200,36.893179718,36.76356773,36.42975763464286,33.80501815364706,34.393669829863015,34.03924237624803
201,36.887288264,36.766513457,36.406381700000004,33.87658199194118,34.36155535461538,34.088960970109206
202,36.893179718,36.7944978635,36.40614301030075,33.81125616376471,34.23903342303665,34.03846781896304
203,36.787133546,36.642792923,36.457064409556416,33.70434360147059,34.43265625486781,34.039580519239074
204,36.848993813,36.7944978635,36.404135321956076,33.90084092017647,34.35321783157076,34.024448142834395
205,36.9064354895,36.772404911,36.40066797169531,33.9658201922353,34.35517994810328,34.040059858986176
206,36.407134763,36.7797692285,36.45991055656373,33.91401005264706,34.52040405403253,34.088669929698405
207,36.545583932,36.720854688500005,36.45741275975232,33.84625833164706,34.46521170932117,34.09634739697715
208,36.943257077,36.8003893175,36.408155014796264,33.89702880288235,34.37258302480465,34.06606710614612
209,36.944729940500004,36.7296918695,36.4240964491129,33.861160244705886,34.35671100134276,34.119279857214934
210,36.3438016325,36.6825602375,36.43440583142857,33.68944168841177,34.47098582858476,34.10393145100832
211,36.533801024,36.8180636795,36.44985389071281,33.70001165,34.48091810176471,34.103395898367346
212,36.8769782195,36.6442657865,36.46239090011291,33.8803941092353,34.351715335767516,33.99375786227634
213,36.875505356000005,36.737056187,36.44340410036015,33.86514564005883,34.37817023135303,34.164690368791554
214,36.7238004155,36.6413200595,36.46160574871187,33.85041700505882,34.35050352740698,34.29299278810783
215,36.8563581305,36.698761736,36.42062042589286,33.8126423882353,34.4455468128863,33.949213382413795
216,36.893179718,36.664885875500005,36.417485584451825,33.78803690388236,34.49958514145763,33.94490535189812
217,36.404189036000005,36.707598917,36.47294600509338,33.77590743976471,34.61976985561798,34.00068454213806
218,36.5175995255,36.616281380000004,36.46759494328471,33.75043556511765,34.57186895018029,33.98072984585833
219,36.8327923145,36.6796145105,36.43459073755725,33.953517450058825,34.40624926984293,33.95118112608696
220,36.919691261000004,36.745893368000004,36.39472700381818,34.01017937529412,34.404220189154934,33.970595798690205
221,36.669304466,36.5971341545,36.42913976673469,33.863759415588234,34.584494873896105,34.15932306518261
222,36.548529659,36.654575831,36.43627981308756,33.85769468352941,34.54743892412162,34.050241021690795
223,36.9152726705,36.8180636795,36.41363114308036,33.801206036352944,34.464264155,33.95459563582124
224,36.928528442,36.8416294955,36.4228700610084,33.87606215776471,34.377496893347804,34.00148976344214
225,36.888761127500004,36.770932047500004,36.41108559370079,33.861160244705886,34.422529883978086,33.97891921219653
226,36.9152726705,36.737056187,36.414277067987136,33.92544640452941,34.43548719542409,34.01943581512936
227,36.872559629,36.7944978635,36.39534593750904,33.82754430129412,34.38160158017942,33.908039595919476
228,36.2171353715,36.5058166175,36.4391449964,33.583222238352946,34.59586999346812,33.933949677445256
229,36.218608235000005,36.67519592,36.449549381176475,33.67523288758824,34.47132567497418,34.18591830795775
230,36.554421113000004,36.7414747775,36.467950725444815,33.80969666123529,34.44337267798829,34.169943226538464
231,36.8003893175,36.6619401485,36.4354137422,33.77452121529412,34.42517002315676,34.12475475399888
232,36.8563581305,36.838683768500005,36.415426950011714,33.80553798782353,34.44326904135494,34.02054615106796
233,36.893179718,36.838683768500005,36.411284120387094,33.84487210717647,34.3674363008618,34.062658137152
234,36.9152726705,36.775350638,36.401634476,33.85353601011765,34.37033988339286,34.11264320589704
235,36.884342537,36.810699362,36.423699488000004,33.77850661064706,34.41210605030332,34.04487985450026
236,36.900544035500005,36.784187819,36.399084919170505,33.75546062882353,34.33253907945421,34.01458762336595
237,36.912326943500005,36.8475209495,36.374607079142855,33.64092383194118,34.3813583051,33.980854875695464
238,36.888761127500004,36.734110460000004,36.373167533796526,33.63191337288235,34.365366375562616,33.990133349300734
239,36.884342537,36.7503119585,36.381022370000004,33.54925973882353,34.36209262153915,33.938355662612125
240,36.9270555785,36.7296918695,36.37660715692308,33.615278679235296,34.36657411012456,33.97135732131579
241,36.922636988,36.7679863205,36.38264246834677,33.67540616564706,34.37569787795247,33.99993891919535
242,36.9034897625,36.76356773,36.3773768,33.65339985217647,34.38826499485194,34.027090425667815
243,36.854885267,36.787133546,36.38249559636364,33.57317211094118,34.392487527228916,33.992856693454904
244,36.398297582,36.6265914245,36.4386818586925,33.62671503111765,34.43308118203599,34.11454375625935
245,36.6177542435,36.6737230565,36.41041054344538,33.54423467511765,34.3656088721396,34.09932981137663
246,36.7473662315,36.686978828,36.4191569597479,33.45586286511765,34.48202819574341,34.034483803238516
247,36.740001914000004,36.660467285,36.42140544884454,33.573691945117645,34.41020986737952,34.06863539489231
248,36.6972888725,36.6619401485,36.42344765453782,33.46227415329412,34.466566207534385,34.018172020890304
249,36.703180326500004,36.653102967500004,36.41463522754622,33.47890884694118,34.41965592354839,33.991473955031054
250,36.825427997,36.654575831,36.41916314825,33.54527434347059,34.47046654685,34.05104537185488
251,36.893179718,36.7385290505,36.408347709411764,33.545101065411764,34.49001013070211,34.03700035633229
252,36.9152726705,36.7414747775,36.41138007544118,33.55480463670588,34.498595002637366,34.034276773135595
253,36.8033350445,36.7385290505,36.46925118017391,33.61597179147059,34.58255521770335,34.144001587590424
254,36.8740324925,36.7179089615,36.4243737958867,33.57507816958824,34.466567794886764,34.11776506672986
255,36.8357380415,36.731164733,36.4391081748125,33.51928263464706,34.512003912100596,34.080858878640775
256,36.798916454,36.707598917,36.448265840000005,33.532105211,34.48897178375573,34.11965752957346
257,36.919691261000004,36.795970727000004,36.42022963344538,33.555671027,34.43925969138581,34.04744770940563
258,36.956512848500005,36.719381825,36.40688512511865,33.489132252411764,34.43211226510839,34.02660701262785
259,36.3113986355,36.7002345995,36.449260110197045,33.510272175588234,34.525835177488375,34.009268217112464
260,36.8769782195,36.639847196000005,36.4402128224375,33.645082505352946,34.32978621802745,34.08998434682573
261,36.9270555785,36.710544644,36.41432055159091,33.434029829705885,34.45377771092445,34.014146413023255
262,36.957985712,36.7944978635,36.395264909102714,33.47527000770588,34.41305400685118,33.94949548345729
263,36.952094258,36.7797692285,36.38574945361917,33.62966075811765,34.41856681417849,34.03537912597938
264,36.9682957565,36.737056187,36.3832309127541,33.70209098670588,34.41830961268808,34.06487010603374
265,36.962404302500005,36.719381825,36.390769613,33.74211821829412,34.41667583904941,34.12126747584924
266,36.9152726705,36.710544644,36.368226072676414,33.70001165,34.418919399935035,34.06582819426237
267,36.913799807000004,36.660467285,36.462437585547825,33.641443666117645,34.42471782975183,34.133274628327406
268,36.944729940500004,36.7120175075,36.4105714445,33.572132442588234,34.34013660583026,34.060696532415704
269,36.956512848500005,36.754730549,36.40061845781818,33.632259929,34.32749970617426,34.03690059265754
270,36.9388384865,36.653102967500004,36.37471089898465,33.61631834758823,34.36744488292093,33.99784242099634
271,36.91085408,36.601552745,36.38615806644388,33.62983403617647,34.378112697783784,34.02918768968033
272,36.9476756675,36.6265914245,36.400229468,33.76464436594118,34.353402769869,34.07660608982036
273,36.922636988,36.622172834,36.41355741367213,33.75909946805882,34.37800062032972,34.06276173774364
274,36.88139681,36.669304466,36.46421624769976,33.692733971529414,34.36212313006426,34.10747620432599
275,36.554421113000004,36.610389926,36.45118583497775,33.79115590894118,34.3763823195509,34.09867446612648
276,36.887288264,36.6589944215,36.43801101125,33.695506420470586,34.386879953803955,34.06001320383123
277,36.8239551335,36.67519592,36.4523680376,33.68874857617647,34.411875132970714,34.07271527092907
278,36.6413200595,36.660467285,36.45831820984355,33.61631834758823,34.43688470741573,34.06513451165
279,36.9800786645,36.8416294955,36.44049239375,33.76533747817647,34.417092111413766,34.10825005979671
280,36.981551528000004,36.8062807715,36.4174749891291,33.77157548829412,34.409285234,34.12736321567568
281,36.963877166,36.798916454,36.4249073159,33.79080935282353,34.381320803890205,34.10357482111488
282,36.801862181000004,36.751784822000005,36.44076514625,33.803631929176476,34.478248028682636,34.185811992541524
283,36.952094258,36.7679863205,36.4634652709327,33.816454505529414,34.5134250656,34.102655139318884
284,36.913799807000004,36.7591491395,36.4489377425,33.765164200117646,34.44963618022105,34.01072365755922
285,36.960931439,36.7355833235,36.46564688127869,33.83378231141177,34.39957040963239,34.04721427526795
286,36.728219006,36.622172834,36.51129264846154,33.811949276,34.51517739550769,34.20695285590625
287,36.834265178,36.6295371515,36.50842462909964,33.811949276,34.41253260234225,34.1677821875
288,36.9329470325,36.672250193,36.492293985714284,33.874849211352945,34.398657437589286,34.12674525549921
289,36.601552745,36.669304466,36.516040340329674,33.66864832135294,34.47125378785421,34.05441291525313
290,36.664885875500005,36.610389926,36.5077804355,33.69377363988235,34.4016104889557,33.95155888290909
291,36.604498472,36.592715564,36.4986319175,33.733974149529416,34.4479889821448,33.90588442684406
292,36.8534124035,36.787133546,36.48267990346457,33.87276987464706,34.4040914849711,34.00625791878821
293,36.887288264,36.734110460000004,36.476446327627954,33.9304714682353,34.44628378954447,34.06448704696887
294,36.854885267,36.76356773,36.46363705411811,33.88282000205883,34.38956653357838,34.075408498495854
295,36.589769837,36.676668783500006,36.49707171058824,33.89390979782353,34.50083918471789,34.02103263594893
296,36.8416294955,36.6560486945,36.48677000506642,33.852496341764706,34.51121293295972,34.012139692727274
297,36.554421113000004,36.603025608500005,36.49390899121976,33.93463014164706,34.565126113678375,34.03529961533412
298,36.413026217,36.601552745,36.468024465263156,33.771055654117646,34.58648548531087,33.964133939048764
299,36.9300013055,36.775350638,36.46444306997047,33.97587031964706,34.452939471200004,34.05338031559517
300,36.9241098515,36.7503119585,36.46853113598425,34.01832344405882,34.46690179246138,34.156709367492
301,36.9093812165,36.801862181000004,36.45535898748446,34.02022950270588,34.427480125477054,34.06696597168094
302,36.893179718,36.7679863205,36.45142058363416,33.882646724000004,34.47769502883382,34.02205608521327
303,36.82248227,36.601552745,36.48530781152,33.811082885705886,34.537304358723404,33.94445531157895
304,36.943257077,36.7120175075,36.444256024025975,33.96928575341177,34.41621771191761,34.03040565052407
305,36.952094258,36.731164733,36.45982539162205,34.003594809058825,34.405145050625,34.02580169588267
306,36.902016899,36.7296918695,36.449570064525716,33.893563241705884,34.44216800618164,33.996563925817455
307,36.324654407000004,36.6678316025,36.49719422909375,33.810216495411765,34.51457314381538,34.068322958920085
308,36.4380648965,36.495506573,36.503645868264464,33.835688370058826,34.44004857327894,34.059427108143524
309,36.8445752225,36.636901469,36.481102174929745,33.8980684712353,34.37086522513592,34.02142520091884
310,36.863722448000004,36.6501572405,36.48042753902218,33.83672803841176,34.358748975752974,33.98245308839212
311,36.813645089000005,36.6413200595,36.48547707392857,33.91539627711765,34.38390868081457,33.99204649289231
312,36.916745534,36.6619401485,36.491554988000004,33.94034831758824,34.43987136633136,33.99186734281397
313,36.139073606000004,36.5382196145,36.539357249987894,33.77608071782353,34.53992393880645,34.11329999178876
314,36.863722448000004,36.689924555000005,36.478095352866006,33.91158415982353,34.468941420451614,34.00230648179661
315,36.907908353,36.737056187,36.45616686403226,33.92475329229412,34.466288658358664,34.085060250714285
316,36.846048086,36.6884516915,36.443278365714285,33.7552873507647,34.48274133567925,33.94627691567054
317,36.8298465875,36.681087374,36.45316967817846,33.79358180176471,34.46832623292718,33.99296581868132
318,36.828373724,36.67519592,36.45089317020408,33.888538178000005,34.459833436333014,34.043763411197446
319,36.888761127500004,36.6678316025,36.44162626485714,33.84625833164706,34.37895260432093,33.998222376571135
320,36.831319451,36.642792923,36.430342104285714,33.816107949411766,34.403856558199145,33.997935228697
321,36.846048086,36.6589944215,36.442336200650004,33.85474895652941,34.37394826617111,34.02059495876054
322,36.798916454,36.653102967500004,36.43894386342742,33.81316222241177,34.410441855146644,33.99141658327638
323,36.765040593500004,36.7002345995,36.4491772325,33.84123326794118,34.43249302804631,34.02419198891271
324,36.8357380415,36.692870282,36.44218735571429,33.816454505529414,34.362527860483645,33.991525443457945
325,36.7562034125,36.4498478045,36.488749137863046,33.77400138111765,34.49861357876727,34.193409202100796
326,36.460157849,36.513180935,36.484656065983195,33.79462147011765,34.433462793562974,34.133536448
327,36.8622495845,36.67519592,36.465992193846155,33.92787229735294,34.379010438668644,34.08346024162567
328,36.922636988,36.714963234500004,36.43977154785714,33.94554665935294,34.36775179178317,34.04076515574468
329,36.8622495845,36.692870282,36.45028547711628,34.01347165841177,34.30051143561603,34.10067916145511
330,37.0507761125,36.8622495845,36.5714735993,34.01399149258824,34.528695373339914,34.23082629092662
331,37.006590207500004,36.928528442,36.56176959325806,33.91245055011765,34.49292847443299,34.23658948879382
332,37.0272102965,36.863722448000004,36.5891655853077,33.79150246505883,34.59605460183976,34.24982302316071
333,36.787133546,36.8062807715,36.597262050210084,33.760139136411766,34.61289680059114,34.277411827206826
334,36.978605801,36.720854688500005,36.58552977540909,33.831702974705884,34.56731764117647,34.23587284692521
335,36.999225890000005,36.754730549,36.58138044162445,33.803112095,34.539301711498354,34.21996526521739
336,37.008063071,36.838683768500005,36.57393542140308,33.83343575529412,34.50891603989274,34.28574851238854
337,37.025737433,36.843102359,36.56037591596774,33.8126423882353,34.50919999697088,34.255608922935295
338,37.0272102965,36.854885267,36.56061956584367,33.801899148588234,34.5177254941695,34.222952977124535
339,37.0331017505,36.8033350445,36.57101777,33.872943152705886,34.51627604029183,34.27280895591454
340,37.012481661500004,36.831319451,36.579998645,33.850243727,34.50102113266307,34.285242928893595
341,37.019845979,36.843102359,36.551579165,33.864972362,34.49593496781587,34.30243034651836
342,37.0036444805,36.8681410385,36.562915025,33.903440091058826,34.54155388696148,34.23196297015744
343,36.492560846,36.8298465875,36.665038240689654,33.79514130429412,34.766102439202484,34.37598007570103
344,37.074341928500004,36.9476756675,36.61623674777273,33.85457567847059,34.6227297208,34.33043525782679
345,37.05814043,36.94031135,36.5764949374026,33.938615537000004,34.56491729837578,34.2429671972478
346,36.542638205,36.8504666765,36.61092886853383,33.78786362582353,34.51651760033864,34.26754208950495
347,37.040466068,36.9152726705,36.54787234801653,33.77989283511765,34.38309803676584,34.13058706776271
348,37.022791706,36.9358927595,36.5553048311,33.84833766835294,34.48296234347617,34.214347172918664
349,36.9948072995,36.8357380415,36.5711169548145,33.87623543582353,34.51898252362095,34.292847161576674
350,36.978605801,36.826900860500004,36.579718947368036,33.95126483529412,34.55694335529784,34.20514798733412
351,36.9093812165,36.8121722255,36.61399533909091,33.94121470788235,34.59988046010345,34.18008740453959
352,37.034574614,36.8946525815,36.59283218521739,34.036517640235296,34.56292770457429,34.22445471794722
353,37.0537218395,36.8917068545,36.61016964436217,34.042409094235296,34.62583515274664,34.22248680849114
354,37.024264569500005,36.8357380415,36.59542397818182,33.996836964764704,34.57921416406198,34.218863219170984
355,37.0478303855,36.9152726705,36.587806019,34.05263249970589,34.57449500541977,34.2383407285567
356,37.0331017505,36.925582715000004,36.59282917330579,34.00567414576471,34.574027490708495,34.2099300820427
357,36.888761127500004,36.6236456975,36.64215561217348,33.87103709405883,34.62488875986223,34.202206579927626
358,36.960931439,36.8975983085,36.601057733024795,33.90066764211765,34.612957525409016,34.15380763294118
359,37.064031884,36.904962626,36.59509355882353,33.99250501329412,34.59685829481717,34.164115003711096
360,37.025737433,36.9093812165,36.58233592421408,33.973790982941175,34.557820423771794,34.18295672163823
361,37.024264569500005,36.9329470325,36.59278318470588,34.00290169682353,34.55448794592476,34.165782473575135
362,37.024264569500005,36.925582715000004,36.57977246,33.94935877664706,34.54177826784252,34.16096147428571
363,37.005117344,36.931474169,36.598016168225655,33.981588495588234,34.56693926171157,34.170691706725044
364,37.012481661500004,36.931474169,36.60170897931533,33.98938600823529,34.55464575058078,34.18675143285964
365,37.022791706,36.931474169,36.59037488989392,33.973964261,34.570931493374616,34.169921936487924
366,36.91085408,36.878451083,36.61392721293033,33.875195767470586,34.59549972396268,34.15150806355821
367,37.064031884,36.9182183975,36.60182745411765,33.967899528941174,34.56944320672986,34.19509252572899
368,37.000698753500004,36.925582715000004,36.6004151675,33.98384111035294,34.57638428635945,34.171498243237
369,37.0095359345,36.919691261000004,36.594667407500005,33.96200807494118,34.5563385907375,34.151131628271465
370,36.418917671,36.714963234500004,36.62373852503151,33.806057822,34.65121308972558,34.16145008305389
371,37.0213188425,36.7915521365,36.607382111077285,33.93965520535294,34.59276742550785,34.174806057301204
372,37.0154273885,36.7915521365,36.612257948,33.92284723364706,34.61340003744835,34.12650168956522
373,37.025737433,36.882869673500004,36.601901687867766,33.90742548641177,34.604512298449535,34.136373808174014
374,37.064031884,36.872559629,36.562057927494145,33.98973256435294,34.580785517534245,34.16302637572727
375,37.022791706,36.887288264,36.5543239082353,34.05852395370589,34.526991553569204,34.208335838718384
376,37.0596132935,36.8769782195,36.53983085,34.0276804592353,34.47794666851982,34.19391240977754
377,37.0861248365,36.857830994000004,36.54332448548387,34.05263249970589,34.40264521145392,34.214098557381206
378,36.6265914245,36.7856606825,36.58968107686441,33.89131062694118,34.52620714693407,34.231906665614446
379,36.816590816,36.7326375965,36.60183404055004,33.922154121411765,34.58170712898296,34.20693547435254
380,36.882869673500004,36.654575831,36.58239334707438,33.855961902941175,34.53465370531621,34.197350466707384
381,36.828373724,36.657521558,36.58573757135246,33.90898498894118,34.472714315702895,34.288186619213604
382,36.860776721,36.742947641,36.588634504718755,33.84521866329412,34.409699104539506,34.260429470048464
383,36.819536543,36.8239551335,36.60202828252986,33.84123326794118,34.62960634187934,34.229903140529956
384,37.072869065,36.8681410385,36.58168838,33.986786837352945,34.56188643538135,34.19891186098684
385,37.066977611,36.8740324925,36.57150935473685,33.990252398529414,34.59681037415956,34.26222644960251
386,37.0596132935,36.8475209495,36.541742703992,34.002728418764704,34.55225543440799,34.197769341094784
387,37.069923338,36.848993813,36.5707050524812,34.050553163000004,34.556600241693324,34.225877936498776
388,37.064031884,36.8710867655,36.56857369472,34.039983201411765,34.60312150496139,34.250319447488444
389,37.090543427,36.8975983085,36.55921253360903,34.05193938747059,34.5875371522449,34.23192799159055
390,37.019845979,36.869613902,36.564297962352946,34.0600834562353,34.519171320850425,34.25183453938071
391,36.955039985,36.863722448000004,36.58682411,34.071693086176474,34.50580147888834,34.2045537606823
392,36.904962626,36.8327923145,36.57900051248387,34.02854684952941,34.50642062134963,34.263731725025536
393,36.9241098515,36.8593038575,36.58245303122581,33.91019793535294,34.493994726297785,34.32965335754545
394,36.8416294955,36.8622495845,36.56822666304148,33.88368639235294,34.44310305053049,34.17644767087158
395,36.8710867655,36.8239551335,36.583163334285715,33.89235029529412,34.490147407819094,34.22875476909091
396,36.7944978635,36.566204021000004,36.6181906475,33.83898065317647,34.51006536237158,34.32664298092131
397,36.672250193,36.8033350445,36.598293467226895,33.9363629222353,34.626406414944825,34.363033296814706
398,36.8710867655,36.770932047500004,36.569986785180326,33.94000176147059,34.56245999915408,34.231112942550546
399,36.491087982500005,36.604498472,36.59398170981579,33.96460724582353,34.68549419049779,34.34563751541315
400,37.0036444805,36.8210094065,36.58399621208,34.000129247882356,34.59830747685451,34.144801607803245
401,37.005117344,36.88139681,36.566281540131584,34.15174754935294,34.538122162084946,34.24554678211569
402,37.0448846585,36.840156632,36.55590539404651,34.152787217705885,34.60237193126175,34.2604167926572
403,36.9388384865,36.8593038575,36.55591773236291,34.05835067564706,34.58422685145346,34.291500058310476
404,36.8298465875,36.657521558,36.57812244670702,33.99631713058824,34.67806130271865,34.2588474284375
405,36.218608235000005,36.775350638,36.57054733496625,33.83239608694118,34.661710285775236,34.119945633974126
406,36.9771329375,36.904962626,36.52439722959505,33.96148824076471,34.60329926503496,34.08138287398864
407,36.9830243915,36.8534124035,36.51758110617879,33.991465344941176,34.5528192353034,34.16720894495763
408,37.0301560235,36.851939540000004,36.51114158553846,34.129741235882356,34.59357738386628,34.17118642412173
409,37.0036444805,36.893179718,36.50689517108661,34.146895763705885,34.5658858497554,34.182995715833336
410,36.9535671215,36.8622495845,36.474869619150766,34.1101608152353,34.54859123216972,34.12333508730932
411,36.9889158455,36.900544035500005,36.51020013982143,34.030626186235295,34.712789503603695,34.15986580018338
412,36.816590816,36.7591491395,36.560037632480004,34.124196338000004,34.713440236708465,34.294678061910524
413,37.074341928500004,36.896125445,36.501016856601076,34.12177044517647,34.62812867244835,34.208675876195834
414,37.002171617,36.902016899,36.47953179435216,34.178259092352945,34.58383259333666,34.22895630332268
415,37.0095359345,36.8799239465,36.498997805,34.124889450235294,34.646485314659635,34.20657453005781
416,36.4380648965,36.728219006,36.54126997114754,33.92631279482353,34.79059327797546,34.15812298689655
417,36.993334436,36.888761127500004,36.52121473590909,34.11917127429412,34.52849736875,34.2087387029
418,36.96976862,36.857830994000004,36.509652993722355,34.07810437435295,34.49992495860465,34.23870724275862
419,36.925582715000004,36.8710867655,36.508377667209416,34.088501057882354,34.612292568481784,34.193725763529415
420,36.367367448500005,36.5941884275,36.55097915241936,33.97292459264706,34.74412585485992,34.22293330829016
421,36.952094258,36.828373724,36.51822578242126,34.105309029588234,34.59196111448206,34.12277864418842
422,36.9800786645,36.7915521365,36.50856670097745,34.21135520158823,34.62692976259635,34.27045808730435
423,37.011008798,36.82248227,36.50040555983871,34.18692299529412,34.58495835510427,34.278973164086686
424,36.9918615725,36.769459184,36.484841587960155,34.0836492722353,34.4551133020967,34.22999855745341
425,36.371786039,36.8769782195,36.50616774516211,33.884899338764704,34.666656195206265,34.10863772911085
426,36.854885267,36.7238004155,36.46453623727047,33.912797106235296,34.455958841375,34.08707365842749
427,36.884342537,36.660467285,36.49142726,34.06909391529412,34.51383909347134,34.11026533060486
428,36.716436098,36.616281380000004,36.4881128984735,34.00220858458824,34.65618216720564,34.20005229844787
429,36.957985712,36.825427997,36.45824078857143,34.08486221864706,34.63207450504587,34.146659157567264
430,36.96976862,36.888761127500004,36.45008524498964,34.09491234605883,34.615486987027026,34.21804599522388
431,36.9830243915,36.831319451,36.45587171244924,34.15815883752941,34.591494022959644,34.28178492304348
432,36.928528442,36.7591491395,36.45473771132,34.174273697000004,34.55186602979331,34.205511005240645
433,36.9270555785,36.8475209495,36.441831499424,34.118304884,34.59696592352098,34.174832121075504
434,36.94031135,36.848993813,36.429669574550005,34.10548230764706,34.54616470302361,34.215019197118096
435,36.9064354895,36.664885875500005,36.456191526153845,34.087461389529416,34.58978918843177,34.22682915310545
436,36.9182183975,36.633955742,36.44729800854839,34.14048447552941,34.50309105568793,34.22029095335582
437,36.5205452525,36.607444199,36.48740582375,34.077064706,34.57709553389112,34.38338664854857
438,36.4086076265,36.429227715500005,36.499254222050816,34.159545062,34.52729735914498,34.46407648126147
439,36.9358927595,36.8651953115,36.480149516240004,34.01052593141176,34.66701449772261,34.18293816436482
440,36.896125445,36.6442657865,36.47202077674873,34.003421531,34.74895767697625,34.18326919608919
441,36.946202804,36.707598917,36.484723911859085,34.103576249,34.602820736130035,34.207369603452314
442,36.9977530265,36.8327923145,36.45363130200225,34.15607950082353,34.5835154039605,34.169553858926655
443,36.96976862,36.8298465875,36.461498993,34.16075800841177,34.54036468375394,34.27532054946286
444,36.9535671215,36.787133546,36.483882037419356,34.144469870882354,34.57268520461458,34.21922775826537
445,36.9682957565,36.8357380415,36.47022474525617,34.13563268988236,34.51512002018927,34.196094076738056
446,36.536746751,36.5824055195,36.53184567073276,34.007060370235294,34.67431539857544,34.26286087854953
447,36.8740324925,36.857830994000004,36.481391631125,33.95646317705882,34.49557019001544,34.15773631271656
448,36.8504666765,36.676668783500006,36.476536751226895,33.94381387876471,34.49742621640426,34.15706462789202
449,36.684033101000004,36.740001914000004,36.526970352695656,33.96391413358824,34.56682529392046,34.167173739615386
450,36.843102359,36.6943431455,36.47197295073771,34.03790386470588,34.611422018285126,34.252550599865174
451,36.88139681,36.678141647000004,36.46996084213115,34.14793543205882,34.66927120089817,34.23269004981733
452,36.9800786645,36.6707773295,36.43637962763757,34.189002332,34.635832199769276,34.309869728789295
453,36.3231815435,36.5382196145,36.470283507873305,33.99007912047059,34.84423476323086,34.28430965113924
454,36.9653500295,36.790079273,36.42560098709677,34.13130073841177,34.631988126707796,34.26314080623009
455,36.925582715000004,36.828373724,36.41946266498829,34.11431948864706,34.633123879543724,34.277173846377494
456,36.955039985,36.8622495845,36.40944700032258,34.09889774141177,34.665909614528594,34.22535866942408
457,36.956512848500005,36.7974435905,36.398413905714285,34.143430202529416,34.56763939712144,34.27846466683713
458,36.937365623000005,36.8210094065,36.382411412,34.07845093047059,34.59109049432315,34.27412716597015
459,36.70465319,36.585351246500004,36.45726204957627,33.928911965705886,34.70325945589691,34.295585946108545
460,36.943257077,36.754730549,36.39531161282787,34.03738403052941,34.6168876820603,34.2219944744
461,36.949148531,36.8210094065,36.38764265210744,33.98782650570588,34.53944994001962,34.19530560918544
462,36.866668175,36.7679863205,36.36222888895678,33.944160434882356,34.58202315753149,34.1301620256701
463,36.890233991,36.728219006,36.37455323709091,33.955076952588236,34.58958014857143,34.13233464363636
464,36.8769782195,36.719381825,36.40380197332315,33.93324391717647,34.602362980698956,34.1862771669218
465,36.899071172,36.7620948665,36.38340921653216,33.958542513764705,34.58661713095988,34.14577777246073
466,36.866668175,36.734110460000004,36.38224621008265,33.91245055011765,34.58400723543877,34.159735532642145
467,36.919691261000004,36.742947641,36.43061131454546,33.90655909611765,34.66025232037871,34.23375757919328
468,36.94031135,36.8651953115,36.38205145127273,33.967899528941174,34.530273648229816,34.261543840075554
469,36.875505356000005,36.8121722255,36.38321826521429,34.01503116094118,34.494373046474166,34.289603605582855
470,36.9417842135,36.854885267,36.37171050753847,33.95836923570588,34.529557830470004,34.221443175599575
471,36.8946525815,36.893179718,36.37850833907692,34.005154311588235,34.5155759500968,34.22533034936601
472,36.9211641245,36.8975983085,36.380230931900726,33.99649040864706,34.56853446517822,34.20498446785106
473,36.902016899,36.890233991,36.36929102432787,33.99562401835294,34.53498668247333,34.22132134646584
474,36.9064354895,36.8416294955,36.364490698578514,33.98436094452941,34.508727791208685,34.25324381929063
475,36.9093812165,36.9034897625,36.37749316769776,33.996836964764704,34.53871457955157,34.23608398347826
476,36.899071172,36.8651953115,36.38643352449587,33.91730233576471,34.47779485099541,34.24365523896663
477,36.851939540000004,36.778296365,36.44230724692308,33.932724083000004,34.552450996502785,34.312426083215435
478,36.928528442,36.8180636795,36.39877752335301,33.92717918511765,34.475709714895146,34.26710927736197
479,36.91085408,36.8092264985,36.38677222390164,34.01433804870588,34.47342167510639,34.29186711884
480,36.9653500295,36.8062807715,36.394856774831936,34.03617108411765,34.48077119936416,34.239414296906695
481,36.554421113000004,36.7562034125,36.45746827217391,34.02074933688235,34.563985988387095,34.28753245550468
482,36.94031135,36.899071172,36.4002614,33.98661355929412,34.500851204953136,34.19243539212856
483,36.912326943500005,36.8210094065,36.36183151327586,33.923713623941175,34.48447720361021,34.13620584038462
484,36.709071780500004,36.772404911,,33.95421056229412,34.51442190421053,34.220081390740205
485,36.757676276,36.838683768500005,36.395729512307696,33.893563241705884,34.48982865421868,34.23697410934455
486,36.888761127500004,36.8327923145,36.35116595,33.973790982941175,34.40174607171645,34.21471971661079
487,36.955039985,36.837210905,36.381277826,34.02421489805882,34.37434146581818,34.22746839127464
488,36.94031135,36.801862181000004,36.39252983307087,34.03201241070588,34.392042525979654,34.21863265216133
489,36.94031135,36.8151179525,36.37892227527559,34.04639448958824,34.45067689935455,34.24864038389474
490,36.957985712,36.8445752225,36.36048641433594,34.03478485964706,34.44666074679721,34.24091177410202
491,36.9211641245,36.848993813,36.36705432003937,34.048647104352945,34.46278133283182,34.290554935979294
492,36.91085408,36.838683768500005,36.34917875321429,34.05349889,34.505466375807984,34.25399100674419
493,36.925582715000004,36.8710867655,36.363467305952,34.00688709217647,34.47876839029383,34.276437446880976
494,36.8534124035,36.8563581305,36.369557261428575,33.99475762805882,34.51283747515603,34.21702006120362
495,36.848993813,36.7944978635,36.38870292834286,34.039290089176475,34.486213161919096,34.24448469466972
496,36.9771329375,36.8858154005,36.38366059184,34.028200293411764,34.500112251628124,34.26483287696147
497,36.8357380415,36.8151179525,36.4163214370339,33.92284723364706,34.52894033521617,34.25789768818824
498,37.013954525,36.8504666765,36.37968058736,33.95421056229412,34.49630267204454,34.24295621888531
499,36.993334436,36.837210905,36.38718237212,33.99371795970588,34.553904264125,34.28716427718127
500,36.9859701185,36.866668175,36.38082047850447,34.02594767864706,34.509063843600174,34.25811540056268
501,36.9682957565,36.8858154005,36.377535871509615,33.93878881505883,34.34261034359432,34.19638898342379
502,36.966822893,36.8769782195,36.38481916834302,33.98418766647059,34.4992748447541,34.32932830396472
503,36.657521558,36.589769837,36.46864254984615,33.959408904058826,34.53653052961759,34.26801743945873
504,36.944729940500004,36.851939540000004,36.38091681405316,34.083822550294116,34.52259002053957,34.20337489010989
505,36.9594585755,36.8622495845,36.379155682241866,34.1396180852353,34.63708810001836,34.240795824429725
506,36.9329470325,36.857830994000004,36.3765319325,34.017976887941174,34.719777018523075,34.16668902984252
507,36.9830243915,36.7444205045,36.38173902568182,34.074118979,34.61896391117915,34.18979274475345
508,36.9830243915,36.8858154005,36.40206609440712,34.03201241070588,34.654928492737994,34.22763133925208
509,36.3909332645,36.522018116,36.48467389951613,34.04916693852941,34.68112450756757,34.39982309921772
510,36.993334436,36.854885267,36.42114950088127,34.08295616,34.53438363661092,34.25792331586752
511,36.837210905,36.737056187,36.44222266742187,34.10981425911765,34.51023589756682,34.371892831903864
512,36.816590816,36.757676276,36.43140632609375,34.119864386529414,34.54420667919598,34.3909073130107
513,36.869613902,36.8033350445,36.42838068410989,34.12281011352941,34.56115718144111,34.39150356121572
514,36.922636988,36.776823501500004,36.43825958195259,34.135979246000005,34.702137558290765,34.30281568665042
515,36.9241098515,36.837210905,36.42491986661654,34.17098141388235,34.66502958780718,34.2287217713958
516,36.9064354895,36.846048086,36.417935762,34.17669958982353,34.592053733348905,34.24253134764899
517,36.937365623000005,36.825427997,36.41543878074208,34.23752018847059,34.57182671967563,34.23234365793007
518,36.8475209495,36.8003893175,36.41788156385203,34.16751585270588,34.69434364525554,34.18905511755102
519,36.937365623000005,36.8298465875,36.34934632842658,34.24895654035294,34.63521963833253,34.196473668855205
520,36.907908353,36.770932047500004,36.352882022378466,34.197839513000005,34.64201575650071,34.17673097863714
521,36.925582715000004,36.775350638,36.35797236465909,34.215340596941175,34.70090808029455,34.1539642062479
522,36.962404302500005,36.6825602375,36.33773539733519,34.18657643917647,34.68915501596892,34.165938628556816
523,36.946202804,36.7238004155,36.32581954303828,34.189522166176474,34.7266990862931,34.16491476361624
524,36.9653500295,36.766513457,36.32323517718488,34.11622554729412,34.65406858775653,34.191378716806724
525,36.957985712,36.8151179525,36.315128239432774,34.163010623176476,34.65770349286783,34.22664415328379
526,36.9476756675,36.731164733,36.295183454127404,34.133553353176474,34.58937418286793,34.21953694296638
527,36.9771329375,36.7591491395,36.30620700923879,34.180511707117645,34.61874732683725,34.26945666761991
528,36.8563581305,36.6737230565,36.33443601955725,34.11969110847059,34.63185327063191,34.2376139153898
529,37.064031884,36.8180636795,36.34469720566929,34.198532625235295,34.643105652083534,34.4920513650366
530,36.8769782195,36.689924555000005,36.3323460275,34.16093128647059,34.48678754703895,34.251554265530395
531,36.9535671215,36.648684377,36.326004531875,34.143430202529416,34.57462317845925,34.24394055278689
532,36.8946525815,36.848993813,36.29999101853384,34.20546374758824,34.62032722319274,34.35595699731458
533,36.5765140655,36.52790957,36.3196618694322,34.106175419882355,34.75690789264416,34.31020972827972
534,36.943257077,36.8534124035,36.279449702733814,34.210315533235296,34.70889577085502,34.171999998973384
535,36.9476756675,36.8593038575,36.26345755052237,34.19454722988235,34.67486989833029,34.20016565407408
536,36.9918615725,36.804807908,36.26622080202041,34.24635736947059,34.72778858621997,34.30463504823953
537,36.990388709,36.769459184,36.287885638787685,34.29140966476471,34.644832695920755,34.432145848144046
538,36.9093812165,36.790079273,36.256646535826086,34.25710060911765,34.64408252922242,34.22408477559322
539,36.714963234500004,36.4586849855,36.31030229349624,34.30631157782353,34.68733921137124,34.35605814788301
540,36.888761127500004,36.686978828,36.288124546086955,34.29816750905883,34.64338904077461,34.288153150827654
541,36.887288264,36.7238004155,36.25383511627737,34.274428415,34.672453766489134,34.25771389662921
542,36.902016899,36.769459184,36.190379681029256,34.171154691941176,34.661867028163265,34.259421881226416
543,36.8622495845,36.7620948665,36.187935926700206,34.207543084294116,34.647853862750004,34.19483490245134
544,36.919691261000004,36.740001914000004,36.15076505257857,34.13060762617647,34.656739296277436,34.12480258260686
545,36.9535671215,36.8033350445,36.18017999591241,34.06753441276471,34.72023547255602,34.188594976563465
546,36.9859701185,36.731164733,36.17723809845588,34.13996464135294,34.644095880195415,34.28570709945946
547,36.944729940500004,36.731164733,36.169840088,34.12679550888235,34.704182504111444,34.2338971017861
548,36.955039985,36.731164733,36.174039118908375,34.08174321358824,34.63129148814941,34.23560673710718
549,36.957985712,36.740001914000004,36.17684152608696,34.118651440117645,34.66893304692437,34.2288353648189
550,36.9653500295,36.7532576855,36.16932433781818,34.107734922411765,34.647306047869975,34.21685284181818
551,36.6825602375,36.395351855,36.246977594460226,34.01017937529412,34.68296830236717,34.22232225126164
552,36.993334436,36.684033101000004,36.203299381045454,34.014511326764705,34.57987460392618,34.15735143551064
553,36.946202804,36.7238004155,36.159014508932806,33.89650896870588,34.55961131748808,34.16458171044097
554,36.9300013055,36.737056187,36.14611099498856,33.95836923570588,34.533847244536965,34.14277462344766
555,36.354111677,36.404189036000005,36.22892390111642,33.910024657294116,34.8104399686692,34.16992524285715
556,36.9741872105,36.781242092,36.12390382347826,33.965300358058826,34.55853959954382,34.07255120544153
557,36.9800786645,36.816590816,36.13431355579585,34.03270552294118,34.62269384212014,34.09792718299129
558,36.4469020775,36.533801024,36.2394778444047,33.946759605764704,34.84932611502041,34.23123833919302
559,36.882869673500004,36.851939540000004,36.20105170208,33.99908957952941,34.74997258082777,34.201915107890414
560,36.6059713355,36.5146537985,36.204320299314965,34.10600214182353,34.763755711607395,34.171425943181816
561,36.613335653,36.716436098,36.216556097142856,33.99839646729412,34.82688420451613,34.247443028514745
562,36.6059713355,36.545583932,36.234871102812505,34.03322535711765,34.767045130466514,34.26002891150838
563,36.6383743325,36.362948858,36.205376567209306,34.01780360988236,34.720176050474365,34.44140430007322
564,36.6442657865,36.776823501500004,36.21920333136364,34.03114602041177,34.78527734376905,34.25190765982365
565,36.348220223,36.751784822000005,36.19272846290698,34.041889260058824,34.76340935675957,34.17930064416304
566,36.76356773,36.8593038575,36.19338720097143,33.98661355929412,34.72712918407163,34.294781978463966
567,36.8445752225,36.6619401485,36.14696708081261,34.122983391588235,34.39765436548046,34.22674800730621
568,36.872559629,36.757676276,36.09831234930147,34.03946336723529,34.46190782284159,34.17132797
569,36.96976862,36.6265914245,36.137587497324645,34.16422356958824,34.59745771340764,34.2953998829662
570,36.94031135,36.6265914245,36.15122855625899,34.19905245941177,34.569001115,34.34854191615967
571,36.274577048,36.445429214,36.18830421756275,34.04379531870588,34.87828727366306,34.2880553017126
572,36.9830243915,36.7444205045,36.13473295535957,34.15226738352941,34.71049805696998,34.20920576525223
573,36.963877166,36.6619401485,36.0673893638806,34.14031119747059,34.55813935088608,34.26512760710173
574,36.963877166,36.653102967500004,36.080000373636366,34.20078524,34.53161518528855,34.36580706090523
575,36.946202804,36.776823501500004,36.05570060545455,34.17912548264706,34.504782009137934,34.297201042854425
576,36.9535671215,36.7385290505,36.05821661275545,34.11969110847059,34.579230925690666,34.23314130414246
577,36.5441110685,36.533801024,36.09728414958195,34.11934455235294,34.6007311403006,34.28278175678261
578,36.896125445,36.8033350445,36.06129534943662,34.10738836629412,34.441927160789476,34.15997159260634
579,36.916745534,36.740001914000004,36.075024925557656,34.21586043111765,34.67146088178723,34.24576100870662
580,36.884342537,36.7738777745,36.0438938936,34.18276432188235,34.626834525452814,34.23262261261407
581,36.943257077,36.695816009,36.04878927175373,34.220538938705886,34.52318927416211,34.31114781493062
582,36.907908353,36.8239551335,36.0301064610084,34.16820896494118,34.58685016025342,34.243567106897196
583,36.9358927595,36.76356773,36.065282085035975,34.16422356958824,34.57330040580744,34.156420676157204
584,36.846048086,36.389460401,36.115170860441175,34.09421923382353,34.59333471654206,34.13184777066329
585,36.5529482495,36.4203905345,36.09352726982824,34.03963664529412,34.589968152593435,34.10801866653086
586,36.972714347,36.720854688500005,36.0489707268,34.12870156752941,34.573921122535964,34.23327410292683
587,36.922636988,36.728219006,36.04274393649254,34.096818404705886,34.64432137975207,34.209766954334114
588,36.9476756675,36.6059713355,36.073863375006795,34.038077142764706,34.586716423327886,34.195009304705884
589,36.981551528000004,36.6619401485,36.064961184360996,34.01173887782353,34.51034958633929,34.27864961142268
590,36.955039985,36.6972888725,36.04549012515385,34.012951824235294,34.447947827803176,34.18901298562387
591,36.9182183975,36.7444205045,36.03981834662596,33.956116620941174,34.499620245948556,34.16068534341936
592,36.8975983085,36.6707773295,36.066980336590774,33.96166151882353,34.49686856923077,34.10669525405883
593,36.913799807000004,36.76356773,36.05803132144882,33.985747169,34.41697084320482,34.112632646893026
594,36.9241098515,36.8534124035,35.99263698494231,33.99787663311765,34.39123220027511,34.09576929589631
595,36.912326943500005,36.8121722255,35.98562369402793,34.063029183235294,34.52838430661411,34.13273994147804
596,36.869613902,36.82248227,36.00032348037152,34.07463881317647,34.588916413378264,34.131424859574466
597,36.577986929,36.424809125,36.05292278064286,34.0276804592353,34.625735705227704,34.25364958321302
598,36.7120175075,36.448374941000004,36.03446550544882,34.095952014411765,34.59916663143278,34.18235941703061
599,36.825427997,36.560312567000004,36.022255658482145,34.11449276670588,34.47965120369365,34.23792634571877
600,36.8710867655,36.5794597925,36.01199192196154,34.147588875941175,34.64823348452897,34.32545481575314
601,36.8504666765,36.681087374,35.99326454631172,34.133553353176474,34.56227043858509,34.20136492734335
602,36.6619401485,36.4822508015,35.97140502073292,34.163703735411765,34.62735349335878,34.138321231655404
603,36.720854688500005,36.734110460000004,35.98733134865812,34.141697421941174,34.589709324038466,34.23589419552326
604,36.734110460000004,36.734110460000004,35.95905908134416,33.896682246764705,34.65713090517606,34.33498545360146
605,36.748839095,36.737056187,35.95027449130699,34.02265539552941,34.638144317009754,34.332552638
606,36.8534124035,36.7002345995,35.936596658111704,34.185710048882356,34.605196586437245,34.25471159240275
607,36.884342537,36.70465319,35.92532604397143,34.262818785058826,34.599600425232616,34.21894639586864
608,36.8740324925,36.6825602375,35.93639672142292,34.26507139982353,34.581635345636826,34.22617365790999
609,36.7326375965,36.7738777745,35.981968166,34.13441974347059,34.642829555849055,34.22315785012658
610,36.9388384865,36.784187819,35.9153292752,34.13424646541176,34.62029142041177,34.10976558550562
611,36.928528442,36.6884516915,35.923288111731345,34.144816427,34.605219929181494,34.20485420706907
612,36.934419896,36.6265914245,35.9144714862987,34.13338007511765,34.5484075508054,34.24686563280788
613,36.863722448000004,36.666358739,35.96437918739131,34.06337573935294,34.624596811592475,34.328739360223956
614,36.598607018,36.498452300000004,36.00634547704132,34.04206253811765,34.68020855607917,34.434862226086956
615,36.902016899,36.7679863205,35.98060027632401,33.99406451582353,34.56973250269692,34.36272412589948
616,36.8710867655,36.760622003,35.955861978009,33.973097870705885,34.537768653698066,34.372495544957985
617,36.8121722255,36.6383743325,35.97595880923077,33.89685552482353,34.55627848784759,34.20061347749271
618,36.912326943500005,36.775350638,35.91514878647837,33.89304340752941,34.494896408155114,34.212690250673575
619,36.7473662315,36.5765140655,35.972497495322585,33.95802267958824,34.46364021713247,34.31780133186753
620,36.698761736,36.4557392585,35.997310494125,33.95438384035294,34.57242097133616,34.19959252567797
621,36.5882969735,36.477832211,36.01946223739496,33.97292459264706,34.68451249101523,34.36722022764142
622,36.6265914245,36.5765140655,36.00449526834711,33.93411030747059,34.59811175473684,34.251194312242546
623,36.654575831,36.5824055195,36.00047715065,33.94121470788235,34.61112121944075,34.25990183868692
624,36.6118627895,36.3349644515,36.01215557346154,33.97881604664706,34.707692952585816,34.339883884858935
625,36.720854688500005,36.566204021000004,35.96138706098015,33.98002899305882,34.49890230124112,34.241874658263924
626,36.7591491395,36.583878383,35.942738195401574,33.966340026411764,34.48377781755435,34.196008385405406
627,36.6442657865,36.301088591,35.97353985365544,33.94121470788235,34.53560823282599,34.301980255596916
628,36.395351855,36.3113986355,35.98710030477754,33.96270118717647,34.51503312081017,34.448475242676054
629,36.887288264,36.816590816,35.94810252119951,34.021095893,34.49313188610563,34.1805756581317
630,36.950621394500004,36.751784822000005,35.92439729094737,33.985573890941176,34.52052965992806,34.14317593090357
631,36.946202804,36.8033350445,35.913089068,33.97413753905882,34.51223665676815,34.172135375278515
632,36.952094258,36.7974435905,35.88787818005883,33.976216875764706,34.45967256148572,34.14363943674172
633,36.5382196145,36.580932656,35.94967427,33.96703313864706,34.50016832358401,34.296710196153846
634,36.778296365,36.4203905345,35.92602238898827,33.999262857588235,34.52291337764706,34.381539474225356
635,36.3172900895,36.1788409205,35.942814544625,34.09543218023529,34.55039864723288,34.42273205810811
636,36.82248227,36.742947641,35.9444810624,34.04015647947059,34.32461961852174,34.21960242585284
637,36.9417842135,36.686978828,35.97529564802273,34.145336261176475,34.545357779868425,34.29364541764404
638,36.5117080715,36.5205452525,35.96986471745868,34.07585175958824,34.60416948836735,34.348535240629595
639,36.8622495845,36.769459184,35.93933273863052,34.156599335,34.575279541179626,34.17921455080814
640,36.902016899,36.678141647000004,35.92415930504202,34.21170175770588,34.567085195000004,34.206409614752005
641,36.8504666765,36.720854688500005,35.91052192408633,34.233188237,34.573686835351836,34.17653964084616
642,36.474886484,36.5617854305,36.00144765363636,34.097511516941175,34.6173037192236,34.39782799414718
643,36.684033101000004,36.580932656,36.01074329248798,34.018150166,34.57604653456193,34.3616980822449
644,36.8445752225,36.684033101000004,36.01650478481203,34.17565992147059,34.49454572576071,34.18470969571923
645,36.900544035500005,36.701707463000005,35.961791420688215,34.24809015005882,34.485788826832994,34.260862922892564
646,36.88139681,36.585351246500004,35.9591005964,34.19402739570589,34.54392559431613,34.2623851112431
647,36.900544035500005,36.701707463000005,35.95599621220021,34.09924429752941,34.52908542850123,34.26428112894952
648,36.916745534,36.719381825,35.961186550844154,34.172714194470586,34.51171125264015,34.35821769614373
649,36.900544035500005,36.572095475,36.011037239418606,34.11917127429412,34.539321358066466,34.259280897867
650,36.9241098515,36.698761736,35.95221107645801,34.06580163217647,34.50403360594256,34.13311017360595
651,36.530855297,36.46899503,36.03132434889831,34.14914837847059,34.42211186055147,34.27137605534842
652,36.869613902,36.725273279,35.95964399842789,34.136672358235295,34.56848509675676,34.250004260348504
653,36.890233991,36.703180326500004,35.970116593034966,34.20303785476471,34.6251974948927,34.37236250803077
654,36.893179718,36.7532576855,35.93847968363477,34.133899909294115,34.56501499539185,34.27064849982301
655,36.899071172,36.776823501500004,35.93487664340142,34.10998753717647,34.58657697124141,34.20295481071577
656,36.931474169,36.681087374,35.968851542032084,34.07203964229412,34.5956711604104,34.21248765519706
657,36.899071172,36.7120175075,35.95307437786932,34.123849781882356,34.57598951336402,34.23253490455253
658,36.7886064095,36.766513457,35.934298927714934,34.03183913264706,34.45870708629057,34.18561965325422
659,36.471940757,36.5588397035,36.03267082644388,33.92579296064706,34.56921421014468,34.378940324781986
660,36.684033101000004,36.728219006,35.9708374214403,33.988692896,34.47740068981211,34.317269475364355
661,36.912326943500005,36.6825602375,35.92118632835539,34.109467703,34.499036882890834,34.29868811336
662,36.801862181000004,36.622172834,35.93903608326154,34.013818214529415,34.59647605665936,34.22185418922257
663,36.265739867,36.418917671,35.987210168377956,34.100283965882355,34.744035559394554,34.35189041844002
664,36.928528442,36.710544644,35.926663031364605,34.171154691941176,34.55782738916072,34.1964212
665,36.943257077,36.666358739,35.899596911,34.181724653529415,34.55168316464323,34.247849854426065
666,36.9034897625,36.726746142500005,35.895649852995355,34.19801279105882,34.52877215671642,34.29407109504125
667,36.916745534,36.7944978635,35.92988771264,34.17011502358824,34.55006429857143,34.37104386399254
668,36.7296918695,36.5617854305,35.94216737732955,34.08295616,34.547393958108586,34.21618539331307
669,36.882869673500004,36.7061260535,35.900233868308824,34.10288313676471,34.61101820435704,34.27619227881759
670,36.900544035500005,36.639847196000005,35.89136874155224,34.14221725611765,34.57198845671039,34.250515154276926
671,36.9064354895,36.663413012,35.908662144432284,34.118304884,34.58831267781037,34.28845901042654
672,36.784187819,36.7620948665,35.941571816046874,34.049340216588234,34.69751060868421,34.135004719774436
673,36.76356773,36.7120175075,35.93085854369231,34.171501248058824,34.47721519612069,34.30782715070423
674,36.8975983085,36.731164733,35.900432241557255,34.13493957764706,34.57526191091743,34.28439903416667
675,36.875505356000005,36.7562034125,35.883021170697674,34.133899909294115,34.54487216704466,34.28402306865714
676,36.82248227,36.776823501500004,35.90249163812426,34.08728811147059,34.53420911612991,34.2262367572803
677,36.5529482495,36.6059713355,35.964162882800004,33.99701024282353,34.64261755926498,34.11378676526978
678,36.887288264,36.757676276,35.86213097135339,33.971538368176475,34.57033786222959,34.02588911428572
679,36.956512848500005,36.710544644,35.86829158665649,34.015204439,34.56534001567092,34.1602949956417
680,36.9300013055,36.7532576855,35.83164682454546,34.00896642888235,34.578616700544046,34.15559510988636
681,36.9241098515,36.698761736,35.880915956515835,33.98730667152941,34.61650936383987,34.215207666372145
682,36.916745534,36.67519592,35.86632368827219,34.00584742382353,34.652554681766695,34.26037695862069
683,36.955039985,36.725273279,35.859274859876926,33.99475762805882,34.72407059175592,34.23389840513552
684,36.4262819885,36.3968247185,35.92256601132653,33.986786837352945,34.723470904526316,34.19688088201509
685,36.875505356000005,36.804807908,35.89028724535433,34.036864196352944,34.589275878987564,34.24730439410891
686,36.875505356000005,36.819536543,35.868663071623644,34.00099563817647,34.57210635318243,34.229854914342106
687,36.8357380415,36.770932047500004,35.844625242927705,34.004461199352946,34.716805557688446,34.16583356700522
688,36.837210905,36.793025,35.83206689256684,33.97483065129412,34.64835588938119,34.21598267240855
689,36.504343754000004,36.480777938,35.94419261,34.03513141576471,34.617432640765124,34.35816328105497
690,36.766513457,36.657521558,35.864834073538965,34.080703545235295,34.453862915389315,34.17675030098242
691,36.7886064095,36.6118627895,35.85838868982276,34.074118979,34.57007717965754,34.17379024944954
692,36.928528442,36.604498472,35.84255174335821,34.14897510041177,34.54501400508762,34.26054841049307
693,36.916745534,36.6707773295,35.852020342596454,34.1278351772353,34.503256577066246,34.25780718855959
694,36.907908353,36.714963234500004,35.838877435692964,34.10548230764706,34.61558911497854,34.25348033538866
695,36.863722448000004,36.726746142500005,35.883401755581396,34.177392702058825,34.62315502510901,34.36548461459981
696,36.890233991,36.7532576855,35.869776816744185,34.00879315082353,34.55672377055319,34.23330337027645
697,36.8327923145,36.8003893175,35.89640181028572,34.00238186264706,34.48745678440187,34.311587299484735
698,36.8327923145,36.7414747775,35.91460227747765,33.9422543762353,34.42557226464286,34.30393983439338
699,36.857830994000004,36.8210094065,35.894751543058824,33.909331545058826,34.44470220795821,34.2195258300554
700,36.775350638,36.719381825,35.887156859767444,33.96114168464706,34.54229756921098,34.263067133631125
701,36.8593038575,36.757676276,35.86621620119231,33.96841936311765,34.6282926678413,34.218368052897624
702,36.8769782195,36.769459184,35.829177174636364,33.96062185047059,34.623354886702884,34.19706581602892
703,36.8710867655,36.742947641,35.819177696051135,33.97535048547059,34.60300239263158,34.19452907694286
704,36.937365623000005,36.7355833235,35.82916017188312,33.969632309529416,34.54788384601662,34.2101436102346
705,36.2554298225,36.4616307125,35.867590735625,33.944853547117646,34.70408373885714,34.21271063321767
706,36.896125445,36.580932656,35.866265325037595,33.96304774329412,34.5471103202353,34.22409239337693
707,36.843102359,36.569149748,35.88871781865264,33.98973256435294,34.548150141188906,34.18340910242769
708,36.271631321,36.3261272705,35.94385555,33.94658632770589,34.561724677183776,34.295331941649486
709,36.869613902,36.545583932,35.91360527045144,34.12627567470588,34.561000293569194,34.25831779690974
710,36.866668175,36.5676768845,35.902321628253674,34.14932165652941,34.53018170868108,34.26829767982561
711,36.854885267,36.648684377,35.88707857401654,34.09647184858824,34.49742966008792,34.21872607618451
712,36.245119778,36.533801024,35.91763348832,34.01156559976471,34.637187037051994,34.211862080395825
713,36.5529482495,36.560312567000004,35.95298221232,34.09040711652941,34.62038039233983,34.33617477633727
714,36.834265178,36.663413012,35.845482815000004,34.210662089352944,34.57257231393602,34.32385646309404
715,36.843102359,36.6059713355,35.839955031,34.15833211558824,34.675961478137936,34.28322277130841
716,36.912326943500005,36.6236456975,35.84861373243555,34.10634869794118,34.65923938163628,34.2745885088587
717,36.9270555785,36.6118627895,35.84328717788271,34.03773058664706,34.59476763511899,34.32721143073789
718,36.5500025225,36.4616307125,35.88837949596947,34.02386834194118,34.47059465037,34.2584349480678
719,36.900544035500005,36.572095475,35.87568395545455,33.99597057447059,34.627841709319945,34.1997480121831
720,36.882869673500004,36.6295371515,35.853068671629316,34.06684130052941,34.5501448729765,34.23533849341772
721,36.869613902,36.5529482495,35.83791237156488,34.16162439870588,34.51075128774347,34.31373141781944
722,36.866668175,36.672250193,35.86702373732057,34.18293759994118,34.55158805597674,34.28951665044761
723,36.6943431455,36.6560486945,35.88416518066667,34.10219002452941,34.60716676044677,34.20286597551968
724,36.854885267,36.6413200595,35.86758889462567,34.124196338000004,34.62960948287743,34.22673383570143
725,36.872559629,36.647211513500004,35.854755579691734,34.164570125705886,34.57106752050746,34.281258874329694
726,36.676668783500006,36.6825602375,35.83824966854962,34.11691865952941,34.5448217270385,34.244119315887296
727,36.848993813,36.610389926,35.84573970979651,34.171501248058824,34.56296710305702,34.265334824564775
728,36.8593038575,36.669304466,35.822987501293234,34.15919850588236,34.55706215113924,34.2216156358815
729,36.483723665,36.542638205,35.91964032328572,34.05107299717647,34.651315120599705,34.25885942996434
730,36.790079273,36.6383743325,35.880171818890624,34.110507371352945,34.61612994421503,34.218153984714945
731,36.804807908,36.686978828,35.85564934972308,34.212568148,34.5536816465043,34.3269895672594
732,36.765040593500004,36.701707463000005,35.85273973620313,34.14083103164706,34.51097714362791,34.28392498014598
733,36.7179089615,36.6678316025,35.833885849900334,34.107734922411765,34.47524146621777,34.2195846759352
734,36.8180636795,36.678141647000004,35.81948886744186,34.12315666964706,34.52387326241279,34.22970434833654
735,36.846048086,36.6678316025,35.83054322298828,34.140657753588236,34.55634851617143,34.27378362969995
736,36.7974435905,36.734110460000004,35.838505075846456,34.11189359582353,34.5457808216501,34.278001634142015
737,36.8504666765,36.765040593500004,35.82231589953125,34.06181623682353,34.551015050714966,34.24999553315789
738,36.8593038575,36.740001914000004,35.8446645575,34.09889774141177,34.58565999846154,34.25301218356757
739,36.866668175,36.7679863205,35.82613641674419,34.032532244882354,34.545971138124415,34.255029184254894
740,36.327600134,36.719381825,35.9112826925,34.01277854617647,34.618234307745496,34.19547984686911
741,36.846048086,36.701707463000005,35.88296555456,34.01624410735295,34.568176420490516,34.24331563088127
742,36.890233991,36.70465319,35.85267828571429,34.028200293411764,34.575596897384415,34.234941682137325
743,36.8710867655,36.7120175075,35.83996542157143,34.06094984652941,34.59824903713893,34.22784341275258
744,36.8445752225,36.6913974185,35.88122747004839,34.00532758964706,34.61109883923441,34.22764112781011
745,36.212716781000005,36.6825602375,35.9164968347541,34.05228594358824,34.73510898878669,34.20331647694952
746,36.8121722255,36.7061260535,35.86704974482143,34.020402780764705,34.629073152432944,34.20151747664423
747,36.819536543,36.7002345995,35.828650089285716,34.04362204064706,34.534316724536716,34.20535447238003
748,36.837210905,36.67519592,35.80721953571429,34.026640790882354,34.59338425004852,34.20427968085294
749,36.8033350445,36.7179089615,35.81082220045669,34.03079946429412,34.56297215848294,34.2088641150396
750,36.854885267,36.713490371,35.81333698464286,34.016937219588236,34.59031207626039,34.240979825610864
751,36.8151179525,36.7296918695,35.82931095417323,34.02594767864706,34.52034319274519,34.22191541788851
752,36.795970727000004,36.7296918695,35.8358054703937,34.039290089176475,34.59841825247956,34.21786450563636
753,36.536746751,36.663413012,35.91533862671429,34.13407318735294,34.69601926872609,34.182364434942905
754,36.801862181000004,36.716436098,35.866968673225806,34.026294234764705,34.610645502441486,34.212691853070865
755,36.734110460000004,36.636901469,35.863250692142856,34.018150166,34.59939626220628,34.22984567631088
756,36.8092264985,36.7296918695,35.84498926285714,34.042409094235296,34.62642891526245,34.20929128173682
757,36.726746142500005,36.7296918695,35.84102170088189,34.03045290817647,34.61569574354396,34.21445145659575
758,36.8062807715,36.7061260535,35.84928718103896,33.99042567658824,34.57056686178379,34.226689178736294
759,36.793025,36.748839095,35.86044523785714,34.03599780605882,34.573576168363964,34.2452013959758
760,36.7856606825,36.757676276,35.84118220581395,34.04639448958824,34.53086199423729,34.27960615972686
761,36.4233362615,36.6177542435,35.88699816359129,33.95143811335294,34.66664753538534,34.237191323288556
762,36.709071780500004,36.784187819,35.86204672718546,33.97881604664706,34.61965724519926,34.20084680169279
763,36.7856606825,36.790079273,35.862973069062505,34.04223581617647,34.564803354552005,34.20723662557852
764,36.866668175,36.7532576855,35.85456766501116,34.027507181176475,34.584958788183044,34.2188523656
765,36.8210094065,36.7444205045,35.859071734196434,34.064588685764704,34.581553104433496,34.26603089474627
766,36.790079273,36.7473662315,35.854370406506696,34.031492576529416,34.573837993283995,34.22825295648185
767,36.6295371515,36.595661291,35.91921525445455,34.075678481529415,34.73346969740546,34.24739484443038
768,36.7944978635,36.664885875500005,35.90620406756,34.04535482123529,34.6416157908684,34.23624167976638
769,36.7503119585,36.748839095,35.89637936665143,34.06562835411765,34.56699975741133,34.301696794659954
770,36.8151179525,36.6501572405,35.87868989496063,34.053672168058824,34.593090885185184,34.2508778618342
771,36.778296365,36.726746142500005,35.884185254839494,34.07013358364706,34.610502924528305,34.292080517098235
772,36.754730549,36.7061260535,35.87942771597656,34.04258237229412,34.600564373856564,34.224010302191786
773,36.726746142500005,36.692870282,35.8795427834375,34.029759795941175,34.570241421105266,34.20033801424089
774,36.6825602375,36.642792923,35.87068772318898,34.0158975512353,34.561068323868426,34.19817341152645
775,36.745893368000004,36.734110460000004,35.90480117038961,34.04656776764706,34.572276341664434,34.19814727552239
776,36.769459184,36.692870282,35.880916586236225,34.031492576529416,34.56700861201798,34.218186287123714
777,36.740001914000004,36.740001914000004,35.902246506714285,34.02386834194118,34.56527969354659,34.23754124688318
778,36.8534124035,36.664885875500005,35.923022204912,33.99701024282353,34.627261049,34.19789696787559
779,36.863722448000004,36.765040593500004,35.85878343330529,34.046221211529414,34.55282978200356,34.25001679619802
780,36.922636988,36.770932047500004,35.93674999769231,34.116398825352945,34.621508432915164,34.28411154836923
781,36.8799239465,36.757676276,35.91123910017889,34.13026107005882,34.62926185621792,34.247321211563985
782,36.922636988,36.8710867655,35.868254477209305,34.110507371352945,34.6362593376943,34.342874965559965
783,36.9064354895,36.8651953115,35.85297238605866,34.099417575588234,34.56801490880525,34.35777716450867
784,36.925582715000004,36.872559629,35.857326148169236,34.12315666964706,34.642124302886145,34.32868292349776
785,36.9064354895,36.769459184,35.866782687153844,34.103402970941175,34.64223571041611,34.33849614987593
786,36.912326943500005,36.790079273,35.8906691145515,34.08902089205883,34.65499476005427,34.367724491274366
787,36.888761127500004,36.707598917,35.89865696392308,34.08798122370588,34.63939474362332,34.358477042661946
788,36.8710867655,36.6707773295,35.89430131630769,34.062682627117645,34.635220315562556,34.333827694886075
789,36.8475209495,36.6206999705,35.910615035345394,34.06146968070588,34.64163402261733,34.33693177397827
790,36.846048086,36.5264367065,35.933854625,34.050206606882355,34.70014705300461,34.30787770016521
791,36.804807908,36.6678316025,35.94680535491728,34.05141955329412,34.66744896314953,34.360583743204934
792,36.790079273,36.751784822000005,35.954820057322834,34.06874735917647,34.663889387684165,34.32933152809402
793,36.751784822000005,36.745893368000004,35.94874627223633,34.056444617000004,34.59357382496184,34.33097227372126
794,36.383568947,36.231864006500004,35.98972346797239,34.12766189917647,34.68916470487032,34.41386480061622
795,36.293724273500004,36.6354286055,35.97392212310857,34.22487089017647,34.675270489887744,34.38448090506037
796,36.9329470325,36.8239551335,35.90866939191791,34.06493524188235,34.5835712355426,34.323196880233354
797,36.8504666765,36.7886064095,35.88101653634783,34.10548230764706,34.68286529325684,34.342442723328595
798,36.9682957565,36.719381825,35.84945377051471,34.165436516,34.66362222259683,34.332201309607655
799,36.67519592,36.613335653,35.93885343445454,34.10894786882353,34.685786327407406,34.285944631666666
800,36.421863398,36.766513457,35.94715395486917,34.144469870882354,34.75671254084419,34.30814793803352
801,36.536746751,36.5382196145,35.95292124602985,34.156599335,34.66304017990486,34.33396740249859
802,36.598607018,36.519072389,35.9449174664,34.13182057258824,34.71228604393064,34.350752459967104
803,36.765040593500004,36.566204021000004,35.96960738811005,34.18120481935294,34.74009403016137,34.38043333031933
804,36.572095475,36.401243309,35.9909080663892,34.19679984464706,34.661664192187835,34.32576523737561
805,36.607444199,36.466049303,35.98601392639098,34.18657643917647,34.716055104854966,34.36778219742887
806,36.648684377,36.5323281605,35.99011626448701,34.17167452611765,34.67366810929093,34.45059488238168
807,36.636901469,36.592715564,35.97112287035338,34.22105877288235,34.658384333412016,34.379178100622084
808,36.6059713355,36.5765140655,35.969438682561986,34.17600647758824,34.67429135705703,34.38996173610324
809,36.5647311575,36.4498478045,35.9964597068622,34.21291470411765,34.67339456341024,34.45380704415719
810,36.619227107,36.489615119,35.977589285055146,34.16578307211765,34.6692068198995,34.38847101485834
811,36.592715564,36.52790957,35.968650776728744,34.20182490835294,34.64400731011432,34.36694803400638
812,36.681087374,36.589769837,35.94973844705883,34.176526311764704,34.667523023952654,34.35222448455786
813,36.963877166,36.8062807715,35.95006973204691,34.21291470411765,34.72137813884466,34.35250485507079
814,36.900544035500005,36.6383743325,35.954385449545455,34.25658077494118,34.719942588810575,34.40479200687797
815,36.899071172,36.654575831,35.978134944326925,34.296088172352945,34.700903604401326,34.4318608252059
816,36.851939540000004,36.592715564,35.969430356689465,34.17132797,34.67480357577338,34.43816209294118
817,36.754730549,36.663413012,35.96323074549587,34.07065341782353,34.658732491307696,34.31479421293948
818,36.826900860500004,36.67519592,35.94730902694657,34.05973690011765,34.589630937918216,34.2743464374397
819,36.887288264,36.6825602375,35.95580406772308,34.11501260088235,34.6371186701423,34.34231117853568
820,36.790079273,36.6737230565,35.92766562281818,34.17028830164706,34.62594144642857,34.30496066594313
821,36.572095475,36.695816009,35.973315092937504,34.145336261176475,34.66827490516915,34.35896959210686
822,36.585351246500004,36.572095475,35.9634546143314,34.144816427,34.61270762973876,34.43038410641236
823,36.7856606825,36.7061260535,35.955994424303434,34.144123314764705,34.63938551535715,34.37074360539316
824,36.7620948665,36.70465319,35.9380659060667,34.22521744629412,34.699487507097686,34.341393808466634
825,36.7002345995,36.622172834,35.94609516479638,34.18103154129412,34.74448792913711,34.383173881585606
826,36.9064354895,36.591242700500004,35.933637472048076,34.14516298311765,34.62664582139308,34.3196321525
827,36.595661291,36.676668783500006,35.93963056029412,34.18744282947059,34.63473145293609,34.359185505054946
828,36.834265178,36.6972888725,35.896456296381345,34.20269129864706,34.73022706598214,34.56158131544952
829,36.863722448000004,36.740001914000004,35.92129075681861,34.159025227823534,34.68859318901037,34.45606392770337
830,36.491087982500005,36.598607018,35.916648204007814,34.20702325011765,34.76509765091743,34.4651543132938
831,36.8946525815,36.6442657865,35.87257720237968,34.34599225329412,34.628657384820144,34.53011965872341
832,36.9152726705,36.714963234500004,35.837419693649636,34.39399027558824,34.63244913022886,34.457525415341905
833,36.896125445,36.6560486945,35.82613897223022,34.295221782058825,34.6300406819403,34.473101336
834,36.912326943500005,36.720854688500005,35.818268884540146,34.35898810770588,34.572823326971594,34.444141798964495
835,36.8946525815,36.689924555000005,35.81283595320613,34.32762477905882,34.55049051951498,34.44072705535628
836,36.887288264,36.719381825,35.821732169070586,34.37596935747059,34.558532409847516,34.475847280649354
837,36.88139681,36.7532576855,35.851494196816795,34.33802146258824,34.659435226425025,34.50116523037143
838,36.8769782195,36.7944978635,35.846216549197806,34.20477063535294,34.62498698819498,34.41973330220495
839,36.9064354895,36.7974435905,35.867899264651165,34.26871023905883,34.689727877522934,34.37251099769112
840,36.919691261000004,36.828373724,35.80584104993321,34.27858708841177,34.66572334769231,34.43188436170744
841,36.934419896,36.8210094065,35.84805486003239,34.20061196194118,34.651213425120226,34.398232600476675
842,36.8975983085,36.810699362,35.83651522421094,34.147762154,34.71253210862576,34.37370522682243
843,37.013954525,36.8475209495,35.81367196159542,34.12835501141176,34.57789159040296,34.37342995520823
844,36.928528442,36.869613902,35.79763307044776,34.05991017817647,34.612604151643836,34.30125032885619
845,36.882869673500004,36.8239551335,35.84008600688722,34.08902089205883,34.58336410506595,34.24112437209412
846,36.9417842135,36.804807908,35.77531968825518,34.14966821264706,34.53177451855926,34.30605564964088
847,36.878451083,36.8504666765,35.7462663656,34.078277652411764,34.399561188953356,34.36610610475365
848,36.875505356000005,36.8769782195,35.72764457540112,34.081569935529416,34.49882755604524,34.30320112458074
849,36.8769782195,36.838683768500005,35.7436479416,34.23041578805882,34.45423073561812,34.34482961341556
850,36.872559629,36.828373724,35.75392677813954,34.260392892235295,34.482207796905726,34.31101886747465
851,36.355584540500004,36.429227715500005,35.84945069317213,34.24254525217647,34.55427248,34.357080215428574
852,36.740001914000004,36.8121722255,35.79730029692149,34.13095418229412,34.54706330500224,34.43627814182328
853,36.404189036000005,36.689924555000005,35.804655824307204,34.25623421882353,34.69638652061972,34.47899638278815
854,36.7238004155,36.654575831,35.80711193057054,34.18848249782353,34.63896745485302,34.41869535477977
855,36.8563581305,36.6678316025,35.810383232089556,34.28066642511765,34.5151587352265,34.453752287186106
856,35.7782220485,36.4469020775,35.800683216875,34.22261827541177,34.72873343332103,34.36857040737052
857,36.8180636795,36.6825602375,35.7828825586087,34.307351246176474,34.542356392195124,34.32334180892401
858,36.884342537,36.8239551335,35.769404558188505,34.31618842717647,34.52380299163658,34.367430244118715
859,36.840156632,36.831319451,35.77539801107692,34.27390858082353,34.515051376555995,34.40474111866051
860,36.9358927595,36.7355833235,35.80778923368657,34.319134154176474,34.49237891804878,34.40624078653465
861,36.695816009,36.689924555000005,35.82581826794844,34.23804002264706,34.50585721563055,34.44580482055085
862,36.5382196145,36.580932656,35.80887632796656,34.179818594882356,34.50336736836178,34.37716083580427
863,36.6059713355,36.429227715500005,35.826682591836146,34.13493957764706,34.57537993989051,34.47463052978793
864,36.854885267,36.651630104,35.81905837683065,34.121250611,34.51479399355363,34.35742011658147
865,36.8622495845,36.793025,35.73989334486047,34.25346176988236,34.56220882216187,34.39077523178204
866,36.875505356000005,36.8239551335,35.71634199945055,34.14914837847059,34.6616059578937,34.3776141609749
867,36.8357380415,36.793025,35.6969648839918,34.160238174235296,34.68399776519231,34.34268692774194
868,36.9093812165,36.819536543,35.69432833863637,34.19922573747059,34.588509960305586,34.37051377817526
869,36.362948858,36.613335653,35.78177821785254,34.187962663647056,34.67479742622768,34.29863316333521
870,36.9417842135,36.793025,35.72259541590909,34.329704115764706,34.60237379365458,34.43405329484721
871,36.9182183975,36.837210905,35.690707576955226,34.33368951111765,34.55065575541195,34.37237014121584
872,36.888761127500004,36.8504666765,35.69663869959399,34.30648485588235,34.537549592626426,34.38769401997896
873,36.8917068545,36.701707463000005,35.66981281350696,34.200958518058826,34.59085991996923,34.397053405081536
874,36.0168259355,36.5882969735,35.74634168048387,34.33213000858824,34.62874367025554,34.34525873996485
875,36.8858154005,36.7238004155,35.66239455223077,34.17323402864706,34.53029114583376,34.23929253724214
876,36.8298465875,36.748839095,35.66709554143948,34.14724231982353,34.457404209985356,34.32864167833419
877,36.7532576855,36.722327552,35.67970604888617,34.22695022688235,34.51073517544037,34.38428804753488
878,36.535273887500004,36.5441110685,35.728659593,34.13268696288235,34.57649791228572,34.39823375265617
879,36.8799239465,36.790079273,35.688558650507694,34.16578307211765,34.500198269246475,34.35069739173156
880,36.900544035500005,36.8121722255,35.691418510161945,34.13407318735294,34.53832678312717,34.33863698243976
881,36.896125445,36.725273279,35.68423643871237,34.134766299588236,34.4796454669057,34.36923817133937
882,36.837210905,36.70465319,35.710066477830644,34.08520877476471,34.38814490523737,34.37510023838814
883,36.816590816,36.790079273,35.72307817265306,34.05263249970589,34.39556510492383,34.36851337838875
884,36.819536543,36.719381825,35.724575371098794,34.05436528029412,34.3369713334372,34.364322513449665
885,36.8622495845,36.7827149555,35.7043275975748,34.11414621058824,34.39616945465893,34.31753776376428
886,36.804807908,36.7856606825,35.71186450142857,34.10097707811765,34.406461668219585,34.284116307594935
887,36.8151179525,36.801862181000004,35.714617004738464,34.106175419882355,34.44771877207049,34.296842155100705
888,36.1788409205,36.4321734425,35.73317154221239,34.13805858270588,34.68266012388942,34.33152670713873
889,36.6707773295,36.681087374,35.70624056565384,34.043448762588234,34.489866538338255,34.39138931279214
890,36.8534124035,36.7562034125,35.649106568783935,34.12800845529412,34.467977012360166,34.3449020418256
891,36.8975983085,36.7591491395,35.65001697488806,34.22608383658824,34.513474086925015,34.39745884059435
892,36.8799239465,36.8416294955,35.67717713827473,34.196106732411764,34.52197751699755,34.26948828093458
893,36.8858154005,36.787133546,35.66919836107914,34.266284346235295,34.52677135683594,34.35192415046278
894,36.869613902,36.846048086,35.70307529334724,34.24098574964706,34.51287136779861,34.29954081610224
895,36.916745534,36.748839095,35.66318707719853,34.28413198629412,34.52020560504823,34.34608291354431
896,36.913799807000004,36.7444205045,35.687934408533835,34.30145979217647,34.50097886805102,34.357595598538865
897,36.893179718,36.698761736,35.67724657450382,34.19974557164706,34.53742286243853,34.329532484487856
898,36.828373724,36.7385290505,35.669999399064174,34.20078524,34.48965005613437,34.288056857380326
899,36.7238004155,36.7827149555,35.66861994859126,34.12800845529412,34.36577348215888,34.24786744186681
900,36.709071780500004,36.719381825,35.67419269526989,34.178952204588235,34.448956469280986,34.26132791979529
901,36.653102967500004,36.6972888725,35.69088584564844,34.08451566252941,34.48020921428695,34.24867687246677
902,36.5529482495,36.583878383,35.68054916348425,34.03270552294118,34.45457294018438,34.246371572590164
903,36.566204021000004,36.6501572405,35.69573009514961,34.026987347,34.47220092932807,34.22596191244742
904,36.669304466,36.5617854305,35.713273020511814,34.05245922164706,34.459151135666076,34.196088115760816
905,36.672250193,36.6442657865,35.70356627984375,34.185710048882356,34.38941144531612,34.198046476386686
906,36.692870282,36.703180326500004,35.69876734232558,34.075678481529415,34.481660504015856,34.24270856975223
907,36.778296365,36.760622003,35.69033623386364,34.06094984652941,34.36400133008656,34.258778367763036
908,36.501398027,36.5617854305,35.671817102057695,34.06718785664706,34.447260877235934,34.27499490096154
909,36.840156632,36.653102967500004,35.645976759090914,34.0895407262353,34.31933666600295,34.25567218919162
910,36.838683768500005,36.7002345995,35.62877069989662,34.154346720235296,34.41880263944867,34.290693437201604
911,36.8593038575,36.795970727000004,35.59448802681115,34.21690009947059,34.38639801444077,34.30586350957206
912,36.9034897625,36.7886064095,35.587096349617646,34.14395003670588,34.45917487713873,34.329859538871446
913,36.866668175,36.692870282,35.59782533942435,34.150361324882354,34.4834112235954,34.37112980134739
914,36.884342537,36.734110460000004,35.60265374381818,34.16855552105883,34.44461422264811,34.2944961801875
915,36.8357380415,36.737056187,35.589093652691034,34.06961374947059,34.429434690456546,34.27596782961205
916,36.778296365,36.6913974185,35.58558131051665,34.083129438058826,34.39094964110374,34.258944465384616
917,36.8210094065,36.631010015,35.60282953979334,34.0895407262353,34.352809300925,34.31131517345133
918,36.88139681,36.664885875500005,35.58427173686524,34.094045955764706,34.45298384198327,34.237588644
919,36.4822508015,36.3997704455,35.72637802645669,34.10634869794118,34.631955271196986,34.37539941879518
920,36.0462832055,36.3938789915,35.696706067410716,34.130087792,34.62235841277045,34.40698613
921,36.869613902,36.731164733,35.65233384989474,34.271482688,34.38183672028836,34.31070752502523
922,36.888761127500004,36.6413200595,35.62689814731343,34.23994608129412,34.481061344960004,34.3457494750124
923,36.854885267,36.7620948665,35.601324547238804,34.130780904235294,34.46919541678673,34.28295840659218
924,36.6413200595,36.6560486945,35.68112615,34.070480139764705,34.45735471970827,34.236558074929576
925,36.888761127500004,36.7591491395,35.63776442927273,34.10496247347059,34.39821925617146,34.299678468308116
926,36.8917068545,36.657521558,35.64593880412598,34.162144232882355,34.354032543911075,34.31040429378065
927,36.8416294955,36.657521558,35.64999087003125,34.11813160594118,34.35927553800728,34.2704625228052
928,36.725273279,36.684033101000004,35.67037571,34.039290089176475,34.38056025691275,34.279878860559755
929,36.7856606825,36.793025,35.668827998139534,34.006713814117646,34.41490080574733,34.288319763255814
930,36.790079273,36.734110460000004,35.659476291216784,34.00394136517647,34.385063268665526,34.25695335136139
931,36.813645089000005,36.793025,35.66420730730769,34.020056224647064,34.415488135772435,34.288293164758365
932,36.734110460000004,36.713490371,35.65944258464302,34.018150166,34.401858383000004,34.269172032472596
933,36.6265914245,36.669304466,35.685860717478995,34.054538558352945,34.44729143655689,34.26565772896614
934,35.5896955205,36.1906238285,35.6056168983828,34.61457324447059,34.50785784778675,34.27352666183673
935,36.315817226,36.492560846,35.67105650024,34.138231860764705,34.66191838508842,34.29754269620438
936,36.804807908,36.7355833235,35.63548818568182,34.23752018847059,34.60177854403178,34.293173950454545
937,36.837210905,36.554421113000004,35.59633198937063,34.23665379817647,34.49089780906482,34.35883339202628
938,36.854885267,36.701707463000005,35.59933608159091,34.26247222894118,34.52587459652174,34.37592016828439
939,36.826900860500004,36.619227107,35.59604016326923,34.23648052011765,34.5294342493787,34.33436735774343
940,36.863722448000004,36.707598917,35.600260483682696,34.17028830164706,34.45324369271677,34.30763178317671
941,36.8445752225,36.610389926,35.57602749712977,34.08399582835294,34.449140263241986,34.269796192312114
942,36.8180636795,36.616281380000004,35.588534224278845,34.13147401647059,34.48544733937558,34.29434530279476
943,36.4999251635,36.4144990805,35.66543933688525,34.083129438058826,34.57031563820487,34.25040223512768
944,36.8092264985,36.653102967500004,35.583237580538466,34.10444263929412,34.45232666986616,34.2408471272
945,36.8180636795,36.622172834,35.56248153490769,34.133206797058826,34.44169641111111,34.26482157976504
946,36.82248227,36.619227107,35.54896913209302,34.09075367264706,34.411995869795916,34.2454009689786
947,36.826900860500004,36.6707773295,35.51684084818182,34.102709858705886,34.395304798793106,34.24797975991267
948,36.766513457,36.636901469,35.574435018125,34.08538205282353,34.41421005323224,34.250835781169144
949,36.831319451,36.6177542435,35.56793922251428,34.07533192541177,34.47007900617022,34.2578920814226
950,36.716436098,36.654575831,35.58971135774193,34.059217065941176,34.43783447352864,34.23254809743094
951,36.7444205045,36.684033101000004,35.6314985,34.06320246129412,34.448325741822785,34.23855236113208
952,36.770932047500004,36.628064288000004,35.60773206204918,34.09023383847059,34.38989576052478,34.22171934050762
953,36.813645089000005,36.6206999705,35.63890426769231,34.04136942588235,34.496704273118915,34.23171895710949
954,36.8121722255,36.660467285,35.6230804265,34.05072644105883,34.42299188847059,34.20619575897959
955,36.857830994000004,36.6560486945,,34.067880968882356,34.39681946159292,34.24704485173285
956,36.760622003,36.719381825,35.597993456393446,34.03114602041177,34.376607183375874,34.21298363933092
957,36.787133546,36.7002345995,35.53505469918033,34.067361134705884,34.36980869095823,34.20474413039788
958,36.7679863205,36.728219006,35.52449208714286,34.063549017411766,34.358743814049184,34.216212773321615
959,36.7591491395,36.737056187,35.497369014015746,34.05245922164706,34.36848409421141,34.22915533483304
960,36.776823501500004,36.669304466,35.54964313564516,34.071173252,34.36276300014322,34.20356982219694
961,36.766513457,36.6413200595,,34.037557308588234,34.39020380166809,34.20422608027641
962,36.737056187,36.678141647000004,,34.03513141576471,34.368303367380356,34.20352422621368
963,36.8858154005,36.7061260535,35.54719802,34.062682627117645,34.39851996617921,34.21450435520211
964,36.8769782195,36.751784822000005,35.52507655678571,34.08399582835294,34.40886123342916,34.22871930322524
965,36.848993813,36.714963234500004,35.51360530456693,34.038770255,34.41289645930316,34.21764386221538
966,36.769459184,36.663413012,35.53806674528,34.079837154941174,34.45671887670673,34.22257161772365
967,36.8033350445,36.701707463000005,35.5573907144,34.15382688605882,34.444961164819276,34.225324150736085
968,36.7503119585,36.631010015,35.605394090000004,34.051766109411766,34.41743448077437,34.312518810310834
969,36.819536543,36.787133546,35.565164482683365,34.05072644105883,34.32260188471831,34.229416150940594
970,36.716436098,36.5971341545,35.59947954232143,34.01485788288235,34.37671127046531,34.205328586321116
971,36.471940757,36.5500025225,35.61255436202,34.0276804592353,34.359841606415756,34.1904967496
972,36.751784822000005,36.572095475,35.5508501510916,34.090926950705885,34.26108953094357,34.242283630205726
973,36.843102359,36.591242700500004,35.57507126165355,34.162490789,34.44239519477654,34.26387219784703
974,36.8534124035,36.6324828785,35.5535820535711,34.095952014411765,34.36063487982533,34.23808537520758
975,36.863722448000004,36.776823501500004,35.541011886065675,34.17669958982353,34.32392267957983,34.28701655633218
976,36.563258294,36.4851965285,35.60409363101378,34.16145112064706,34.47249019209397,34.273804079797685
977,36.7238004155,36.595661291,35.56001564380124,34.114666044764704,34.455947986938774,34.18268267708271
978,36.7620948665,36.5205452525,35.601716467045456,34.11657210341177,34.52676458816177,34.18970624598442
979,36.8003893175,36.501398027,35.55397486127273,34.25502127241177,34.337970747058826,34.32600968146136
980,36.427754852,36.360003131,35.617222702198475,34.215340596941175,34.434661710282256,34.27060877908174
981,36.8622495845,36.707598917,35.601429872560445,34.20407752311765,34.55961784042178,34.293413349927235
982,36.7856606825,36.726746142500005,35.562108746570246,34.12211700129412,34.51018430054029,34.20503712009346
983,36.7797692285,36.745893368000004,35.53216457954546,34.133206797058826,34.401209174222615,34.244403276691074
984,36.7385290505,36.5588397035,35.578185365,34.09543218023529,34.38297634404993,34.19190643962324
985,36.225972552500004,36.392406128000005,35.61809821580766,34.30821763647059,34.397394356628084,34.1691292007729
986,36.713490371,36.601552745,35.58512229866142,34.062682627117645,34.348922794865,34.17280627990491
987,36.795970727000004,36.5205452525,35.56489952873579,34.12402305994118,34.38462357820809,34.26559436941991
988,36.3379101785,36.486669392,35.596732535,34.04847382629412,34.46742035198541,34.21105565588565
989,36.810699362,36.6118627895,35.527096124197804,34.226430392705886,34.30010499474727,34.3720804625
990,36.795970727000004,36.616281380000004,35.50684233439098,34.19714640076471,34.403899527286406,34.24620701269497
991,36.35116595,36.5500025225,35.531916507998844,34.06753441276471,34.52595743067347,34.095582987618016
992,36.838683768500005,36.6089170625,35.53757881203846,34.134766299588236,34.461594667635225,34.13953839988069
993,36.751784822000005,36.513180935,35.48443104905584,34.11587899117647,34.34599271475366,34.232794164859044
994,36.748839095,36.648684377,35.47449197978261,34.17098141388235,34.308516179484904,34.28141729670588
995,36.2819413655,36.5647311575,35.526001583543305,34.147762154,34.52651597616628,34.12151504995825
996,36.7562034125,36.592715564,35.505030147219784,34.067880968882356,34.3698165123724,34.18286952641807
997,36.751784822000005,36.648684377,35.477182565435015,34.12523600635294,34.34843422684659,34.244744114017344
998,36.7562034125,36.535273887500004,35.47418325884298,34.15503983247059,34.430185491923446,34.2364249
999,36.533801024,36.5323281605,35.547742666612905,34.088154501764706,34.47083370564594,34.2263592846663
1000,36.686978828,36.5441110685,35.501920246612904,34.16387701347059,34.397956925187245,34.22580954640986
1001,36.686978828,36.610389926,35.446406942857145,34.15798555947059,34.40937909587649,34.1951646239743
1002,36.714963234500004,36.681087374,35.44816035178572,34.14135086582353,34.32923478864574,34.23107151384615
1003,36.6148085165,36.6413200595,35.44635264374194,34.08399582835294,34.27071083465873,34.2082767721977
1004,36.6707773295,36.6265914245,35.412987824,34.050206606882355,34.394421918064516,34.168134807461286
1005,36.417444807500004,36.200933873000004,35.53819565230769,34.03201241070588,34.46281971558921,34.181322662205666
1006,36.6000798815,36.6265914245,35.50350354848,33.99007912047059,34.35541609319283,34.13818165871028
1007,36.6177542435,36.6089170625,35.482744255510205,34.042755650352944,34.36437572479361,34.17201628961374
1008,36.6884516915,36.5941884275,35.45949906285715,34.01347165841177,34.3678973403554,34.150476194606746
1009,36.633955742,36.591242700500004,35.49166974467941,34.003594809058825,34.41196245687583,34.14863138491803
1010,36.647211513500004,36.5441110685,35.49466296559055,34.03721075247059,34.403768773742165,34.15392582039604
1011,36.4321734425,36.3585302675,35.54932907508475,33.986440281235296,34.46693799788712,34.17557529730233
1012,36.631010015,36.572095475,35.52990370114754,34.01468460482353,34.353620758820426,34.16011396749304
1013,36.709071780500004,36.639847196000005,35.51385096887097,34.12281011352941,34.39790474365285,34.19975555743977
1014,36.6265914245,36.607444199,35.49057022322581,34.02386834194118,34.38512988770536,34.17280434868735
1015,36.684033101000004,36.5558939765,35.5191187990164,34.05471183641177,34.39388117458824,34.17069120570489
1016,36.663413012,36.58682411,35.53119145065574,34.02404162,34.387385284942965,34.18818438153846
1017,36.628064288000004,36.569149748,35.5543344194958,33.990252398529414,34.37803499865979,34.15921926730876
1018,36.6118627895,36.5794597925,35.5208089702459,34.01607082929412,34.35050222407867,34.16582014556279
1019,36.686978828,36.6501572405,35.49452953370968,34.03270552294118,34.36869539054179,34.156091451034484
1020,36.6501572405,36.6118627895,35.48075113322581,34.034958137705885,34.35770279391847,34.14931874098227
1021,36.7120175075,36.563258294,35.50538881376,34.05107299717647,34.349503712095554,34.14069774083258
1022,36.647211513500004,36.5941884275,35.52923627,34.042755650352944,34.35957678636364,34.14332911691733
1023,36.70465319,36.5706226115,35.53450505,34.07394570094118,34.34535875714162,34.15900562904847
1024,36.6089170625,36.664885875500005,35.52636239,33.976216875764706,34.350814976713025,34.123257663304585
1025,36.648684377,36.672250193,35.51361366986885,33.978122934411765,34.3546623711614,34.14944193752188
1026,36.676668783500006,36.663413012,35.46103376701613,34.012258712,34.36776064611399,34.136429972901766
1027,36.653102967500004,36.666358739,35.47609800071429,34.06753441276471,34.33068205656489,34.13533346218329
1028,36.651630104,36.622172834,35.459906788880005,34.027160625058826,34.3435377754847,34.13327679268402
1029,36.689924555000005,36.6206999705,35.407382635390626,34.05003332882353,34.33989891612792,34.144084937744964
1030,36.642792923,36.5824055195,35.38601790827907,34.030972742352944,34.34511189016818,34.14140001126498
1031,36.6913974185,36.598607018,35.3936205670625,33.987133393470586,34.33674187076923,34.123100314078656
1032,36.6177542435,36.55736684,35.46574371041322,33.95438384035294,34.38251373778168,34.103679322320446
1033,36.654575831,36.6413200595,35.471723905322584,33.98002899305882,34.39361818457864,34.10300923112676
1034,36.6737230565,36.666358739,35.47511153,33.99874302341177,34.337496866012685,34.126317045041326
1035,36.7179089615,36.653102967500004,35.402924645792,34.00723364829412,34.35145528161249,34.120739768038234
1036,36.684033101000004,36.610389926,35.40759067736,33.99839646729412,34.338630322439876,34.13399058077723
1037,36.6855059645,36.6354286055,35.41015693905512,33.991638623,34.35033753384616,34.127414817500004
1038,36.684033101000004,36.628064288000004,35.427329853714284,34.00844659470588,34.34545569343629,34.131416363881705
1039,36.491087982500005,36.580932656,35.49642614,34.01485788288235,34.42196977646233,34.19361958132513
1040,36.7414747775,36.575041202,35.4580215236,34.05003332882353,34.35360846575,34.19353296605809
1041,36.6442657865,36.560312567000004,35.42936894,34.01503116094118,34.32170328531078,34.176360473193206
1042,36.707598917,36.6148085165,35.37627058571429,34.01347165841177,34.326088740495514,34.14436157209559
1043,36.7002345995,36.5941884275,35.39045371571429,34.044315152882355,34.35703574199138,34.174273697000004
1044,36.6913974185,36.589769837,35.41328448258065,33.944506991000004,34.36569559769231,34.146640886114476
1045,36.55736684,36.52790957,,33.95299761588235,34.40814001675822,34.14088782739941
1046,36.666358739,36.5470567955,35.440690829750004,33.97517720741177,34.33736805201574,34.118236709026036
1047,36.6501572405,36.5941884275,35.441702675,34.02300195164706,34.321563997460885,34.1345941783691
1048,36.365894585,36.523490979500004,35.54458595533899,34.13875169494118,34.40786053071533,34.11463190769077
1049,36.7120175075,36.595661291,35.483281132625,34.06424212964706,34.38390102087287,34.14721315077154
1050,36.355584540500004,36.433646306,35.49715475788136,34.130780904235294,34.46624392208687,34.16932255827534
1051,36.7385290505,36.651630104,35.48198868819672,34.07654487182353,34.453856261430815,34.16345021933403
1052,36.731164733,36.5765140655,35.45812738566406,34.107734922411765,34.39031673092477,34.15318059367988
1053,36.70465319,36.55736684,35.44338334793307,34.05471183641177,34.38929491922784,34.13614573726326
1054,36.7002345995,36.541165341500005,35.463181221607144,34.090926950705885,34.38281757748245,34.13910310041979
1055,36.7002345995,36.5500025225,35.469430216458086,34.06077656847059,34.39467521433019,34.149412972730076
1056,36.695816009,36.5382196145,35.459014518669356,34.05869723176471,34.43293447594595,34.159789679649826
1057,36.707598917,36.5647311575,35.457974391968,34.09058039458824,34.398724419845266,34.17113006586047
1058,36.7414747775,36.55736684,35.45175340286885,34.057657563411766,34.3986820669869,34.15972633750769
1059,36.7562034125,36.563258294,35.446257620290325,34.07689142794118,34.380407606269955,34.1598207556765
1060,36.7414747775,36.551475386,35.47698524479508,34.06077656847059,34.40685337314973,34.143043577519144
1061,36.7473662315,36.5676768845,35.473722488,34.086594999235295,34.392777329176475,34.171358089907976
1062,36.35116595,36.2583755495,35.588494951092436,34.03911681111765,34.47335294351792,34.1191764963726
1063,36.70465319,36.592715564,35.495479768225806,34.063029183235294,34.410712910159965,34.13937921352244
1064,36.7355833235,36.563258294,35.480656109774195,34.1160522692353,34.38183826916053,34.17152690221299
1065,36.714963234500004,36.535273887500004,35.466160100491805,34.07515864735294,34.418329377253734,34.156767924994796
1066,36.70465319,36.542638205,35.434408575968,34.050206606882355,34.42632062680413,34.14645944357554
1067,36.7414747775,36.5529482495,35.471913952225805,34.08867433594118,34.43705984511211,34.16494299105759
1068,36.740001914000004,36.55736684,35.487478793600005,34.08035698911765,34.41512758653266,34.14118200718385
1069,36.6118627895,36.5028708905,35.544068945737706,34.096818404705886,34.4276003626839,34.13573376875
1070,36.669304466,36.5117080715,35.50001849,34.09040711652941,34.40482439296478,34.14335381911087
1071,36.6972888725,36.529382433500004,35.50020433424,34.09525890217647,34.38791379586441,34.15844706773361
1072,36.740001914000004,36.524963843,35.500468499435485,34.105309029588234,34.402446432555394,34.15732771622072
1073,36.70465319,36.566204021000004,35.46873368321429,34.09144678488235,34.39690075959322,34.148117806078744
1074,36.672250193,36.55736684,35.45167545346457,34.08122337941177,34.44539680305894,34.14648485743776
1075,36.719381825,36.5500025225,35.48504365928,34.085901887,34.43196352823529,34.17754004734694
1076,36.7562034125,36.539692478,35.488798479296,34.1160522692353,34.43060886826087,34.15424529830454
1077,36.479305074500004,36.448374941000004,35.586872532125,34.07550520347059,34.44380385171654,34.118035780065256
1078,36.775350638,36.5205452525,35.50089662,34.12800845529412,34.415648373189654,34.17697956836641
1079,36.807753635,36.5676768845,35.47103259714286,34.147588875941175,34.44896344312321,34.19664881291876
1080,36.790079273,36.548529659,35.46735282654839,34.15244066158824,34.441962260855924,34.20398647871386
1081,36.7797692285,36.5529482495,35.47691625821429,34.130434348117646,34.39963243922078,34.209218691918785
1082,36.7355833235,36.5824055195,35.4735234119375,34.09196661905882,34.44385845923748,34.183936521197154
1083,36.707598917,36.533801024,35.51387143877551,34.07307931064706,34.40534602772468,34.21225933251695
1084,36.726746142500005,36.5647311575,35.470735491741074,34.042409094235296,34.40597609855587,34.21276114817304
1085,36.703180326500004,36.560312567000004,35.56587440816,34.110853927470586,34.40167828715628,34.176815616080845
1086,36.703180326500004,36.541165341500005,35.52943568785433,34.05904378788235,34.38127796709091,34.20720909947391
1087,36.6825602375,36.5676768845,35.51569316233766,34.08780794564706,34.381538068643394,34.21340789805468
1088,36.4822508015,36.480777938,35.5958938210625,34.08555533088236,34.48410124842542,34.212272904291574
1089,36.686978828,36.495506573,35.51348691062612,34.07810437435295,34.39982719187251,34.21203256127273
1090,36.6943431455,36.563258294,35.51646658835938,34.148801822352944,34.41463704530457,34.21745631982074
1091,36.748839095,36.5794597925,35.49196124251748,34.121423889058825,34.32822643086847,34.21123537691517
1092,36.76356773,36.52790957,35.49378086409091,34.08035698911765,34.39523374766839,34.2469143804439
1093,36.5028708905,36.3909332645,35.576074576231406,34.13286024094118,34.503712700933214,34.15912738429105
1094,36.6796145105,36.46899503,35.573398998548384,34.12627567470588,34.34576822891695,34.177709428878146
1095,36.6825602375,36.467522166500004,35.53070105767442,34.15746572529412,34.28131393786378,34.22188658780969
1096,36.6236456975,36.489615119,35.53512403953846,34.17340730670588,34.3790564875049,34.18224479277289
1097,36.666358739,36.523490979500004,35.581088474421875,34.20840947458824,34.49818241431477,34.265661537747015
1098,36.663413012,36.5175995255,35.58597829357143,34.25398160405882,34.443220158149785,34.26355146723757
1099,36.5441110685,36.513180935,35.58569333463748,34.23197529058824,34.36213796623201,34.20687367270517
1100,36.692870282,36.467522166500004,35.543184568893665,34.22608383658824,34.26542982430137,34.23876658769631
1101,36.495506573,36.386514674,35.57363010177989,34.21586043111765,34.41860150850237,34.235856422269805
1102,36.692870282,36.471940757,35.57001919616542,34.19957229358824,34.490509545916375,34.20248314302836
1103,36.740001914000004,36.5323281605,35.549568831129136,34.19454722988235,34.507140848,34.22778333036804
1104,36.748839095,36.519072389,35.535930627335766,34.27858708841177,34.503496801744575,34.22109060894949
1105,36.720854688500005,36.523490979500004,35.53794012298508,34.240812471588235,34.49158073801832,34.22929750133822
1106,36.840156632,36.507289481,35.560826646351146,34.248263428117646,34.46358983820127,34.24849217750346
1107,36.742947641,36.541165341500005,35.54437468172078,34.23440118341177,34.41664567791728,34.23719769875
1108,36.7355833235,36.530855297,35.52811412102529,34.16630290629412,34.405331965712165,34.17865747551354
1109,36.70465319,36.5146537985,35.550716825826775,34.139444807176474,34.36059700162544,34.156599335
1110,36.666358739,36.5470567955,35.52512563438931,34.16508995988235,34.429761886311184,34.19332570840838
1111,36.7120175075,36.572095475,35.51686618258368,34.171154691941176,34.46768226130903,34.192955638823534
1112,36.7444205045,36.5765140655,35.49492854993507,34.16422356958824,34.408340214185486,34.19108319875497
1113,36.740001914000004,36.575041202,35.48890957528572,34.128181733352946,34.41560099198114,34.17042537955432
1114,36.6619401485,36.507289481,35.52544898627907,34.13407318735294,34.3971845819205,34.15831262284347
1115,36.70465319,36.5765140655,35.512325890103384,34.235787407882356,34.461773309166304,34.215526495938306
1116,36.703180326500004,36.5558939765,35.50940117019629,34.227296783,34.412077197300086,34.194430975388535
1117,36.4027161725,36.5058166175,35.559917823613446,34.19160150288236,34.43082438317919,34.315450043386434
1118,36.5028708905,36.306980045,35.546697948551135,34.19558689823529,34.44146689004037,34.15398396990654
1119,36.6089170625,36.451320668,35.524834976,34.21793976782353,34.41378396153846,34.287136896566565
1120,36.6354286055,36.386514674,35.49468515182609,34.34079391152941,34.46180334688093,34.28909951626953
1121,36.5500025225,36.330545861000004,35.50142891503572,34.283092317941176,34.51947079387905,34.250144486447766
1122,36.725273279,36.383568947,35.46506779387383,34.11813160594118,34.490790442923,34.37608037012766
1123,36.692870282,36.5175995255,35.4591074704418,34.32883772547059,34.48975401712151,34.290352340486926
1124,36.719381825,36.4027161725,35.44909976941606,34.328491169352944,34.337835300424885,34.2896058982586
1125,36.563258294,36.4351191695,35.46385982162406,34.34235341405883,34.445701399142855,34.3274158192463
1126,36.619227107,36.451320668,35.44636264621053,34.32623855458824,34.480206338455645,34.25598398691605
1127,36.616281380000004,36.454266395000005,35.42275934843262,34.32935755964706,34.47941848469939,34.222015468445434
1128,36.663413012,36.523490979500004,35.41405206861314,34.25969978,34.471900286092946,34.21970629544944
1129,36.6089170625,36.5323281605,35.450864498,34.21932599229412,34.468540326410114,34.16599760685715
1130,36.6884516915,36.504343754000004,35.43584823309091,34.242371974117646,34.4977472519,34.23956946247711
1131,36.76356773,36.5676768845,35.43011210499463,34.2456642572353,34.491027315313936,34.227260416
1132,36.589769837,36.510235208000005,35.46123420710938,34.15538638858824,34.47157166584934,34.132751909286796
1133,36.731164733,36.5028708905,35.479304532915926,34.15226738352941,34.449803884680854,34.18910589271484
1134,36.681087374,36.507289481,35.44371107662946,34.10894786882353,34.400216800899855,34.14206413423077
1135,36.622172834,36.5117080715,35.426783818962434,34.06961374947059,34.30172996015776,34.14162211544304
1136,36.3644217215,36.301088591,35.4766575585363,34.05141955329412,34.45608158,34.17415848507967
1137,36.6265914245,36.492560846,35.42824760697675,34.125755840529415,34.31095041342479,34.141561953006196
1138,36.5558939765,36.5058166175,35.41792107046512,34.06285590517647,34.43905998779804,34.09885090478063
1139,36.4999251635,36.489615119,35.42345523417323,34.07273275452941,34.431283988198075,34.10056142284549
1140,36.6177542435,36.306980045,35.39712805930769,34.09785807305882,34.41959366294088,34.26713097828456
1141,36.631010015,36.371786039,35.35521639517046,34.17098141388235,34.417173435875,34.21936942147848
1142,36.663413012,36.3438016325,35.347549059852945,34.16699601852941,34.47095868406971,34.189215310796286
1143,36.6589944215,36.2760499115,35.36386752466166,34.20113179611765,34.47097328113439,34.2111366903012
1144,36.664885875500005,36.368840312,35.35482444628572,34.155906222764706,34.350689049926366,34.157596548962495
1145,36.660467285,36.4086076265,35.35689119762032,34.22625711464706,34.30905287376093,34.224486491724136
1146,36.6383743325,36.430700579,35.37112145277672,34.17462025311765,34.31372811673534,34.173634282278485
1147,36.684033101000004,36.4439563505,35.40023429066346,34.23994608129412,34.34895450544959,34.254328410940666
1148,36.607444199,36.4851965285,35.42807385700284,34.19246789317647,34.484309518605386,34.15760321958291
1149,36.306980045,36.271631321,35.46325512561984,34.104269361235296,34.57532593639165,34.11762655027719
1150,36.5882969735,36.367367448500005,35.42507602907625,34.18657643917647,34.433284603217,34.23999925657143
1151,36.698761736,36.445429214,35.35195235396097,34.22504416823529,34.35818822818182,34.23578546391637
1152,36.6796145105,36.530855297,35.350068009411764,34.14117758776471,34.36862349731696,34.12909798031187
1153,36.6236456975,36.489615119,35.33885529349936,34.10981425911765,34.34876785274545,34.062073087448496
1154,36.6295371515,36.4940337095,35.37890139215415,34.267843848764706,34.35629785020534,34.12276961592243
1155,36.2613212765,36.327600134,35.46550026190083,34.13095418229412,34.48456803601695,34.1144394212773
1156,36.6118627895,36.495506573,35.42600887236662,34.08711483341177,34.31278144941634,34.09984071551871
1157,36.566204021000004,36.4586849855,35.45523083486316,34.138231860764705,34.254099830234374,34.11869251459216
1158,36.1552751045,36.1376007425,35.46014594197034,34.17288747252941,34.42999141122894,34.05778524198143
1159,36.539692478,36.377677493,35.43144074922811,34.13459302152941,34.22492128777192,34.047467099028864
1160,36.563258294,36.492560846,35.40386813149321,34.11917127429412,34.33089626880941,34.08716633299574
1161,36.560312567000004,36.386514674,35.43172506542857,34.12263683547059,34.31127687957117,34.13153958546378
1162,36.5735683385,36.495506573,35.39951290196172,34.16283734511765,34.267304312889095,34.15252461141701
1163,36.5676768845,36.424809125,35.40537336982724,34.07030686170588,34.32944479894688,34.14036007076923
1164,36.633955742,36.466049303,35.379850573816796,34.12627567470588,34.31934358928382,34.158765913791186
1165,36.6000798815,36.4763593475,35.403355971636365,34.11882471817647,34.3601674389746,34.109911268069496
1166,36.5735683385,36.442483487000004,35.386811384183204,34.109640981058824,34.27205323953308,34.13975984372072
1167,36.591242700500004,36.5087623445,35.341763498,34.128874845588236,34.267017530000004,34.136443289590055
1168,36.136127879,36.365894585,35.370919585641914,34.071173252,34.33053552504225,34.03443481002016
1169,36.507289481,36.445429214,35.347425719568015,34.06320246129412,34.37189808980531,34.00954749331279
1170,36.575041202,36.3703131755,35.34239499291031,34.14360348058824,34.32345284498367,34.10913084370803
1171,36.5617854305,36.5058166175,35.3499800785065,34.12090405488235,34.36330715114569,34.10497612964606
1172,36.519072389,36.4616307125,35.34109639951909,34.06441540770588,34.24182379060935,34.0553864432233
1173,36.253956959,36.237755460500004,35.39574910571429,34.144469870882354,34.37740953941266,34.02749971631664
1174,36.603025608500005,36.4233362615,35.360095598086126,34.099417575588234,34.32185138263736,34.022404278059625
1175,36.507289481,36.2554298225,35.39909312135529,34.07307931064706,34.354610859481326,34.07905004529315
1176,36.6413200595,36.4822508015,35.361365271341334,34.13216712870588,34.20465769596588,34.06359047149282
1177,36.5676768845,36.477832211,35.33124859707982,34.05869723176471,34.35817122542857,34.0061204955288
1178,36.5882969735,36.474886484,35.3440614006325,34.16006489617647,34.33703432375188,34.08779533665932
1179,36.6796145105,36.480777938,35.35102716472727,34.191774780941174,34.3196349761309,34.097496256405535
1180,36.633955742,36.466049303,35.314633716,34.165609794058824,34.27914098728185,34.110145396763485
1181,36.601552745,36.5529482495,35.306008721406016,34.14395003670588,34.3023327820065,34.035775066166046
1182,36.5647311575,36.5058166175,35.27505274819549,34.15573294470588,34.267549765814266,33.98408776135161
1183,36.4586849855,36.392406128000005,35.383985585000005,34.06372229547059,34.40698613,34.00219152931507
1184,36.554421113000004,36.4851965285,,34.06164295876471,34.279917879409396,34.02691269894737
1185,36.5971341545,36.5323281605,35.27718286016393,34.07342586676471,34.26920036383689,34.04532019851922
1186,36.601552745,36.5323281605,35.30890547,34.050553163000004,34.35672615180593,34.035396263529414
1187,36.330545861000004,36.304034318,35.38914690153846,34.09508562411765,34.42939185274131,34.00600052090362
1188,36.5824055195,36.507289481,35.397707133846154,34.058004119529414,34.31440613857143,33.99182498826876
1189,36.539692478,36.5205452525,35.35203330032787,34.06666802247059,34.22700600308155,34.04294836497185
1190,36.510235208000005,36.479305074500004,35.33720289586777,34.01416477064706,34.19927396492518,34.0267929052088
1191,36.535273887500004,36.495506573,35.29581664876033,34.018496722117646,34.17582574670968,34.02116646498669
1192,36.5441110685,36.5146537985,,33.98817306182353,34.19489129910511,34.02582690909091
1193,36.5529482495,36.519072389,,33.98661355929412,34.214569404471405,34.04079131433184
1194,36.4999251635,36.405661899500004,,33.96166151882353,34.23213619164286,34.01605135261496
1195,36.545583932,36.421863398,,33.95559678676471,34.21976203051813,34.01612383920425
1196,36.622172834,36.4144990805,,33.93757586864706,34.19165023273577,34.014164692134116
1197,36.6118627895,36.429227715500005,,33.960448572411764,34.235460080230474,34.03498402446837
1198,36.653102967500004,36.516126662000005,,33.953864006176474,34.1875848759322,34.006943656133586
1199,36.6000798815,36.523490979500004,,33.95126483529412,34.186915775375,34.03455648254207
1200,36.5058166175,36.4969794365,,33.938268980882356,34.209696683025214,34.03161672895956
1201,36.433646306,36.3113986355,,33.99649040864706,34.192122130819975,34.00374069502664
1202,36.5794597925,36.489615119,,33.982801442,34.231281238327306,34.00156429434642
1203,36.6089170625,36.4557392585,,33.987133393470586,34.224958580285964,34.015741881108546
1204,36.348220223,36.365894585,,33.97864276858824,34.2350053971835,34.045581415619914
1205,36.513180935,36.3820960835,,34.00532758964706,34.25683381339147,34.03873636490566
1206,36.6000798815,36.507289481,,34.00463447741176,34.24630648809202,34.01439811207703
1207,36.639847196000005,36.5087623445,,34.01243199005882,34.25453319075916,34.031918325211464
1208,36.5441110685,36.467522166500004,,34.01624410735295,34.24724756546896,33.99633320461967
1209,36.55736684,36.4763593475,35.30258216145161,34.06250934905883,34.3063404575,34.02917637348624
1210,36.572095475,36.510235208000005,35.29011976035714,34.0276804592353,34.264895110851434,34.04159063191489
1211,36.580932656,36.522018116,35.27020197008,34.02248211747059,34.24017839461342,34.034128792512725
1212,36.603025608500005,36.4969794365,35.26690275584,34.00567414576471,34.2397145459569,34.03864919772603
1213,36.6000798815,36.4645764395,35.28320461007874,34.02612095670588,34.22306277781331,34.04493120883022
1214,36.2966700005,36.3762046295,,34.03963664529412,34.29829067315503,34.00515875461539
1215,36.523490979500004,36.479305074500004,35.36528062429752,34.01901655629412,34.35438873497916,34.03069046406281
1216,36.610389926,36.4851965285,35.34684725266129,33.99804991117647,34.27999741916267,33.981220808
1217,36.657521558,36.5117080715,35.318559024512,33.9923317352353,34.29228863531547,34.01803326128288
1218,36.6236456975,36.5175995255,35.311812468045716,33.965646914176475,34.27882565965218,34.00736504944815
1219,36.642792923,36.529382433500004,35.29471202183674,34.00064908205883,34.24783537914565,34.013402787459164
1220,36.583878383,36.519072389,35.29785145877551,34.02057605882353,34.26761116108572,34.00386125346748
1221,36.6295371515,36.524963843,35.27599242772571,34.00654053605882,34.25382295709437,34.03465901
1222,36.591242700500004,36.5175995255,35.31873614822581,34.07810437435295,34.25070165696192,34.03799006475357
1223,36.535273887500004,36.510235208000005,35.337159252436976,34.04327548452941,34.3418291557617,34.055055176039986
1224,36.5824055195,36.4999251635,35.339033312,34.06181623682353,34.29445530252151,34.00656578350261
1225,36.636901469,36.536746751,35.341909381622855,34.130434348117646,34.294123968647746,34.03085448623697
1226,36.64573865,36.5264367065,35.339880164344265,34.11102720552941,34.304322448476114,34.034702612079585
1227,36.6206999705,36.507289481,35.32184477257143,34.070480139764705,34.24553880478243,34.04488415520366
1228,36.6177542435,36.5175995255,35.32687775756,34.04691432376471,34.26127720784584,34.0335615133518
1229,36.7738777745,36.70465319,35.535274453426425,34.366439064235294,34.347064242943006,34.33430046874534
1230,36.7915521365,36.6501572405,35.5572956639339,34.373890020764705,34.42690664805112,34.328753553669
1231,36.4851965285,36.524963843,35.53739935162791,34.39364371947059,34.47251980952969,34.289050815641424
1232,36.7856606825,36.6177542435,35.5610856016,34.42414065782353,34.40834308677543,34.39557719654094
1233,36.8563581305,36.6678316025,35.55251369703561,34.34269997017647,34.55774835023302,34.31164807371622
1234,36.8445752225,36.709071780500004,35.50160120652174,34.390004880235296,34.53207589888334,34.30853143355224
1235,36.8622495845,36.709071780500004,35.52225888970149,34.40923874476471,34.567888815651294,34.355496947674304
1236,36.857830994000004,36.698761736,35.52723128576056,34.40923874476471,34.574982548642964,34.33317906597968
1237,36.848993813,36.664885875500005,35.52900035447762,34.403693846882355,34.52861474997548,34.34782474136872
1238,36.831319451,36.6265914245,35.51387073565414,34.29435539176471,34.52825537344681,34.29061173
1239,36.825427997,36.653102967500004,35.53089089568657,34.30475207529412,34.50319481557845,34.28991793889299
1240,36.7679863205,36.722327552,35.51973802784689,34.27130940994118,34.4932452533636,34.29142720172702
1241,36.826900860500004,36.703180326500004,35.54492268493233,34.30319257276471,34.43808890684066,34.30380119952199
1242,36.82248227,36.669304466,35.58000861055769,34.365399395882356,34.492612038504845,34.30346320189911
1243,36.6442657865,36.616281380000004,35.627621755625,34.376662469705884,34.44986356856492,34.28502567495677
1244,36.757676276,36.710544644,35.56211587038168,34.356735492941176,34.48848850987984,34.284891222250494
1245,36.6943431455,36.663413012,35.546696411023625,34.342526692117644,34.44020901656392,34.317170608369466
1246,36.720854688500005,36.6589944215,,34.33975424317647,34.45096380736098,34.28303750382436
1247,36.305507181500005,36.489615119,,34.32363938370588,34.551190612239715,34.299252456100504
1248,36.657521558,36.653102967500004,,34.34079391152941,34.47880186325,34.22255154938508
1249,36.748839095,36.720854688500005,,34.36124072247059,34.45669107166591,34.272510836482
1250,36.813645089000005,36.7738777745,,34.40941202282353,34.47996941991936,34.318506219926604
1251,36.716436098,36.731164733,,34.36557267394118,34.4118977686226,34.30205233043357
1252,36.654575831,36.654575831,,34.36557267394118,34.48685199993522,34.26986531445143
1253,36.5175995255,36.522018116,,34.35569582458824,34.44552713964758,34.23455014623338
1254,36.751784822000005,36.7562034125,,34.378221972235295,34.49983065894584,34.26554582780347
1255,36.6913974185,36.709071780500004,,34.39208421694118,34.53441700340249,34.27474906743106
1256,36.695816009,36.669304466,,34.35326993176471,34.53448671386567,34.29793570662252
1257,36.737056187,36.707598917,,34.359854498000004,34.553077189513075,34.28629078384393
1258,36.728219006,36.6707773295,,34.34304652629412,34.532393035094344,34.283040555151814
1259,36.636901469,36.6265914245,,34.31393581241176,34.53082023419759,34.299611492882356
1260,36.720854688500005,36.6913974185,,34.3576018832353,34.54036632625997,34.285013516581856
1261,36.810699362,36.722327552,,34.37423657688235,34.53071218810127,34.33392764561437
1262,36.7886064095,36.751784822000005,,34.389138489941175,34.506748790809354,34.3209709016
1263,36.8151179525,36.714963234500004,,34.38965832411765,34.494343552813774,34.318119470853944
1264,36.7473662315,36.709071780500004,,34.38861865576471,34.47094826898946,34.32158143158802
1265,36.8003893175,36.725273279,,34.35569582458824,34.441618498061445,34.33024047090909
1266,36.766513457,36.719381825,,34.36366661529412,34.46252929000442,34.33030626095368
1267,36.566204021000004,36.4851965285,,34.38965832411765,34.5201078227353,34.29251621236842
1268,36.787133546,36.757676276,,34.41253102788235,34.536830320128324,34.32764698402746
1269,36.787133546,36.728219006,,34.42015526247059,34.518960759300136,34.32943758347987
1270,36.720854688500005,36.7562034125,,34.40230762241177,34.501520985851066,34.33278398074074
1271,36.720854688500005,36.757676276,,34.43627012194118,34.548805341246535,34.33846180405005
1272,36.483723665,36.577986929,,34.44112190758824,34.59043784118812,34.33421792341584
1273,36.7562034125,36.720854688500005,,34.4194621502353,34.54771129509243,34.303107487610276
1274,36.748839095,36.742947641,,34.41755609158824,34.52845871532634,34.31231684455696
1275,36.7355833235,36.7562034125,,34.42587343841177,34.500617694804845,34.30810085676317
1276,36.6855059645,36.714963234500004,35.624392321311475,34.41201119370588,34.510272007455036,34.304970952842105
1277,36.804807908,36.713490371,,34.38671259711765,34.47193408674699,34.31604929648946
1278,36.651630104,36.563258294,,34.387578987411764,34.57659108011142,34.273069843982434
1279,36.7679863205,36.6589944215,,34.36314678111765,34.5323907027401,34.26604967967134
1280,36.769459184,36.722327552,,34.4135706962353,34.502510010794765,34.27429684750353
1281,36.707598917,36.720854688500005,35.59541023088,34.412704305941176,34.490733522840294,34.2755414272879
1282,36.6972888725,36.7238004155,,34.402827456588234,34.471606774885394,34.268255384154415
1283,36.734110460000004,36.703180326500004,,34.40230762241177,34.49590521858802,34.26842474282857
1284,36.684033101000004,36.653102967500004,,34.44476074682353,34.496621375356646,34.264192049441476
1285,36.722327552,36.714963234500004,,34.44493402488236,34.478282798793884,34.261171255315745
1286,36.681087374,36.6678316025,,34.440082239235295,34.45307995768714,34.261155791514874
1287,36.710544644,36.707598917,35.6066572066129,34.40785252029412,34.46262764,34.27619695653846
1288,36.82248227,36.742947641,35.608716048064515,34.42604671647059,34.496865293798784,34.29567252093458
1289,36.769459184,36.703180326500004,,34.49934333535294,34.477441956413614,34.298185996229655
1290,36.6972888725,36.686978828,35.61996048983871,34.42188804305883,34.45760636506024,34.294321636298704
1291,36.686978828,36.6825602375,35.61710978629033,34.42621999452941,34.469194613929716,34.2848344407595
1292,36.64573865,36.64573865,35.62024247,34.401267954058824,34.47085013,34.276516542958746
1293,36.6089170625,36.466049303,,34.382553923705885,34.508719713039774,34.265084442258065
1294,36.769459184,36.709071780500004,35.624473460000004,34.36903823511765,34.4767682755186,34.27834430783809
1295,36.787133546,36.6707773295,35.60903279290323,34.36747873258824,34.46480966,34.29475190906179
1296,36.7827149555,36.6855059645,35.599023656,34.40265417852941,34.44109247426661,34.28554809181692
1297,36.7738777745,36.7061260535,35.6139486728,34.41235774982353,34.47711377455191,34.30651892518519
1298,36.7827149555,36.70465319,35.61354640685484,34.418075925764704,34.50427979011583,34.29960338107092
1299,36.751784822000005,36.754730549,35.61877269669355,34.41201119370588,34.4714183072751,34.317615310843266
1300,36.8092264985,36.664885875500005,,34.38463326041177,34.49488324809311,34.28611165554511
1301,36.686978828,36.613335653,35.62851260048387,34.43193817047059,34.52216561428572,34.27658057632556
1302,36.678141647000004,36.6177542435,35.61045814467742,34.412877584,34.51787171064286,34.280684949640495
1303,36.6943431455,36.5558939765,,34.44060207341177,34.54648617757856,34.26802280807136
1304,36.765040593500004,36.6501572405,35.62227526112,34.41634314517647,34.49387072619132,34.2537942652506
1305,36.684033101000004,36.678141647000004,35.617608080000004,34.41045169117647,34.47777734119364,34.3033974429558
1306,36.703180326500004,36.651630104,35.62263737,34.39554977811765,34.53059775507923,34.27682479614653
1307,36.663413012,36.625118561,35.62793363245902,34.37440985494118,34.5288345143447,34.283067325913464
1308,36.695816009,36.663413012,35.63042864713115,34.37562280135294,34.549835511524066,34.30104626153846
1309,36.660467285,36.6619401485,35.6370866,34.34737847776471,34.53600066723056,34.300039716479695
1310,36.64573865,36.660467285,35.635490000000004,34.33663523811765,34.52723798771236,34.27647107240876
1311,36.6148085165,36.551475386,35.67018317882353,34.36747873258824,34.5617458985,34.30915047927641
1312,36.7797692285,36.7120175075,35.618925275,34.37648919164706,34.510238826058426,34.28105945838971
1313,36.778296365,36.719381825,35.611052041250005,34.36245366888235,34.50956170943247,34.304683655123966
1314,36.7944978635,36.731164733,35.59659226228572,34.370771015705884,34.52282918266203,34.29723776721992
1315,36.7473662315,36.664885875500005,35.616841712,34.37995475282353,34.48692364709842,34.29862936916357
1316,36.510235208000005,36.491087982500005,35.672150912711864,34.40923874476471,34.54600377263158,34.2664953680297
1317,36.8298465875,36.648684377,35.60269789612903,34.445280581,34.50486825358491,34.283645349525514
1318,36.8062807715,36.628064288000004,35.609824655000004,34.37007790347059,34.46275670933562,34.35611863161928
1319,36.8740324925,36.5794597925,35.630812959875,34.371983962117646,34.447421573136594,34.39123838960186
1320,36.776823501500004,36.6413200595,35.64706166553846,34.362107112764704,34.497903007810095,34.36410444000764
1321,36.7856606825,36.603025608500005,35.6582660373273,34.36817184482353,34.509013795244215,34.36396193659929
1322,36.7061260535,36.6059713355,35.63824504908397,34.38030130894118,34.53840259985395,34.313988402091134
1323,36.748839095,36.5971341545,35.65832796140458,34.42968555570589,34.574477382885824,34.3412458084934
1324,36.7738777745,36.580932656,35.63788168790533,34.430551946,34.59603437406015,34.30787842728011
1325,36.772404911,36.591242700500004,35.69655995,34.44580041517647,34.592813489647575,34.33663133692308
1326,36.448374941000004,36.5941884275,35.71384528900572,34.46191527464706,34.60672721396706,34.37827636591165
1327,36.7562034125,36.6000798815,35.705047245395846,34.45169186917647,34.580078476085745,34.316468972605044
1328,36.765040593500004,36.513180935,35.70938077606952,34.440948629529416,34.64754719150203,34.33255141107986
1329,36.8239551335,36.5588397035,35.668307085555064,34.54214301588235,34.591518543257095,34.36189590411105
1330,36.837210905,36.5765140655,35.658279729565216,34.515978029,34.51500486362422,34.33536779559322
1331,36.778296365,36.5824055195,35.683518055524296,34.446320249352944,34.488777336147756,34.35209714490305
1332,36.725273279,36.6148085165,35.69120061233773,34.48808026152941,34.60171839639682,34.36951949279197
1333,36.70465319,36.592715564,35.70229653585659,34.471792124000004,34.613684889352115,34.386035802547084
1334,36.477832211,36.4645764395,35.7341197876,34.49466482776471,34.62570193230461,34.324137558125
1335,36.804807908,36.55736684,35.73039907240816,34.607642122117646,34.59048067683588,34.35104015209303
1336,36.790079273,36.575041202,35.73254536740043,34.64749607564706,34.588675988161434,34.41124140196338
1337,36.8445752225,36.5794597925,35.72298942201798,34.636752836,34.60365154913347,34.41951959706837
1338,36.837210905,36.592715564,35.7352253444,34.595859214117645,34.66424438322987,34.42343107107752
1339,36.7974435905,36.6442657865,35.73016429778409,34.551673309117646,34.685255685981055,34.388820578255874
1340,36.714963234500004,36.6560486945,35.6957416925,34.45567726452941,34.580805101547405,34.3366799655676
1341,36.710544644,36.651630104,35.698196465,34.433844229117646,34.527085055600516,34.336017841374606
1342,36.725273279,36.664885875500005,35.69955941331344,34.49986316952941,34.57490024682885,34.33001713419355
1343,36.7473662315,36.6737230565,35.69703319594217,34.438522736705885,34.56595225532604,34.280332782562105
1344,36.754730549,36.6177542435,35.69176417342246,34.4076792422353,34.5697457503599,34.29215049864507
1345,36.389460401,36.4881422555,35.743789515181106,34.42431393588235,34.600469048918285,34.363572349287836
1346,36.784187819,36.654575831,35.70923371278196,34.44458746876471,34.5160016367854,34.31096759504425
1347,36.804807908,36.6089170625,35.70767330306491,34.47231195817647,34.52035120080176,34.37316782968276
1348,36.4881422555,36.6413200595,35.72088861393701,34.42119493082353,34.58736758494873,34.32716470137398
1349,36.622172834,36.430700579,35.71933374270992,34.45463759617647,34.34040301068592,34.337905798209334
1350,36.604498472,36.5765140655,35.69437084551948,34.435057175529415,34.39069573109299,34.37765583099138
1351,36.417444807500004,36.2407011875,35.74946499229508,34.440948629529416,34.556140869503835,34.33010222982186
1352,36.651630104,36.5882969735,35.698428805254316,34.48773370541176,34.47980537303745,34.3563590113649
1353,36.757676276,36.551475386,35.70522056882729,34.507140848,34.617097560739936,34.38048751315456
1354,36.798916454,36.533801024,35.7141470312,34.51233918976471,34.65956944975723,34.37381411577434
1355,36.781242092,36.580932656,35.70323930081448,34.55617853864706,34.54141514269909,34.29303517798319
1356,36.7738777745,36.6825602375,35.6867645776087,34.514765082588234,34.598528558485974,34.40307021510581
1357,36.772404911,36.5765140655,35.70894910733242,34.46416788941177,34.598403339380674,34.50652916698361
1358,36.7473662315,36.548529659,35.648828262500004,34.41322414011765,34.61336004361234,34.32595264142209
1359,36.7385290505,36.5058166175,35.65835794335878,34.41010513505883,34.571716748882835,34.36438310962892
1360,36.6913974185,36.519072389,35.65091744285412,34.396936002588234,34.477586829835786,34.329400338418864
1361,36.639847196000005,36.598607018,35.65847378272727,34.331263618294116,34.552188917,34.31681343886463
1362,36.6855059645,36.592715564,35.64967860852941,34.31549531494118,34.45786686909091,34.3032464103395
1363,36.7738777745,36.5882969735,35.64241960413534,34.42743294094118,34.44253714640102,34.33047259841365
1364,36.6265914245,36.610389926,35.65410581982836,34.37285035241177,34.39559239573743,34.291493271236156
1365,36.427754852,36.448374941000004,35.64673852718045,34.40923874476471,34.44128112060406,34.37292699765668
1366,36.689924555000005,36.5706226115,35.638638695842246,34.468673118941176,34.44916601169342,34.345440455203885
1367,36.770932047500004,36.4616307125,35.68213731425444,34.49518466194118,34.51869938858722,34.39954947146366
1368,36.8151179525,36.5470567955,35.688126188976746,34.314802202705884,34.62269056268431,34.553609027972975
1369,36.613335653,36.5676768845,35.704254210040325,34.48600092482353,34.565344936844134,34.36228594524327
1370,36.70465319,36.580932656,35.65454040756602,34.46936623117647,34.63394907174699,34.38925533044173
1371,36.701707463000005,36.5941884275,35.647604522673795,34.418769038,34.561774483072256,34.3733382860251
1372,36.703180326500004,36.607444199,35.631276019232956,34.34114046764706,34.57318506505759,34.32885766011452
1373,36.678141647000004,36.6236456975,35.61980062895677,34.35656221488235,34.62198669419197,34.32805977643836
1374,36.760622003,36.591242700500004,35.61237009625171,34.35482943429412,34.61125166313044,34.36887291289256
1375,36.32170868,36.5205452525,35.629729244418606,34.42881916541177,34.63238329675968,34.33236769014017
1376,36.8327923145,36.5470567955,35.61959545439345,34.317574651647064,34.45407748838868,34.419195051428574
1377,36.616281380000004,36.454266395000005,35.583282427343754,34.33074378411765,34.302083929650486,34.34791956756649
1378,36.666358739,36.529382433500004,35.6078812934375,34.346858643588234,34.35223657031265,34.323943723466364
1379,36.6383743325,36.563258294,35.62730151060845,34.37250379629412,34.342725743058935,34.29290439311651
1380,36.7061260535,36.6000798815,35.61883804635183,34.41131808147059,34.526383219720934,34.29806153231986
1381,36.5794597925,36.479305074500004,35.63152167645161,34.34668536552941,34.389106360729,34.29915513382812
1382,36.58682411,36.542638205,35.587240748,34.37250379629412,34.27732324390929,34.318200799281584
1383,36.7120175075,36.501398027,35.59046674430118,34.36418644947059,34.25643393557629,34.274202207295225
1384,36.837210905,36.548529659,35.59269923425197,34.394683387823534,34.4536635678203,34.42672876840426
1385,36.663413012,36.591242700500004,35.560936686419495,34.47785685605882,34.37184533967059,34.39977739667253
1386,36.566204021000004,36.498452300000004,35.571293679694655,34.41027841311765,34.58709118054018,34.40309880697947
1387,36.585351246500004,36.533801024,35.556702185497976,34.238906412941176,34.60478157330739,34.465455902857144
1388,36.633955742,36.5971341545,35.563150926707465,34.04396859676471,34.65829791173913,34.557811515971736
1389,36.6825602375,36.6000798815,35.57680945562753,34.090926950705885,34.63987934768953,34.544399339963306
1390,36.737056187,36.489615119,35.52043156120301,34.22348466570588,34.638244343341775,34.459180448770645
1391,36.689924555000005,36.4881422555,35.53969954967914,34.25519455047059,34.56142110619247,34.39846573299135
1392,36.7503119585,36.3732589025,35.5326691177668,34.30440551917647,34.576129596350455,34.431128081880125
1393,36.6589944215,36.3614759945,35.48793278402985,34.222444997352945,34.62842353896552,34.43809485059974
1394,36.6383743325,36.563258294,35.5031784275,34.16318390123529,34.596721821048035,34.45078813542276
1395,36.748839095,36.479305074500004,35.51136902463235,34.39728255870588,34.56608192608108,34.34363854391494
1396,36.772404911,36.595661291,35.5143903736,34.391564382764706,34.54008935,34.315455445653306
1397,36.631010015,36.6089170625,35.53402588289844,34.37856852835294,34.57205384490385,34.374871285717184
1398,36.613335653,36.315817226,35.56758733476406,34.40386712494118,34.41741449317452,34.354852226349074
1399,36.672250193,36.580932656,35.51547428616936,34.314802202705884,34.45686557744888,34.29834189255981
1400,36.4969794365,36.280468502000005,35.50081337621711,34.18155137547059,34.17548491734367,34.348193013206924
1401,36.5941884275,36.43953776,35.51646078663866,34.224351056,34.05548100444099,34.272067946915016
1402,36.5794597925,36.3762046295,35.481217019634286,34.32242643729412,33.75246211972946,34.26303086818182
1403,36.6383743325,36.4763593475,35.479277147401575,34.22677694882353,34.009291545938865,34.266099374565144
1404,36.7120175075,36.529382433500004,35.445723113375,34.251382433176474,33.85615498896254,34.28082485077143
1405,36.58682411,36.5558939765,35.47454649948052,34.240119359352946,33.5873451843299,34.26148246567991
1406,36.6354286055,36.483723665,35.47664222939213,34.25658077494118,34.32230397805499,34.249347813388994
1407,36.604498472,36.5175995255,35.49892386997203,34.24133230576471,34.334945408193,34.26929323322504
1408,36.575041202,36.536746751,35.49300769658461,34.23110890029412,34.409809009467615,34.27692905246141
1409,36.46899503,36.522018116,35.46849561062178,34.379088362529416,34.485357896838025,34.28540527829851
1410,36.7061260535,36.463103576,35.5056554655102,34.37285035241177,34.46850439429527,34.33714857863905
1411,36.7738777745,36.463103576,35.4873928765625,34.435750287764705,34.42244419714858,34.33504970669528
1412,36.772404911,36.603025608500005,35.453051439849624,34.44129518564706,34.48525560701923,34.3343430475
1413,36.709071780500004,36.507289481,35.47392992595489,34.395896334235296,34.5099775981901,34.32445019424529
1414,36.737056187,36.516126662000005,35.46202151078948,34.373196908529415,34.48421955644185,34.286311152898335
1415,36.745893368000004,36.548529659,35.46210764315789,34.32797133517647,34.4506380911768,34.2722113529722
1416,36.766513457,36.483723665,35.51124458375,34.373890020764705,34.46012043073026,34.25253751094608
1417,36.6855059645,36.460157849,35.45400776667774,34.253635047941174,34.34160405901313,34.21756577661017
1418,36.580932656,36.4616307125,35.43785868177612,34.19766623494118,34.211921525,34.185033452649435
1419,36.6324828785,36.501398027,35.43802491248252,34.25900666776471,34.13314061169812,34.18698696176374
1420,36.6501572405,36.479305074500004,35.43337629434965,34.29071655252941,34.20637502316265,34.19325819149859
1421,36.619227107,36.4557392585,35.444894627656254,34.27009646352941,34.219532222204215,34.17586451055442
1422,36.58682411,36.4527935315,35.443455503393665,34.304578797235294,33.97758206386185,34.193762626832
1423,36.4616307125,36.309925772,35.46294807804725,34.29747439682353,34.25358063695652,34.23708489922163
1424,36.6383743325,36.5735683385,35.43288266954546,34.27182924411765,34.390198980257864,34.260228161524665
1425,36.695816009,36.411553353500004,35.44006769519231,34.363839893352946,34.3178615231,34.32751259362489
1426,36.6943431455,36.507289481,35.441162901384615,34.26437828758824,34.3275704495962,34.26401926831554
1427,36.312871499,36.4086076265,35.47008970200421,34.24410475470589,34.4829319625469,34.20175953730233
1428,36.7738777745,36.524963843,35.43718719990909,34.36176055664706,34.411107445298164,34.28499492826866
1429,36.778296365,36.536746751,35.45219641155447,34.29383555758824,34.47524617045016,34.30975751950523
1430,36.751784822000005,36.535273887500004,35.42337939822966,34.28222592764706,34.4256376112,34.2824364665472
1431,36.784187819,36.5087623445,35.45518297934066,34.24843670617647,34.38827776962816,34.28258651067312
1432,36.7797692285,36.554421113000004,35.437376886875,34.27425513694118,34.408560399123736,34.29708785346154
1433,36.790079273,36.6295371515,35.42995403249231,34.28915705,34.3435308596,34.27451532932365
1434,36.536746751,36.3585302675,35.44954577555099,34.273735302764706,34.34111537996006,34.21269900861638
1435,36.58682411,36.603025608500005,35.44066851363637,34.20321113282353,34.34429853492315,34.19860624638003
1436,36.664885875500005,36.566204021000004,35.43583793334616,34.17531336535294,34.40517955126065,34.187770205021195
1437,36.648684377,36.41008049,35.4278544649801,34.26871023905883,34.33593253041994,34.28247026332871
1438,36.725273279,36.533801024,35.44662594571146,34.32329282758823,34.40237852796126,34.28177837710526
1439,36.536746751,36.3585302675,35.44853075942188,34.39797567094118,34.305594703829115,34.210551667888836
1440,36.6324828785,36.457212122,35.459508125499696,34.324159217882354,34.32798258951848,34.25158792876382
1441,36.695816009,36.513180935,35.432753732,34.26611106817647,34.394393465876625,34.298287407620855
1442,36.4557392585,36.5146537985,35.44132181709986,34.21915271423529,34.39059226921053,34.14861641483
1443,36.70465319,36.5028708905,35.41081133888,34.23648052011765,34.3493297060972,34.204846492981204
1444,36.70465319,36.5323281605,35.40956088918605,34.208756030705885,34.30383875716887,34.21250105303548
1445,36.654575831,36.5500025225,35.401840060485206,34.16179767676471,34.24164488890518,34.1695376068474
1446,36.686978828,36.4763593475,35.407403335357145,34.15538638858824,34.295771040811324,34.165231595860874
1447,36.669304466,36.563258294,35.429153399,34.19818606911765,34.30822085426184,34.187656803439666
1448,36.6619401485,36.491087982500005,35.41310808436609,34.178952204588235,34.182632384274115,34.162163785043404
1449,36.607444199,36.52790957,35.39436622426471,34.13684563629412,34.40164192281568,34.14133918230769
1450,36.6177542435,36.510235208000005,35.38101561333333,34.13545941182353,34.379964463399176,34.11121719568528
1451,36.610389926,36.501398027,35.397855049625,34.20910258682353,34.31372768111975,34.16341744992327
1452,36.6943431455,36.585351246500004,35.41143185144165,34.230589066117645,34.32049715581444,34.17249587938326
1453,36.6560486945,36.545583932,35.41010490169631,34.195413620176474,34.33192945835893,34.16120646336863
1454,36.5971341545,36.523490979500004,35.430104381732285,34.18778938558824,34.339409417244134,34.19911863349364
1455,36.669304466,36.504343754000004,35.445172311115705,34.26299206311765,34.182118006698566,34.2296837
1456,36.660467285,36.533801024,35.44595055316473,34.29262261117647,34.37828883443635,34.21754173054348
1457,36.6737230565,36.5323281605,35.42544333870264,34.20078524,34.36041991352561,34.176311050035245
1458,36.523490979500004,36.43953776,35.46734128623256,34.20823619652941,34.4288539078797,34.14788901054582
1459,36.6589944215,36.5382196145,35.423986304098364,34.20026540582353,34.45813997280453,34.186049601369476
1460,36.5735683385,36.4469020775,,34.18363071217647,34.383324183048956,34.23714329024136
1461,36.5735683385,36.539692478,,34.25502127241177,34.43176377859504,34.21566402790547
1462,36.4027161725,36.474886484,35.42971780338583,34.22781661717647,34.340696856209334,34.1991077518704
1463,36.6148085165,36.5175995255,35.43032026592798,34.301113236058825,34.334013764118815,34.20609932576304
1464,36.601552745,36.504343754000004,35.431275761329715,34.233188237,34.408222397481914,34.16749985513297
1465,36.541165341500005,36.4557392585,35.427151324805195,34.26247222894118,34.41984094413133,34.194320075452296
1466,36.6089170625,36.5323281605,35.38394129347675,34.32554544235294,34.3666970387444,34.24144861222601
1467,36.660467285,36.5824055195,35.38917450730049,34.32779805711765,34.40478563672311,34.234217811485436
1468,36.713490371,36.474886484,35.437634242056454,34.325025608176475,34.39374470212199,34.2111116993921
1469,36.713490371,36.592715564,35.43118680110236,34.25034276482353,34.43529456647,34.18064102166502
1470,36.6206999705,36.5676768845,35.416850266996626,34.21828632394118,34.432665370192865,34.192307294
1471,36.6324828785,36.5676768845,35.40913447877551,34.268536961,34.39305827515534,34.23238840384106
1472,36.664885875500005,36.5824055195,35.40813057388672,34.20477063535294,34.39162089388016,34.19420374365158
1473,36.6972888725,36.5765140655,35.40343347255814,34.184843658588235,34.39929659730127,34.18432129357352
1474,36.6796145105,36.541165341500005,35.428376054375,34.19454722988235,34.40220372461155,34.171475551513026
1475,36.389460401,36.4144990805,35.491026043004204,34.31514875882353,34.48329146995392,34.10625747459113
1476,36.591242700500004,36.5382196145,35.45921413390625,34.19714640076471,34.39609329778418,34.13290216161968
1477,36.572095475,36.522018116,35.4494127867347,34.18622988305882,34.407556454685384,34.1635760568421
1478,36.664885875500005,36.513180935,35.4534658278341,34.18449710247059,34.447809265892325,34.153820487830046
1479,36.6324828785,36.563258294,35.426184293214284,34.223138109588234,34.42091242690662,34.197142273005575
1480,36.707598917,36.5558939765,35.43422788409449,34.18501693664706,34.42066941400881,34.196903389923975
1481,36.6884516915,36.554421113000004,35.43070975816327,34.19905245941177,34.43802390107308,34.201255850404394
1482,36.5941884275,36.522018116,35.46697273274194,34.186749717235294,34.46170093873494,34.14854726906611
1483,36.698761736,36.5558939765,35.42432240672,34.153480329941175,34.42201477982947,34.16531441332643
1484,36.585351246500004,36.55736684,35.43358200897959,34.175486643411766,34.39942748565059,34.16982504806123
1485,36.592715564,36.551475386,35.42864280632,34.16387701347059,34.42556516180876,34.181538618803685
1486,36.6324828785,36.542638205,35.42923484767281,34.153480329941175,34.40265132722144,34.171133285449926
1487,36.595661291,36.604498472,35.39717789979592,34.15105443711765,34.395242837925075,34.191309474825175
1488,36.601552745,36.5647311575,35.41560539267857,34.163703735411765,34.40179432086711,34.18886275164857
1489,36.604498472,36.598607018,35.43480050698157,34.18120481935294,34.39400326934688,34.191602617486396
1490,36.530855297,36.429227715500005,,34.12800845529412,34.52614901702312,34.19657263356467
1491,36.6236456975,36.563258294,35.4394634435,34.168382243,34.41518722599366,34.1764338968
1492,36.5735683385,36.5588397035,,34.11778504982353,34.364523387250216,34.167834460749525
1493,36.639847196000005,36.613335653,,34.128181733352946,34.368414864228725,34.19555333942371
1494,36.5824055195,36.580932656,,34.137538748529415,34.381747934046594,34.194624242352944
1495,36.5824055195,36.5971341545,,34.13719219241177,34.374441635196504,34.16752880807477
1496,36.348220223,36.474886484,,34.084169106411764,34.42730529656045,34.186643487719635
1497,36.672250193,36.4999251635,35.433081035,34.14083103164706,34.38884339872264,34.164554220956525
1498,36.678141647000004,36.5676768845,,34.11483932282353,34.35467929953767,34.17234094352132
1499,36.70465319,36.5441110685,35.409008427258065,34.103576249,34.35263753009017,34.15534879051887
1500,36.6206999705,36.5617854305,35.38284657056,34.14360348058824,34.365898226657755,34.16625677488241
1501,36.648684377,36.5765140655,35.37954735632,34.13857841688235,34.37474714897996,34.15246425343662
1502,36.636901469,36.5087623445,35.35803513285715,34.12003766458824,34.33774939421624,34.12275330105111
1503,36.676668783500006,36.5617854305,35.38430232983871,34.13719219241177,34.369318833780646,34.134997337
1504,36.6236456975,36.536746751,,34.14949493458823,34.42421883012048,34.13934872367347
1505,36.6560486945,36.577986929,35.40829575137097,34.15642605694118,34.33903939571429,34.12182183562738
1506,36.5706226115,36.580932656,35.39533645304,34.14429659282353,34.35833969792062,34.11962633162617
1507,36.633955742,36.5882969735,35.407355019200004,34.14273709029412,34.35870424937858,34.133183868015124
1508,36.676668783500006,36.5735683385,35.383284221428575,34.1779125362353,34.382866242830026,34.151482217325366
1509,36.6913974185,36.5617854305,35.38655725142857,34.18276432188235,34.366213810237376,34.1437092446168
1510,36.6943431455,36.5470567955,35.375828781889766,34.197839513000005,34.341376755909096,34.149309132314734
1511,36.529382433500004,36.492560846,35.44343646184874,34.16283734511765,34.44144658754769,34.17462933792208
1512,36.5470567955,36.510235208000005,,34.15296049576471,34.39741484037855,34.12736599226091
1513,36.633955742,36.5647311575,,34.17687286788235,34.37826267099644,34.1142695638961
1514,36.6000798815,36.563258294,35.420040056093754,34.17687286788235,34.40134646949848,34.135420596903344
1515,36.613335653,36.5441110685,35.41975512714286,34.19628001047059,34.40994088901446,34.14284014471086
1516,36.569149748,36.541165341500005,35.4309208352,34.190735112588236,34.382741622628124,34.13310139289401
1517,36.580932656,36.530855297,35.4223414053125,34.13026107005882,34.35431854056843,34.129820605877555
1518,36.6324828785,36.510235208000005,35.42036260740158,34.16041145229412,34.37919819090671,34.15097736391167
1519,36.4380648965,36.3320187245,35.466068308429755,34.168728799117645,34.456384553323986,34.14516281472304
1520,36.6148085165,36.541165341500005,,34.16699601852941,34.39306087509091,34.1237516478481
1521,36.647211513500004,36.5588397035,35.421190730703124,34.14984149070588,34.384925734164455,34.12515316173358
1522,36.6295371515,36.5470567955,35.44079603428572,34.18449710247059,34.40926578902724,34.14916819066244
1523,36.625118561,36.533801024,35.437990580000005,34.151227715176475,34.4089942895267,34.145675990948234
1524,36.572095475,36.535273887500004,35.42245013047244,34.13875169494118,34.3823570786225,34.143371024802185
1525,36.591242700500004,36.5382196145,35.40984767637795,34.16474340376471,34.38293293696528,34.134798779224376
1526,36.5264367065,36.4262819885,35.45533235991935,34.14083103164706,34.40324721993654,34.10700177244318
1527,36.519072389,36.554421113000004,35.42024663389764,34.12627567470588,34.370599241796874,34.11394652211896
1528,36.5676768845,36.4557392585,35.46474357603279,34.27754742005882,34.41570548192,34.11770575308475
1529,36.6295371515,36.466049303,35.48467085060484,34.17462025311765,34.44316688530671,34.106657750991985
1530,36.6177542435,36.513180935,35.45299537690625,34.162144232882355,34.39743353846514,34.119849805401174
1531,36.5941884275,36.519072389,35.44834665148438,34.16197095482353,34.422200324395604,34.16045485338983
1532,36.5676768845,36.529382433500004,35.41940984046154,34.156599335,34.3660619060749,34.12479887306818
1533,36.563258294,36.5323281605,35.451683607851564,34.1779125362353,34.43607851718914,34.17604400008759
1534,36.535273887500004,36.545583932,35.481701367741934,34.17028830164706,34.410321711935026,34.152088245826086
1535,36.6089170625,36.4999251635,35.481037470560004,34.159718340058824,34.42064267578896,34.15267403132542
1536,36.575041202,36.5323281605,35.459097757716535,34.14291036835294,34.383463109065374,34.152320116747504
1537,36.604498472,36.523490979500004,35.477769491850395,34.13424646541176,34.40740694814286,34.151553348404406
1538,36.566204021000004,36.5264367065,35.46995971023256,34.17323402864706,34.42375323105263,34.1494442109196
1539,36.566204021000004,36.4645764395,35.48824576503937,34.170461579705886,34.43331239811799,34.167288678795984
1540,36.589769837,36.480777938,35.48076160825197,34.15018804682353,34.42854616200097,34.157826721250004
1541,36.5941884275,36.486669392,35.480795675468755,34.200958518058826,34.45205420048874,34.18483970923077
1542,36.5175995255,36.507289481,35.51540720694215,34.233188237,34.49129188511013,34.17300826859162
1543,36.5028708905,36.548529659,35.510564741169354,34.25276865764706,34.45659683917822,34.17175821250244
1544,36.610389926,36.510235208000005,35.49906838826563,34.265591234,34.46364145334983,34.22397469775922
1545,36.365894585,36.3762046295,35.535532153080645,34.34200685794118,34.54206615475576,34.239756392734336
1546,36.7179089615,36.5117080715,35.52004119465649,34.369558069294115,34.48608746506272,34.24228060338983
1547,36.6943431455,36.507289481,35.515193306960256,34.42102165276471,34.47370725229752,34.260348121827754
1548,36.709071780500004,36.519072389,35.503359774221266,34.418075925764704,34.509823136,34.27437843902084
1549,36.681087374,36.491087982500005,35.52403321051163,34.369558069294115,34.489552251847705,34.259502835501436
1550,36.719381825,36.467522166500004,35.510396999389314,34.34269997017647,34.514805458058255,34.25535362540984
1551,36.7238004155,36.5470567955,35.516332363587544,34.38203408952941,34.52607719,34.25176219227545
1552,36.7355833235,36.467522166500004,35.51290263413304,34.30561846558824,34.505660648710574,34.26238800348703
1553,36.6354286055,36.529382433500004,35.515005605746516,34.32242643729412,34.4754647187013,34.24843258443387
1554,36.70465319,36.389460401,35.516824254983945,34.20477063535294,34.41487307648387,34.28295551947369
1555,36.6707773295,36.43953776,35.50988339547826,34.316361705235295,34.494876612058825,34.26902920409449
1556,36.554421113000004,36.480777938,35.542390610441174,34.20840947458824,34.515157088688525,34.20353112741585
1557,36.3938789915,36.498452300000004,35.54649919566406,34.168728799117645,34.5196795675329,34.04690908816967
1558,36.6177542435,36.3320187245,,34.24964965258824,34.39734171250318,34.14457679121195
1559,36.162639422,36.289305683,,34.274948249176475,34.40216110741761,34.22030773116347
1560,36.6737230565,36.536746751,35.499235805098905,34.36522611782353,34.405057846758915,34.27791172346369
1561,36.491087982500005,36.510235208000005,35.46086393032463,34.322253159235295,34.39351263085217,34.2913474283461
1562,36.510235208000005,36.489615119,35.47865746951553,34.37181068405882,34.51019874386643,34.2971639370032
1563,36.6059713355,36.466049303,35.48254019035583,34.35569582458824,34.56801204997397,34.24621400750728
1564,36.4498478045,36.3791503565,35.5289953608,34.376662469705884,34.49109499306611,34.197936068264376
1565,36.669304466,36.3438016325,35.512710078326926,34.364879561705884,34.359553881988425,34.25228728125818
1566,36.681087374,36.367367448500005,35.521394837486575,34.37302363047059,34.41236388773842,34.29892466377458
1567,36.613335653,36.479305074500004,35.52497745864925,34.33195673052941,34.45913176540426,34.2375740972
1568,36.5500025225,36.522018116,35.53335461003272,34.30492535335294,34.49354106085946,34.1995138977686
1569,36.619227107,36.492560846,35.54950067624402,34.27546808335294,34.4744771919981,34.19208986057221
1570,36.529382433500004,36.4586849855,35.539629071600004,34.23197529058824,34.4206852704753,34.202136373976636
1571,36.575041202,36.474886484,35.5476986081203,34.33871457482353,34.43457920310397,34.239570426225995
1572,36.58682411,36.498452300000004,35.53966842115674,34.33143689635294,34.36673557737721,34.25474113955
1573,36.607444199,36.43953776,35.531743052954546,34.221232050941175,34.26479156295845,34.190094481436034
1574,36.6177542435,36.5146537985,35.50448268036364,34.312722866,34.307984289900055,34.196316031391454
1575,36.5647311575,36.3909332645,35.4875660744,34.216553543352944,34.08568770874605,34.19403312968523
1576,36.539692478,36.460157849,35.51759371427907,34.262818785058826,34.35187112997548,34.22389086105777
1577,36.6265914245,36.448374941000004,35.491195235547444,34.13130073841177,34.236283317292894,34.23067908420437
1578,36.516126662000005,36.471940757,35.48989020442519,34.15573294470588,34.28813038911528,34.18596924654804
1579,36.580932656,36.4380648965,35.503021146861315,34.19714640076471,34.29997703142355,34.19824918364239
1580,36.569149748,36.41008049,35.5116883055,34.201998186411764,34.35203367894737,34.23478591944068
1581,36.5765140655,36.3879875375,35.519244660506786,34.154346720235296,34.3507179721355,34.15816105498172
1582,36.607444199,36.510235208000005,35.50104046751923,34.20927586488236,34.485346134494975,34.162683346954104
1583,36.6206999705,36.4704678935,35.482738646641224,34.211875035764706,34.3659888985567,34.19701602047288
1584,36.5264367065,36.46899503,35.47010655744616,34.189002332,34.41798789815444,34.14907772139806
1585,36.692870282,36.3968247185,35.46012879169447,34.22695022688235,34.407042507550244,34.22776247791394
1586,36.692870282,36.3408559055,35.468067742045456,34.31410909047059,34.40958141959184,34.24962229289474
1587,36.613335653,36.467522166500004,35.494511716812504,34.257966999411764,34.38988330542871,34.21529961517597
1588,36.4704678935,36.3644217215,35.50532148285714,34.129221401705884,34.44850005821058,34.14589806113281
1589,36.58682411,36.3349644515,35.48014248197086,34.27772069811765,34.46817321048035,34.23902645496988
1590,36.563258294,36.5205452525,35.426924621428576,34.186403161117646,34.47704873626236,34.2026885427336
1591,36.603025608500005,36.498452300000004,35.441119030667295,34.26611106817647,34.479865714623195,34.24714175974503
1592,36.710544644,36.523490979500004,35.49482779888768,34.37181068405882,34.482518758949,34.31893981469614
1593,36.6855059645,36.46899503,35.47368083756522,34.250862599,34.35617582577591,34.19904766831337
1594,36.6825602375,36.365894585,35.45846738137443,34.298687343235294,34.443196942091916,34.22208893653165
1595,36.377677493,36.3467473595,35.48507450791903,34.17635303370588,34.47804022015134,34.156858511583714
1596,36.5735683385,36.4616307125,35.441660196116786,34.31462892464706,34.43886040676923,34.18723137946826
1597,36.486669392,36.4262819885,35.45956005099379,34.136325802117646,34.5008768664637,34.41622201876642
1598,36.448374941000004,36.3113986355,35.45676822497057,33.946066493529415,34.49734046102857,34.48889459873636
1599,36.479305074500004,36.3791503565,35.474582584460435,34.19038855647059,34.51308649408673,34.353809604069454
1600,36.4969794365,36.357057404,35.46299357609023,34.11258670805883,34.5645598015007,34.4471379774693
1601,36.52790957,36.454266395000005,35.45366134517057,34.25554110658824,34.560655827227535,34.34201826433887
1602,36.542638205,36.457212122,35.454573932,34.26645762429412,34.50827560413083,34.26368752108299
1603,36.5146537985,36.301088591,35.45718049719565,34.300246845764704,34.45922236636364,34.26315720605634
1604,36.541165341500005,36.354111677,35.459386653350386,34.34235341405883,34.47056097009445,34.308557479636804
1605,36.5441110685,36.463103576,35.45708441812367,34.14984149070588,34.631416008676766,34.47773186860656
1606,36.371786039,36.4321734425,35.4732943310687,34.26108600447059,34.46638632140989,34.17475173164474
1607,36.664885875500005,36.421863398,35.48077911177754,34.30908402676471,34.44850584062919,34.27684012131579
1608,36.6000798815,36.473413620500004,35.46949118535679,34.26524467788235,34.45517867517241,34.246681013428955
1609,36.489615119,36.1994610095,35.49481759692914,34.11882471817647,34.24843229930824,34.227852764586096
1610,36.5971341545,36.274577048,35.416927929471385,34.21568715305882,33.792095076020004,34.20718497630588
1611,36.5617854305,36.392406128000005,35.444362078400005,34.23422790535294,34.16816466965951,34.21615111390204
1612,36.55736684,36.306980045,35.457788644115666,34.17877892652941,34.3023888725,34.20267148514761
1613,36.583878383,36.2907785465,35.46520129756859,34.196626566588236,34.35102695405671,34.22972291093623
1614,36.709071780500004,36.357057404,35.45654990493277,34.25467471629412,34.38320164249597,34.192040112968755
1615,36.569149748,36.2642670035,35.48694401836777,34.221578607058824,34.36855820559536,34.225748522027374
1616,36.6236456975,36.333491588,35.4365574531977,34.15538638858824,34.35520402345277,34.25022486428866
1617,36.5882969735,36.355584540500004,35.47577069771429,34.173060750588235,34.43503246104311,34.32511715130189
1618,36.6148085165,36.3791503565,35.490591292727274,34.115532435058824,34.390739460723985,34.280818138334794
1619,36.473413620500004,36.253956959,35.46709992948819,34.090060560411764,34.35738763302463,34.22985442017
1620,36.4851965285,36.4763593475,35.445245796500004,34.015377717058826,34.200212724803336,34.20055283550296
1621,36.523490979500004,36.4321734425,35.4505708276391,34.16179767676471,34.4175907472,34.18946618631579
1622,36.583878383,36.442483487000004,35.45181975637405,34.21741993364706,34.449200485433074,34.2551558394149
1623,36.6059713355,36.4469020775,35.45966312451128,34.171501248058824,34.3766451419,34.22702143285714
1624,36.598607018,36.3526388135,35.49699075159884,34.18224448770589,34.35288442322132,34.159019799836145
1625,36.607444199,36.5028708905,35.45774167302079,34.273735302764706,34.40789520655117,34.195616295870096
1626,36.5971341545,36.507289481,35.435226998166314,34.16578307211765,34.458372701,34.16951279615721
1627,36.577986929,36.4940337095,35.44678632494246,34.251382433176474,34.442263943821466,34.206676694
1628,36.6236456975,36.5175995255,35.44970150594925,34.10219002452941,34.51081720269819,34.20545146804076
1629,36.5706226115,36.471940757,35.45225532098425,34.12003766458824,34.47270925589938,34.19818291286885
1630,36.648684377,36.530855297,35.4258871634073,34.11657210341177,34.39707303243657,34.22455970022367
1631,36.424809125,36.231864006500004,35.472351203896594,34.04726087988235,34.15856364716659,34.21339675586024
1632,36.580932656,36.35116595,35.420369367827895,34.034091747411765,33.75651791867398,34.17632613494585
1633,36.395351855,36.392406128000005,35.357801345,34.10565558570588,34.1836140210427,34.13097112267427
1634,36.4586849855,36.345274496,35.400737423528675,34.05904378788235,34.4435372474477,34.13648234263182
1635,36.5558939765,36.345274496,35.430304859648956,34.04570137735294,34.517946662425324,34.100940598526314
1636,36.3997704455,36.236282597,35.465517686139115,34.033745191294116,34.43260936485793,34.19417600933655
1637,36.545583932,36.1582208315,,34.08330271611765,34.34618586757517,34.17892834812402
1638,36.4822508015,36.4439563505,35.406537560000004,34.165436516,34.31198887007718,34.21561086507056
1639,36.5264367065,36.4822508015,35.40613562523256,34.2266036707647,34.36141856886573,34.230431511732355
1640,36.572095475,36.411553353500004,35.39523290627273,34.203557688941174,34.428630360645165,34.18854325766234
1641,36.5824055195,36.429227715500005,35.4287238138125,34.229029563588234,34.45487379128326,34.1835153006308
1642,36.536746751,36.4616307125,35.388370044973264,34.16595635017647,34.4547838084107,34.14864083051345
1643,36.5735683385,36.4233362615,35.392673738051194,34.18657643917647,34.44064709987221,34.1933640551834
1644,36.5500025225,36.295197137,35.392809630093645,34.08780794564706,34.2603482104717,34.19969519124229
1645,36.5617854305,36.4469020775,35.38180095492823,34.088501057882354,34.41378159625261,34.138679715514776
1646,36.5264367065,36.35116595,35.38179163207813,34.08538205282353,34.33104926943193,34.138309785087955
1647,36.563258294,36.4262819885,35.355115581148326,34.19402739570589,34.349556830504206,34.21710244948069
1648,36.6089170625,36.5117080715,35.38713012828512,34.177392702058825,34.44563341181059,34.20606452194471
1649,36.2789956385,36.398297582,35.38565333120229,34.03322535711765,34.47953199850997,34.064317404690456
1650,36.566204021000004,36.4763593475,35.366783438778626,34.05696445117647,34.341438554377625,34.06806833748842
1651,36.566204021000004,36.3938789915,35.3526803887845,34.0659749102353,34.364204263102806,34.09263600618093
1652,36.530855297,36.466049303,35.349687434965034,34.04535482123529,34.299753190287774,34.07791114705994
1653,36.2465926415,36.23333687,35.404528750253455,34.07307931064706,34.35875834627393,34.05107754102875
1654,36.501398027,36.4851965285,35.38860153594685,33.96322102135294,34.36033148661707,34.03599780605882
1655,36.4704678935,36.466049303,35.36087822740608,33.984014388411765,34.26900809435559,34.071888624329084
1656,36.059538977,36.3467473595,35.34924769973837,34.000129247882356,34.302178347094284,34.091148832149976
1657,36.407134763,36.3290729975,35.30847581688353,34.027853737294116,34.13935546512315,34.15000220134506
1658,36.501398027,36.4380648965,35.35174875721539,33.94312076652941,34.34039850985727,34.11104106777412
1659,36.5647311575,36.3762046295,35.33056523810687,34.027507181176475,34.24947340583409,34.07532074054463
1660,36.545583932,36.4469020775,35.308129218285714,34.07689142794118,34.2525604727188,34.08493295697001
1661,36.5470567955,36.398297582,35.32397944906552,34.05488511447059,34.25418714309981,34.10011957174892
1662,36.5117080715,36.386514674,35.33276581264423,34.02334850776471,34.29113312271451,34.0800582485391
1663,36.5588397035,36.3172900895,35.34161497394958,34.08018371105882,34.21462771231328,34.129049919274614
1664,36.548529659,36.383568947,35.30152225114507,34.0659749102353,34.35820116505929,34.103261515982275
1665,36.569149748,36.312871499,35.29856338306324,34.07013358364706,34.35826937768595,34.06557303362513
1666,36.5647311575,36.336437315,35.322660107723216,33.90136075435294,34.268384393466135,34.08813546021978
1667,36.495506573,36.289305683,35.309179829744004,33.93774914670588,34.24021684252965,34.125697064733835
1668,36.55736684,36.3703131755,35.28351665612,33.884899338764704,34.199615268993824,34.08262546525907
1669,36.5794597925,36.4262819885,35.2797041026014,33.98505405676471,34.173457861403804,34.11585713103448
1670,36.501398027,36.4940337095,35.29136867969925,34.061123124588235,34.18186925615276,34.11589163920996
1671,36.268685594000004,36.114034926500004,35.33790106689453,33.95871579182353,33.96873032159958,34.02333896952294
1672,36.473413620500004,36.2642670035,35.34030322307692,33.99354468164706,34.285402229984,34.04983491883251
1673,36.522018116,36.293724273500004,35.304589036953125,34.09144678488235,34.301880660992836,34.128694579230064
1674,36.524963843,36.3909332645,35.283084616160004,34.10634869794118,34.240243346429615,34.17998703727442
1675,36.5676768845,36.4586849855,35.30223657452563,34.01607082929412,34.28412695813616,34.1075910924724
1676,36.5382196145,36.3614759945,35.32555825175572,34.02872012758824,34.29101353160067,34.077628781382984
1677,36.5323281605,36.451320668,35.29061004208633,34.035304693823534,34.33045643859297,34.06548918185424
1678,36.4027161725,36.360003131,35.47568912352941,34.033745191294116,34.42087333776453,34.25598214765896
1679,36.52790957,36.5175995255,35.46517526764649,34.02386834194118,34.34034556731827,34.26385094
1680,36.554421113000004,36.5882969735,35.41050312439084,34.02386834194118,34.23084827882353,34.22498444169881
1681,36.5441110685,36.5706226115,35.40935883841422,34.00827331664706,34.33821451512573,34.22739596139047
1682,36.633955742,36.5971341545,35.40407942211765,34.04656776764706,34.17389174660746,34.237977100446926
1683,36.548529659,36.603025608500005,35.403514664,34.08295616,34.20345215333334,34.2329023647595
1684,36.4822508015,36.4027161725,35.409218362790696,34.00965954111765,34.39000425833109,34.2070117766978
1685,36.686978828,36.566204021000004,35.405096628500004,34.124542894117646,34.34269789360852,34.256162468074535
1686,36.6737230565,36.3938789915,35.40523585440299,34.12956795782353,34.29999618138835,34.27853998438034
1687,36.719381825,36.454266395000005,35.400750772,34.200958518058826,34.204147815160376,34.25235358633306
1688,36.64573865,36.510235208000005,35.420299606757524,34.059390344,34.091438468893244,34.20286152334802
1689,36.5058166175,36.4027161725,35.43667420404925,34.06424212964706,34.271641123515934,34.1912768806962
1690,36.681087374,36.5117080715,35.41216389789916,34.09959085364706,34.29189657611,34.244240644662995
1691,36.5529482495,36.492560846,35.418287431584965,34.11102720552941,34.40295293380325,34.21700285298031
1692,36.625118561,36.4616307125,35.398797256701904,34.05904378788235,34.415127274240504,34.20081388100146
1693,36.580932656,36.467522166500004,35.34258667734962,34.17877892652941,34.38824343434783,34.34418777144016
1694,36.572095475,36.519072389,35.3685143297479,34.23249512476471,34.36126369304899,34.351181799218274
1695,36.601552745,36.4881422555,35.362037030882355,34.086941555352944,34.46697355459425,34.445125237092164
1696,36.480777938,36.4027161725,35.40608669289037,34.18189793158824,34.4420148708754,34.14856334026215
1697,36.678141647000004,36.631010015,35.380712555,34.157119169176475,34.38922565661389,34.30327877642211
1698,36.707598917,36.595661291,35.3662096462069,34.192294615117646,34.39130198448861,34.33611149541353
1699,36.737056187,36.4851965285,35.35210964209559,34.18293759994118,34.46193013760256,34.25121678586838
1700,36.748839095,36.551475386,35.32819026719925,34.150014768764706,34.39383154759542,34.17789222268823
1701,36.70465319,36.542638205,35.329433296459015,34.10513575152941,34.374669509221434,34.21785658436329
1702,36.663413012,36.613335653,35.327934946250004,34.130780904235294,34.316430021127935,34.21422038497817
1703,36.6972888725,36.5617854305,35.3284536055315,34.14914837847059,34.35428264181167,34.25322810704546
1704,36.6943431455,36.454266395000005,35.32738499253094,34.11917127429412,34.4157301011552,34.26439352082418
1705,36.6972888725,36.4969794365,35.29626076930233,34.09058039458824,34.3713600945245,34.24670637532517
1706,36.647211513500004,36.492560846,35.33044816571429,33.998569745352945,34.2884639377647,34.18040107879176
1707,36.607444199,36.548529659,35.32831767959678,33.94294748847059,34.360478434319184,34.18604985803024
1708,36.6265914245,36.583878383,35.331776765,33.95126483529412,34.34013333977465,34.15972016753595
1709,36.6206999705,36.5706226115,35.320323799008264,33.90569270582353,34.31838891764706,34.16735102923733
1710,36.5765140655,36.5765140655,35.27682766479339,33.89131062694118,34.31259631925537,34.19573309410789
1711,36.5735683385,36.58682411,35.31199267722689,33.89893486152941,34.30403634322455,34.2038946185
1712,36.545583932,36.569149748,35.38331988398305,33.86168007888236,34.33498744910776,34.134386725937965
1713,36.619227107,36.5470567955,,33.8803941092353,34.389997699496796,34.169861274844116
1714,36.613335653,36.5794597925,,33.90274697882353,34.36255207158573,34.194033740171186
1715,36.639847196000005,36.598607018,,33.9039599252353,34.35059730968208,34.221588396779666
1716,36.636901469,36.585351246500004,,33.86739825482353,34.352263747891485,34.20647584897728
1717,36.6177542435,36.5824055195,,33.898241749294115,34.35631619034986,34.21250182769231
1718,36.657521558,36.6324828785,,33.91106432564706,34.3488445212828,34.213861532969055
1719,36.633955742,36.6707773295,35.39601397025,33.923713623941175,34.34671424520588,34.18979721071429
1720,36.5794597925,36.660467285,35.3383268165,33.92908524376471,34.34567596864458,34.19297240807466
1721,36.616281380000004,36.716436098,35.33087323454546,33.945719937411766,34.345226285511366,34.19555895016129
1722,36.569149748,36.64573865,35.40599389017242,33.994584350000004,34.37430340311047,34.17624512669768
1723,36.575041202,36.6089170625,,33.99960941370588,34.41323822493728,34.13847469975296
1724,36.657521558,36.678141647000004,,33.93774914670588,34.3608797059744,34.1561847512
1725,36.654575831,36.698761736,,33.930818024352945,34.35067401798872,34.18701856229318
1726,36.5529482495,36.6059713355,,33.95802267958824,34.3470135784121,34.18680360754067
1727,36.6413200595,36.619227107,,33.931511136588234,34.34109633078302,34.19805165090382
1728,36.647211513500004,36.6236456975,35.32399334,33.93203097076471,34.361853583052934,34.202915027962874
1729,36.6236456975,36.5882969735,35.323514360000004,33.97171164623529,34.3733665714936,34.228116727628866
1730,36.619227107,36.622172834,35.314301720483876,33.944853547117646,34.361811089438824,34.203652887489156
1731,36.628064288000004,36.6737230565,35.31486230857143,33.93012491211765,34.3439226787324,34.19709266986805
1732,36.398297582,36.433646306,35.439439298196724,33.88940456829412,34.40371643302444,34.20415522390194
1733,36.728219006,36.631010015,,34.029759795941175,34.37267835670676,34.204530153182866
1734,36.7120175075,36.607444199,35.353359375714284,33.969112475352944,34.36607169492851,34.1860634714965
1735,36.651630104,36.616281380000004,35.33732557858268,34.005154311588235,34.37691293526364,34.202992810585485
1736,36.598607018,36.585351246500004,35.32966384516129,33.95126483529412,34.363849787947146,34.20766456508174
1737,36.672250193,36.592715564,35.33398677872,33.994584350000004,34.35619679639299,34.21518236231511
1738,36.64573865,36.6177542435,35.347280891428575,33.98938600823529,34.39179209203532,34.23642522689438
1739,36.647211513500004,36.6118627895,35.34042810176,33.99059895464706,34.38146542244546,34.24078525472133
1740,36.6089170625,36.5941884275,35.327763376129035,33.97257803652941,34.34709191769476,34.23120481646098
1741,36.563258294,36.43953776,,33.94554665935294,34.35233644727273,34.20018842121563
1742,36.575041202,36.535273887500004,,33.96841936311765,34.37122783967914,34.17124073228036
1743,36.631010015,36.6442657865,35.411621572177424,34.04327548452941,34.39518656378888,34.209715036536835
1744,36.6236456975,36.622172834,35.38749240285714,34.04396859676471,34.36272003279492,34.22827687196478
1745,36.631010015,36.6442657865,35.36817453062992,34.015724273176474,34.348534962786516,34.22199786842055
1746,36.6295371515,36.654575831,35.38247792944882,34.041196147823534,34.36629067350987,34.23992291228814
1747,36.6678316025,36.647211513500004,35.38359900665355,34.03461158158824,34.36757526191781,34.23111996059575
1748,36.6619401485,36.642792923,35.363772067695315,34.03010635205882,34.373889141991704,34.224680647832166
1749,36.592715564,36.639847196000005,35.372952638992125,34.02923996176471,34.358778433342465,34.21438090307692
1750,36.312871499,36.583878383,35.43749549983193,33.960968406588236,34.424295782942856,34.16151874347564
1751,36.577986929,36.648684377,35.4226727996,33.95455711841176,34.37860621924928,34.18664118780252
1752,36.5941884275,36.6000798815,35.38272965488372,33.990772232705886,34.362245043636364,34.20338071712932
1753,36.580932656,36.619227107,35.38444228686046,33.96945903147059,34.35204197701714,34.19112156005755
1754,36.5735683385,36.5706226115,35.364232337539065,34.00220858458824,34.35323308113731,34.19157810461756
1755,36.365894585,36.4469020775,35.442301400000005,33.94537338129412,34.42402669254768,34.18456702918599
1756,36.5617854305,36.5382196145,,33.973444426823534,34.38801342082988,34.16850486280736
1757,36.580932656,36.572095475,35.39794106330709,33.94121470788235,34.362695469416785,34.18303369737991
1758,36.5529482495,36.52790957,35.391700584285715,33.940868151764704,34.36204368706154,34.18312738067227
1759,36.265739867,36.4586849855,35.4433910795,33.988692896,34.418915622615145,34.17725983573739
1760,36.6265914245,36.519072389,35.42495211622951,33.97587031964706,34.394561296019376,34.16417872320242
1761,36.5529482495,36.522018116,35.424687296774195,34.00723364829412,34.37127043469822,34.1907406994724
1762,36.666358739,36.58682411,35.40436397332308,34.015204439,34.39702535038961,34.23494870106509
1763,36.6413200595,36.4586849855,35.436346759129464,33.984014388411765,34.357872899846086,34.248387387442655
1764,36.4586849855,36.460157849,35.4524246423,34.002728418764704,34.38037766876371,34.25267887626943
1765,36.628064288000004,36.572095475,35.45386988960938,34.06077656847059,34.37279611301939,34.24984408575023
1766,36.5676768845,36.536746751,35.444023428896,34.02386834194118,34.365436021117894,34.23771910857399
1767,36.6383743325,36.577986929,35.43678445555906,34.02872012758824,34.38562926366964,34.22137216884615
1768,36.5882969735,36.5470567955,35.43761651942857,34.008619872764704,34.411694699473685,34.23106196553441
1769,36.622172834,36.5706226115,35.43623717107143,34.033745191294116,34.41946950194376,34.23041035769231
1770,36.639847196000005,36.529382433500004,35.44068291112903,34.065281798,34.410105840875765,34.248199618292574
1771,36.6442657865,36.533801024,35.432645510846775,34.04206253811765,34.41545383718888,34.26254069648876
1772,36.6913974185,36.5205452525,35.473242722786885,34.08520877476471,34.429426132159506,34.237592746587
1773,36.651630104,36.55736684,35.46736802,34.06476196382353,34.43783071255887,34.222953964507596
1774,36.681087374,36.563258294,35.44313391285714,34.052112665529414,34.46275773951883,34.21856712034628
1775,36.657521558,36.5735683385,35.45014754857143,34.098724463352944,34.47618636964876,34.241477635749526
1776,36.642792923,36.551475386,35.438341261785716,34.031492576529416,34.45511477729231,34.2520044819382
1777,36.633955742,36.551475386,35.43374873312,34.03703747441177,34.476540550804955,34.25193908280453
1778,36.603025608500005,36.551475386,35.431486414784004,34.00896642888235,34.45618391548724,34.23814228779037
1779,36.610389926,36.554421113000004,35.4427037432,34.0483005482353,34.46730339714286,34.27012989875543
1780,36.64573865,36.572095475,35.452719215,34.004461199352946,34.478839001052094,34.25753986439942
1781,36.4969794365,36.3202358165,,34.026987347,34.519480927361634,34.22154300807396
1782,36.657521558,36.6059713355,35.47357496216,34.02681406894118,34.46467517494607,34.19794210050746
1783,36.64573865,36.5765140655,35.463323832200004,34.01087248752941,34.46444599,34.23638184318004
1784,36.64573865,36.5588397035,35.47778165036291,34.021615727176474,34.48063684654378,34.23208899901078
1785,36.6265914245,36.5558939765,35.479063115,34.011392321705884,34.46043800577268,34.23298373305761
1786,36.591242700500004,36.5441110685,35.47089245012097,34.01121904364706,34.46246978221652,34.23519270880662
1787,36.569149748,36.5529482495,35.461620260000004,33.96737969476471,34.470155280712135,34.24068397040468
1788,36.569149748,36.536746751,35.46006324512397,33.95161139141177,34.47357466649231,34.221886842067306
1789,36.6295371515,36.5647311575,35.46098162,33.97916260276471,34.48946950570989,34.231723280527085
1790,36.5617854305,36.5441110685,35.458706465,34.001688750411766,34.477175178416246,34.23310074015842
1791,36.6000798815,36.5647311575,35.45307270224,34.01277854617647,34.47090899860161,34.22011978729177
1792,36.607444199,36.541165341500005,35.448642328832,34.00186202847059,34.4850645465776,34.21390017993028
1793,36.636901469,36.5735683385,35.46933311528,34.003421531,34.502278623915664,34.217166356
1794,36.501398027,36.471940757,35.501311736000005,34.00463447741176,34.461349860020874,34.18012649316535
1795,36.591242700500004,36.551475386,35.47007658275591,34.017283775705884,34.46872180864366,34.175263556680164
1796,36.636901469,36.5529482495,35.475364491312504,34.02092261494118,34.50533588282103,34.21384150010957
1797,36.639847196000005,36.554421113000004,35.47111261272441,34.00290169682353,34.510108834901764,34.210909768291685
1798,36.636901469,36.551475386,35.461370838393705,33.98973256435294,34.483943068169836,34.229630032108915
1799,36.6501572405,36.551475386,35.487667320128,33.98297472005883,34.474592492870094,34.22905026116486
1800,36.6383743325,36.5558939765,35.484751096787406,34.00238186264706,34.48683736264488,34.223385822777225
1801,36.3938789915,36.454266395000005,35.53020820025,33.988692896,34.52648318009351,34.228922168686246
1802,36.6059713355,36.5264367065,35.50251602857143,33.96270118717647,34.497679988569985,34.19757600218891
1803,36.64573865,36.501398027,35.4957268292,33.953344172,34.493281012323735,34.20996214288567
1804,36.3025614545,36.4233362615,35.50632178827869,33.95143811335294,34.49575809100314,34.184536130688215
1805,36.5794597925,36.498452300000004,35.469829223986714,33.96616674835294,34.47699719500971,34.21957001753411
1806,36.589769837,36.5323281605,35.465343759285716,33.92908524376471,34.4931167782311,34.24396233438356
1807,36.569149748,36.498452300000004,35.487790990307694,33.98470750064706,34.50586445919584,34.2934701082243
1808,36.560312567000004,36.5028708905,35.47992039308361,33.895122744235294,34.47658268934754,34.25408391917034
1809,36.633955742,36.46899503,35.498784555195314,33.89235029529412,34.51412386581218,34.2016165834619
1810,36.251011232,36.4586849855,35.4958511926297,33.84885750252941,34.492304836917,34.16957645664865
1811,36.5971341545,36.489615119,35.495907458449196,33.84469882911765,34.522553154517375,34.13585727559942
1812,36.569149748,36.259848413,35.52423269474588,33.91383677458823,34.453169138050846,34.247218584871675
1813,36.3585302675,36.495506573,35.515106360000004,34.042755650352944,34.443137575474665,34.26494521701969
1814,36.5323281605,36.5058166175,35.50462873211417,34.013818214529415,34.191251739608674,34.292235809832256
1815,36.463103576,36.4586849855,35.46643621036781,33.95594334288236,34.27987599232877,34.26277593601504
1816,36.5205452525,36.4645764395,35.476158237945945,34.02941323982353,34.40139341718161,34.291305638100994
1817,36.58682411,36.4881422555,35.48348881147491,34.09577873635294,34.4981877471875,34.252658201513945
1818,36.664885875500005,36.4645764395,35.47562174782609,33.92007478470588,34.562105435886366,34.42569374264706
1819,36.713490371,36.429227715500005,35.516949607172414,34.00965954111765,34.578868164565556,34.438033205957446
1820,36.6972888725,36.510235208000005,35.49213958832,34.10167019035294,34.52427066539613,34.364385723458355
1821,36.5971341545,36.489615119,35.538683411931245,34.05748428535294,34.439143770734354,34.333613944306315
1822,36.580932656,36.530855297,35.49053848886579,34.10704181017647,34.35619319201192,34.35757300355883
1823,36.607444199,36.460157849,35.534108561000004,34.16890207717647,34.44057078085106,34.34542140697127
1824,36.6413200595,36.451320668,35.48941734610526,34.106868532117645,34.44748016079156,34.32193198877255
1825,36.589769837,36.4999251635,35.49363398301909,34.03738403052941,34.46637555515389,34.22425438674567
1826,36.6295371515,36.427754852,35.51393983842286,34.07619831570588,34.400052495157084,34.276074593099956
1827,36.64573865,36.436592033000004,35.49767800007156,33.98661355929412,34.33423118051305,34.25049144679426
1828,36.6118627895,36.483723665,35.49804701296184,33.980895383352944,34.37692852656786,34.25998021414518
1829,36.631010015,36.504343754000004,35.48752269626202,34.00220858458824,34.40766571209406,34.26287265608323
1830,36.625118561,36.479305074500004,35.472012192617186,33.92423345811765,34.31427938611876,34.259294094567714
1831,36.6265914245,36.491087982500005,35.461924611875,33.903786647176474,34.34844604682203,34.24577452509091
1832,36.6000798815,36.522018116,35.432811279780225,33.81316222241177,34.283721993519364,34.23651119457627
1833,36.6148085165,36.5028708905,35.41584225669173,33.82685118905883,34.28193073504259,34.2373149490625
1834,36.595661291,36.4822508015,35.435721775113635,33.89390979782353,34.275191846144125,34.24491374579891
1835,36.380623220000004,36.301088591,35.47061779244095,33.84365916076471,34.06773276465116,34.22417224190096
1836,36.548529659,36.430700579,35.44380462803504,33.88212688982353,33.978947591069364,34.19637933665623
1837,36.535273887500004,36.3732589025,35.41777090381161,33.92925852182353,34.13490485258517,34.24056014959143
1838,36.248065505,36.215662508,35.46477301403123,33.946759605764704,34.42198126623643,34.20830269075614
1839,36.560312567000004,36.433646306,35.472190196873065,34.05315233388235,34.42678949095327,34.284372677535416
1840,36.5441110685,36.486669392,35.45094311489706,34.109640981058824,34.51569095318436,34.34777583427711
1841,36.542638205,36.4144990805,35.46904630651163,34.09317956547059,34.50561445722157,34.36735497416237
1842,36.492560846,36.3408559055,35.51410881487603,33.93705603447059,34.42367511335689,34.27834704266055
1843,36.592715564,36.467522166500004,35.46810435892442,33.95438384035294,34.27119116611047,34.312460863353735
1844,36.5441110685,36.522018116,35.43159558292308,33.96980558758823,34.35424658991444,34.25398202980344
1845,36.5470567955,36.4704678935,35.41989020457143,33.96997886564706,34.31181092103194,34.28403141231592
1846,36.454266395000005,36.286359956,35.41869438166508,33.915916111294116,34.37722980142132,34.194276635448944
1847,36.580932656,36.4822508015,35.40366368,34.0158975512353,34.419076677091525,34.262472868638675
1848,36.563258294,36.43953776,35.41814186294252,33.9540372842353,34.52674170557854,34.244786504445514
1849,36.598607018,36.327600134,35.446362464133884,33.99787663311765,34.459746743034316,34.160851399769484
1850,36.6118627895,36.4616307125,35.41272301828798,34.012605268117646,34.41612692759868,34.243584143497756
1851,36.5971341545,36.5028708905,35.42876685563801,34.02144244911765,34.41915881966378,34.26645270531334
1852,36.636901469,36.510235208000005,35.435543962890364,33.910024657294116,34.38661609236025,34.216447427332426
1853,36.595661291,36.5264367065,35.43531264636364,33.89061751470588,34.22645817418294,34.22376608893617
1854,36.3290729975,36.242174051,35.421987711946564,33.89235029529412,34.3466129953606,34.16519820999551
1855,36.457212122,36.545583932,35.40092905233083,33.82511840847059,34.360502407263425,34.152159475713
1856,36.429227715500005,36.460157849,35.41600836911654,33.74887606258824,34.44773724421053,34.108644016303316
1857,36.5264367065,36.483723665,35.45342710288372,33.7301620322353,34.5039104348888,34.09734941811195
1858,36.519072389,36.395351855,35.37336726674419,33.67176732641177,34.41466696544413,34.112530323928574
1859,36.545583932,36.413026217,35.422900304408486,33.84539194135294,34.41989493793074,34.23943180413994
1860,36.5382196145,36.510235208000005,35.39633383454546,33.94797255217647,34.472320660097516,34.30768114094231
1861,36.5264367065,36.507289481,35.378359575299044,33.95126483529412,34.477164230286355,34.285057628727635
1862,36.572095475,36.492560846,35.37149512492647,33.99371795970588,34.46864391909091,34.23106499840745
1863,36.585351246500004,36.4439563505,35.3814985600146,34.002035306529415,34.455103392366,34.21672214308411
1864,36.589769837,36.4645764395,35.38629947490435,34.01347165841177,34.42220414086817,34.23019597402843
1865,36.6324828785,36.477832211,35.39192328001825,34.020402780764705,34.41668386046068,34.19563505535119
1866,36.6089170625,36.510235208000005,35.39553962699248,33.846604887764705,34.48309977452041,34.10840392715218
1867,36.55736684,36.315817226,35.38606590067797,33.77209532247059,34.41356938352273,34.14018052877049
1868,36.595661291,36.451320668,35.370933380000004,33.82321234982353,34.36953668500236,34.18059210687329
1869,36.5824055195,36.533801024,35.41101505802198,33.83672803841176,34.413099392644625,34.1743261312095
1870,36.504343754000004,36.471940757,35.430191563203124,33.86999742570588,34.44438037616642,34.15420103223275
1871,36.404189036000005,36.3379101785,35.426803563339696,33.81974678864706,34.42216108727273,34.13039526769804
1872,36.5028708905,36.4645764395,35.44766191351573,33.831356418588236,34.45772250609164,34.14792938466263
1873,36.533801024,36.411553353500004,35.42014114895349,33.891657183058825,34.42500083496016,34.199958669288826
1874,36.3320187245,36.4380648965,35.427822023174805,33.804325041411765,34.29260368845554,34.248192594298
1875,36.545583932,36.4410106235,35.421869764677766,33.91938167247059,34.49835004462164,34.20267028020057
1876,36.483723665,36.421863398,35.41561231705222,33.878314772529414,34.51293340469065,34.14819866650423
1877,36.5765140655,36.463103576,35.40583099741597,33.869650869588234,34.45732871974772,34.13424610516632
1878,36.5441110685,36.349693086500004,35.4150926211336,33.827024467117646,34.398684416123274,34.20899440534712
1879,36.575041202,36.4410106235,35.416769166883725,33.81038977347059,34.39956068448231,34.17026119295993
1880,36.566204021000004,36.4851965285,35.404532502896636,33.774174659176474,34.40538953,34.1477379314847
1881,36.539692478,36.492560846,35.44568874656,33.78924985029412,34.38023535240361,34.1703630366788
1882,36.4881422555,36.418917671,,33.769842707705884,34.30658530693095,34.1487025361528
1883,36.551475386,36.4851965285,,33.817147617764704,34.31775191560853,34.15838804958916
1884,36.206825327000004,36.433646306,,33.749222618705886,34.41294316604824,34.10570936165517
1885,36.507289481,36.4969794365,,33.80103275829412,34.32226834540225,34.13719999772973
1886,36.5205452525,36.4940337095,,33.77348154694118,34.29522819976471,34.1171234705212
1887,36.592715564,36.5058166175,,33.83049002829412,34.38761770521978,34.156472144715025
1888,36.563258294,36.5087623445,,33.83204953082353,34.352847377856186,34.1688731975
1889,36.5824055195,36.5058166175,,33.81870712029412,34.35508900156124,34.16387827827394
1890,36.541165341500005,36.489615119,,33.725310246588236,34.34523459369538,34.14947912100732
1891,36.5441110685,36.504343754000004,,33.803112095,34.37131605396364,34.172540154902116
1892,36.4881422555,36.477832211,,33.80813715870588,34.26973326061135,34.185703682436106
1893,36.510235208000005,36.4586849855,,33.84764455611765,34.32274243858005,34.221706395286574
1894,36.3791503565,36.312871499,,33.79479474817647,34.40007162694599,34.16720342
1895,36.5588397035,36.5647311575,,33.932724083000004,34.35775238295775,34.20003313948936
1896,36.539692478,36.554421113000004,,33.993024847470586,34.414721668497364,34.241370245486806
1897,36.55736684,36.566204021000004,,33.965993470294116,34.42670050080505,34.219319299150214
1898,36.5558939765,36.554421113000004,,33.93618964417647,34.430565678993005,34.23279207398136
1899,36.551475386,36.530855297,,33.92111445305883,34.43763447304734,34.227760081207755
1900,36.566204021000004,36.5647311575,,33.98505405676471,34.27598462030045,34.2087318523721
1901,36.5765140655,36.519072389,,33.99441107194118,34.390819646464344,34.24133359767941
1902,36.55736684,36.513180935,,33.95299761588235,34.37399458662939,34.19350722309571
1903,36.55736684,36.473413620500004,,33.81229583211765,34.293307064114835,34.17794366893617
1904,36.5058166175,36.466049303,,33.80692421229412,34.27633058174579,34.239941855
1905,36.467522166500004,36.4616307125,,33.757713243588235,34.177128083627906,34.19440240935512
1906,36.442483487000004,36.4586849855,,33.75632701911765,34.25834352163953,34.18622266940156
1907,36.4940337095,36.404189036000005,,33.855268790705885,34.37064039070769,34.21598724710744
1908,36.4940337095,36.4557392585,,33.84573849747059,34.39979200597127,34.20673922443009
1909,36.479305074500004,36.401243309,,33.883339836235294,34.43632951880155,34.19948646730769
1910,36.533801024,36.429227715500005,,33.85578862488235,34.44543825981752,34.21399441471802
1911,36.529382433500004,36.4999251635,,33.90309353494118,34.46200269892447,34.23305544368396
1912,36.5558939765,36.4940337095,,33.92856540958824,34.45639384787986,34.19665139347399
1913,36.569149748,36.474886484,,33.847298,34.402012824675325,34.180458001052635
1914,36.529382433500004,36.483723665,35.457306822622954,33.855615346823534,34.401296194547285,34.21755408440228
1915,36.585351246500004,36.5175995255,35.456927396428576,33.834821979764705,34.415982623913045,34.20938101371862
1916,36.5647311575,36.486669392,35.44452344229839,33.887671787705884,34.444234010971854,34.22044167109666
1917,36.5706226115,36.4822508015,35.43941593177419,33.81541483717647,34.44474580007021,34.18861723468906
1918,36.5558939765,36.489615119,35.45379692,33.76100552670589,34.331649229724015,34.13637164115384
1919,36.529382433500004,36.4969794365,,33.753034736000004,34.40214441577894,34.1426558782319
1920,36.560312567000004,36.424809125,35.43304175864,33.80207242664706,34.363735800725955,34.18354766717564
1921,36.545583932,36.474886484,35.43870905,33.79514130429412,34.38217793426661,34.181326287196875
1922,36.5382196145,36.4969794365,35.43080588,33.72583008076471,34.40166059727232,34.15465014666959
1923,36.445429214,36.4586849855,35.47372562885246,33.73120170058824,34.292574042509706,34.15483405486734
1924,36.5765140655,36.357057404,35.4212440060315,33.66518276017647,34.182030016930234,34.185344593479826
1925,36.5470567955,36.486669392,35.43935649015748,33.70053148417647,33.94372968621227,34.191619760022824
1926,36.5146537985,36.4616307125,35.43178189386154,33.69845214747059,34.40037147356288,34.15986242262454
1927,36.3762046295,36.256902686000004,35.45811166606558,33.7007047622353,34.443797070293975,34.174525591245015
1928,36.542638205,36.259848413,35.46614919616129,33.70867555294118,34.3630435011798,34.192662734037604
1929,36.523490979500004,36.4262819885,35.44561179229651,33.77018926382353,34.30882757523765,34.19436193646751
1930,36.548529659,36.401243309,35.45260763443182,33.79774047517647,34.37416557227866,34.19447940238532
1931,36.479305074500004,36.5058166175,35.472941864642856,33.78335839629412,34.410875070078816,34.14969943391892
1932,36.580932656,36.4086076265,35.4765540786651,33.8185338422353,34.39712932866059,34.22708332452174
1933,36.569149748,36.4498478045,35.440629951392,33.90811859864706,34.3970010835493,34.20156241052766
1934,36.572095475,36.445429214,35.428522171785715,33.85856107382353,34.40116385158513,34.20577165895895
1935,36.580932656,36.451320668,35.43965349040323,33.85752140547059,34.40422227335926,34.215576550042556
1936,36.513180935,36.486669392,,33.83967376541177,34.382475669098675,34.15168520806346
1937,36.5500025225,36.4498478045,35.44119762149194,33.87467593329412,34.37104990779124,34.20186141893798
1938,36.454266395000005,36.4233362615,35.42809356071429,33.83499525782353,34.30107657950781,34.139950717223215
1939,36.55736684,36.466049303,35.434820637559056,33.74974245288235,34.31887398251714,34.22137915993048
1940,36.491087982500005,36.427754852,35.4372443157138,33.70555654788235,34.36629746792784,34.18032255625954
1941,36.46899503,36.466049303,35.458978884875,33.744024276941175,34.472338699571814,34.17458887205188
1942,36.607444199,36.4586849855,35.45292274517695,33.755807184941176,34.41204013875057,34.193866358039735
1943,36.6089170625,36.4086076265,35.481561443098904,33.720978295117646,34.53752863231405,34.192768388037976
1944,36.5794597925,36.463103576,35.49517476288112,33.81662778358824,34.5216104299456,34.20536685737596
1945,36.6295371515,36.4351191695,35.49467788911669,33.73951904741177,34.49233668153846,34.16830822975879
1946,36.591242700500004,36.330545861000004,35.491490350809116,33.73206809088236,34.44830939593654,34.15128690749046
1947,36.6148085165,36.336437315,35.51675423641246,33.747143282,34.480996814126684,34.1693660896596
1948,36.6089170625,36.355584540500004,35.518954106425376,33.79635425070588,34.516783961935175,34.17762151136499
1949,36.604498472,36.4086076265,35.51291168068383,33.78058594735294,34.52056813595194,34.216569462597406
1950,36.698761736,36.4704678935,35.54622194584727,33.81558811523529,34.52106610290909,34.32647140447624
1951,36.6383743325,36.4144990805,35.53881675047794,33.899108139588236,34.515650356374934,34.35014565087536
1952,36.622172834,36.4851965285,35.51561393898275,33.97205820235294,34.43939066203231,34.358099596808515
1953,36.5617854305,36.4969794365,35.511043485276716,33.95958218211765,34.479177767407755,34.32234945945144
1954,36.4586849855,36.4233362615,35.51014947395349,33.769496151588235,34.413215236501976,34.20576002113159
1955,36.5529482495,36.4086076265,35.51562989627907,33.88524589488235,34.31691658047523,34.244297903464314
1956,36.495506573,36.4203905345,35.5084307363369,33.75320801405883,34.45739391661098,34.185212680702634
1957,36.5028708905,36.4203905345,35.47888485823864,33.738306101,34.31658837295736,34.18551661711757
1958,36.367367448500005,36.32170868,35.50293358455814,33.77313499082353,34.236627897264206,34.20624077338945
1959,36.5588397035,36.4527935315,35.509711135979025,33.855961902941175,34.406517679494854,34.18467253114362
1960,36.6236456975,36.41008049,35.51949262373626,33.88871145605882,34.43197748858434,34.27398903937743
1961,36.554421113000004,36.4321734425,35.52636239,33.88905801217647,34.443853840574114,34.254984521129394
1962,36.454266395000005,36.2701584575,35.51247197,33.83464870170588,34.352204662588,34.21586548697613
1963,36.681087374,36.489615119,35.49696265373047,33.85509551264706,34.29272226465236,34.217372358742296
1964,36.622172834,36.5058166175,35.47920100318182,33.780759225411764,34.348240809845336,34.19169104926175
1965,36.524963843,36.4763593475,35.48952426833408,33.792195577294116,34.45814875684211,34.18392716379518
1966,36.542638205,36.491087982500005,35.490181666770994,33.811775997941176,34.403254721290324,34.20217340208467
1967,36.585351246500004,36.486669392,35.4875120648967,33.73605348623529,34.29481142335614,34.19937425180212
1968,36.324654407000004,36.4410106235,35.51090848130682,33.838460819,34.176739914113,34.20569278028583
1969,36.4704678935,36.4410106235,35.46566164349435,33.90673237417647,33.73152527392671,34.21203145239752
1970,36.498452300000004,36.368840312,35.487586132720494,33.925619682588234,34.454620238614766,34.309235427081425
1971,36.43953776,36.301088591,35.5254257214536,33.771402210235294,34.576325863032835,34.449126391250005
1972,36.510235208000005,36.3143443625,35.534056453059705,33.890790792764705,34.555457652446464,34.4966006244487
1973,36.516126662000005,36.3644217215,35.52754363390977,34.01052593141176,34.54921255254054,34.40064378556016
1974,36.5264367065,36.436592033000004,35.514227753402984,33.98938600823529,34.55659718,34.32046680196284
1975,36.563258294,36.448374941000004,35.495546168602445,33.89685552482353,34.517569610046806,34.28979441332079
1976,36.6089170625,36.415971944,35.49900111805769,33.79826030935294,34.45236165551923,34.26856302938053
1977,36.377677493,36.367367448500005,35.527297541428574,33.78769034776471,34.455874672927166,34.22768780870797
1978,36.575041202,36.360003131,35.46600607073193,33.779546279,34.27546836788177,34.25004685921539
1979,36.479305074500004,36.407134763,35.485024770648856,33.658771472,34.336031093357406,34.15515603310508
1980,36.5971341545,36.404189036000005,35.46845224546565,33.73414742758823,34.37469643019231,34.17464176002491
1981,36.551475386,36.417444807500004,35.46631716690909,33.719765348705884,34.373907747957944,34.17558064623017
1982,36.460157849,36.4233362615,35.48682521042188,33.73865265711765,34.44718747673913,34.212166457954545
1983,36.480777938,36.2731041845,35.4512432110661,33.79167574311765,34.33359611355664,34.308387046120096
1984,36.4881422555,36.3084529085,35.49162483132723,33.823905462058825,34.398965881386644,34.27332659636878
1985,36.619227107,36.306980045,35.52089478161151,33.88126049952941,34.344648517046906,34.249297169901666
1986,36.585351246500004,36.3585302675,35.5522375105,33.965646914176475,34.503861069484536,34.289248087920534
1987,36.5794597925,36.398297582,35.56996690151316,33.988346339882355,34.52662398973684,34.45154382578641
1988,36.5882969735,36.4262819885,35.533894078352276,33.96079512852941,34.5238891047763,34.42958010316869
1989,36.5647311575,36.436592033000004,35.53104877386364,33.97448409517647,34.534470648500005,34.32523988680162
1990,36.357057404,36.324654407000004,35.53202148385496,33.80397848529412,34.544590826718505,34.239187947891686
1991,36.6118627895,36.424809125,35.51416291454545,33.915916111294116,34.4623712907972,34.24102326345361
1992,36.5588397035,36.442483487000004,35.51011707633867,33.73276120311765,34.4087621927907,34.191298156424345
1993,36.5058166175,36.293724273500004,35.52870558193182,33.734667261764706,34.45991120659889,34.174706157590364
1994,36.2907785465,36.306980045,35.54526663536488,33.82754430129412,34.577838296,34.14476409956113
1995,36.669304466,36.5175995255,35.51691847717015,33.90482631552941,34.47608580249767,34.283241326364575
1996,36.610389926,36.3762046295,35.553029505264064,33.944506991000004,34.354215870868266,34.36959592288136
1997,36.4940337095,36.4233362615,35.51589330390141,33.975003929352944,34.47642985423829,34.2923040210729
1998,36.480777938,36.2819413655,35.53790161255475,33.918688560235296,34.51665042320652,34.41386623820412
1999,36.492560846,36.2731041845,35.5580925975,33.894776188117646,34.51156036541221,34.3698496335085
2000,36.524963843,36.413026217,35.531058720474284,33.96408741164706,34.577543363626376,34.324629905121554
2001,36.4822508015,36.3320187245,35.55363685510072,33.776600552,34.55396603245774,34.38651788259794
2002,36.5058166175,36.4203905345,35.53965373791304,33.55757708564706,34.5850730166474,34.388232508183194
2003,36.530855297,36.3762046295,35.52950945069675,33.90066764211765,34.60471207457077,34.285317468404585
2004,36.3791503565,36.473413620500004,35.54566349676119,33.95161139141177,34.46382262001238,34.26623208054651
2005,36.6236456975,36.367367448500005,35.58028378593653,33.96200807494118,34.50139849634004,34.379881821658984
2006,36.5588397035,36.3113986355,35.55220067054787,33.9422543762353,34.55559894685338,34.29106394573913
2007,36.551475386,36.3850418105,35.551181826459924,33.81420189076471,34.48761244664596,34.248582368993
2008,36.539692478,36.348220223,35.54080091552273,33.84677816582353,34.452160071357255,34.27411906947278
2009,36.583878383,36.4410106235,35.53220348969231,33.78769034776471,34.44665948824798,34.234386877388374
2010,36.5558939765,36.4321734425,35.50167724770992,33.66518276017647,34.32768379826342,34.145535240765554
2011,36.5676768845,36.477832211,35.521992355439565,33.595698258588236,34.37859149641778,34.169102099115754
2012,36.580932656,36.43953776,35.50641368261723,33.65738524752941,34.34236978043202,34.161336271146624
2013,36.5794597925,36.451320668,35.49645879772727,33.60817427882353,34.282940181805444,34.14634734322633
2014,36.473413620500004,36.451320668,35.51085856368421,33.66916815552941,34.24568767318919,34.115839905900046
2015,36.545583932,36.4203905345,35.49286342386364,33.78370495241177,34.366071862221276,34.18326156700495
2016,36.522018116,36.483723665,35.49623097352239,33.697412479117645,34.390108042462685,34.16947501269355
2017,36.5500025225,36.4586849855,35.47673355733333,33.68510973694118,34.28766117300781,34.16767624231405
2018,36.58682411,36.415971944,35.473002230761196,33.68181745382353,34.2802769997921,34.321179069628066
2019,36.442483487000004,36.1611665585,35.46834049454546,33.692387415411766,33.929294729179105,34.229670061028344
2020,36.535273887500004,36.3084529085,35.5342831226,33.87606215776471,34.344276302487614,34.230708885263155
2021,36.595661291,36.256902686000004,35.53361427517176,33.855615346823534,34.437302501536735,34.25178780984252
2022,36.585351246500004,36.3938789915,35.54284707063373,33.888884734117646,34.30227328706316,34.25371688436364
2023,36.591242700500004,36.3909332645,35.52460374701493,33.71664634364706,34.415710602503545,34.22277260007374
2024,36.5441110685,36.330545861000004,35.51679125681818,33.69654608882353,34.29560477862661,34.21485230510638
2025,36.530855297,36.407134763,35.50865935912409,33.699318537764704,34.15256083830646,34.1995356064867
2026,36.5058166175,36.4498478045,35.50690193108598,33.79739391905883,34.15393867835484,34.169381454361236
2027,36.542638205,36.348220223,35.50828445843908,33.752688179882355,34.305365475177425,34.20324856571429
2028,36.4586849855,36.429227715500005,35.494074161584415,33.6447359492353,34.246078939769234,34.168669719011845
2029,36.413026217,36.477832211,35.537490692,33.66119736482353,34.210315533235296,34.20114172168616
2030,36.5558939765,36.533801024,35.51960574246456,33.67228716058824,34.43807837547507,34.21663057118915
2031,36.386514674,36.243646914500005,35.53204838372263,33.728082695529416,33.72915414952805,34.2095750910329
2032,36.377677493,36.1287635615,35.56039446329545,33.716992899764705,34.018908471960394,34.20757768498415
2033,36.5824055195,36.2024067365,35.523956130790516,33.75372784823529,34.101516635,34.241801129702225
2034,36.5146537985,36.3879875375,35.54651736421053,33.76135208282353,34.12264924530504,34.22876629145786
2035,36.566204021000004,36.3231815435,35.50612652626087,33.805884543941175,34.07045456104562,34.214680178679245
2036,36.5264367065,36.3791503565,35.49180304382353,33.75476751658824,33.89174181294842,34.200897801215135
2037,36.5941884275,36.3732589025,35.48886935002206,33.79080935282353,33.95753500010309,34.20888417218188
2038,36.6118627895,36.433646306,35.47207684957143,33.77590743976471,34.336237816221434,34.20567909955272
2039,36.355584540500004,36.248065505,35.5753979675,33.68268384411765,34.200973666034116,34.157818903503184
2040,36.545583932,36.433646306,35.54836019627907,33.84955061476471,34.492978467269936,34.21833854472603
2041,36.5264367065,36.365894585,35.56157619520611,33.888191621882356,34.41999345647669,34.36710753248
2042,36.287832819500004,36.380623220000004,35.59780110025045,33.54336828482353,34.5433010442305,34.55902853012599
2043,36.3614759945,36.4645764395,35.55549710052174,33.13703123688235,34.51300313638614,34.47186892731125
2044,36.46899503,36.3202358165,35.546976699287114,33.67384666311765,34.54329745573092,34.39589025430341
2045,36.4822508015,36.3467473595,35.52883954644377,33.755807184941176,34.56047203299745,34.397640745443105
2046,36.473413620500004,36.2760499115,35.5591081487076,33.86913103541177,34.5175379869251,34.34560547032358
2047,36.4586849855,36.306980045,35.52367104993742,33.79375507982353,34.476614225030595,34.42913847215726
2048,36.486669392,36.342328769,35.50750126028777,33.858387795764706,34.5246362472418,34.36467987937143
2049,36.367367448500005,36.4645764395,35.536508783,33.87918116282353,34.525912671862805,34.20181111507463
2050,36.535273887500004,36.430700579,35.51986984586004,33.877968216411766,34.43830149859706,34.29436504065893
2051,36.519072389,36.295197137,35.51250220241393,33.84955061476471,34.4471825069506,34.28789007064516
2052,36.563258294,36.486669392,35.49895660844643,33.72686974911765,34.422682699573045,34.23716508947412
2053,36.545583932,36.360003131,35.510236147299274,33.726349914941174,34.30473601074589,34.14083297391513
2054,36.242174051,36.130236425,35.51390488803054,33.65738524752941,34.28494886857143,34.18825952815822
2055,36.371786039,36.2996157275,35.51248865089552,33.75961930223529,34.26433175355124,34.19093070202166
2056,36.304034318,36.186205238,35.520485813409095,33.65547918888235,34.0491750197349,34.137244616027715
2057,36.306980045,36.097833428,35.512541750019466,33.73847937905882,33.995071613112785,34.129810002420435
2058,36.3703131755,36.197988146,35.48333103049191,33.64750839817647,33.88211913110448,34.1221133201214
2059,36.429227715500005,36.180313784,35.49310950537815,33.75338129211765,33.92801912201632,34.16223306451193
2060,36.336437315,36.243646914500005,35.5062962735403,33.692733971529414,34.47001276425532,34.27359379235
2061,36.3113986355,36.147910787,35.562125356859376,33.738132822941175,34.641231434863336,34.19111398476931
2062,36.529382433500004,36.2495383685,35.543869709683754,33.84521866329412,34.409615684388946,34.385780196134455
2063,36.5028708905,36.349693086500004,35.52338246716418,33.862199913058824,34.49593686900578,34.35363901403
2064,36.5500025225,36.35116595,35.5120919792,33.91418333070588,34.52690161927971,34.28748424667388
2065,36.197988146,36.171476603,35.55295489378436,33.897375359,34.42482211255389,34.203915176823465
2066,36.52790957,36.4704678935,35.53243770213026,33.88282000205883,34.53140298880649,34.26644909025696
2067,36.5500025225,36.404189036000005,35.50671108287433,33.87918116282353,34.50474695903958,34.249028579263374
2068,36.589769837,36.4645764395,35.51807699227246,33.84712472194118,34.49532750893595,34.23004463313032
2069,36.5676768845,36.4851965285,35.515766906837214,33.702957377000004,34.41903803008057,34.16479765260166
2070,36.563258294,36.405661899500004,35.51908778179402,33.73674659847059,34.313759278915455,34.186673511178014
2071,36.4969794365,36.305507181500005,35.52282588222068,33.832222808882356,34.27163584995966,34.194130697540345
2072,36.486669392,36.4498478045,35.52534802119835,33.771055654117646,34.167558063424536,34.15526722296075
2073,36.342328769,36.3644217215,35.53134032963053,33.75719340941177,34.29893844675624,34.13554498032382
2074,36.4940337095,36.417444807500004,35.51031433514267,33.815241559117645,34.22691423898734,34.130825761185804
2075,36.1876781015,36.268685594000004,35.51221565892889,33.723750744058826,34.38382928923077,34.14535223819782
2076,36.6206999705,36.466049303,35.53848446486141,33.825811520705884,34.29951904488084,34.20870280338898
2077,36.41008049,36.3526388135,35.543121287969925,33.78803690388236,34.493172348772504,34.23115908374342
2078,36.451320668,36.4351191695,35.509997240000004,33.811082885705886,34.570039578838134,34.12279272164818
2079,36.2701584575,35.9372913065,35.53816428227712,33.76221847311765,34.52460281703827,34.22646189780749
2080,36.601552745,36.162639422,35.528400595045454,33.77781349841177,34.516317920576924,34.18905861977707
2081,36.533801024,36.181786647500005,35.593013182727276,33.873982821058824,34.39213763535663,34.22255623660377
2082,36.5205452525,36.348220223,35.55445182656717,33.85422912235294,34.29036339534286,34.25977463964422
2083,36.4822508015,36.398297582,35.56886292880597,33.877968216411766,34.417457376585595,34.226303968560444
2084,36.5205452525,36.41008049,35.528280825651265,33.83464870170588,34.51869248603926,34.25225363675
2085,36.46899503,36.4233362615,35.54502356488667,33.938268980882356,34.48808493209704,34.32835654823875
2086,36.55736684,36.405661899500004,35.53293199697842,33.852496341764706,34.53481812071763,34.21874409877264
2087,36.5146537985,36.221553962,35.55280967489093,33.782318727941174,34.472226038143155,34.18625087619932
2088,36.5058166175,36.365894585,35.51583114621978,33.86393269364706,34.426536951548044,34.23785766451529
2089,36.566204021000004,36.479305074500004,35.52386298527273,33.706942772352946,34.46106257367983,34.157753078075004
2090,36.513180935,36.417444807500004,35.51636157016773,33.706942772352946,34.33675855256442,34.14551768337027
2091,36.5205452525,36.483723665,35.51010483095156,33.72583008076471,34.33561847816296,34.156849358125
2092,36.551475386,36.3938789915,35.49486091178947,33.68251056605882,34.33708404037751,34.151316237663046
2093,36.5676768845,36.451320668,35.50565799568182,33.75407440435294,34.34326863793103,34.139411870024794
2094,36.5558939765,36.5058166175,35.485266992533084,33.790982630882354,34.24618080177466,34.13565797986367
2095,36.5647311575,36.445429214,35.507378816,33.72236451958824,34.34157312287495,34.17107322945755
2096,36.5264367065,36.4203905345,35.51623244633954,33.683030400235296,34.38713678677419,34.20018964229149
2097,36.1434921965,35.9638028495,35.541205200465114,33.78145233764706,34.45472722275862,34.1462030706241
2098,36.136127879,36.1434921965,35.511608577846154,33.74281133052941,34.5087504006048,34.19937505154255
2099,36.4380648965,36.4027161725,35.52072708617391,33.88715195352941,34.39156768244982,34.25812797712244
2100,36.4763593475,36.3968247185,35.52640913273247,33.823039071764704,34.553942611354984,34.212457568050056
2101,36.4940337095,36.355584540500004,35.549826073129566,33.80051292411765,34.56406124544781,34.274428415
2102,36.592715564,36.3968247185,35.53244087428572,33.608520834941174,34.52793662309207,34.29143329359091
2103,36.5765140655,36.354111677,35.511668823178574,33.86046713247059,34.48249671058151,34.19329438783505
2104,36.504343754000004,36.3791503565,35.52474976572993,33.75338129211765,34.42603477802165,34.15920672980541
2105,36.1582208315,36.059538977,35.58536970880315,33.78976968447059,34.367113888548815,34.15355004728516
2106,36.522018116,36.3143443625,35.547339536818185,33.828237413529415,34.44504889460674,34.1373302937218
2107,36.4763593475,36.32170868,35.52667744101604,33.81836056417647,34.456828398843065,34.213198221234
2108,36.4969794365,36.2996157275,35.53235492286765,33.784744620764705,34.31066227710766,34.206750945267274
2109,36.486669392,36.415971944,35.553744883243034,33.76655042458824,34.51734866289974,34.15715408584746
2110,36.430700579,36.355584540500004,35.51389255826681,33.72149812929412,34.397716164464455,34.05504319567859
2111,36.367367448500005,36.2966700005,35.50666044967532,33.73761298876471,34.487046684357075,34.09125317101223
2112,36.4557392585,36.3791503565,35.50945236129736,33.75788652164706,34.45703105639062,34.22483085244318
2113,36.495506573,36.3202358165,35.52348003394865,33.780759225411764,34.42036457583028,34.27651744287248
2114,36.242174051,36.2171353715,35.46785591607792,33.807097490352945,34.336657094676646,34.25286950307621
2115,36.52790957,36.377677493,35.483243347897385,33.7507821212353,34.47351429002687,34.072672349709926
2116,36.52790957,36.265739867,35.51552344282609,33.816454505529414,34.55622101536965,34.116877572979384
2117,36.535273887500004,36.3349644515,35.51045931482353,33.84175310211765,34.52923667157895,34.16090276333333
2118,36.523490979500004,36.309925772,35.50809505698052,33.7566735752353,34.52639009891213,34.17891016671598
2119,36.454266395000005,36.29225141,35.51697490835165,33.73553365205883,34.447857772215464,34.185405615607735
2120,36.3997704455,36.4203905345,,33.744197555,34.55033342645349,34.15535983069112
2121,36.5264367065,36.4262819885,35.522651237874015,33.80727076841177,34.503976264494696,34.28146100648649
2122,36.5323281605,36.4321734425,35.51843921769196,33.8362082042353,34.44850242588235,34.27521171642546
2123,36.479305074500004,36.463103576,35.486311496183205,33.90863843282353,34.436411928557696,34.300629070109025
2124,36.448374941000004,36.345274496,35.481270713328875,33.814548446882355,34.467379097474364,34.16356456720704
2125,36.445429214,36.286359956,35.49079675677529,33.796874084882354,34.52903142230916,34.14192823373047
2126,36.436592033000004,36.262794140000004,35.53058579777476,33.74454411111765,34.55446209001379,34.20555017034449
2127,36.536746751,36.5058166175,35.66738322542857,33.922154121411765,34.54146391457921,34.24205081219828
2128,36.5264367065,36.5205452525,35.62532040640625,33.820439900882356,34.49602481028103,34.272009909717184
2129,36.4557392585,36.516126662000005,,33.705903104,34.46929101290323,34.29148784409091
2130,36.195042419,36.5323281605,,33.66518276017647,34.564162380745195,34.24792684906012
2131,36.5706226115,36.5676768845,,33.72738958329412,34.507227522435635,34.28334096641365
2132,36.504343754000004,36.5470567955,,33.702957377000004,34.45170184201439,34.23531121730674
2133,36.572095475,36.575041202,,33.741251828,34.46783761705815,34.27733784967557
2134,36.5676768845,36.5676768845,,33.689961522588234,34.48421378249135,34.258076055532705
2135,36.530855297,36.563258294,,33.657558525588236,34.46864009464983,34.25775948077845
2136,36.5382196145,36.533801024,,33.66518276017647,34.452419854983354,34.25058003235076
2137,36.585351246500004,36.5558939765,,33.702957377000004,34.451606575473605,34.26379339492889
2138,36.5382196145,36.541165341500005,,33.69845214747059,34.51557532499004,34.30271874817987
2139,36.560312567000004,36.5470567955,,33.64958773488235,34.47825006396154,34.25667663088861
2140,36.463103576,36.533801024,,33.694120196,34.44930075096528,34.26726380780509
2141,36.4822508015,36.5529482495,,33.65305329605882,34.484020112023856,34.2479927276309
2142,36.442483487000004,36.535273887500004,,33.66674226270588,34.48668060465116,34.25753380426471
2143,36.429227715500005,36.504343754000004,,33.591366307117646,34.497903769070746,34.22756457636364
2144,36.3644217215,36.483723665,,33.630527148411765,34.44277437878624,34.23107826842427
2145,36.510235208000005,36.5146537985,,33.65097395935294,34.6001900857499,34.286862166896555
2146,36.473413620500004,36.5441110685,,33.661717199,34.54784107604073,34.25189889326698
2147,36.4969794365,36.5500025225,,33.66674226270588,34.48718375076862,34.25681304284619
2148,36.471940757,36.5529482495,,33.657558525588236,34.435957051076926,34.25143888312343
2149,36.495506573,36.569149748,,33.66310342347059,34.436599199690214,34.26874270604768
2150,36.5382196145,36.5765140655,,33.69152102511765,34.48591191572949,34.284342035362556
2151,36.5706226115,36.5794597925,,33.68562957111765,34.46092736467533,34.278858583657424
2152,36.230391143,36.529382433500004,,33.62428913829412,34.57505439539034,34.26896981815345
2153,36.4999251635,36.572095475,,33.70139787447059,34.50163286142012,34.25298123202592
2154,36.5588397035,36.569149748,,33.69567969852941,34.453517144123715,34.27604489921664
2155,36.5617854305,36.5794597925,,33.683030400235296,34.43833405473257,34.26386396120452
2156,36.541165341500005,36.530855297,,33.66674226270588,34.466158183192704,34.25542491346122
2157,36.5676768845,36.55736684,,33.63070042647059,34.46281403123007,34.238649976067656
2158,36.535273887500004,36.536746751,,33.60020348811765,34.44537511373663,34.2289660283
2159,36.4527935315,36.52790957,,33.595005146352946,34.49943733240245,34.22210079411301
2160,36.473413620500004,36.5500025225,35.6250442445,33.60956050329412,34.572680335075816,34.252260681351
2161,36.253956959,36.5058166175,,33.6329530412353,34.56045302395939,34.23789777946445
2162,36.589769837,36.523490979500004,,33.64525578341176,34.50903125224299,34.239418557483845
2163,36.539692478,36.541165341500005,35.60731189574803,33.658771472,34.44908695715362,34.2585378062778
2164,36.5824055195,36.5264367065,,33.65495935470588,34.48296977545455,34.257844972609774
2165,36.5765140655,36.5264367065,,33.67540616564706,34.47184097887674,34.27105297564857
2166,36.548529659,36.529382433500004,,33.67176732641177,34.441954972694745,34.27240970767702
2167,36.551475386,36.5205452525,,33.681470897705886,34.47078228812287,34.259724307285595
2168,36.539692478,36.524963843,,33.675579443705885,34.47095335584248,34.267219231821564
2169,36.55736684,36.551475386,,33.70642293817647,34.46742451943991,34.2836299129352
2170,36.583878383,36.523490979500004,,33.692387415411766,34.475387285169305,34.262176004943825
2171,36.5735683385,36.536746751,,33.68389679052941,34.51550868644332,34.260046627586206
2172,36.504343754000004,36.523490979500004,,33.67003454582353,34.52839958649227,34.250501413126855
2173,36.548529659,36.551475386,35.60661605472441,33.69446675211765,34.39573562189662,34.22824336575634
2174,36.5323281605,36.523490979500004,,33.67540616564706,34.46152604557463,34.23533735927001
2175,36.55736684,36.4969794365,,33.69619953270588,34.51297812229508,34.28013797162093
2176,36.479305074500004,36.4999251635,,33.69949181582353,34.45453039301945,34.22639919979356
2177,36.535273887500004,36.541165341500005,,33.71612650947059,34.45466529489963,34.25654667575957
2178,36.477832211,36.504343754000004,,33.70157115252941,34.48555829374258,34.265046645815126
2179,36.4969794365,36.4881422555,,33.68632268335294,34.38251464017081,34.29095761662592
2180,36.448374941000004,36.46899503,,33.67696566817647,34.42669495093525,34.27428401661765
2181,36.522018116,36.504343754000004,,33.688228742,34.46945764398593,34.288074243082704
2182,36.551475386,36.501398027,,33.69134774705883,34.467428252887,34.28576380854758
2183,36.471940757,36.501398027,,33.68112434158824,34.45908695567757,34.2924627286783
2184,36.491087982500005,36.5087623445,,33.65807835976471,34.431244381632176,34.2419861088824
2185,36.3732589025,36.498452300000004,,33.66986126776471,34.46866871055396,34.2846367528133
2186,36.5117080715,36.5117080715,,33.66275686735294,34.37877178278481,34.26755665380914
2187,36.5441110685,36.529382433500004,,33.695506420470586,34.46761425080332,34.26853815215528
2188,36.529382433500004,36.52790957,35.61333147285714,33.68285712217647,34.45370071033361,34.288980377049185
2189,36.5647311575,36.533801024,35.61333147285714,33.68510973694118,34.48890256848867,34.28430296927932
2190,36.5882969735,36.471940757,35.57066336246094,33.68251056605882,34.46614614725,34.269328534161914
2191,36.6000798815,36.5058166175,35.581408803636364,33.66951471164706,34.41941785568328,34.278888720588235
2192,36.585351246500004,36.4586849855,35.588511521597184,33.63070042647059,34.338466237266005,34.27532548483711
2193,36.491087982500005,36.5117080715,35.5912338446,33.671247492235295,34.31361732763359,34.30228340671548
2194,36.501398027,36.480777938,35.61524614421272,33.72115157317647,34.497873049728334,34.28259958571429
2195,36.4822508015,36.4027161725,35.649760177081276,33.67055438,34.637142075619906,34.23592724631579
2196,36.541165341500005,36.480777938,35.61935370743287,33.68251056605882,34.54236805232239,34.18912930299138
2197,36.5676768845,36.3820960835,35.6174958190625,33.70728932847059,34.542409223249095,34.273113930814105
2198,36.585351246500004,36.471940757,35.636603991363636,33.764817644000004,34.582718134840555,34.23734430961539
2199,36.477832211,36.4881422555,35.65180063693095,33.798433587411765,34.52803405076159,34.339649911545266
2200,36.524963843,36.471940757,35.60226493555814,33.71335406052941,34.42078257291139,34.21262297540609
2201,36.491087982500005,36.355584540500004,35.65291006295652,33.781279059588236,34.62253403836539,34.200438526998646
2202,36.510235208000005,36.407134763,35.655051978636365,33.781279059588236,34.516093096460935,34.25817990336686
2203,36.510235208000005,36.395351855,35.669837875821614,33.79306196758824,34.450968530544046,34.26725872140665
2204,36.492560846,36.3614759945,35.6605857136,33.784051508529416,34.610379199240825,34.280102763492465
2205,36.5882969735,36.5175995255,35.641443192092396,33.785957567176474,34.5904994331677,34.34447610804708
2206,36.580932656,36.530855297,35.66127560361213,33.919035116352944,34.64836564952756,34.32928706107923
2207,36.6089170625,36.510235208000005,35.66685299113052,33.81350877852941,34.606670040675255,34.27783918917575
2208,36.572095475,36.5205452525,35.64808059976471,33.85960074217647,34.596967837032594,34.29639512205714
2209,36.5735683385,36.491087982500005,35.63806349777372,33.81662778358824,34.612700757506516,34.30172531009362
2210,36.566204021000004,36.477832211,35.653137752,33.84521866329412,34.56750489275611,34.26915615955145
2211,36.483723665,36.5087623445,35.631705104805974,33.80467159752941,34.54618896765133,34.25773935667243
2212,36.4822508015,36.46899503,35.616567096800004,33.819573510588235,34.51298054002396,34.23342507937186
2213,36.513180935,36.501398027,35.61164768457721,33.83274264305882,34.5087011200323,34.232931504907064
2214,36.5146537985,36.4704678935,35.598345159270075,33.77798677647059,34.40044873208318,34.209976701034485
2215,36.541165341500005,36.522018116,35.617333370882356,33.832222808882356,34.42493577250096,34.21385776939718
2216,36.501398027,36.523490979500004,35.616900175735296,33.75563390688235,34.415002084627915,34.20248421740458
2217,36.516126662000005,36.507289481,35.636008895,33.75164851152941,34.4924513403036,34.202985368049795
2218,36.474886484,36.519072389,35.623789583000004,33.77677383005882,34.350483992207124,34.195785964412536
2219,36.5058166175,36.5146537985,35.620724577667914,33.745237223352945,34.44534563580008,34.224925956088086
2220,36.474886484,36.4704678935,35.62237127,33.750262287058824,34.388698531152414,34.20472107565762
2221,36.5028708905,36.5058166175,35.621493983973885,33.705209991764704,34.41070963135096,34.18699777088797
2222,36.529382433500004,36.541165341500005,35.646155288,33.71456700694118,34.46858874348353,34.19667978825566
2223,36.474886484,36.522018116,35.63642546245455,33.77157548829412,34.37203663968551,34.20689163925373
2224,36.522018116,36.5205452525,35.63070910411538,33.74575705752941,34.43706612824462,34.21043919653299
2225,36.5028708905,36.52790957,35.620355816412214,33.73449398370588,34.396671581330274,34.213466507877
2226,36.554421113000004,36.5117080715,35.63471490639535,33.75442096047059,34.434311473066145,34.20608092898877
2227,36.192096692,36.3791503565,35.67668798214286,33.70243754282353,34.411717004849685,34.2254002190411
2228,36.5058166175,36.5028708905,35.65549484104651,33.72080501705882,34.40762334608729,34.22376113438735
2229,36.542638205,36.5264367065,35.61764512249194,33.73691987652941,34.380750242187155,34.26788654046036
2230,36.5529482495,36.5205452525,35.644609075790626,33.69637281076471,34.49392709342329,34.248582862452174
2231,36.519072389,36.504343754000004,35.65071254503817,33.732414647,34.35340519761475,34.23052136539587
2232,36.560312567000004,36.5028708905,35.623600292170124,33.70728932847059,34.399724985444905,34.21716043437089
2233,36.563258294,36.5264367065,35.64447042142046,33.800166368,34.407661907912754,34.24570884865285
2234,36.1965152825,36.271631321,35.678947931428574,33.70226426476471,34.46399713074314,34.23832322721992
2235,36.4439563505,36.4881422555,35.65254407253247,33.72860252970588,34.373517380463745,34.23472954682444
2236,36.495506573,36.483723665,35.639041984830826,33.722884353764705,34.367406310264904,34.211410473324364
2237,36.530855297,36.4763593475,35.648823681923666,33.74385099888235,34.388133022085746,34.291661106697994
2238,36.516126662000005,36.495506573,35.636717237313434,33.75840635582353,34.341196030335574,34.239730476342416
2239,36.519072389,36.474886484,35.63911952274809,33.69966509388235,34.41238254130961,34.23855747089501
2240,36.589769837,36.498452300000004,35.608095322731344,33.71681962170588,34.371733239101474,34.226789784235294
2241,36.2465926415,36.2554298225,35.65050917906977,33.674713053411764,34.29154306657078,34.24307828277802
2242,36.4999251635,36.4704678935,35.645173379,33.66552931629412,34.426287287628234,34.21819764545772
2243,36.510235208000005,36.486669392,35.63494957872864,33.802765538882355,34.32008439925898,34.26737427500652
2244,36.529382433500004,36.486669392,35.628480926,33.67540616564706,34.443017165525205,34.23173903652627
2245,36.504343754000004,36.474886484,35.64155072988636,33.783185118235295,34.350488261818185,34.26146142792824
2246,36.545583932,36.466049303,35.64455683148837,33.70555654788235,34.468379461800396,34.242009832142855
2247,36.5500025225,36.4498478045,35.624036495789476,33.76135208282353,34.356939501385995,34.249394762337886
2248,36.4704678935,36.460157849,35.622297829354615,33.691174469,34.37287543380603,34.227957032155174
2249,36.5382196145,36.4086076265,35.611080585116284,33.68251056605882,34.45857457051497,34.22768431200344
2250,36.5205452525,36.460157849,35.65261440814063,33.706942772352946,34.40385615632253,34.252950201098805
2251,36.309925772,36.489615119,35.65701327279018,33.73761298876471,34.40213638692338,34.25006109322835
2252,36.513180935,36.4822508015,35.63417250030535,33.727216305235295,34.38501799644068,34.283397532093026
2253,36.467522166500004,36.5146537985,35.64295837497674,33.72773613941177,34.44417681217184,34.30342424596952
2254,36.510235208000005,36.4704678935,35.672246012857144,33.70624966011765,34.434765381498245,34.258742229734814
2255,36.451320668,36.4704678935,35.66571099795276,33.697412479117645,34.41026164427325,34.234663022461945
2256,36.457212122,36.4645764395,35.641220565846154,33.71733945588235,34.420084349571376,34.21843420780173
2257,36.445429214,36.473413620500004,35.6474645,33.68614940529412,34.5256858682266,34.24789665250965
2258,36.433646306,36.479305074500004,35.63553950697675,33.683376956352944,34.44843465018468,34.2249559593874
2259,36.309925772,36.4233362615,35.676261884919356,33.69464003017647,34.37081416613583,34.2784214560543
2260,36.448374941000004,36.498452300000004,35.642810660468754,33.69498658629412,34.404691366518286,34.247851883538395
2261,36.355584540500004,36.4321734425,35.69411904627119,33.67523288758824,34.439515338423604,34.259522097199486
2262,36.41008049,36.4498478045,,33.693253805705886,34.33972862565615,34.234095784561106
2263,36.542638205,36.52790957,,33.737439710705885,34.38431589665656,34.25041066213345
2264,36.454266395000005,36.5058166175,,33.68857529811765,34.28557456989091,34.21659274304331
2265,36.451320668,36.4822508015,,33.68580284917647,34.332350223772785,34.196397462543935
2266,36.451320668,36.4881422555,,33.68597612723529,34.37827664201269,34.223776888872884
2267,36.395351855,36.4262819885,,33.69637281076471,34.3433606437159,34.21105497455158
2268,36.545583932,36.4999251635,,33.77261515664706,34.414006803983945,34.1780056231651
2269,36.474886484,36.4969794365,,33.76464436594118,34.38848017111332,34.19923930701107
2270,36.5175995255,36.442483487000004,,33.75286145794118,34.449677610146395,34.21016247095
2271,36.466049303,36.4616307125,,33.76862976129412,34.47400399290065,34.19374918896552
2272,36.480777938,36.436592033000004,,33.73917249129412,34.49410629710474,34.178023939770995
2273,36.4940337095,36.3850418105,,33.74350444276471,34.538721433908634,34.16599259711735
2274,36.4498478045,36.486669392,,33.71560667529412,34.604905859759036,34.13928434080407
2275,36.524963843,36.510235208000005,,33.76343141952941,34.551127678403525,34.180877304780225
2276,36.5500025225,36.4881422555,,33.804325041411765,34.60406712216718,34.2162395937588
2277,36.541165341500005,36.5146537985,35.650813646976744,33.91539627711765,34.57596303212732,34.23773704136542
2278,36.575041202,36.5028708905,35.64913907348837,33.96703313864706,34.618002306044986,34.31855621887574
2279,36.6000798815,36.492560846,35.664953973282444,34.0217890052353,34.580850467969924,34.347956297358124
2280,36.601552745,36.473413620500004,35.665055190556394,33.964433967764705,34.594354726436286,34.33700184293632
2281,36.5941884275,36.4969794365,35.669263879198475,33.86133352276471,34.554606187487124,34.241694113740834
2282,36.6000798815,36.460157849,35.67240247088462,33.847471278058826,34.56000370617155,34.30913159488503
2283,36.55736684,36.4321734425,35.66559401773438,33.78821018194118,34.4575966069869,34.31540304528302
2284,36.545583932,36.43953776,,33.762045195058825,34.47345253378608,34.27155723387901
2285,36.4027161725,36.404189036000005,,33.709541943235294,34.40770748426335,34.22820651011586
2286,36.5617854305,36.4645764395,35.61609376630769,33.65963786229412,34.43478836805306,34.227992223347414
2287,36.5175995255,36.413026217,35.638790970500004,33.78387823047059,34.46057268711146,34.27651589228583
2288,36.5382196145,36.415971944,35.60857039167883,33.734667261764706,34.39489479231411,34.23882568675113
2289,36.5264367065,36.424809125,35.616575279375,33.69654608882353,34.47661447244788,34.231264914226216
2290,36.5146537985,36.4351191695,35.626065673057276,33.78578428911765,34.41212840738149,34.218408045918856
2291,36.491087982500005,36.471940757,35.617333370882356,33.75060884317647,34.42732768320917,34.21180405274021
2292,36.3997704455,36.454266395000005,35.663126879010036,33.68355023441177,34.47858156645924,34.30076286018437
2293,36.5706226115,36.495506573,35.65366077053435,33.61666490370588,34.583567242074295,34.29644968772747
2294,36.6413200595,36.5058166175,35.66502804287402,33.847298,34.59214955936118,34.45331343228723
2295,36.591242700500004,36.513180935,35.6955002936776,33.91730233576471,34.61929813624283,34.52932012217033
2296,36.477832211,36.5028708905,35.70537562934307,33.8745026552353,34.58396126807212,34.50146220317491
2297,36.535273887500004,36.483723665,35.7335460510799,34.03391846935294,34.55729703858001,34.5197047405605
2298,36.471940757,36.448374941000004,35.747162185390486,33.907772042529416,34.48863366265969,34.502612148970975
2299,36.5765140655,36.4881422555,35.72397750565217,33.94623977158824,34.42279652915254,34.40247671609315
2300,36.516126662000005,36.442483487000004,35.72508904731343,34.03859697694118,34.420221893949844,34.35780882014173
2301,36.542638205,36.463103576,35.725407667854256,34.04639448958824,34.38351288454545,34.41458393485861
2302,36.504343754000004,36.405661899500004,35.69633678886364,34.01312510229412,34.423259495647784,34.33858034941569
2303,36.4616307125,36.3968247185,35.70929789884328,33.89044423664706,34.42742586836735,34.32724433168539
2304,36.529382433500004,36.3791503565,35.717708759230774,33.89287012947059,34.52028452823843,34.27567792117802
2305,36.603025608500005,36.4999251635,35.670822657373954,33.88680539741176,34.53436446241221,34.54698535660378
2306,36.5824055195,36.474886484,35.62981843932622,33.89373651976471,34.39611669974068,34.23855097076923
2307,36.613335653,36.386514674,35.62399219914286,33.87069053794118,34.560135715220866,34.23083402144579
2308,36.2465926415,36.295197137,35.65417810621464,33.8126423882353,34.60583043001049,34.22616463655738
2309,36.2642670035,36.4086076265,,33.82910380382353,34.71270718416008,34.19207986572321
2310,36.6236456975,36.4027161725,,33.972231480411764,34.57479073208707,34.28876103706308
2311,36.498452300000004,36.4351191695,,33.91106432564706,34.56204017504605,34.34625459951402
2312,36.3762046295,36.4086076265,35.697445377891796,33.95888906988235,34.410724872862836,34.29857250291108
2313,36.489615119,36.5175995255,35.68531994341288,33.85821451770588,34.55106033381655,34.40295647748052
2314,36.541165341500005,36.471940757,35.69187139425183,33.899108139588236,34.61077130752754,34.42359318036954
2315,36.5676768845,36.479305074500004,35.69939736089928,33.85977402023529,34.663247736474574,34.421244996153845
2316,36.5882969735,36.491087982500005,35.67514100291793,33.829796916058825,34.65487472780437,34.445084199200004
2317,36.5706226115,36.486669392,35.664971205043706,33.94970533276471,34.67330260748927,34.36343872890404
2318,36.5824055195,36.4851965285,35.67212663182371,33.87935444088235,34.617968845306976,34.37895062868778
2319,36.5470567955,36.504343754000004,35.65106114623279,33.961314962705885,34.55461684165611,34.35666559653846
2320,36.539692478,36.473413620500004,35.65434061344538,33.845911775529416,34.58413366947111,34.407568503613795
2321,36.218608235000005,36.224499689,35.65183915575409,33.72513696852941,34.56353612770853,34.28161416030068
2322,36.533801024,36.460157849,35.632579420494096,33.877101826117645,34.46992130016713,34.30279037968504
2323,36.2465926415,36.330545861000004,35.6692301495,33.837247872588236,34.512465816038464,34.31741746574627
2324,36.398297582,36.489615119,35.63664911405495,33.877968216411766,34.39187057814361,34.37728225246547
2325,36.242174051,36.480777938,35.60404187077075,33.79375507982353,34.46304530272393,34.42750650989553
2326,36.4527935315,36.483723665,35.627741306233766,33.639884163588235,34.4901933537013,34.42966187021583
2327,36.495506573,36.4527935315,35.66168094328244,33.66483620405882,34.54661164542574,34.453484580521895
2328,36.473413620500004,36.486669392,35.65786008960227,33.465393158352946,34.55151506431507,34.4413300673439
2329,36.530855297,36.4645764395,35.656754129264705,33.29471427041177,34.67824720562534,34.44603878799806
2330,36.5117080715,36.467522166500004,35.64552558548913,33.68025795129412,34.63521702961538,34.49069436418838
2331,36.5175995255,36.466049303,35.66932620581522,33.604362161529416,34.58459939565218,34.47104637032911
2332,36.5264367065,36.3820960835,35.69486969868657,33.884206226529415,34.66179571169231,34.374634919307134
2333,36.507289481,36.2495383685,35.67685009781022,33.83499525782353,34.63962430097479,34.471202674760185
2334,36.398297582,36.301088591,35.643337282386085,33.919728228588234,34.52162386651163,34.55233149709302
2335,36.342328769,36.2907785465,35.65431325375188,33.53955616752941,34.699092478384436,34.415498667648556
2336,36.473413620500004,36.1994610095,35.65875177774286,33.77088237605882,34.679956832,34.49774678654028
2337,36.4351191695,36.3938789915,35.657377777913666,33.61008033747059,34.65312697214361,34.5208641831072
2338,36.513180935,36.471940757,35.66102419571429,33.65686541335294,34.712242493962265,34.51827256296142
2339,36.301088591,36.3909332645,35.599272797089554,33.691174469,34.57821587646999,34.19619201110991
2340,36.5765140655,36.4086076265,35.59209782458015,33.710408333529415,34.64804052813157,34.37123727150134
2341,36.551475386,36.4233362615,35.54886447125,33.62446241635294,34.50397334967284,34.208316728387096
2342,36.5087623445,36.417444807500004,35.52656055920855,33.46903199758824,34.457147906515836,34.15257145490775
2343,36.4881422555,36.442483487000004,35.493051622870944,33.43177721494118,34.33256776368421,34.134889095062995
2344,36.4645764395,36.4557392585,35.48146473085714,33.446505849941175,34.38210213479452,34.15877295631243
2345,36.415971944,36.318762953000004,35.50255294244361,33.44702568411765,34.3931786537458,34.24675729872143
2346,36.415971944,36.3644217215,35.48587603479605,33.44633257188235,34.43253055482369,34.19978779103423
2347,36.4262819885,36.401243309,35.45117621514286,33.443386844882355,34.46108859768025,34.187259167707865
2348,36.4469020775,36.411553353500004,35.44737493166412,33.48428046676471,34.406786698064515,34.30538563085573
2349,36.436592033000004,36.2789956385,35.426908956810784,33.440787674,34.243529575360505,34.18276304307749
2350,36.5617854305,36.4380648965,35.46336047760766,33.488785696294116,34.28861447557176,34.30573282277148
2351,36.418917671,36.474886484,35.438101262173916,33.646642007882356,34.133524668865896,34.260582568848584
2352,36.4233362615,36.348220223,35.43099465051893,33.67505960952941,34.2806568743585,34.199912432000005
2353,36.535273887500004,36.265739867,35.507676808283584,33.69567969852941,34.28936783547406,34.228779438709424
2354,36.536746751,36.2907785465,35.486981278338014,33.59309908770588,34.1232580124282,34.23439497563084
2355,36.301088591,36.256902686000004,35.49665388528785,33.549779573,34.39940757780909,34.13183944297321
2356,36.5058166175,36.4410106235,35.495311349794775,33.64369628088235,34.52086413941766,34.249659760475
2357,36.533801024,36.442483487000004,35.501070794545456,33.789942962529416,34.52824197051884,34.27732941010272
2358,36.5500025225,36.486669392,35.47537630776397,33.833262477235294,34.51275290107088,34.304223188093495
2359,36.471940757,36.471940757,35.48740814946833,33.668821599411764,34.57412539159046,34.23319823219583
2360,36.315817226,36.3202358165,35.49939160790698,33.632259929,34.56303322497006,34.21728248538117
2361,36.533801024,36.3997704455,35.46679149371658,33.743331164705886,34.54038490455916,34.27556138692308
2362,36.486669392,36.4262819885,35.436643961942856,33.45309041617647,34.489473547271274,34.17346599766129
2363,36.427754852,36.131709288500005,35.4473187155,33.36575827452941,34.4124199953398,34.11571557948399
2364,36.2465926415,36.1434921965,35.45635071971429,33.3472175222353,34.451793734865696,34.08132882700043
2365,36.2672127305,36.088996247,35.45073238011499,33.42761854152941,34.39961632901713,34.07178935176471
2366,36.333491588,36.142019333,35.43600053662215,33.806750934235296,34.42922006943381,34.08762183819119
2367,36.3438016325,36.237755460500004,35.44669298917647,33.573345389,34.4344141214,34.11883682107325
2368,36.407134763,36.2731041845,35.439051908110294,33.92232739947059,34.364989829561495,34.08941463784204
2369,36.3526388135,36.3084529085,35.44598014305033,33.88975112441177,34.34740163076759,34.10637513271165
2370,36.348220223,36.312871499,35.444465707461305,33.632433207058824,34.371993999762346,34.13857426170804
2371,36.398297582,36.3290729975,35.46242183769161,33.72825597358823,34.46785155396268,34.091329545685106
2372,36.333491588,36.333491588,35.462071133762976,33.794274914,34.406449778421994,34.06789471136021
2373,36.1169806535,36.286359956,35.45228213335404,33.872076762411766,34.46295040412943,34.04184428952813
2374,36.6884516915,36.5146537985,35.45643704138462,33.61510540117647,34.46253448778784,34.287534522307695
2375,36.672250193,36.5205452525,35.44711755361562,33.63000731423529,34.49560789562155,34.28311905591893
2376,36.2848870925,36.29225141,35.4616626956558,33.520322303,34.50565214725807,34.19663521890325
2377,36.3261272705,36.153802241,35.473102785773726,33.50351433129412,34.43021277913859,34.11249354950136
2378,36.616281380000004,36.415971944,35.47944203515075,33.672806994764706,34.47182465849057,34.29162053177902
2379,36.4704678935,36.421863398,35.44524454309191,33.44442651323529,34.37018124163265,34.35223076786026
2380,36.477832211,36.486669392,35.42594553834038,33.159210828411766,34.40048040117536,34.520203347819006
2381,36.374731766000004,36.362948858,35.38927362716827,33.52257491776471,34.53393510783282,34.287037922906144
2382,36.529382433500004,36.142019333,35.487017365034966,33.40335961329412,34.589527776091415,34.33203905803038
2383,36.5794597925,36.259848413,35.49793058363841,33.43108410270588,34.67314042427842,34.281136069838425
2384,36.523490979500004,36.2731041845,,33.432470327176475,34.583116637473985,34.4036804513217
2385,36.3732589025,36.345274496,35.46776122521277,33.394868988411766,34.49479595710652,34.476163202774195
2386,36.3349644515,36.3968247185,35.496183012661874,33.702957377000004,34.44562766061632,34.38354855977788
2387,36.3231815435,36.3732589025,35.47637520631633,33.41271662847059,34.594334367200005,34.459592316089385
2388,36.471940757,36.283414229,35.47229809343929,33.49606337476471,34.61854288727273,34.34977549091177
2389,36.108143472500004,36.100779155,35.51043604182418,33.71664634364706,34.55398957704682,34.19198007777174
2390,36.5058166175,36.342328769,,33.66154392094118,34.47432160696739,34.226155763329636
2391,36.304034318,36.225972552500004,35.50965164055901,33.655825745,34.47480081570191,34.41156574569709
2392,36.407134763,36.3438016325,35.493051978077176,33.34496490747059,34.500454464406964,34.45616151831751
2393,36.4144990805,36.339383042,35.50587123854545,33.44165406429412,34.57744184956426,34.39186309941829
2394,36.466049303,36.298142864,35.50634731563636,33.33040955052941,34.581765932,34.42923490522539
2395,36.130236425,36.4822508015,35.537290086935485,33.7301620322353,34.63720519627057,34.26918096609312
2396,36.566204021000004,36.4380648965,35.49084038794118,33.644042837,34.568213577064846,34.37888186491263
2397,36.504343754000004,36.386514674,35.49738293459854,33.68562957111765,34.48282428516199,34.27081476893986
2398,36.575041202,36.466049303,35.50270730954546,33.494677150294116,34.61067883239357,34.22764697432168
2399,36.41008049,36.365894585,35.4897835821978,33.616838181764706,34.42352707750977,34.23288775743679
2400,36.4027161725,36.2465926415,35.49353247604348,33.54891318270588,34.42984265546929,34.16460647960184
2401,36.55736684,36.4881422555,35.52311513188977,33.419474472764705,34.59375720265252,34.19379857980769
2402,36.427754852,36.4027161725,35.456475760795456,33.593965478,34.53262877416177,34.123067626132496
2403,36.4704678935,36.371786039,35.44462883802817,33.62688830917647,34.49610624387885,34.17525281251778
2404,36.4851965285,36.360003131,35.44794994271429,33.657558525588236,34.542435217221936,34.17120751773739
2405,36.304034318,36.268685594000004,35.50295842713187,33.741771662176475,34.504742007025314,34.18069767372998
2406,36.4881422555,36.3585302675,35.480907887240875,33.729122363882354,34.552185923375,34.329821867283826
2407,36.4822508015,36.405661899500004,35.490163468887474,33.717859290058826,34.58525603341969,34.339037270794414
2408,36.4763593475,36.368840312,35.47877756923077,33.67090093611765,34.54936043904423,34.29953502834151
2409,36.507289481,36.2407011875,35.49031263404255,33.674713053411764,34.590133504347826,34.3293312093744
2410,36.5205452525,36.35116595,35.465613648879206,33.64629545176471,34.48333132077338,34.23335610011949
2411,36.4969794365,36.3172900895,35.490669931234734,33.672113882529416,34.46438120093628,34.297917431224036
2412,36.4410106235,36.283414229,35.48563548261364,33.43524277611765,34.403321170293,34.172742110707894
2413,36.4439563505,36.287832819500004,35.4732959844853,33.43350999552941,34.154574761608,34.150053904671026
2414,36.108143472500004,36.253956959,35.469441199097744,33.45967498241177,34.12179595696064,34.184193555704056
2415,36.427754852,36.483723665,35.460574487,33.44945157694118,34.15739948217304,34.11346467653759
2416,36.2038796,36.221553962,35.47326398711648,33.41254335041177,34.268421267794565,34.197624984722005
2417,36.4321734425,36.3791503565,35.435499478942916,33.343578683000004,34.31919528880205,34.10195713556685
2418,36.4498478045,36.471940757,35.42317314186047,33.37147645047059,34.354579087054496,34.126522172954544
2419,36.150856514,36.4469020775,35.43205345581396,33.36021337664706,34.42189250395817,34.26023941935484
2420,36.429227715500005,36.312871499,35.42595590046154,33.37320923105882,34.31611119161066,34.24459697644342
2421,36.3585302675,36.2200810985,35.47094347329632,33.41115712594118,34.334836532346415,34.211962702134386
2422,36.448374941000004,36.3467473595,35.474739968308825,33.50888595111765,34.37454470064467,34.254562562877524
2423,36.4351191695,36.3084529085,35.46935228247133,33.45811547988235,34.03350723764305,34.175226074902255
2424,36.466049303,36.523490979500004,35.4656876872,33.46573971447059,34.2567484633852,34.19879296086957
2425,36.501398027,36.4410106235,35.44245582228507,33.51599035152941,34.38132084766091,34.20844299065377
2426,36.430700579,36.386514674,35.48169694804651,33.46470004611765,34.36056356637319,34.22300797237345
2427,36.495506573,36.3879875375,35.47350216871394,33.497449599235296,34.335264081304345,34.25003043647059
2428,36.5117080715,36.357057404,35.48802118142857,33.44321356682353,34.380568384836764,34.203041823957946
2429,36.5175995255,36.407134763,35.44313034357688,33.47059150011765,34.31026008258741,34.174991162516555
2430,36.4645764395,36.3703131755,35.44128649832168,33.46573971447059,34.30265985437263,34.17763263516269
2431,36.460157849,36.398297582,35.412750942706346,33.44321356682353,34.22344268203524,34.19890542823983
2432,36.445429214,36.336437315,35.423067950820666,33.49363748194118,34.33233152090207,34.2103423478762
2433,36.1876781015,36.380623220000004,35.42211425915585,33.52465425447059,34.39104528751386,34.14091821729495
2434,36.3379101785,36.318762953000004,35.46396906149079,33.40335961329412,34.25737732427997,34.136795407846336
2435,36.3732589025,36.371786039,35.422676596455425,33.40283977911765,34.31117451749078,34.15857131290859
2436,36.467522166500004,36.429227715500005,35.41444915925466,33.38828442217647,34.36875229066667,34.12102480169771
2437,36.3997704455,36.309925772,35.40573809459854,33.48601324735294,34.064046755728384,34.1960374624613
2438,36.433646306,36.342328769,35.34306371815934,33.50403416547059,33.93352425048843,34.18319475018084
2439,36.4086076265,36.2819413655,35.363508840379566,33.45638269929412,34.23689221037794,34.11957871189189
2440,36.4351191695,36.3025614545,35.378651959700996,33.46573971447059,34.50092730995444,34.06815944194145
2441,36.4498478045,36.330545861000004,35.37952922876923,33.51564379541176,34.163003089347825,34.13239132841184
2442,36.131709288500005,36.3614759945,35.40132241578125,33.515817073470586,34.552257294527166,34.130945371545366
2443,36.523490979500004,36.32170868,,33.56832032529412,34.536717654747825,34.11423502162674
2444,36.551475386,36.342328769,35.393804675,33.572998832882355,34.5087370710624,34.19270994548272
2445,36.519072389,36.3290729975,35.39365125171875,33.55636413923529,34.46611448603015,34.25722128314952
2446,36.519072389,36.3791503565,35.385064197159096,33.545101065411764,34.436176281178845,34.120341115762244
2447,36.4351191695,36.355584540500004,35.41434478951131,33.45655597735294,34.30346101497483,34.09408961637796
2448,36.1906238285,36.197988146,35.444576555,33.38932409052941,34.476533825216585,34.12970292314573
2449,36.463103576,36.23333687,35.38782824810577,33.33630100452941,34.38403861505973,34.12036468782034
2450,36.43953776,36.280468502000005,35.391799021278196,33.33162249694118,34.237052900213776,34.10281770419472
2451,36.4410106235,36.445429214,35.38922305762405,33.35397536652941,34.294122768283756,34.12736707688346
2452,36.467522166500004,36.460157849,35.366536681573166,33.333875111705886,34.359578514285715,34.118649291408325
2453,36.46899503,36.383568947,35.381287209122135,33.38083346564706,34.37973240424168,34.11877480056852
2454,36.4557392585,36.3850418105,35.382580699815385,33.36090648888236,34.4143893172229,34.16098766118151
2455,36.460157849,36.315817226,35.41073366630252,33.42276675588236,34.414247689581394,34.18979243953353
2456,36.1258178345,36.2642670035,35.400945831363636,33.25104819958824,34.434463266291544,34.05137756007762
2457,36.413026217,36.3850418105,35.402124667290074,33.3030316172353,34.39773840946121,34.010422805517244
2458,36.345274496,36.1876781015,35.400871170836396,33.328850048,34.23123595336112,34.09936395534202
2459,36.080159066,36.3025614545,35.40727590135252,33.24030495994118,34.52558184242114,34.05841066559746
2460,36.427754852,36.395351855,35.42526547255515,33.36523844035294,34.48374658712358,34.107430670651894
2461,36.3408559055,36.262794140000004,35.42848458430273,33.411676960117646,34.366601538058404,34.24586010733826
2462,36.483723665,36.2495383685,35.43501757775,33.427271985411764,34.44484616065455,34.17416536028021
2463,36.354111677,36.195042419,35.44342138533334,33.406998452529415,34.38789084265564,34.22518228267522
2464,36.365894585,36.327600134,35.35449654405786,33.51668346376471,33.85358403175058,34.19175072619855
2465,36.2996157275,36.2495383685,35.37933905133929,33.44633257188235,34.266982682934675,34.16032415559729
2466,36.427754852,36.2348097335,35.36040288113022,33.49814271147059,34.49853443823963,34.156255624416595
2467,36.427754852,36.3084529085,35.37573337106383,33.49138486717647,34.4865144781322,34.119630529623436
2468,36.4439563505,36.3172900895,35.334514041490685,33.44286701070588,34.381090896128754,34.11558952621009
2469,36.3438016325,36.2407011875,35.351366026616546,33.479082125,34.328090786434046,34.10854530363636
2470,36.2966700005,36.1729494665,35.36741257710197,33.37182300658824,34.34569433663158,34.06108533308585
2471,36.2024067365,36.1287635615,35.404090632695336,33.428138375705885,34.33658782842635,34.04458546665412
2472,36.2642670035,36.192096692,35.38577087409091,33.349470137,34.25113319037876,34.068432659192204
2473,36.139073606000004,36.242174051,35.409374117903546,33.378754128941175,34.42535294192069,34.07363818217931
2474,36.4851965285,36.293724273500004,35.33552590341727,33.33040955052941,34.28701470309091,34.122379256089665
2475,36.4410106235,36.271631321,35.34507268400557,33.30649717841177,34.0265062246996,34.10459776953452
2476,36.457212122,36.342328769,35.34707569633093,33.41254335041177,34.385620929637355,34.104291466666666
2477,36.3290729975,36.324654407000004,35.36482006305901,33.32417154041177,34.2175785294182,34.07344050294191
2478,36.1847323745,36.05659325,35.408642898058034,33.2735743472353,34.35455194804588,34.00846997797115
2479,36.2038796,36.050701796,35.409581309028844,33.49415731611765,34.35228711554974,33.99896198839885
2480,36.248065505,36.1965152825,35.396403845882354,33.30268506111765,34.28330085908508,34.07175155423313
2481,36.2407011875,36.2038796,35.38105636067227,33.40561222805883,34.303013749808,34.00939202955277
2482,36.237755460500004,36.1523293775,35.36945017001789,33.34773735641177,34.44748834901701,33.97442937578948
2483,36.103724882,36.2819413655,35.39399496744186,33.349816693117646,34.517985607591385,34.124544519615384
2484,36.0786862025,36.1965152825,35.37135466468182,33.322785315941175,34.517457807352116,34.12634865175318
2485,36.392406128000005,36.237755460500004,35.35359509570248,33.457768923764704,34.45351233624353,34.04341600355224
2486,36.442483487000004,36.177368057,35.36264601107314,33.386551641588234,34.435860637239756,34.128663679247744
2487,36.3879875375,36.23333687,35.377348801353946,33.40006733017647,34.47031641163443,34.087120044781955
2488,36.371786039,36.2848870925,35.367468996298506,33.399547496000004,34.50332163793432,34.06202559591774
2489,36.418917671,36.2731041845,35.338031765985406,33.50386088741177,34.44467785299712,34.130872182402314
2490,36.3968247185,36.2789956385,35.330731461588236,33.46937855370588,34.42986267141069,34.14719016817476
2491,36.460157849,36.3231815435,35.33737391125671,33.500568604294116,34.42152649336283,34.165683222312246
2492,36.457212122,36.2038796,35.35868254538462,33.51495068317647,34.45520068650414,34.180668705028275
2493,36.4233362615,36.277522775,35.378010402325586,33.472324280705884,34.453960171666665,34.17941402327273
2494,36.4469020775,36.2789956385,35.35464249046512,33.47717606635294,34.404289232746585,34.12182627243838
2495,36.530855297,36.2760499115,35.361086867480914,33.57161260841177,34.37331445037987,34.175968584509555
2496,36.068376158,36.1346550155,,33.43229704911765,34.46275921909548,34.12741365685106
2497,36.448374941000004,36.3438016325,,33.471977724588236,34.45340409879372,34.132343978689875
2498,36.407134763,36.3261272705,,33.447718796352945,34.39873361846154,34.094717923257065
2499,36.304034318,36.318762953000004,,33.36367893782353,34.45260326278269,34.046036729486275
2500,36.2819413655,36.248065505,,33.32607759905883,34.38152594022204,34.062288559274194
2501,36.389460401,36.3113986355,,33.38967064664706,34.227832669831905,34.041166778661015
2502,36.130236425,36.1464379235,,33.29142198729412,34.43201723843416,34.08313232479283
2503,36.2554298225,36.306980045,,33.27634679617647,34.398514758235294,34.02741468664658
2504,36.2613212765,36.3703131755,,33.232334169235294,34.282272576831836,34.02798558712682
2505,36.3143443625,36.413026217,,33.246369692,34.336754539784344,34.02705203357264
2506,36.3113986355,36.442483487000004,,33.305284232,34.30764847496351,34.04179896022535
2507,36.301088591,36.442483487000004,,33.24186446247059,34.35661754029174,34.066452253117205
2508,36.2819413655,36.436592033000004,,33.22834877388235,34.372438070133875,34.02837828208281
2509,36.103724882,36.197988146,,33.26456388817647,34.399499959134495,34.045064650416315
2510,36.274577048,36.392406128000005,,33.24082479411765,34.30533354529017,34.01910267652695
2511,36.3644217215,36.4410106235,,33.32625087711765,34.29041004784109,34.0320864684901
2512,36.445429214,36.427754852,,33.28674347970588,34.2709943955306,34.04526365655663
2513,36.448374941000004,36.4233362615,,33.333008721411765,34.26174370799848,34.07431349715303
2514,36.418917671,36.415971944,,33.25555342911765,34.302321734259046,34.0436244143191
2515,36.147910787,36.1405464695,,33.249142140941174,34.44834227157895,34.03954677540506
2516,36.2038796,36.392406128000005,,33.261791439235296,34.37775800038894,33.999213535856576
2517,36.330545861000004,36.407134763,,33.20876835323529,34.32553844404685,33.99540617444638
2518,36.2200810985,36.3379101785,,33.278599410941176,34.39331625268397,34.0132793584048
2519,36.2554298225,36.336437315,,33.32105253535294,34.337303071450386,34.03509439053846
2520,36.35116595,36.407134763,,33.3030316172353,34.34050645472528,34.03527173730347
2521,36.377677493,36.4233362615,,33.298179831588236,34.39122010208516,34.058790005854924
2522,36.4469020775,36.407134763,,33.35120291758824,34.349759486946624,34.077769496621734
2523,36.4351191695,36.41008049,,33.26508372235294,34.34774558068775,34.06333418980603
2524,36.448374941000004,36.413026217,,33.33283544335294,34.35708959780594,34.07557706065034
2525,36.165585149,36.23333687,,33.350163249235294,34.4786159469599,34.07666014263519
2526,36.230391143,36.355584540500004,,33.26144488311765,34.395108198548385,34.02322882483311
2527,36.287832819500004,36.380623220000004,,33.31862664252941,34.36945574195759,34.040678367747674
2528,36.242174051,36.3379101785,,33.32781037964706,34.340236316146644,34.0497606577665
2529,36.295197137,36.3703131755,,33.32746382352941,34.33609042368093,34.05660293580195
2530,36.348220223,36.3820960835,,33.259365546411765,34.34400811213115,34.03128621745728
2531,36.342328769,36.315817226,,33.34184590241176,34.31087355176518,34.05086110863807
2532,36.330545861000004,36.349693086500004,,33.246889526176474,34.268305788951054,34.038277846127805
2533,36.389460401,36.3850418105,,33.31429469105883,34.269594343405075,34.06588859116947
2534,36.318762953000004,36.368840312,,33.253127536294116,34.24057428801362,34.041315120181444
2535,36.411553353500004,36.342328769,,33.293154767882356,34.28932719210628,34.04243293142857
2536,36.3614759945,36.293724273500004,,33.201490674764706,34.2847352081457,34.01887283826158
2537,36.0492289325,36.227445416,,33.16804800941176,34.4536268075,34.028961677944324
2538,36.2789956385,36.330545861000004,,33.150200369352945,34.3912309709588,34.01694616344104
2539,36.3290729975,36.3379101785,,33.20305017729412,34.40856321334332,34.031594766153844
2540,36.383568947,36.339383042,,33.24775591647059,34.413796266896824,34.037682906107385
2541,36.336437315,36.3585302675,,33.26040521476471,34.364137166149774,34.035058957967514
2542,36.404189036000005,36.2848870925,,33.246369692,34.384170536606746,34.02621215568421
2543,36.421863398,36.336437315,,33.24827575064706,34.39120544964286,34.03204383893453
2544,36.4527935315,36.3820960835,,33.2352798962353,34.36065252618801,34.02727302163752
2545,36.327600134,36.330545861000004,,33.27755974258824,34.41122344499231,34.039122786223125
2546,36.407134763,36.3968247185,,33.280158913470586,34.40264624212977,34.04980327634592
2547,36.433646306,36.4027161725,,33.29800655352941,34.33451291186072,34.06249400041958
2548,36.4586849855,36.3938789915,,33.288302982235294,34.34424554339412,34.06216968546539
2549,36.4616307125,36.4027161725,,33.28709003582353,34.333630930444365,34.063418648903784
2550,36.474886484,36.4027161725,,33.29402115817647,34.361779851664856,34.07075075729084
2551,36.4527935315,36.404189036000005,,33.28223825017647,34.371463178992336,34.06509265500595
2552,36.4498478045,36.3791503565,,33.287609870000004,34.349973754063505,34.061678799666126
2553,36.315817226,36.348220223,,33.226962549411766,34.379962989074954,34.069132375743166
2554,36.4940337095,36.41008049,35.39840495732284,33.23250744729412,34.39948366512987,34.08784286990698
2555,36.480777938,36.3968247185,35.40485115125,33.25399392658824,34.413523812957955,34.104242718328884
2556,36.4763593475,36.3968247185,35.3853556905814,33.26231127341177,34.37195442537378,34.10406978552968
2557,36.4940337095,36.4027161725,35.384373781581395,33.27963907929412,34.339638473615636,34.1115794189581
2558,36.5117080715,36.415971944,35.38137738921875,33.29298148982353,34.39423885348159,34.109285322153845
2559,36.4969794365,36.383568947,35.368822211664124,33.30563078811765,34.30247248974414,34.103404545003784
2560,36.4616307125,36.324654407000004,35.36942005780731,33.29367460205882,34.30219085320713,34.09172545684926
2561,36.477832211,36.2907785465,35.37575265569231,33.31429469105883,34.360154136531285,34.06905100215385
2562,36.424809125,36.239228324,35.35803513285715,33.44407995711765,34.353963044000004,34.09551639737607
2563,36.427754852,36.277522775,35.372618100038466,33.40439928164706,34.4188259391159,34.07557506728929
2564,36.479305074500004,36.339383042,35.366839091372185,33.385858529352944,34.375133602685565,34.089829523
2565,36.477832211,36.32170868,35.3687659955,33.404226003588235,34.28327407596258,34.10380806244914
2566,36.427754852,36.3379101785,35.392931867,33.35033652729412,34.243376060759495,34.04745667508197
2567,36.427754852,36.3408559055,35.38505542614926,33.343232126882356,34.327242886295885,34.050447492019345
2568,36.3732589025,36.287832819500004,35.38098047247132,33.34998997117647,34.24696497768559,34.05065819702593
2569,36.2996157275,36.3084529085,35.38707678,33.33196905305883,34.30340709846659,34.021489812758624
2570,36.2082981905,36.304034318,35.380808820588236,33.267163059058824,34.246454255444895,34.02181282277428
2571,36.2966700005,36.3438016325,35.38698993343284,33.29887294382353,34.33305614309278,34.01915078991106
2572,36.336437315,36.259848413,35.385945277331935,33.299392778,34.27591228958348,34.05893089673437
2573,36.283414229,36.298142864,35.408915871948054,33.34011312182353,34.35357579185377,34.03488861473727
2574,36.3202358165,36.271631321,35.39705645155844,33.30077900247059,34.306835695136314,34.0403099347929
2575,36.3467473595,36.2789956385,35.383003676,33.31360157882353,34.31337509593467,34.03075826136808
2576,36.4645764395,36.480777938,35.541418328,33.55237874388236,34.37499838966961,34.23842908625917
2577,36.4616307125,36.513180935,35.561356740827065,33.54354156288235,34.45209589314348,34.23836329210719
2578,36.0993062915,36.483723665,35.600506399916725,33.49173142329412,34.52647112536903,34.22441163650386
2579,36.4969794365,36.507289481,35.57163128286765,33.58772746788235,34.42571519712334,34.209302720552664
2580,36.6206999705,36.4086076265,35.55232551406913,33.53106554264706,34.464456987320126,34.190347069305666
2581,36.6148085165,36.405661899500004,35.52765176545455,33.479082125,34.53870205552239,34.243877896822084
2582,36.575041202,36.4586849855,35.5155274302376,33.43143065882353,34.48709198362738,34.24543993205033
2583,36.6206999705,36.4616307125,35.509908329168084,33.43299016135294,34.52879016691566,34.32232662814525
2584,36.563258294,36.1641122855,35.51682058327243,33.47960195917647,34.57385140687069,34.35488701427019
2585,36.585351246500004,36.3526388135,35.52834086335821,33.50576694605883,34.597374966520874,34.29538817489677
2586,36.577986929,36.448374941000004,35.51744768986842,33.502647941,34.64896146678322,34.24350001224442
2587,36.595661291,36.421863398,35.53849019793549,33.538516499176474,34.629109259977064,34.23148181262136
2588,36.5647311575,36.4527935315,35.558692391366904,33.565201320235296,34.567366891235565,34.147619118240954
2589,36.55736684,36.4262819885,35.5724476080292,33.60921394717647,34.55724242999643,34.251545866732165
2590,36.386514674,36.349693086500004,35.58674341746753,33.54873990464706,34.56512395095795,34.2321227612766
2591,36.583878383,36.4086076265,35.571293955218046,33.67765878041177,34.52424491911498,34.275753868275864
2592,36.522018116,36.4527935315,35.559607506429394,33.709195387117646,34.47250597583303,34.27427387726392
2593,36.4439563505,36.442483487000004,35.58115734186466,33.602802659,34.46184159736221,34.34734549119454
2594,36.560312567000004,36.495506573,35.55300988963077,33.682337288,34.40827004061678,34.416353341848364
2595,36.5382196145,36.43953776,35.53276887515992,33.553764968352944,34.35146151392857,34.285590988898406
2596,36.46899503,36.383568947,35.54458230017412,33.608694113,34.358621402976745,34.26889977781525
2597,36.429227715500005,36.467522166500004,35.559176613846155,33.53678371858824,34.52346666545064,34.287326248328995
2598,36.3762046295,36.368840312,35.58508952111047,33.57421177929412,34.52795932979913,34.28599744183168
2599,36.5588397035,36.489615119,35.59523083588101,33.66500948211765,34.41091012255288,34.30726513867485
2600,36.495506573,36.46899503,35.59481746425532,33.709195387117646,34.383887968265434,34.34035373732303
2601,36.5087623445,36.4027161725,35.60696431139131,33.784744620764705,34.58092282689005,34.354905468369424
2602,36.545583932,36.436592033000004,35.615838847625,33.81940023252941,34.58105181636364,34.330082317318485
2603,36.554421113000004,36.383568947,35.60519528310551,33.837594428705884,34.56777871522925,34.30656419157895
2604,36.1493836505,36.405661899500004,35.61698284656489,33.59743103917647,34.78831194087092,34.21869204611788
2605,36.580932656,36.523490979500004,35.63504652647761,33.683030400235296,34.71016782088029,34.23155310887712
2606,36.577986929,36.486669392,35.588502178540146,33.64456267117647,34.63269400547808,34.19892124262448
2607,36.5382196145,36.46899503,35.612189837262775,33.66604915047059,34.56881573632156,34.30463834379747
2608,36.5117080715,36.471940757,35.59629336717046,33.64369628088235,34.538370986387264,34.324351412759825
2609,36.55736684,36.5205452525,35.59642195551095,33.60678805435294,34.51211710195471,34.27348242440664
2610,36.522018116,36.495506573,35.58617007574958,33.53297160129412,34.54509161102947,34.22981820187691
2611,36.5264367065,36.4527935315,35.60020550122172,33.63174009482353,34.48437753837683,34.27760415440107
2612,36.498452300000004,36.3997704455,35.61417629715909,33.57351866705883,34.582477879895926,34.20530869234993
2613,36.030081707,36.407134763,35.600154815168004,33.86323958141177,34.72015820533832,34.07088435408056
2614,36.516126662000005,36.2848870925,,33.55081924135294,34.59655355093286,34.12324629035398
2615,36.513180935,36.3938789915,35.60378630122835,33.795314582352944,34.37585788464976,34.42814722320508
2616,36.491087982500005,36.32170868,35.59933584189044,33.677485502352944,34.46942384720596,34.373419599213875
2617,36.463103576,36.3732589025,35.62288622672,33.635205656000004,34.654272911619785,34.324618186825674
2618,36.180313784,36.133182152,35.64800513441964,33.586687799529415,34.732652615,34.314647796514855
2619,36.536746751,36.448374941000004,35.60292482842224,33.69048135676471,34.5115225143454,34.35320885044527
2620,36.501398027,36.4321734425,35.60647891585783,33.58616796535294,34.470282509587335,34.27282901242041
2621,36.118453517,36.1965152825,35.62437345318681,33.606614776294116,34.60610253948052,34.188646491622016
2622,36.507289481,36.386514674,35.591256977293234,33.53834322111765,34.509771711068886,34.230077019719104
2623,36.5087623445,36.4469020775,35.59368910561194,33.6005500442353,34.514240475120246,34.279791280357145
2624,36.451320668,36.395351855,35.60157961759542,33.49207797941177,34.537535688277075,34.30229201070681
2625,36.539692478,36.5087623445,35.607964978863635,33.52465425447059,34.44126800477509,34.3092879872705
2626,36.100779155,36.3467473595,35.63865350324,33.4827209642353,34.48976555692117,34.217418104854886
2627,36.29225141,36.430700579,35.61690789167939,33.439921283705885,34.37364413223566,34.311843948708734
2628,36.3025614545,36.377677493,35.613365030922765,33.44754551829412,34.29128330632072,34.30127805120879
2629,36.4645764395,36.460157849,35.627998340042616,33.49606337476471,34.3514867402779,34.281112100324734
2630,36.309925772,36.480777938,35.56675455568182,33.50126171652941,34.47542272616249,34.325693567145166
2631,36.4027161725,36.371786039,35.571339684343286,33.3959086567647,34.503464983538464,34.30888510725401
2632,36.371786039,36.3997704455,35.57126274371269,33.38169985594118,34.453503968187036,34.328475064450444
2633,36.473413620500004,36.4380648965,35.569991329810925,33.52222836164706,34.444658279160016,34.319738468154206
2634,36.4851965285,36.430700579,35.57614090713044,33.48168129588235,34.39294068701212,34.30911822638158
2635,36.430700579,36.195042419,35.59946006,33.503687609352944,34.47427074671861,34.33574952337162
2636,36.395351855,36.365894585,35.63277305852273,33.53435782576471,34.45028413856383,34.30149679320887
2637,36.479305074500004,36.523490979500004,35.61579494840876,33.568666881411765,34.42562080662355,34.28233014460305
2638,36.5146537985,36.46899503,35.607677170568344,33.561215924882354,34.513503411239014,34.31253190650661
2639,36.5146537985,36.460157849,35.602987621623846,33.63537893405883,34.47824879095938,34.29323681274648
2640,36.495506573,36.445429214,35.583548086058315,33.57438505735294,34.50704522476105,34.23177577484227
2641,36.533801024,36.3143443625,35.59755437610949,33.48930553047059,34.506865663312105,34.268737250895526
2642,36.371786039,36.4498478045,35.59547093070909,33.51564379541176,34.6017673519848,34.31534526695018
2643,36.3968247185,36.3172900895,35.57460880021336,33.466086270588235,34.55279020523163,34.28039552561724
2644,36.4940337095,36.421863398,35.592311399907175,33.52586720088235,34.56759376602142,34.29935231758816
2645,36.479305074500004,36.480777938,35.57703048919919,33.57126605229412,34.571566425259135,34.31298695715124
2646,36.168530876000005,36.124344971,35.62223902636364,33.57403850123529,34.630243253826734,34.24931519267016
2647,36.283414229,36.3850418105,35.614603278800004,33.500915160411765,34.54525736918121,34.1450992594837
2648,36.52790957,36.4498478045,35.650995458994565,33.697412479117645,34.66553051503817,34.174353311243244
2649,36.466049303,36.4704678935,35.62344747660787,33.65236018382353,34.61068163363402,34.32174278440695
2650,36.501398027,36.489615119,35.57418046969457,33.487919306,34.50986529466471,34.254644830357144
2651,36.454266395000005,36.43953776,35.60690598848425,33.41548907741176,34.621831577703354,34.15201339011313
2652,36.415971944,36.4704678935,35.56174228571429,33.467992329235294,34.522503022401885,34.12175282367896
2653,36.4527935315,36.495506573,35.545775705343516,33.40474583776471,34.517372269893244,34.22880490842542
2654,35.9873686655,36.2642670035,35.574668991331926,33.692387415411766,34.643195629278075,34.17724363130971
2655,36.4822508015,36.460157849,35.544834091639096,33.411676960117646,34.61924322123671,34.21092672038462
2656,36.4969794365,36.371786039,35.53076041419979,33.41930119470588,34.61169612143674,34.225076158030774
2657,36.5323281605,36.407134763,35.53205467075682,33.50351433129412,34.571629998409975,34.277924414910025
2658,36.523490979500004,36.4557392585,35.54557565031579,33.44130750817647,34.587657386000004,34.235557910720004
2659,36.4527935315,36.463103576,35.51421245264232,33.26231127341177,34.6304133706819,34.0795578076181
2660,36.170003739500004,36.175895193500004,35.51608659813954,33.42345986811765,34.44544301304024,34.23257012571554
2661,36.295197137,36.2996157275,35.50057041390077,33.55012612911765,34.28111785546828,34.368030036834696
2662,36.421863398,36.324654407000004,35.50851084141354,33.44529290352941,34.33234696123976,34.28072827362832
2663,36.433646306,36.386514674,35.49960713577338,33.4208606972353,34.63677236837961,34.12592240563681
2664,36.529382433500004,36.309925772,35.52392347334116,33.481334739764705,34.47678389783251,34.07362622235973
2665,36.421863398,36.315817226,35.50963643354331,33.405092393882356,34.449472328547614,34.25788658213972
2666,36.407134763,36.392406128000005,35.48511715278661,33.48358735452941,34.3065695696,34.26893979546154
2667,36.4645764395,36.3850418105,35.48846404674104,33.38429902682353,34.593992282774195,34.24396853699605
2668,36.1876781015,36.2701584575,35.49992637846154,33.42987115629412,34.60366517284761,34.21318371638245
2669,36.4557392585,36.417444807500004,35.510094942388065,33.57282555482353,34.512704999,34.32243958962963
2670,36.4527935315,36.4469020775,35.479109423707094,33.49034519882353,34.57367043761468,34.261551068687616
2671,36.52790957,36.473413620500004,35.4676777283612,33.55480463670588,34.606511508252275,34.26534411867493
2672,36.5028708905,36.454266395000005,35.465675688034764,33.52170852747059,34.59616987199203,34.290828578809304
2673,36.43953776,36.404189036000005,35.45856734948529,33.62914092394118,34.56635675625878,34.33120907536574
2674,36.4527935315,36.404189036000005,35.44102294602941,33.65149379352941,34.47957834759049,34.37495794530088
2675,36.4321734425,36.4498478045,35.438519851555306,33.598817263647064,34.48829186588785,34.24172315618362
2676,36.3791503565,36.41008049,35.40112836978724,33.43957472758824,34.55291712837005,34.1409106112
2677,36.41008049,36.405661899500004,35.40419888312857,33.451184357529414,34.54824778761062,34.188005573714555
2678,36.0374460245,36.108143472500004,35.46356451064662,33.33248888723529,34.42193997348624,34.18383760161017
2679,36.2672127305,36.354111677,35.51143023204364,33.34340540494118,34.59118469313002,34.12490463023299
2680,36.460157849,36.4380648965,35.43293226090909,33.49329092582353,34.59320158507213,34.16486447572585
2681,36.479305074500004,36.4498478045,35.41802998211941,33.395735378705886,34.58363563731629,34.27799534008666
2682,36.43953776,36.349693086500004,35.43218279744361,33.423113312,34.421291294990155,34.22814876573089
2683,36.3202358165,36.4469020775,35.43439274549618,33.37182300658824,34.443873039251834,34.192875417500005
2684,36.4203905345,36.413026217,35.42888356141221,33.35744092770588,34.33086539404382,34.20436371769107
2685,36.429227715500005,36.4144990805,,33.35380208847059,34.342058290532364,34.200417024125
2686,36.336437315,36.479305074500004,,33.29176854341176,34.446118589543104,34.19624600131387
2687,36.418917671,36.46899503,,33.2581526,34.42938665446809,34.14419848426884
2688,36.4851965285,36.467522166500004,35.417884824285714,33.213966695,34.44639381141766,34.16438430136766
2689,36.271631321,36.457212122,35.38428771084615,33.195945776882354,34.49152121436642,34.128713119400004
2690,36.389460401,36.354111677,35.40624980069767,33.25953882447059,34.424445938862874,34.13153049657334
2691,36.3290729975,36.4027161725,35.38666351863637,33.169780790000004,34.441712360747175,34.10761315945151
2692,36.3290729975,36.349693086500004,35.38156772637218,33.086780599823534,34.42655999281659,34.09588029336093
2693,36.395351855,36.3202358165,35.39393857168182,33.19854494776471,34.402595655837004,34.117447419722
2694,36.413026217,36.3879875375,35.40176238534352,33.18710859588236,34.4076843764,34.15617606310704
2695,36.2966700005,36.265739867,35.3966048558754,33.166835063,34.443928906039034,34.11895394249153
2696,36.1876781015,36.3202358165,35.392570994461536,33.129753558411764,34.466255025983706,34.16523589339701
2697,36.3349644515,36.380623220000004,35.402372018412215,33.20894163129412,34.5103518519029,34.15476056177871
2698,36.289305683,36.448374941000004,35.401568606627905,33.16371605794118,34.47225419882353,34.158011669863015
2699,36.354111677,36.442483487000004,35.390065867653846,33.225749603000004,34.45054007578663,34.15924012131677
2700,36.442483487000004,36.3997704455,35.393804675,33.23493334011765,34.42292360764394,34.18893004422086
2701,36.259848413,36.2200810985,,33.226962549411766,34.456324326353524,34.19975165157895
2702,36.5087623445,36.480777938,,33.36749105511765,34.38816949896219,34.183449362158385
2703,36.4940337095,36.3703131755,,33.314987803294116,34.41133033345454,34.267102163554675
2704,36.4969794365,36.448374941000004,,33.335781170352945,34.390113673225805,34.210665460521405
2705,36.479305074500004,36.4940337095,35.409439687538466,33.311002407941174,34.395361146306776,34.200762280319566
2706,36.047756069,36.248065505,35.438769872857144,33.28223825017647,34.491019643930024,34.23780078998301
2707,36.139073606000004,36.286359956,35.438107473928575,33.25416720464706,34.52703727917709,34.24423408862596
2708,36.3408559055,36.433646306,35.44113575726563,33.216046031705886,34.52023771152174,34.1947837588455
2709,36.3703131755,36.4144990805,35.441918216000005,33.20651573847059,34.466527420425535,34.20188754230096
2710,36.4439563505,36.3997704455,35.419500085844156,33.20668901652941,34.42423406294857,34.160254529202604
2711,36.46899503,36.498452300000004,35.39941034951492,33.20114411864706,34.39719627435802,34.18298048364588
2712,36.486669392,36.43953776,35.39779137319549,33.18139041994118,34.385497345454546,34.15065475165531
2713,36.0875233835,36.336437315,35.429859146093754,33.23302728147059,34.46453861754702,34.17976408957747
2714,36.454266395000005,36.495506573,35.42593987863636,33.20564934817647,34.39506589731754,34.15723047794954
2715,36.433646306,36.495506573,35.44002822574436,33.27184156664706,34.30106855429523,34.16846293183009
2716,36.495506573,36.4410106235,35.416875845112784,33.235106618176474,34.384369699776705,34.17026017297872
2717,36.4969794365,36.474886484,35.416227373059705,33.278945967058824,34.39500706060606,34.1808063344795
2718,36.413026217,36.4527935315,35.43444060130769,33.29020904088235,34.3677172540625,34.18115472218494
2719,36.495506573,36.4557392585,35.423733010085286,33.28674347970588,34.36680707692308,34.17220017499408
2720,36.142019333,36.3290729975,35.438224367857146,33.26906911770588,34.437659854064776,34.19844828879016
2721,36.2731041845,36.477832211,35.417983261278195,33.29298148982353,34.37590238496933,34.18721167470947
2722,36.41008049,36.4439563505,35.4224436875,33.302858339176474,34.336288682,34.173436044225674
2723,36.454266395000005,36.4410106235,35.43829270584615,33.28605036747059,34.32023419247458,34.19538587960557
2724,36.074267612,36.295197137,35.45000914616,33.24775591647059,34.48371728038632,34.19664412807519
2725,36.165585149,36.345274496,35.44305354828125,33.24307740888236,34.45579833701923,34.18420861869946
2726,36.3938789915,36.4704678935,35.430386322330826,33.27444073752941,34.36135356092807,34.167766443595944
2727,36.4027161725,36.479305074500004,35.43046015007519,33.295753938764705,34.39099118132977,34.19405148857031
2728,36.4822508015,36.4351191695,35.43223201593985,33.30857651511765,34.42501822734725,34.20005992199365
2729,36.4498478045,36.4704678935,35.44323742198473,33.32035942311765,34.34473340013783,34.19339580735885
2730,36.516126662000005,36.4351191695,35.43046015007519,33.31758697417647,34.40955101102902,34.18005998866426
2731,36.4498478045,36.442483487000004,35.43245349917294,33.32642415517647,34.393309142908954,34.19764764572414
2732,36.4439563505,36.4380648965,35.444608025605234,33.355708147117646,34.391045753302436,34.21978052564142
2733,36.4410106235,36.4439563505,35.44197727819549,33.325211208764706,34.399596659233396,34.190235427023254
2734,36.131709288500005,36.3113986355,35.439803335076924,33.315334359411764,34.509894972950065,34.19711515390164
2735,36.386514674,36.433646306,35.45636523478735,33.29523410458824,34.4021401510815,34.170809936474825
2736,36.4203905345,36.460157849,35.43705630091418,33.298179831588236,34.41872354414672,34.19162337967134
2737,36.349693086500004,36.433646306,35.42602064171429,33.33075610664706,34.3731181457754,34.199081968150495
2738,36.3644217215,36.424809125,35.42611973985075,33.28709003582353,34.416041263340965,34.18139353108502
2739,36.3438016325,36.357057404,35.45387409185822,33.294194436235294,34.48923009341644,34.177082583923685
2740,36.418917671,36.3997704455,35.44025282132353,33.27790629870589,34.48891381257121,34.15105695883576
2741,36.433646306,36.429227715500005,35.44435854866177,33.30372472947059,34.408635024084724,34.181410820659345
2742,36.463103576,36.342328769,35.44869050013236,33.290728875058825,34.418532652500005,34.16504261771358
2743,36.467522166500004,36.4144990805,35.4519709688369,33.314121413,34.45593768280756,34.17216682746182
2744,36.4645764395,36.421863398,35.46037330890095,33.30615062229412,34.4665835323741,34.18121961485222
2745,36.43953776,36.3820960835,35.47802072872727,33.33370183364706,34.4330928100474,34.19328962996759
2746,36.0669032945,36.0993062915,35.49608041952756,33.38221969011765,34.517324400242984,34.14766847810915
2747,36.3143443625,36.3261272705,35.46798897091848,33.318106808352944,34.436988685480884,34.179036414485985
2748,36.3879875375,36.3762046295,35.46104989090498,33.317760252235296,34.4999598894223,34.172181250194555
2749,36.3997704455,36.3820960835,35.463941032142856,33.32642415517647,34.53722601651124,34.16288057066377
2750,36.463103576,36.380623220000004,35.47357555278196,33.334741502,34.568857454370644,34.21986327057047
2751,36.498452300000004,36.398297582,35.47872200770789,33.36367893782353,34.54631592717657,34.255825746972704
2752,36.501398027,36.3968247185,35.48695279947083,33.35206930788235,34.58633693241744,34.20142615131381
2753,36.4321734425,36.32170868,35.50556240927481,33.35345553235294,34.59581372151899,34.23117848680494
2754,36.362948858,36.3408559055,35.489916093533836,33.340459677941176,34.572453035303646,34.152979253460515
2755,36.430700579,36.345274496,35.496146372136366,33.338033785117645,34.588855099175824,34.2037283852936
2756,36.3231815435,36.365894585,35.50423570780153,33.345831297764704,34.561797871811024,34.19460269098382
2757,36.365894585,36.3732589025,35.50182204777444,33.35085636147059,34.567424187022105,34.167610838236094
2758,36.495506573,36.3732589025,35.50412742586777,33.33959328764706,34.54924091738816,34.1933978368652
2759,36.5205452525,36.404189036000005,35.501697211770335,33.37667479223529,34.567012915512414,34.21890081221146
2760,36.5028708905,36.407134763,35.50113343626794,33.378061016705885,34.56251844114437,34.21699125450723
2761,36.5028708905,36.3614759945,35.51465501346154,33.37424889941177,34.59323124140162,34.2294676642889
2762,36.5175995255,36.3791503565,35.4906230501162,33.35744092770588,34.61931839746607,34.22257339431242
2763,36.466049303,36.417444807500004,35.49879779490089,33.40058716435294,34.62808287967685,34.22255182301009
2764,36.495506573,36.418917671,35.502019369200276,33.40283977911765,34.62435590404313,34.2437894965103
2765,36.4645764395,36.3526388135,35.50646385534091,33.41982102888235,34.59152040658059,34.20928782840089
2766,36.43953776,36.318762953000004,35.49505854486567,33.38325935847059,34.6271762255631,34.13287222559078
2767,36.46899503,36.3290729975,35.49946097136765,33.406132062235294,34.625231435134445,34.1892884035181
2768,36.486669392,36.357057404,35.49725696529529,33.390883593058824,34.62331980521663,34.19693076759655
2769,36.139073606000004,36.221553962,35.51412516589552,33.4031863352353,34.53240966242188,34.185082016849954
2770,36.3614759945,36.3231815435,35.49379399121658,33.361253045,34.55073968571429,34.176111410013064
2771,36.3290729975,36.367367448500005,35.4997853864,33.434029829705885,34.52424457842445,34.20827245368421
2772,36.171476603,36.2760499115,35.51442243025291,33.372862674941175,34.499471283932834,34.16558319120332
2773,36.3408559055,36.3820960835,35.49832284957219,33.392443095588234,34.5078848718299,34.18885901252824
2774,36.377677493,36.380623220000004,35.502958910275545,33.39504226647059,34.491893834330114,34.1870823837845
2775,36.243646914500005,36.32170868,35.49874425114286,33.397641437352945,34.50545899711149,34.172133239285714
2776,36.345274496,36.368840312,35.487185212727276,33.38083346564706,34.542534813540954,34.16232316712836
2777,36.3349644515,36.3791503565,35.490483746857144,33.35224258594118,34.54792403690566,34.175595447688245
2778,36.4321734425,36.4027161725,35.4894280648,33.37112989435294,34.55454931038872,34.18606298379385
2779,36.405661899500004,36.4086076265,35.4864605176,33.38759130994118,34.52864597605381,34.17591536637795
2780,36.43953776,36.389460401,35.49085978473881,33.34791063447059,34.50719860735294,34.20709123127506
2781,36.2230268255,36.2613212765,35.51110957801504,33.36645138676471,34.53121567756202,34.17639848368853
2782,36.424809125,36.392406128000005,35.487628690865485,33.38845770023529,34.51662146424915,34.167550087885616
2783,36.383568947,36.4027161725,35.4869842024,33.396601769,34.51768999371753,34.18502989406844
2784,36.395351855,36.3762046295,35.47598339882353,33.36021337664706,34.473521636531366,34.194806227235674
2785,36.4351191695,36.357057404,35.48189803319403,33.3972948812353,34.49936977500631,34.20209502271142
2786,36.371786039,36.3879875375,35.47470543826087,33.41340974070588,34.472336403146066,34.20537824037927
2787,36.306980045,36.3703131755,35.499817872444034,33.42484609258824,34.4614711873295,34.18922281287206
2788,36.345274496,36.348220223,35.48186705989496,33.35085636147059,34.45468175946125,34.156227813210776
2789,36.309925772,36.283414229,35.5201872605872,33.36523844035294,34.484967190650686,34.196501007099826
2790,36.29225141,36.256902686000004,35.50042992153846,33.350163249235294,34.43187202282988,34.164461024705886
2791,36.2819413655,36.333491588,35.49032023756387,33.35293569817647,34.40313773715542,34.1799191370704
2792,36.2672127305,36.318762953000004,35.491118870535715,33.403532891352945,34.422649554527865,34.16035018478091
2793,36.23333687,36.3172900895,35.48324377739131,33.381180021764706,34.4230568469019,34.15910578692105
2794,36.293724273500004,36.348220223,35.47965990168166,33.40024060823529,34.412605280211515,34.16194567225979
2795,36.312871499,36.383568947,35.49610820834783,33.42155380947059,34.42928882571994,34.18458632094571
2796,36.29225141,36.3968247185,35.483403871250005,33.412023516235294,34.44160971632717,34.188178850077655
2797,36.231864006500004,36.386514674,35.48739063680657,33.39937421794118,34.46816115154681,34.170902919755136
2798,36.298142864,36.3703131755,35.48881512157847,33.40526567194118,34.481859166817266,34.18485889182418
2799,36.327600134,36.404189036000005,35.48034688477698,33.38360591458824,34.466798325380914,34.180025122983
2800,36.268685594000004,36.3909332645,35.49335291979412,33.38031363147059,34.51780620183918,34.204928680175826
2801,36.274577048,36.401243309,35.510288176,33.406132062235294,34.45441126092345,34.18167994655694
2802,36.225972552500004,36.348220223,35.50137244495404,33.38100674370588,34.398338881738084,34.18824530076049
2803,36.293724273500004,36.4233362615,35.49702709627329,33.390883593058824,34.427305634612246,34.21237785879303
2804,36.287832819500004,36.357057404,35.50928029057143,33.375635123882354,34.4869522986242,34.18552964131485
2805,36.3379101785,36.3997704455,35.497906883777574,33.40197338882353,34.49118098168178,34.18531142549054
2806,36.342328769,36.3850418105,35.48500669329412,33.42588576094118,34.48551518954217,34.17434858836441
2807,36.405661899500004,36.339383042,35.48249436920864,33.425019370647064,34.46687982635162,34.18475932662024
2808,36.43953776,36.3644217215,35.480923647236565,33.46210087523529,34.50405800048154,34.158100737556865
2809,36.386514674,36.3320187245,35.479505142264294,33.4326436052353,34.47515445569462,34.143839632109376
2810,36.360003131,36.2996157275,35.46297904300907,33.369743669882354,34.45139080637495,34.141593751307695
2811,36.386514674,36.4027161725,35.46246536318857,33.36246599141177,34.42252142712371,34.172255373695116
2812,36.355584540500004,36.245119778,35.45769018690022,33.301645392764705,34.465591076270925,34.13211399303685
2813,36.3703131755,36.2583755495,35.456113633733565,33.47752262247059,34.35688973902369,34.16005056190073
2814,36.274577048,36.309925772,35.44793413733803,33.307883402882354,34.31322492034087,34.12167076955329
2815,36.1523293775,36.1582208315,35.46900304748447,33.29367460205882,34.42412938309705,34.12993926794958
2816,36.227445416,36.29225141,35.468102101392205,33.389843924705886,34.3439541425948,34.18435970199262
2817,36.277522775,36.277522775,35.4733247706568,33.357614205764705,34.40410616595843,34.15656845735849
2818,36.259848413,36.274577048,35.47493857345836,33.443386844882355,34.35543038288072,34.177599828467514
2819,36.386514674,36.3202358165,35.50436910495489,33.407691564764704,34.289364726486085,34.21074165993007
2820,36.463103576,36.383568947,35.500951775272725,33.51131184394118,34.39358055723831,34.189015808448346
2821,36.43953776,36.3820960835,35.4752478031831,33.367837611235295,34.38001127432619,34.186508403619634
2822,36.436592033000004,36.251011232,35.484571212705035,33.46470004611765,34.46594684126959,34.2598769
2823,36.1788409205,36.2024067365,35.50401674033088,33.339246731529414,34.44545725250918,34.240014562443115
2824,36.315817226,36.1493836505,35.52114746660287,33.408384677,34.4908720613198,34.18539073141435
2825,36.097833428,36.097833428,35.5285973571702,33.537303552764705,34.468960386435846,34.173368019135424
2826,36.1876781015,36.100779155,35.53709951195162,33.67835189264706,34.42199727381026,34.255129889056604
2827,36.280468502000005,36.212716781000005,35.56208877130769,33.596911205,34.480434223741725,34.18874839001724
2828,36.2524840955,36.2642670035,35.56419476617647,33.68510973694118,34.52901401908686,34.24888334086698
2829,36.218608235000005,36.183259511,35.550451016326335,33.61597179147059,34.48861934882353,34.231464699864524
2830,36.1876781015,36.283414229,35.546982479,33.67523288758824,34.49366462621475,34.23831846465239
2831,36.3379101785,36.283414229,35.550873748,33.66708881882353,34.445939493618425,34.234615169205824
2832,36.413026217,36.224499689,35.54961489614182,33.56000297847059,34.48353828696466,34.2052897722334
2833,36.401243309,36.4203905345,35.536513492395684,33.600030210058826,34.30768254756659,34.24128019828162
2834,36.4527935315,36.306980045,35.52439728761936,33.67194060447059,34.288419300840786,34.255313474489796
2835,36.4027161725,36.2848870925,35.512621762813666,33.643349724764704,34.09212802464007,34.268312889001855
2836,36.4321734425,36.3703131755,35.492756208732395,33.49398403805883,34.05339869520408,34.20008996254079
2837,36.2230268255,36.097833428,35.51543954827737,33.420340863058826,34.347136862484135,34.182511710944624
2838,36.4233362615,36.271631321,35.46454166295973,33.40595878417647,33.7995553348452,34.19632597376066
2839,36.3703131755,36.3349644515,35.48311002409852,33.393656042,34.194086275116796,34.186540696894596
2840,36.2495383685,36.2848870925,35.5151775752518,33.36055993276471,34.23123723996398,34.13836414142699
2841,36.242174051,36.301088591,35.541954809609024,33.70469015758824,34.38338586105263,34.24967384423792
2842,36.277522775,36.349693086500004,35.503033092226275,33.680604507411765,34.452111361211735,34.27289388340799
2843,36.3172900895,36.242174051,35.529052029028655,33.626368475,34.63718291896872,34.2374404241093
2844,36.4351191695,36.1876781015,35.57181151734489,32.96600579282353,34.65426677933796,34.40794046920087
2845,36.424809125,36.3084529085,35.54349465640625,33.393309485882355,34.590160453340346,34.481313665818185
2846,36.433646306,36.2848870925,35.53327861410715,33.431603936882354,34.6029272684,34.37518939642615
2847,36.473413620500004,36.2672127305,35.537149845427585,33.667781931058826,34.588666149796126,34.28539959881208
2848,36.4439563505,36.301088591,35.50528945712329,33.65478607664706,34.5095055637574,34.25555651607078
2849,36.4321734425,36.206825327000004,35.510396054579836,33.52170852747059,34.512828758483685,34.23955497445562
2850,36.4262819885,36.2642670035,35.509875112014925,33.504900555764706,34.46455656428998,34.17369583885048
2851,36.4351191695,36.327600134,35.49815918855978,33.367837611235295,34.32318567781473,34.175369254714695
2852,36.442483487000004,36.315817226,35.51184311323857,33.42588576094118,34.370502576745906,34.202768735535074
2853,36.448374941000004,36.3614759945,35.519186211998175,33.40595878417647,34.4195333982994,34.18018493660213
2854,36.424809125,36.286359956,35.51312692562044,33.39105687111765,34.36197866007276,34.189002332
2855,36.436592033000004,36.2760499115,35.51800791216387,33.31741369611765,34.385849853306354,34.17321380819287
2856,36.3614759945,36.29225141,35.52257608139635,33.379620519235296,34.48615480767528,34.188236123726554
2857,36.4027161725,36.309925772,35.5081163305104,33.41652874576471,34.38867730372308,34.1337876924704
2858,36.398297582,36.29225141,35.5159754048694,33.32815693576471,34.45914353296327,34.159461297251184
2859,36.418917671,36.3320187245,35.517116677518246,33.43021771241177,34.58576855866349,34.22076978658737
2860,35.93876417,36.0845776565,35.51605898999699,33.34253901464706,34.50919994557952,34.22824760253298
2861,36.280468502000005,36.3820960835,35.52826758656717,33.312735188529416,34.59639397709387,34.20932733059754
2862,36.271631321,36.327600134,35.53142595494944,33.35796076188235,34.47884527315493,34.21342470691489
2863,36.1493836505,36.171476603,35.51533085584348,33.583915350588235,34.26569891070496,34.239191709870454
2864,36.248065505,36.336437315,35.5135410602518,33.499702214,34.23089008066439,34.20143511510841
2865,36.3113986355,36.2495383685,35.49401838772701,33.51165840005883,34.57364333398953,34.17799875781866
2866,36.3879875375,36.186205238,35.52133445880851,33.598817263647064,34.61913200705882,34.19582493161005
2867,36.401243309,36.301088591,35.528070057826085,33.60245610288236,34.4967828227542,34.32723663620706
2868,36.418917671,36.29225141,35.524330199226306,33.59344564382353,34.520060116905626,34.34506342947977
2869,36.413026217,36.333491588,35.53173400982353,33.672113882529416,34.567195869363495,34.23022767006549
2870,36.367367448500005,36.301088591,35.52313368372408,33.691174469,34.4462474990229,34.27195443811321
2871,36.3732589025,36.324654407000004,35.50062180879795,33.65305329605882,34.49556664535425,34.18740159506073
2872,36.1847323745,36.0786862025,35.529186685919406,33.466086270588235,34.5987028436722,34.19720240382541
2873,36.398297582,36.3467473595,35.521543093988974,33.46677938282353,34.588536232032446,34.179479159780826
2874,36.3320187245,36.265739867,35.531638318955224,33.46036809464706,34.55166199431903,34.19962847049315
2875,36.1376007425,36.2038796,35.51885084624235,33.45534303094118,34.55303046861595,34.25590687963346
2876,36.2024067365,36.195042419,35.53362980858553,33.44546618158824,34.39895232909091,34.2218186258177
2877,36.150856514,36.1110891995,35.46873786302933,33.29107543117647,34.34490000791191,34.143529935358984
2878,36.133182152,36.171476603,35.41653964492308,33.216912422,34.36483570406056,34.09954444112949
2879,36.1876781015,36.094887701000005,35.458793349744184,33.25295425823529,34.31467690159403,34.17461447480445
2880,36.209771054,36.159693695,35.47629990840909,33.215179641411765,34.44536114977895,34.108315446448444
2881,36.215662508,36.1611665585,35.509097781374045,33.28102530376471,34.583163717590075,34.17501900142169
2882,36.23333687,36.156747968000005,35.49150092911278,33.38325935847059,34.491488791134024,34.19734049717261
2883,36.215662508,36.0845776565,35.52312169348002,33.43350999552941,34.56008563436971,34.25451233622642
2884,36.150856514,36.162639422,35.4742771857977,33.284837421058825,34.49993842702413,34.188905948294476
2885,36.4410106235,36.2819413655,35.49847533695096,33.284490864941176,34.44962450024247,34.3465249934066
2886,36.1611665585,36.147910787,35.48397760112186,33.27825285482353,34.343539702307694,34.147665977061536
2887,36.192096692,36.1876781015,35.49124358288292,33.35969354247059,34.47236040290882,34.15337306257143
2888,36.2731041845,36.112562063,35.53177981896552,33.36749105511765,34.584377550819674,34.208261574498046
2889,36.324654407000004,36.2038796,35.52474564218691,33.533837991588236,34.459974791811355,34.287577161816614
2890,36.483723665,36.349693086500004,35.49742191421053,33.65842491588236,34.4346862556455,34.331895485698276
2891,36.477832211,36.330545861000004,35.510987671315974,33.661717199,34.44923823939748,34.29720886896552
2892,36.4351191695,36.342328769,35.5401594925785,33.505247111882355,34.54498913257966,34.22411649578145
2893,36.4262819885,36.268685594000004,35.5273291927077,33.56728065694118,34.395821959178086,34.29682201386392
2894,36.3909332645,36.2583755495,35.49877176992187,33.479428681117646,34.26849948970866,34.22233086414471
2895,36.298142864,36.287832819500004,35.49449112445183,33.30926962735294,34.20491559269678,34.15812298689655
2896,36.3349644515,36.114034926500004,35.47712038641791,33.27496057170588,34.022578844606166,34.15446934778461
2897,36.2112439175,36.2230268255,35.476454699099264,33.32313187205882,33.68661724839593,34.13477148676772
2898,36.29225141,36.2200810985,35.48498705872784,33.41982102888235,34.336028217717896,34.158244525202576
2899,36.2171353715,36.286359956,35.501636807252225,33.48012179335294,34.30074078072954,34.23319190845035
2900,36.3231815435,36.306980045,35.509997240000004,33.38221969011765,34.38563885316318,34.219032661518774
2901,36.3349644515,36.192096692,35.52161937744096,33.467992329235294,34.09832217452632,34.178564959131485
2902,36.342328769,36.2053524635,35.512767456695656,33.30719029064706,34.337195736950676,34.169123345564486
2903,36.3261272705,36.3143443625,35.49872108918167,33.420687419176474,34.07137023858337,34.22174454805699
2904,36.3025614545,36.2642670035,35.487346956867135,33.46643282670588,34.06059825176935,34.234677184812796
2905,36.2554298225,36.3290729975,35.53128316965675,33.43628244447059,34.32240432440376,34.24857379109541
2906,36.333491588,36.318762953000004,35.524062371810295,33.364372050058826,34.562088224098815,34.20888837252427
2907,36.3791503565,36.324654407000004,35.528639144646945,33.42449953647059,34.47394178101001,34.22775577700126
2908,36.4233362615,36.2554298225,35.51749545418182,33.465393158352946,34.4361282085243,34.23812295915385
2909,36.417444807500004,36.301088591,35.513418185778846,33.423113312,34.28931654375677,34.18572713263463
2910,36.304034318,36.3025614545,35.51026579630769,33.44823863052941,34.28139281592053,34.17818614884021
2911,36.3703131755,36.215662508,35.51070404049834,33.479775237235295,34.482573222718734,34.28528666091255
2912,36.2230268255,36.2819413655,35.481043513076926,33.39868110570588,34.34595769457596,34.184518320192076
2913,36.306980045,36.2760499115,35.469447504094894,33.42242019976471,34.206506453027,34.24654025502574
2914,36.2583755495,36.277522775,35.47428537690511,33.352589142058825,34.250245034712435,34.202277337570244
2915,36.392406128000005,36.1788409205,35.486418250111036,33.37858085088236,34.44492075099379,34.258926438782815
2916,36.2171353715,36.2583755495,35.501190775806016,33.32625087711765,34.40849146143287,34.20113943563126
2917,36.2642670035,36.2583755495,35.47675831286216,33.354495200705884,34.370003468188976,34.175959169264175
2918,36.1670580125,36.1876781015,35.48403448323308,33.164582448235294,34.14194508704546,34.153785489255114
2919,36.4557392585,36.333491588,35.498712614179105,33.34808391252941,34.1994350003087,34.227296783
2920,36.536746751,36.360003131,35.50512936219491,33.55879003205882,34.49923052455293,34.30614259718335
2921,36.183259511,36.1788409205,35.54645488610448,33.39694832511765,34.67635190757515,34.17894819042471
2922,36.418917671,36.283414229,35.52730522649654,33.35189602982353,34.56919052981819,34.1901056889334
2923,36.4410106235,36.3143443625,35.5032511615,33.38100674370588,34.5498193392702,34.19630930153846
2924,36.367367448500005,36.23333687,35.512441102400004,33.42709870735294,34.48928978887925,34.171227347386846
2925,36.418917671,36.2760499115,35.49003050136189,33.29332804594118,34.49850549495106,34.143601267586206
2926,36.383568947,36.293724273500004,35.481841743295455,33.272707956941176,34.411747591276104,34.13729952416125
2927,36.277522775,36.0875233835,35.50669114909091,33.23614628652941,34.51362346848199,34.251527141802896
2928,36.5146537985,36.1876781015,35.53577086350909,33.31741369611765,34.584113419218525,34.38713621760108
2929,36.377677493,36.1994610095,35.52849697478261,33.41860808247059,34.496626624576045,34.26150789887468
2930,36.3526388135,36.3172900895,35.52097839317227,33.530718986529415,34.3594937967347,34.23513259841479
2931,36.4410106235,36.383568947,35.51541917828659,33.429697878235295,34.53781886972973,34.19479842073741
2932,36.418917671,36.3261272705,35.502343774401034,33.45447664064706,34.43140328199468,34.21280640533088
2933,36.3614759945,36.3231815435,35.5103790935,33.37927396311765,34.35531165772914,34.13912745090909
2934,36.3703131755,36.3084529085,35.531610840158585,33.3531089762353,34.48448799339467,34.12933569148936
2935,36.3379101785,36.231864006500004,35.51729142114286,33.373729065235295,34.536826022178744,34.17760574885246
2936,36.418917671,36.301088591,35.532181429288855,33.42363314617647,34.53193042481182,34.221789052497556
2937,36.17442233,36.168530876000005,35.5007331918007,33.42761854152941,34.494888735102045,34.21738206765796
2938,36.2966700005,36.230391143,35.50966238385385,33.32226548176471,34.41596884095401,34.11103180583186
2939,36.407134763,36.327600134,35.4856168032,33.29194182147059,34.4223738983808,34.130764434241584
2940,36.3172900895,36.312871499,35.482540350311496,33.28275808435294,34.325987118479844,34.13606745531915
2941,36.287832819500004,36.287832819500004,35.47500169037684,33.28414430882353,34.25018741208114,34.13367635151079
2942,36.015353072,36.186205238,35.47244305772628,33.1616367212353,34.30409609407143,34.075090739069765
2943,36.29225141,36.1906238285,35.49512333697565,33.305977344235295,34.47017382944332,34.06430378031704
2944,36.3791503565,36.192096692,35.47491499900107,33.37754118252941,34.464005617614006,34.030551663163685
2945,36.4203905345,36.2289182795,35.50459254430769,33.44945157694118,34.451663220103335,34.19936010507531
2946,36.4086076265,36.227445416,35.497143158545455,33.53713027470588,34.37350815205687,34.206338659754095
2947,36.389460401,36.2583755495,35.493692519493344,33.328676769941175,34.47090381117851,34.09906906520677
2948,36.427754852,36.277522775,35.5115682944,33.51165840005883,34.387106813212185,34.211302938323875
2949,36.374731766000004,36.2789956385,35.51205343116689,33.480641627529415,34.31885855346845,34.182450107046236
2950,36.268685594000004,36.248065505,35.501514637250004,33.33266216529412,34.19578421279503,34.12108300721245
2951,36.3349644515,36.287832819500004,35.50530244131222,33.308749793176474,34.296005924521324,34.103203639140816
2952,36.362948858,36.286359956,35.47611175294118,33.45932842629412,34.2902692941378,34.10663495634039
2953,36.150856514,36.1965152825,35.48516553151471,33.212060636352945,34.15925330876404,34.105870033165175
2954,35.994732983,36.139073606000004,35.46800288128217,33.22193748570589,34.287608085185184,34.10763893384681
2955,36.097833428,36.080159066,35.50970366669848,33.23891873547059,34.46677845017528,34.09420277125939
2956,36.225972552500004,36.1287635615,35.47790871058824,33.26577683458824,34.303141252338214,34.14580001519453
2957,36.23333687,36.1994610095,35.47563503490141,33.27773302064706,34.24777597806023,34.140617721876566
2958,36.3614759945,36.283414229,35.50568477909558,33.35865387411765,34.48027907805448,34.16522866965981
2959,36.2789956385,36.192096692,35.50137746464234,33.28587708941176,34.52462204757377,34.08643216860465
2960,36.000624437,36.0963605645,35.50072490329519,33.30701701258823,34.4543215093132,34.160201562662806
2961,36.2731041845,36.237755460500004,35.48180120851064,33.44477306935294,34.42631414018953,34.16247128087417
2962,36.242174051,36.218608235000005,35.48263647298837,33.375288567764706,34.61125176997654,34.06599376475686
2963,36.357057404,36.189150965,35.46661806774648,33.30632390035294,34.54127407201685,33.99676747762437
2964,36.349693086500004,36.212716781000005,35.453051439849624,33.269588951882355,34.51984067703971,34.030830711157186
2965,36.3438016325,36.1876781015,35.483866364619566,33.28899609447059,34.52312388349282,34.160286906036255
2966,36.342328769,36.221553962,35.47551924121842,33.27028206411765,34.560786839951575,34.152944861654134
2967,36.23333687,36.1641122855,35.49041878682482,33.224536656588235,34.540770760084456,34.15354902597633
2968,36.336437315,36.147910787,35.46872860086957,33.32035942311765,34.5096904503423,34.10757217851623
2969,36.2701584575,36.165585149,35.455921764837186,33.202703621176475,34.47939449290406,34.03185498125
2970,36.231864006500004,36.088996247,35.4727065182,33.18329647858824,34.57097845326162,34.11658914715525
2971,36.237755460500004,36.109616336,35.46211138804348,33.23857217935294,34.477253564853555,34.08310337274363
2972,36.295197137,36.2082981905,35.46946926753182,33.365931552588236,34.48793431724302,34.069836664945115
2973,36.23333687,36.156747968000005,35.49633984189766,33.30181867082353,34.585209205131775,34.0217576256187
2974,36.3467473595,36.147910787,35.47773159336607,33.36454532811765,34.50192564497874,34.206645401873494
2975,36.383568947,36.2465926415,35.4948559186087,33.53002587429412,34.44462351407519,34.230888995887405
2976,36.405661899500004,36.251011232,35.49787835289282,33.473883783235294,34.60160219450841,34.17482575742489
2977,36.424809125,36.2230268255,35.495288934378884,33.49831598952942,34.52970219966309,34.21815100202857
2978,36.4086076265,36.2642670035,35.47545254293478,33.411676960117646,34.53602758361471,34.14448338184211
2979,36.4321734425,36.2996157275,35.50388184184211,33.32573104294118,34.51858962324238,34.20133243386997
2980,36.43953776,36.298142864,35.49241985666667,33.077077028529416,34.538348808465116,34.299491144225634
2981,36.4086076265,36.2583755495,35.479664137878466,33.416008911588236,34.48151875174002,34.2442219848
2982,36.3968247185,36.2200810985,35.50304983594081,33.45984826047059,34.496327605745634,34.20309810589301
2983,36.305507181500005,36.237755460500004,35.48051021518182,33.27634679617647,34.41297536746888,34.175430550890844
2984,36.186205238,36.1847323745,35.47388573949893,33.18052402964706,34.230909826796115,34.11547144343066
2985,36.159693695,36.1434921965,35.4485515568,33.193173327941174,34.15545157111383,34.10383521401099
2986,36.1110891995,36.0845776565,35.421962359558826,33.1115593622353,34.01703153549367,34.09324351181218
2987,36.150856514,36.124344971,35.43648883682353,33.122822436058826,33.906898447326405,34.05877203732788
2988,36.0669032945,36.109616336,35.4497543599026,33.11554475758824,34.443568680071145,34.17516834122659
2989,36.197988146,36.150856514,35.44768372855374,33.07135885258823,34.50183085966481,34.104698430714286
2990,36.29225141,36.1965152825,35.47476947580435,33.13356567570588,34.45740508685994,34.17965414538617
2991,36.2996157275,36.195042419,35.476102066590066,33.24740936035294,34.38477575102506,34.214758867672906
2992,35.974112894,36.08605052,35.482709099441465,33.17775158070588,34.502519127657784,34.18404695282765
2993,36.301088591,36.248065505,35.48007239428571,33.30424456364706,34.51674779988346,34.098941549860044
2994,36.2348097335,36.1965152825,35.466309404782606,33.269935508,34.475518784473685,34.07491970241072
2995,36.2789956385,36.2348097335,35.480699144711245,33.443040288764706,34.49289822831992,34.22957084586319
2996,36.2642670035,36.215662508,35.45391004080851,33.314987803294116,34.551050374087694,34.239729687098595
2997,36.000624437,36.124344971,35.48578569169969,33.180697307705884,34.61370710912212,34.16914489994225
2998,36.3261272705,36.197988146,35.46843445712919,33.31949303282353,34.408530261088714,34.109489768370786
2999,36.3379101785,36.2038796,35.45389588280992,33.26040521476471,34.33792625794976,34.12726594462151
3000,36.3172900895,36.221553962,35.470707040549684,33.38915081247059,34.43655027444898,34.18524649818103
3001,36.342328769,36.2348097335,35.470550982259546,33.41704857994118,34.42305252172616,34.17792364284106
3002,36.3762046295,36.243646914500005,35.45770095919118,33.289169372529415,34.37591861443818,34.117220996320476
3003,36.035973161,36.121399244,35.478676091847326,33.11207919641176,34.40182085919682,34.03417229347342
3004,36.2524840955,36.1847323745,35.45656874460227,33.08885993652941,34.36880078,33.962342497803064
3005,36.242174051,36.189150965,35.45334939540299,33.079676199411765,34.36529894483376,34.04623258914818
3006,36.2731041845,36.200933873000004,35.44518251792,33.11623786982353,34.40405582565445,34.04299742641697
3007,36.1022520185,36.08605052,35.46027564513044,33.11831720652941,34.40740165382387,33.906792570632916
3008,36.1405464695,36.218608235000005,35.44186087824818,33.1557452672353,34.355081191991374,33.758632037517835
3009,36.012407345,36.0286088435,35.47952993339844,33.16631522882353,34.33200725528263,34.06447316705882
3010,35.971167167000004,36.1405464695,35.444318438,33.14864086682353,34.35174282246291,34.03702231770213
3011,36.3408559055,36.245119778,35.44063537661583,33.22470993464706,34.331504346872485,34.03379280481328
3012,36.283414229,36.209771054,35.4403796529927,33.127847499764705,34.43475354357236,34.002945342048875
3013,36.274577048,36.1582208315,35.430981039839416,33.30181867082353,34.36308292432822,34.09276155531381
3014,36.243646914500005,36.1493836505,35.44720234249712,33.198718225823534,34.50100837997273,34.04978393189874
3015,35.888686811,35.7929506835,35.47495783531868,33.11485164535294,34.512771825394935,34.00271818477537
3016,36.3379101785,36.171476603,35.4415254524,33.314641247176475,34.33433214076888,34.088747941481486
3017,36.227445416,36.147910787,35.448124404398605,33.187281873941174,34.49095928092394,34.07631974921639
3018,36.212716781000005,36.118453517,35.45734207124088,33.253474092411764,34.54785947,34.0470917035373
3019,36.2407011875,36.1464379235,35.452949836876854,33.22522976882353,34.43365741958352,34.09412333409026
3020,36.242174051,36.1464379235,35.44357810978572,33.14604169594118,34.483315075902745,34.07278704615385
3021,36.224499689,36.171476603,35.444759254172794,33.13044667064706,34.40190243214827,34.08671612201811
3022,35.982950075000005,36.065430431,35.46493598976744,33.143095968941175,34.36735314445521,34.11755840852618
3023,36.1464379235,36.1258178345,35.460787657345335,33.14448219341177,34.38763048589673,34.0948907792618
3024,36.268685594000004,36.1729494665,35.47303047778226,33.16232983347059,34.43999879346294,34.09199152823234
3025,36.380623220000004,36.463103576,,33.239092013529415,34.55082773717261,34.279164936387666
3026,36.436592033000004,36.4645764395,,33.200970840588234,34.543944195704334,34.19360180047369
3027,36.1876781015,36.4086076265,35.63783612198425,33.18676203976471,34.68327938726774,34.257129764752804
3028,36.377677493,36.4233362615,35.62335401183206,33.21050113382353,34.51381202040956,34.26413290533717
3029,36.424809125,36.436592033000004,35.66950631140625,33.35137619564706,34.56247925249806,34.29184146250807
3030,36.4616307125,36.448374941000004,35.64852717207792,33.325904321,34.584574604780116,34.27349652930156
3031,36.392406128000005,36.3320187245,35.63714571076336,33.29194182147059,34.410903695138465,34.28303464403107
3032,36.3408559055,36.41008049,35.61832194442308,33.301645392764705,34.39135735679651,34.27754206942993
3033,36.421863398,36.3732589025,35.61813215480916,33.20842179711765,34.61201832916047,34.20776135193549
3034,36.3762046295,36.405661899500004,35.58690132266667,33.19854494776471,34.53180285002965,34.24568507883503
3035,36.195042419,36.3143443625,35.607227551381534,33.24325068694118,34.547678081430234,34.22196827896537
3036,36.2907785465,36.430700579,35.59809421541985,33.222110763764704,34.587571005527444,34.26976999762148
3037,36.445429214,36.4704678935,35.59966303860465,33.27825285482353,34.56936062836885,34.23999370655143
3038,36.386514674,36.3968247185,35.62328754792969,33.23891873547059,34.60433227005169,34.29633929997443
3039,36.3231815435,36.413026217,35.635447804142856,33.230428110588235,34.71810596367948,34.31647489049478
3040,36.242174051,36.4203905345,35.61162032367865,33.20166395282353,34.677661816134595,34.304090708657384
3041,36.3202358165,36.3379101785,35.6200365086,33.23805234517647,34.60640651358551,34.277792890853824
3042,36.377677493,36.404189036000005,35.63029483422901,33.20842179711765,34.63917803764659,34.27081279151168
3043,36.467522166500004,36.471940757,35.6139368603609,33.239438569647064,34.59699317121055,34.25817790703152
3044,36.239228324,36.3644217215,35.61794772036364,33.211194246058824,34.70642421719542,34.27811903848276
3045,36.32170868,36.3820960835,35.62997224643609,33.240478238,34.66036204241408,34.295603304600895
3046,36.3938789915,36.483723665,35.621036004029854,33.281718416000004,34.613475581012246,34.283573645882356
3047,36.2996157275,36.429227715500005,35.63915603923077,33.25538015105882,34.619092647506015,34.29400056641215
3048,36.304034318,36.3467473595,35.62777672863636,33.21240719247059,34.60041864965018,34.270834653775644
3049,36.3290729975,36.371786039,35.63014943302256,33.19819839164706,34.558438393636,34.24235977680598
3050,36.0934148375,36.142019333,35.639063953657505,33.18693531782353,34.691664497931036,34.329057898809204
3051,36.206825327000004,36.29225141,35.64660847676923,33.22176420764706,34.65578132293311,34.32900302571824
3052,36.318762953000004,36.2996157275,35.63548618722388,33.23146777894118,34.609970350449395,34.31490110886818
3053,36.306980045,36.3231815435,35.63876513078947,33.190054322882354,34.60520109898545,34.31311394752891
3054,36.35116595,36.315817226,35.63861244159091,33.240998072176474,34.63073552667473,34.31091241918506
3055,36.2907785465,36.330545861000004,35.631166974586776,33.27045534217647,34.6405164788476,34.29565196890625
3056,36.357057404,36.357057404,35.624044152,33.206169182352944,34.669388877120134,34.28836859301448
3057,36.301088591,36.3349644515,35.635562572727274,33.22003142705883,34.67527350309683,34.306146602351376
3058,36.4027161725,36.368840312,35.63329449493233,33.22124437347059,34.66503379219799,34.30322386968282
3059,36.4027161725,36.4233362615,35.642797309129776,33.22973499835294,34.669850836599494,34.30506684713336
3060,36.3379101785,36.4086076265,35.66970682168727,33.23839890129412,34.750409225258174,34.356422739471284
3061,36.401243309,36.424809125,35.65107232848855,33.2352798962353,34.64811544346864,34.31329637037168
3062,36.3467473595,36.360003131,35.64171795877863,33.24550330170588,34.647841223,34.32203717179578
3063,36.355584540500004,36.3791503565,35.64829763490909,33.25988538058824,34.67502943410909,34.30494844175299
3064,36.357057404,36.362948858,35.64063860842748,33.233893671764704,34.64265619192727,34.288773824457934
3065,36.35116595,36.3820960835,35.646824771409094,33.22003142705883,34.668681024384895,34.291404898464954
3066,36.3143443625,36.401243309,35.68179265716535,33.24446363335294,34.76096970142376,34.38161332569548
3067,36.4410106235,36.377677493,35.67707400395349,33.312735188529416,34.63449805263625,34.34952030819672
3068,36.466049303,36.424809125,35.67564324265625,33.327983657705886,34.63906164905406,34.34121612529886
3069,36.4498478045,36.4410106235,35.64524641355372,33.24307740888236,34.622365236993005,34.27784069353833
3070,36.4881422555,36.436592033000004,35.6421242931579,33.23181433505882,34.61208838055944,34.30083479713574
3071,36.442483487000004,36.4439563505,35.64599038725191,33.262831107588234,34.60234875257165,34.29028520076596
3072,36.477832211,36.471940757,35.63823767257143,33.19507938658823,34.610446282076126,34.27881126551724
3073,36.474886484,36.467522166500004,35.651909308814346,33.258672434176475,34.60472267331813,34.29322573370166
3074,36.4527935315,36.463103576,35.63974476816657,33.269935508,34.625071465005874,34.295840632268906
3075,36.119926380500004,36.327600134,35.69992272437097,33.214313251117645,34.694886461795306,34.36877762859417
3076,36.5058166175,36.4321734425,35.651483689286714,33.243423965,34.598216738727494,34.27133373231909
3077,36.4233362615,36.4380648965,35.6567571586014,33.237879067117646,34.59703989687801,34.32874988966932
3078,36.4498478045,36.4410106235,35.65854244769231,33.24619641394118,34.613026176872076,34.30464514969569
3079,36.417444807500004,36.4498478045,35.64240618090909,33.294194436235294,34.598475678896286,34.314922994049795
3080,36.268685594000004,36.3438016325,35.676267164,33.204263123705886,34.6355288900742,34.37130567419467
3081,36.239228324,36.301088591,35.66752893506977,33.226962549411766,34.722297246300215,34.39290920451327
3082,36.3113986355,36.3614759945,35.652760857636366,33.27236140082353,34.62976355038256,34.30452606043478
3083,36.418917671,36.4439563505,35.64426529774436,33.261791439235296,34.61541199660105,34.328900598808445
3084,36.424809125,36.433646306,35.63905305899248,33.252780980176475,34.57422778846185,34.31824717496469
3085,36.4351191695,36.4616307125,35.6364234788,33.29956605605882,34.57834026849753,34.287188279117274
3086,36.386514674,36.433646306,35.62931182370472,33.27686663035294,34.60787056460883,34.26494542572868
3087,36.451320668,36.429227715500005,35.630603436363636,33.29090215311765,34.59157972052449,34.2937469900126
3088,36.4321734425,36.415971944,35.633239920502035,33.275480405882355,34.606372977416534,34.28436051242967
3089,36.4144990805,36.4469020775,35.631273911600005,33.284664143,34.59902442665882,34.285749078081615
3090,36.360003131,36.421863398,35.632046806052635,33.27132173247059,34.621097389098196,34.30333643885984
3091,36.206825327000004,36.239228324,35.66821755584375,33.28657020164706,34.664661509082684,34.33025334600087
3092,36.398297582,36.342328769,35.633137443185234,33.227309105529415,34.60204039832085,34.2756653652987
3093,36.442483487000004,36.354111677,35.637756990568185,33.26560355652941,34.62562043310102,34.30730849304935
3094,36.3879875375,36.392406128000005,35.623967075671644,33.242211018588236,34.604058089680514,34.29204501764706
3095,36.3879875375,36.4086076265,35.622153068,33.26421733205883,34.61834607275997,34.27859547995752
3096,36.4557392585,36.405661899500004,35.6252127811194,33.22436337852941,34.59801450832877,34.27299443898515
3097,36.186205238,36.2996157275,35.659453583118115,33.21535291947059,34.65804467017737,34.37564057346154
3098,36.401243309,36.4233362615,35.65363290269231,33.23424022788235,34.55113723442415,34.35609673146322
3099,36.4822508015,36.448374941000004,35.66257457834587,33.24013168188235,34.57837067049181,34.31401951512454
3100,36.404189036000005,36.4439563505,35.64521834680793,33.21292702664706,34.595884106416605,34.30734177344828
3101,36.46899503,36.448374941000004,35.64766478989552,33.263697497882355,34.61480400618139,34.31713848101818
3102,36.383568947,36.457212122,35.64348675062201,33.25295425823529,34.591702712620446,34.314045632570036
3103,36.41008049,36.4380648965,35.641500312000005,33.26439061011765,34.58746312888717,34.26870995638662
3104,36.401243309,36.445429214,35.64052469203008,33.24446363335294,34.594086258836946,34.29611392796862
3105,36.362948858,36.424809125,35.63471180533333,33.290555597,34.584558585733845,34.265697647783256
3106,36.362948858,36.401243309,35.6089300268,33.2588457122353,34.5801636888984,34.276443152739894
3107,36.371786039,36.43953776,35.63767649712347,33.25988538058824,34.568497180365476,34.27564729510803
3108,36.4027161725,36.4645764395,35.64612597728358,33.28102530376471,34.61271285871227,34.296209194170366
3109,35.884268220500005,36.100779155,35.6669609346063,33.21344686082353,34.646002113523316,34.29716582349193
3110,36.3968247185,36.4262819885,35.648342267136364,33.260231936705885,34.55163005718409,34.27856428484493
3111,36.398297582,36.480777938,35.648505155692305,33.21465980723529,34.605024432969465,34.21843495156486
3112,36.2907785465,36.474886484,35.641052718153844,33.263350941764706,34.546113007272034,34.28112982339607
3113,36.3467473595,36.463103576,35.638481851,33.300085890235295,34.53800300318461,34.247177116183835
3114,36.2053524635,36.342328769,35.66092855522727,33.290555597,34.64344887095801,34.279090938867924
3115,36.286359956,36.268685594000004,35.65701288827068,33.23614628652941,34.575763906169705,34.247916872000005
3116,36.374731766000004,36.345274496,35.64603626872727,33.27911924511765,34.59190029645648,34.24340938109299
3117,36.4380648965,36.4380648965,35.63465699130435,33.29471427041177,34.52312226344828,34.27761671715451
3118,36.3997704455,36.415971944,35.6434432238369,33.30667045647059,34.58048815366146,34.24292295374845
3119,36.41008049,36.411553353500004,35.65309166120321,33.351722751764704,34.518148206628176,34.272348371036735
3120,36.3879875375,36.430700579,35.63791298617518,33.295060826529415,34.55264372099526,34.237237703944125
3121,36.3762046295,36.3644217215,35.644320479941605,33.27236140082353,34.563409791675475,34.23594669904642
3122,36.312871499,36.430700579,35.64714918774763,33.31828008641177,34.63579671606429,34.22651085583707
3123,36.206825327000004,36.193569555500005,35.674781711923075,33.282931362411766,34.562435484305155,34.342118952574644
3124,36.3526388135,36.3791503565,35.627438405333336,33.31585419358824,34.53152485906143,34.23703853887828
3125,36.401243309,36.4144990805,35.63353486938235,33.33006299441177,34.55745580283477,34.27896306379367
3126,36.336437315,36.4144990805,35.63930635059702,33.338900175411766,34.57471267727481,34.26164717419355
3127,36.4086076265,36.4027161725,35.6338050548,33.35778748382353,34.568891928864616,34.24598753508371
3128,36.3703131755,36.4351191695,35.62836368313433,33.296447051,34.60002238825821,34.2110449561054
3129,36.392406128000005,36.3997704455,35.64443128495251,33.272707956941176,34.602682877209304,34.25375004286068
3130,36.3644217215,36.389460401,35.637996250393485,33.36315910364706,34.58361723177998,34.29947989141084
3131,36.3762046295,36.306980045,35.64011461580733,33.35986682052941,34.62486775063461,34.28429838111399
3132,36.362948858,36.304034318,35.657892525813956,33.30545751005882,34.638189776000004,34.30148441669573
3133,36.118453517,36.1670580125,35.667619205046876,33.34097951211765,34.668286421668746,34.27463306550737
3134,36.2141896445,36.2848870925,35.637724159593986,33.34340540494118,34.61932444877179,34.25843714519503
3135,36.227445416,36.2407011875,35.63132530764183,33.355015034882356,34.623334071557345,34.272689216705885
3136,36.0727947485,36.225972552500004,35.63371277700763,33.304417841705884,34.67173578264073,34.254518788672186
3137,36.1110891995,36.236282597,35.62272137022388,33.322785315941175,34.611728983984904,34.2371682819056
3138,36.3526388135,36.221553962,35.630494346750865,33.302858339176474,34.65121300898876,34.23134136546517
3139,36.392406128000005,36.2760499115,35.64827403407249,33.37164972852941,34.67384416997569,34.264607206076825
3140,36.3938789915,36.248065505,35.63893073127007,33.37147645047059,34.58290451588307,34.24166112766738
3141,36.3879875375,36.262794140000004,35.62738901897225,33.348603746705884,34.59335063471134,34.249561569575
3142,36.392406128000005,36.2583755495,35.62084256322471,33.34288557076471,34.539389963738806,34.177279438811546
3143,36.333491588,36.2082981905,35.610780531615575,33.43489622,34.479563638339684,34.169603642
3144,35.9873686655,36.059538977,35.624949846751534,33.267163059058824,34.54402756211735,34.27875810926618
3145,36.3379101785,36.186205238,35.64366109579562,33.347564078352946,34.59809828610822,34.234348364828485
3146,36.407134763,36.304034318,35.621992556097126,33.44459979129412,34.563283477189444,34.19815164301325
3147,36.071321885,36.150856514,35.63824225664706,33.35709437158824,34.571441435517244,34.26456937581156
3148,36.3379101785,36.277522775,35.64224241754887,33.391403427235296,34.518538629921395,34.262330336545915
3149,36.389460401,36.3938789915,35.63920864820896,33.46972510982353,34.498656572128446,34.282329838314425
3150,36.324654407000004,36.4027161725,35.633932719253735,33.533837991588236,34.499264546647446,34.29010043734988
3151,36.395351855,36.348220223,35.62749184978102,33.46192759717647,34.4658533870626,34.264824827773346
3152,36.368840312,36.3791503565,35.625216257755476,33.470244944,34.50510284999603,34.2544331409102
3153,36.4410106235,36.386514674,35.63442051279412,33.52517408864706,34.45967894104224,34.27364210540239
3154,36.474886484,36.4439563505,35.62442694141544,33.53713027470588,34.463126234250616,34.252375137646084
3155,36.4498478045,36.451320668,35.6313611924,33.49606337476471,34.47877564084439,34.275795232328
3156,36.467522166500004,36.4410106235,35.643084053834585,33.437841947,34.518753854364775,34.27552934327273
3157,36.445429214,36.433646306,35.62517614272388,33.46989838788235,34.51297969973214,34.28582668985669
3158,36.4351191695,36.433646306,35.624736481977614,33.46989838788235,34.53159120988358,34.26978076612228
3159,36.454266395000005,36.4380648965,35.63948495129699,33.503341053235296,34.57096092520816,34.27430709181219
3160,36.421863398,36.401243309,35.631826011511194,33.51009889752941,34.5341015750185,34.25788555591572
3161,36.389460401,36.3938789915,35.63607832290909,33.60124315647059,34.466778928654314,34.27394471598522
3162,36.349693086500004,36.413026217,35.62893862411022,33.541288948117646,34.51080225795835,34.286155564172375
3163,36.454266395000005,36.386514674,35.65272088847762,33.35432192264706,34.526098774675944,34.21661446307881
3164,36.4027161725,36.4498478045,35.648816403695655,33.32642415517647,34.53646005472916,34.20379969661072
3165,36.2848870925,36.415971944,35.64250205409802,33.43177721494118,34.504740114988294,34.25280527064608
3166,36.374731766000004,36.3968247185,35.65616622156513,33.44321356682353,34.503442497801366,34.27399873034846
3167,36.171476603,36.3084529085,35.664245073038465,33.31862664252941,34.552316710434425,34.30454990561026
3168,36.4439563505,36.401243309,35.6263212040146,33.388977534411765,34.46137501476621,34.257452228555195
3169,36.460157849,36.395351855,35.63783040734783,33.49537026252941,34.509478765552316,34.30517767052632
3170,36.4586849855,36.333491588,35.63961990092391,33.396428490941176,34.5830280933389,34.26779615440792
3171,36.442483487000004,36.371786039,35.62182758943144,33.41237007235294,34.67571911947368,34.21743815845522
3172,36.407134763,36.339383042,35.63731911615622,33.462620709411766,34.57656326320091,34.204128087192835
3173,36.071321885,36.293724273500004,35.68452527046154,33.345138185529414,34.52230820829787,34.28785521224437
3174,36.262794140000004,36.231864006500004,35.6287664456383,33.372169562705885,34.31264891469456,34.20985690035668
3175,36.333491588,36.3202358165,35.64919826937638,33.38967064664706,34.591992313183624,34.23215143092757
3176,36.380623220000004,36.3025614545,35.63180602693182,33.449624855,34.57653522332943,34.12891977541992
3177,36.293724273500004,36.2966700005,35.61488272405042,33.530718986529415,34.55123867478405,34.230635623033805
3178,36.136127879,36.108143472500004,35.649508708210526,33.48029507141177,34.61981351362949,34.26965479057757
3179,36.309925772,36.348220223,35.66183737086957,33.455516309000004,34.67143359469388,34.287632459316086
3180,36.4144990805,36.345274496,35.65247868150895,33.51079200976471,34.630936569197814,34.286250527260215
3181,36.35116595,36.336437315,35.636898832272536,33.48532013511765,34.632461365666515,34.2692591988615
3182,36.433646306,36.3379101785,35.64604891106221,33.541635504235295,34.61059531461225,34.27702758588235
3183,36.4410106235,36.362948858,35.65168919904892,33.564508208,34.62767082204724,34.28130857321799
3184,36.3762046295,36.349693086500004,35.65943875818251,33.52257491776471,34.589507708388794,34.269609711034484
3185,36.3703131755,36.318762953000004,35.654796087200005,33.54198206035294,34.616285067677474,34.281977317813315
3186,36.386514674,36.374731766000004,35.64841158953192,33.53557077217647,34.57641420281457,34.23707720192637
3187,36.389460401,36.32170868,35.648223564404255,33.55913658817647,34.558417341903215,34.25610559091297
3188,36.433646306,36.304034318,35.64770333363823,33.57837045270588,34.58426533672727,34.26871605132076
3189,36.3113986355,36.3349644515,35.64062594071267,33.53747683082353,34.56961802117801,34.253563374847836
3190,36.0993062915,36.1788409205,35.68316570415385,33.47423033935294,34.62680559243566,34.27077657594694
3191,36.3467473595,36.348220223,35.672358640583944,33.56242887129412,34.602763678307696,34.282682336703
3192,36.312871499,36.3614759945,35.65131090751825,33.49692976505882,34.58196849834779,34.26488077132782
3193,36.4262819885,36.4086076265,35.65486044762185,33.579583399117645,34.627533681608796,34.293224154327305
3194,36.445429214,36.404189036000005,35.66372919895141,33.56537459829412,34.64862963171315,34.304697090630235
3195,36.153802241,36.23333687,35.677414584176134,33.549952851058826,34.60673213075209,34.291416516636495
3196,36.4586849855,36.367367448500005,35.66719824291971,33.56693410082353,34.56922390107563,34.236143945285896
3197,36.407134763,36.274577048,35.658626599592395,33.34444507329412,34.551365967846515,34.151098906707965
3198,36.4351191695,36.3172900895,35.64907951334307,33.41964775082353,34.543744556284025,34.16591322116095
3199,36.460157849,36.3467473595,35.65486663612395,33.37355578717647,34.57123448423001,34.18371963610895
3200,36.3997704455,36.3231815435,35.635596208608696,33.33786050705883,34.50718696505675,34.16899409635975
3201,36.3909332645,36.287832819500004,35.65475799855057,33.440787674,34.4847460042236,34.22350311794509
3202,36.333491588,36.3320187245,35.63943439534162,33.46816560729412,34.50355891706863,34.23357456185246
3203,36.2082981905,36.239228324,35.64959500946595,33.365931552588236,34.51292850960571,34.302594804206926
3204,36.413026217,36.3379101785,35.611841505728314,33.40561222805883,34.34702262981986,34.27951895705069
3205,36.304034318,36.301088591,35.615620007268085,33.30615062229412,34.53841270488278,34.25032852637015
3206,36.380623220000004,36.365894585,35.60911431110115,33.26629666876471,34.61307226631866,34.17996688091346
3207,36.305507181500005,36.287832819500004,35.58856696275325,33.36749105511765,34.492989992250806,34.228612372689014
3208,36.0462832055,36.248065505,35.62104237592472,33.320879257294116,34.515762726694355,34.23570732493898
3209,36.224499689,36.2996157275,35.61895422804504,33.22973499835294,34.42167431759121,34.2142662868888
3210,36.2760499115,36.3143443625,35.624581958875915,33.309096349294116,34.493640103310064,34.20333211652529
3211,36.29225141,36.2465926415,35.62556473009774,33.25260770211765,34.34433967234797,34.21293651337393
3212,36.309925772,36.224499689,35.61567112187808,33.304417841705884,34.419495381643834,34.23476049619632
3213,36.2848870925,36.3113986355,35.613344862167324,33.46643282670588,34.600115274575366,34.26461732100163
3214,36.3438016325,36.2289182795,35.616922454342856,33.496756487,34.46915253490993,34.26633973840164
3215,36.3467473595,36.355584540500004,35.63857551564748,33.51876280047059,34.416117318301346,34.28974412337632
3216,36.074267612,36.1464379235,35.65343296647059,33.33283544335294,34.635967308800005,34.19891609307788
3217,36.0462832055,36.124344971,35.64177333589552,33.425019370647064,34.73305839507944,34.174951512619394
3218,36.330545861000004,36.212716781000005,35.65361346444853,33.55220546582353,34.55475608559151,34.306858070162896
3219,36.1434921965,36.243646914500005,35.65214287295105,33.52673359117647,34.58704257367781,34.41838140616892
3220,36.114034926500004,36.23333687,35.64315890696429,33.51165840005883,34.60520116163683,34.373324792140764
3221,36.08605052,36.227445416,35.64464614707389,33.35952026441176,34.679428304451534,34.3941956643174
3222,36.124344971,36.1788409205,35.62791772577874,33.53955616752941,34.651686008825436,34.34728177243297
3223,36.2200810985,36.225972552500004,35.63945080369779,33.3354346142353,34.686354519765125,34.2905094418153
3224,36.362948858,36.2819413655,35.67536887255474,33.52465425447059,34.66716683784615,34.32056986057956
3225,36.268685594000004,36.2348097335,35.65873529397709,33.53297160129412,34.63265471118828,34.34995898034172
3226,36.362948858,36.2996157275,35.62965147761577,33.38429902682353,34.67226845671388,34.25300305915454
3227,36.401243309,36.304034318,35.638759632978726,33.47509672964706,34.684217796784914,34.29768685079131
3228,36.407134763,36.312871499,35.62766149115108,33.390883593058824,34.65239495428572,34.27853068582215
3229,36.442483487000004,36.3968247185,35.646869403636366,33.37234284076471,34.57467245138424,34.26313215144454
3230,36.4351191695,36.3526388135,35.629484027280576,33.40128027658824,34.51954068683453,34.26517751479012
3231,36.4439563505,36.305507181500005,35.64965289086132,33.470244944,34.46568981796211,34.28819808104175
3232,36.4380648965,36.2966700005,35.631172084,33.414449409058825,34.40360023689655,34.23545668226875
3233,36.047756069,36.256902686000004,35.66630708193846,33.39382932005883,34.488260722098445,34.230794520170356
3234,36.32170868,36.327600134,35.64856478608241,33.343578683000004,34.5258749973099,34.189195099411045
3235,36.395351855,36.3408559055,35.65737363967434,33.513564458705886,34.53383223538526,34.24637300519159
3236,36.1965152825,36.1847323745,35.684574516838794,33.35466847876471,34.47831499632153,34.24834808071429
3237,36.454266395000005,36.3379101785,35.64303094034943,33.392443095588234,34.4604129130621,34.24589828616733
3238,36.3467473595,36.349693086500004,35.616505018662615,33.35068308341177,34.34845479409987,34.21064307936859
3239,36.3820960835,36.274577048,35.60673865528572,33.44165406429412,34.58440633040636,34.28818965197044
3240,36.245119778,36.262794140000004,35.59070930966234,33.43610916641177,34.47075988415657,34.226412706974486
3241,36.224499689,36.212716781000005,35.60271814465754,33.408557955058825,34.670454736244096,34.128792798201566
3242,36.253956959,36.2053524635,35.61865680701665,33.45135763558824,34.66362515174792,34.11568041003697
3243,36.315817226,36.293724273500004,35.664156953,33.593272365764705,34.43356876609654,34.34014791812841
3244,36.192096692,36.265739867,35.65534364820669,33.5210154152353,34.50704127412958,34.2777459077213
3245,36.2038796,36.2465926415,35.65254128010949,33.4326436052353,34.64995226845902,34.257977619943425
3246,36.3909332645,36.243646914500005,35.65644741445256,33.45603614317647,34.658332033488136,34.29895760467202
3247,36.380623220000004,36.2731041845,35.662302236,33.5887671362353,34.58896761604977,34.35042440709265
3248,36.349693086500004,36.3172900895,35.643645965000005,33.41392957488235,34.56856433972776,34.240469031120334
3249,36.395351855,36.293724273500004,35.65195595722628,33.370610060176475,34.563941051938684,34.23710419904888
3250,36.41008049,36.2789956385,35.625418802492405,33.49796943341177,34.43030587951032,34.31144404348808
3251,36.421863398,36.3143443625,35.63273036410924,33.31845336447059,34.46576831082376,34.219530775454544
3252,36.1051977455,36.109616336,35.669953508497045,33.20443640176471,34.578211135379206,34.19946509872584
3253,36.2819413655,36.2731041845,35.64674859460014,33.331449218882355,34.44805020475543,34.146161819023135
3254,36.3084529085,36.3113986355,35.63989632270953,33.34600457582353,34.39619294216191,34.24272357367152
3255,36.0403917515,36.197988146,35.64384814517483,33.42345986811765,34.413516224,34.28362050286747
3256,36.2495383685,36.1994610095,35.55889645630091,33.40890451117647,34.198236928280124,34.20274985662465
3257,36.2672127305,36.144965060000004,35.5914479553125,33.38845770023529,34.63847175434353,34.19600081947301
3258,36.3909332645,36.17442233,35.61298079107143,33.390710315,34.68783294026525,34.07407127491903
3259,36.4380648965,36.153802241,35.643013179200004,33.34253901464706,34.60873714129033,33.95273942009934
3260,36.2554298225,36.118453517,35.62994173554081,33.407691564764704,34.47909782947369,34.264470188097164
3261,36.2701584575,36.180313784,35.64133786718536,33.42553920482353,34.506232415183675,34.33146256134484
3262,36.0197716625,36.0639575675,35.64268406172708,33.423806424235295,34.406218706132265,34.26275871155356
3263,36.2789956385,36.2112439175,35.582380651654674,33.47492345158824,34.59341326042485,34.238054104268606
3264,36.268685594000004,36.253956959,35.598219326287236,33.432816883294116,34.69111809976979,34.263895247889515
3265,36.136127879,36.165585149,35.623620829654676,33.46556643641176,34.671918690243146,34.29613377184211
3266,35.9726400305,36.1346550155,35.65522992411765,33.35362881041176,34.69310870039118,34.2772591868
3267,36.159693695,36.401243309,35.67645419428572,33.429697878235295,34.676273035895335,34.29967951320917
3268,36.4645764395,36.4086076265,35.678493551235256,33.42432625841177,34.64960797697329,34.30691267343448
3269,36.1464379235,36.3113986355,35.67432852315385,33.183816312764705,34.75426971469164,34.21144850515837
3270,36.2495383685,36.2996157275,35.60331877486397,33.37944724117647,34.54913725773634,34.27152887535714
3271,36.3732589025,36.277522775,35.607373228396185,33.50663333635294,34.441699715836435,34.350919205865154
3272,36.2848870925,36.209771054,35.588012745349545,33.46816560729412,34.46996531655814,34.301592462536114
3273,36.197988146,36.170003739500004,35.582578396874126,33.36731777705882,34.65858931973135,34.24268716840382
3274,36.3320187245,36.2348097335,35.603608553602434,33.373729065235295,34.67028526284846,34.18954072284627
3275,36.309925772,36.177368057,35.61292459206731,33.50715317052941,34.60704208753585,34.22103534794823
3276,36.2171353715,36.130236425,35.60430660301409,33.50594022411765,34.53889893793897,34.28693796466765
3277,36.283414229,36.1582208315,35.621841350857146,33.46470004611765,34.54648414606172,34.3118585672702
3278,36.2760499115,36.243646914500005,35.61003811347826,33.302511783058826,34.5050428665158,34.28776150711908
3279,36.136127879,36.170003739500004,35.61428101123077,33.43662900058823,34.558902841442446,34.29017823536
3280,36.371786039,36.287832819500004,35.6353093160687,33.487572749882354,34.53498312988958,34.332340748139536
3281,36.367367448500005,36.29225141,35.62108772882353,33.406132062235294,34.59865189991241,34.311731540261555
3282,36.349693086500004,36.280468502000005,35.633265325735294,33.41739513605882,34.58053938030112,34.31595963423729
3283,36.327600134,36.312871499,35.64430961413102,33.34565801970588,34.594343234863594,34.25325178831461
3284,36.355584540500004,36.3261272705,35.64714615057751,33.325211208764706,34.56694143781003,34.2387851183
3285,36.360003131,36.2819413655,35.64009348644845,33.26352421982353,34.567052750267976,34.25880823072393
3286,36.3703131755,36.2789956385,35.637005360313935,33.390537036941176,34.53369611236549,34.27207984402967
3287,36.283414229,36.2613212765,35.636321863562046,33.41514252129412,34.56749219772439,34.28960613075402
3288,36.2613212765,36.2760499115,35.625562366442686,33.3472175222353,34.54654900786577,34.25800125537068
3289,36.330545861000004,36.286359956,35.64535255947445,33.396601769,34.56967586505322,34.267168831800085
3290,36.330545861000004,36.3379101785,35.63672042326087,33.35120291758824,34.61860811434371,34.26354094814564
3291,36.41008049,36.3320187245,35.64243829042512,33.308749793176474,34.58954847,34.27843095952165
3292,36.253956959,36.304034318,35.65425815483743,33.24307740888236,34.571009259945285,34.21833032244514
3293,36.305507181500005,36.2966700005,35.633086738101476,33.18606892752941,34.58455589604733,34.2320745497054
3294,36.2789956385,36.368840312,35.63507878935252,33.24082479411765,34.562468360000004,34.25570094317875
3295,36.277522775,36.277522775,35.63424485935065,33.219511592882355,34.55763602198037,34.248722836751995
3296,36.3172900895,36.293724273500004,35.63114900976552,33.224536656588235,34.57156462238926,34.23749371843088
3297,36.3084529085,36.3320187245,35.6534991490625,33.279812357352945,34.58840398409493,34.255102752238194
3298,36.360003131,36.283414229,35.63314499375,33.22869533,34.6022211749635,34.240554466482045
3299,36.367367448500005,36.256902686000004,35.66983241352227,33.27496057170588,34.603363265349174,34.2735241337931
3300,36.3762046295,36.2465926415,35.65550849091532,33.34687096611765,34.578127447116564,34.27088389259135
3301,36.383568947,36.248065505,35.647215465108694,33.42848493182353,34.51639269782757,34.33686569283733
3302,36.209771054,36.218608235000005,35.658920105,33.374075621352944,34.53919670545454,34.291310709057676
3303,36.3408559055,36.265739867,35.65341233813025,33.125594885,34.54223196089354,34.2020821009434
3304,36.354111677,36.293724273500004,35.61605733978723,33.11762409429412,34.55728500650067,34.17971410395463
3305,36.327600134,36.29225141,35.62109429238637,33.333008721411765,34.569645976427324,34.22115462882979
3306,36.3320187245,36.298142864,35.6157110992602,33.296447051,34.54660390593514,34.19754867479831
3307,36.367367448500005,36.289305683,35.64287223852041,33.294194436235294,34.581806423092786,34.24022275739742
3308,36.330545861000004,36.277522775,35.62268045642347,33.29679360711765,34.59110368567697,34.21716229192727
3309,36.2789956385,36.23333687,35.60363116921545,33.23250744729412,34.57949317088992,34.13716167660079
3310,36.3261272705,36.181786647500005,35.56967860417143,33.20322345535294,34.52856342332916,34.13422171140336
3311,36.29225141,36.1670580125,35.58439339407236,33.10393512764706,34.57767416093711,34.21103973929549
3312,36.2465926415,36.248065505,35.57718910060527,33.213620138882355,34.49978116214623,34.209731795093866
3313,36.277522775,36.215662508,35.58110388743162,33.13252600735294,34.521906711777255,34.199655573955816
3314,36.293724273500004,36.170003739500004,35.574582813438994,33.157997882000004,34.50140824367169,34.188495120728476
3315,36.2613212765,36.1729494665,35.59416350391433,33.256766375529416,34.51248212730739,34.20440022835821
3316,36.265739867,36.1464379235,35.597836637120004,33.207382128764706,34.553015015509885,34.1910913934949
3317,36.3113986355,36.2053524635,35.60279522699338,33.29887294382353,34.534968955274984,34.20624999402796
3318,36.2642670035,36.2038796,35.595407839194635,33.26317766370588,34.58072199537545,34.17215827588557
3319,36.2465926415,36.2583755495,35.60976048927588,33.25538015105882,34.539925415854924,34.21004288266836
3320,36.256902686000004,36.1346550155,35.62154744612245,33.211194246058824,34.564001692746,34.19791569559483
3321,36.301088591,36.186205238,35.6266904739726,33.19109399123529,34.525809871064936,34.19165868027708
3322,36.1523293775,36.1994610095,35.62055498630682,33.19819839164706,34.47536706819259,34.19011738802131
3323,36.1169806535,36.1405464695,35.64133591831633,33.15002709129412,34.52938616568966,34.270830533707866
3324,36.253956959,36.304034318,35.620941267607144,33.287956426117645,34.471916255121556,34.194956926067604
3325,36.304034318,36.2819413655,35.62754170869565,33.341672624352945,34.47554749526316,34.222930257588374
3326,36.221553962,36.274577048,35.62527528191177,33.25416720464706,34.48646380747018,34.22577152514624
3327,36.239228324,36.2407011875,35.636020840364964,33.224536656588235,34.400831237,34.22191540667952
3328,36.243646914500005,36.29225141,35.64143647352518,33.18710859588236,34.385544602649745,34.20674778589334
3329,36.2495383685,36.2819413655,35.63950175537313,33.194906108529416,34.4845629649816,34.21972374104884
3330,36.197988146,36.259848413,35.61502299676471,33.18208353217647,34.442383774733095,34.19906371123377
3331,36.221553962,36.2613212765,35.62352741492538,33.213966695,34.466312490386514,34.214952726677595
3332,36.195042419,36.2731041845,35.62376489591241,33.08279520447059,34.405178039847506,34.21969578707209
3333,36.1287635615,36.2731041845,35.63136889364706,33.105148074058825,34.41593560479014,34.22099749590743
3334,36.242174051,36.283414229,35.616305254400004,33.05039220747059,34.46741365040467,34.22133004661171
3335,36.1523293775,36.283414229,35.61222567335766,33.11935687488236,34.405697584526436,34.21272803120888
3336,36.165585149,36.2465926415,35.61759328797059,33.12230260188235,34.46094228352567,34.23029140173444
3337,35.990314392500004,36.1228721075,35.660831454580155,33.08071586776471,34.54002829818027,34.202624677020516
3338,36.162639422,36.262794140000004,35.631899424000004,33.10150923482353,34.47788882263658,34.2417188982712
3339,36.2524840955,36.2731041845,35.613763081208795,33.09700400529412,34.38854483315976,34.26494625455882
3340,36.354111677,36.293724273500004,35.61049552450311,33.16874112164706,34.504486833770876,34.239471403565254
3341,35.708997464,36.231864006500004,35.63750101161765,32.98038787170589,34.70415628797153,34.1525491239538
3342,36.354111677,36.1906238285,35.606893056187054,33.209288187411765,34.502322643372096,34.22920226573328
3343,36.374731766000004,36.2112439175,35.60868340111842,33.355361591000005,34.453816534268725,34.22883312697509
3344,36.1287635615,36.1287635615,35.59564533972028,33.14170974447059,34.56545189732998,34.17667396369521
3345,36.1169806535,36.189150965,35.62079320196429,33.279812357352945,34.60638918846154,34.088932997391304
3346,36.2583755495,36.215662508,35.606532121570964,33.35345553235294,34.55315551288476,34.19645129682759
3347,36.3261272705,36.162639422,35.60463655425532,33.399200939882355,34.51368166065731,34.26103636431495
3348,36.348220223,36.224499689,35.606906393986016,33.41670202382353,34.50581740543478,34.283325534489194
3349,36.404189036000005,36.2613212765,35.62831379255319,33.334741502,34.60290717087927,34.28398382099744
3350,36.411553353500004,36.248065505,35.61814782969031,33.19144054735294,34.602036751355705,34.22708637392857
3351,36.3526388135,36.2200810985,35.64198623702128,33.24827575064706,34.59334676331151,34.245177358387785
3352,36.339383042,36.2348097335,35.636968917477205,33.28033219152941,34.55733232413793,34.25225743794621
3353,36.133182152,36.23333687,35.650185857934225,33.27842613288235,34.47573581082142,34.253519933146855
3354,36.2200810985,36.195042419,35.62161745905935,33.356054703235294,34.36534553821799,34.24167608842488
3355,36.248065505,36.147910787,35.55733905497099,33.22904188611765,34.41470296052219,34.19075355318899
3356,36.2112439175,36.1641122855,35.54539788102759,33.23805234517647,34.571249526449186,34.188045189250744
3357,36.177368057,36.168530876000005,35.566961321306124,33.09111255129412,34.64238498304577,34.30363764864475
3358,36.047756069,36.0639575675,35.56810834004024,33.22072453929412,34.57440504774825,34.176259974034764
3359,36.0786862025,36.0197716625,35.592943890684936,33.39382932005883,34.585654362921964,34.2817927325
3360,36.059538977,36.130236425,35.58244323288591,33.388111144117644,34.55974973371878,34.25487858156812
3361,36.074267612,36.103724882,35.611403257937766,33.48774602794118,34.473420750241026,34.25234408245806
3362,36.1552751045,36.091941974,35.63514707234207,33.40197338882353,34.452782979453126,34.29199406880288
3363,36.312871499,36.277522775,35.653415463636364,33.234760062058825,34.52069003017752,34.412588271526786
3364,36.305507181500005,36.2465926415,35.667397017230215,33.41237007235294,34.53414838245021,34.33716243623591
3365,36.3614759945,36.256902686000004,35.63253215893707,33.43091082464706,34.59856912661654,34.225349865327026
3366,36.2760499115,36.2171353715,35.6238373146875,33.38793786605883,34.53975271072861,34.24546571832924
3367,36.2819413655,36.227445416,35.64711630531915,33.151759871882355,34.63475255453581,34.153880013082706
3368,35.971167167000004,36.209771054,,33.21743225617647,34.64706881946573,34.07635050482032
3369,36.306980045,36.209771054,35.63188939172414,33.42987115629412,34.60365090089337,34.280878564799266
3370,36.305507181500005,36.2024067365,35.6156145322069,33.46210087523529,34.650666892023004,34.289530304815
3371,36.3113986355,36.168530876000005,35.61826036581773,33.35640125935294,34.64242500511166,34.27621028661562
3372,36.392406128000005,36.2038796,35.61167126900796,33.39382932005883,34.58309058282076,34.197957575289465
3373,36.401243309,36.181786647500005,35.618469723369564,33.28189169405883,34.557606769919786,34.15399292072457
3374,36.377677493,36.192096692,35.61339935307972,33.23424022788235,34.536257074927086,34.2687676107651
3375,36.3791503565,36.180313784,35.63449309105648,33.29107543117647,34.464901506366985,34.24435874060479
3376,36.0345002975,36.2200810985,35.63674051347059,33.26421733205883,34.47634060096506,34.25583271252669
3377,36.345274496,36.200933873000004,35.62563383153823,33.14344252505882,34.14079783030879,34.23436336601789
3378,36.3113986355,36.1670580125,35.58188283128827,33.18346975664706,34.136995013931035,34.181798086473
3379,36.2200810985,36.068376158,35.55788521425432,33.188148264235295,33.7816006970823,34.19533019
3380,36.256902686000004,36.1847323745,35.5800837483919,33.33006299441177,34.4908907616839,34.19543141773196
3381,36.2760499115,36.2024067365,35.62786561207683,33.44130750817647,34.64474635169721,34.34198697357377
3382,36.3202358165,36.2819413655,35.631291039694055,33.45568958705883,34.65912718633933,34.30017620337844
3383,36.2848870925,36.221553962,35.609181738392856,33.31290846658824,34.578332501854305,34.24768482348359
3384,36.339383042,36.2038796,35.61819017190924,33.30493767588236,34.617264329382394,34.2839366158351
3385,36.301088591,36.239228324,35.62047403569853,33.29800655352941,34.50685644988764,34.28594991993289
3386,36.318762953000004,36.237755460500004,35.582431962273645,33.20894163129412,34.3809714704402,34.25768171288398
3387,36.3025614545,36.2524840955,35.58825399452128,33.010364975882354,34.4259133240625,34.23067475167278
3388,36.2642670035,36.243646914500005,35.58057630180851,33.060095778764705,34.41319836101994,34.22728802898217
3389,36.306980045,36.2289182795,35.5839040481155,33.09665744917647,34.389347856539054,34.224948148312066
3390,36.3320187245,36.1965152825,35.56115318322904,33.215526197529414,34.48395735465989,34.1807046933161
3391,36.360003131,36.2171353715,35.57873453520717,33.23891873547059,34.46289146763767,34.239126448571426
3392,36.324654407000004,36.245119778,35.58644374394156,33.27496057170588,34.41960052185766,34.22111273625094
3393,36.309925772,36.156747968000005,35.576872390896554,33.31308174464706,34.405470602490276,34.27733805346095
3394,36.43953776,36.248065505,35.56925466885714,33.40162683270589,34.29276812460425,34.35556251467765
3395,36.2348097335,36.147910787,35.55752202791524,33.146734808176475,33.77306665987521,34.156892492457104
3396,36.262794140000004,36.131709288500005,35.54257853235479,33.30268506111765,34.45696128766799,34.202716508530386
3397,36.2966700005,36.168530876000005,35.57163039879592,33.37320923105882,34.600670377802196,34.31572635235294
3398,36.342328769,36.221553962,35.59436641464739,33.33664756064706,34.50772477132152,34.208073374905176
3399,36.371786039,36.215662508,35.58143891267857,33.32313187205882,34.403392607466344,34.27319884866785
3400,36.251011232,36.1965152825,35.609226971260874,33.219858149000004,34.38646427675651,34.26224608638983
3401,36.2465926415,36.1641122855,35.62321368557858,33.30476439782353,34.43355869559322,34.27035163784888
3402,36.209771054,36.175895193500004,35.604576033510796,33.349470137,34.390124180803575,34.247202756363635
3403,36.206825327000004,36.221553962,35.605310789130435,33.35778748382353,34.40096112423493,34.27336211428572
3404,36.021244526000004,36.1552751045,35.60207534440288,33.370956616294116,34.4192385721466,34.272090808591386
3405,36.2966700005,36.168530876000005,35.591260899315074,33.355708147117646,34.6323155226589,34.22558066520052
3406,36.342328769,36.2082981905,35.61110664450677,33.311002407941174,34.622836815344826,34.22713177900827
3407,36.3585302675,36.109616336,35.5917320725,33.34687096611765,34.61532557346614,34.21958775276596
3408,36.336437315,36.136127879,35.589953452405894,33.27929252317647,34.615668440052104,34.188771294588236
3409,36.071321885,36.127290698,35.634141668298874,33.14136318835294,34.63692196865072,34.2273744593712
3410,36.401243309,36.1788409205,35.600391314964284,33.219511592882355,34.4461398608653,34.17412318540146
3411,36.417444807500004,36.1906238285,35.601842229316546,33.163542779882356,34.47948551946204,34.13367591756033
3412,36.3084529085,36.192096692,35.59138415994768,33.198718225823534,34.52700713027223,34.18069420618182
3413,36.380623220000004,36.200933873000004,35.605492703529414,33.26439061011765,34.53238507630414,34.17467875128369
3414,36.3850418105,36.209771054,35.595767325132655,33.30077900247059,34.513457166471156,34.228973893720934
3415,36.077213339000004,36.108143472500004,35.61390363787594,33.10618774241176,34.53656145505026,34.215413509514484
3416,36.295197137,36.2082981905,35.586988257114285,33.14708136429412,34.51946178832877,34.192535410958904
3417,36.2171353715,36.206825327000004,35.59113950432353,33.20530279205882,34.30229549270522,34.15732712748667
3418,36.193569555500005,36.1729494665,35.544328478586955,32.94763831858823,34.29230930398524,34.1310683447721
3419,36.130236425,36.1464379235,35.557420854532374,32.925285449,33.809658155,34.1170437043487
3420,36.109616336,36.1434921965,35.529545129517246,32.945905538,33.36291742635449,34.10426097490797
3421,36.103724882,36.1552751045,35.53045286005994,32.959247948529416,33.17321667059544,34.14517818294737
3422,36.1847323745,36.1965152825,35.52171780457143,33.02422722058824,33.78002792,34.157598352557564
3423,36.144965060000004,36.1228721075,35.516501112717506,32.82027894535294,34.263836444928444,34.17480092892611
3424,36.106670609,36.150856514,35.56580598510949,33.019375434941175,34.22007785545923,34.1745275216111
3425,36.2024067365,36.170003739500004,35.581387084790975,33.02492033282353,34.31074569518213,34.15951068444201
3426,36.195042419,36.1994610095,35.57271266205305,33.20166395282353,34.252882563980194,34.20290193005988
3427,36.237755460500004,36.1582208315,35.56449527091812,32.933256239705884,34.36623293200682,34.15950990080239
3428,36.2524840955,36.230391143,35.56550095923124,33.153665930529414,34.268348008116774,34.18229950407734
3429,36.2289182795,36.193569555500005,35.593564195258026,33.18485598111765,34.3743811552805,34.196112910603134
3430,36.150856514,36.118453517,35.6228270729746,33.16319622376471,34.53394372663736,34.180931663925875
3431,36.08605052,36.170003739500004,35.65969529631579,33.423806424235295,34.53967391606234,34.16523379930322
3432,36.1965152825,36.150856514,35.64964972885294,33.31013601764706,34.47071106088863,34.33789353193045
3433,36.150856514,36.112562063,35.6357429613125,33.25555342911765,34.56705307551298,34.43103528036364
3434,35.944655624,36.088996247,35.635704639527695,33.07950292135294,34.707085782474785,34.23901006214182
3435,36.133182152,36.0875233835,35.591389476092715,33.024573776705886,34.583712452718736,34.291195325554504
3436,36.1405464695,36.0374460245,35.594223212,33.23060138864706,34.55485078223313,34.37351910705516
3437,36.171476603,36.133182152,35.608300230068494,33.402666501058825,34.57315157822943,34.30588979732182
3438,36.2024067365,36.165585149,35.60833425741072,33.338033785117645,34.598944707853775,34.23824935184564
3439,36.224499689,36.1788409205,35.604576520689655,33.35380208847059,34.60058680046243,34.25633525155751
3440,36.2642670035,36.177368057,35.607159473428574,33.354495200705884,34.47733209004926,34.21019195051078
3441,36.2554298225,36.156747968000005,35.624823439023025,33.227309105529415,34.23758642772853,34.206622871862265
3442,36.268685594000004,36.186205238,35.57887146969031,33.219858149000004,33.93210407,34.16741338262459
3443,36.2701584575,36.215662508,35.575350233534245,32.95647549958824,33.970981447509,34.11562991145128
3444,36.268685594000004,36.227445416,35.589245478875,32.96444629029412,34.23178335181539,34.13455107846484
3445,36.2554298225,36.183259511,35.591525441818185,33.14084335417647,34.33870117546573,34.15356918593654
3446,36.209771054,36.177368057,35.59544935846591,33.04744648047059,34.354380991623465,34.18873875069556
3447,35.928454125500004,36.1729494665,35.54861742231693,33.240478238,33.86288510401143,34.22531994233422
3448,36.112562063,36.2112439175,35.56164145153716,33.31949303282353,34.52774769352601,34.215483406164665
3449,36.142019333,36.192096692,35.58905257517199,33.27600024005883,34.51248214148423,34.26306846398984
3450,36.1641122855,36.183259511,35.60675542512453,33.20235706505883,34.57997623996477,34.25230543130041
3451,36.2495383685,36.150856514,35.602399875123155,33.23216089117647,34.55420658006712,34.239775859285714
3452,36.2495383685,36.1847323745,35.58759437256993,33.217085700058824,34.563756284,34.23348587955596
3453,36.2230268255,36.144965060000004,35.61530757751825,33.284664143,34.59541223548864,34.16645554821361
3454,36.287832819500004,36.206825327000004,35.59795407655357,33.32538448682353,34.63623204448619,34.20675431879146
3455,36.195042419,36.175895193500004,35.59935324783217,33.304071285588236,34.64507743454846,34.23738894828402
3456,36.209771054,36.209771054,35.58230350023825,33.13079322676471,34.679101889765356,34.154210365124946
3457,36.280468502000005,36.1464379235,35.57760996931507,33.18277664441177,34.63337973478092,34.181563785305045
3458,36.230391143,36.1788409205,35.61012078628572,33.24481018947059,34.50330323777186,34.142176749558445
3459,36.3379101785,36.237755460500004,35.59030506304348,33.310309295705885,34.454985215349694,34.249731393894734
3460,36.1110891995,36.2289182795,35.58455767155556,33.22817549582353,34.32070712872654,34.19675592254251
3461,36.1641122855,36.2112439175,35.556588110521744,33.26265782952942,34.40299123995891,34.10259434
3462,36.131709288500005,36.1906238285,35.57517729457143,33.24446363335294,34.49132618048089,34.169990219318805
3463,36.17442233,36.153802241,35.5877035455683,33.31862664252941,34.55820768369942,34.16213982554217
3464,36.1582208315,36.1847323745,35.56457913597122,33.22124437347059,34.576029162294525,34.11471395288151
3465,36.1493836505,36.168530876000005,35.567215538175184,33.266989781,34.50311460019596,34.14336445069188
3466,36.1405464695,36.168530876000005,35.55412427755396,33.282931362411766,34.46966846034884,34.14420369527415
3467,36.1169806535,36.1611665585,35.55581966,33.266123390705886,34.38288833634771,34.15757958956192
3468,36.177368057,36.175895193500004,35.579385476,33.24896886288236,34.49907056855506,34.10355380285074
3469,36.2465926415,36.136127879,,33.13772434911765,34.565916063074326,34.109420445347595
3470,36.127290698,36.11550779,,33.170993736411766,34.45565323043624,34.110557621990004
3471,36.091941974,36.097833428,35.55731780469167,33.27600024005883,34.31535537187462,34.19933915583636
3472,36.083104793000004,36.0433374785,35.557374349250004,33.03964896782353,34.59902790390244,34.1138720246394
3473,35.8017878645,36.041864615,,33.145521861764706,34.597484268928575,34.05458729926103
3474,36.165585149,36.2348097335,35.69186371508864,33.185722371411764,34.71108158066164,34.32501610497181
3475,36.333491588,36.2465926415,35.6905579781039,33.334741502,34.596294992000004,34.347364841679465
3476,36.418917671,36.2731041845,35.712631992835824,33.29402115817647,34.68611349269546,34.324955627433305
3477,36.274577048,36.295197137,,33.14846758876471,34.643970638282724,34.19985322666347
3478,36.3349644515,36.2200810985,35.69795098775,33.19109399123529,34.60037671947684,34.24492013043048
3479,36.404189036000005,36.277522775,35.7094030351087,33.21500636335294,34.62582600884439,34.240458130641095
3480,36.4144990805,36.2996157275,35.696382067934785,33.18398959082353,34.65370888512849,34.311424843846154
3481,36.3408559055,36.2819413655,35.676418602701496,33.016602986,34.681720842936045,34.28581786913006
3482,36.4086076265,36.230391143,35.69587983987013,33.05212498805882,34.64503682288784,34.269244998744874
3483,36.4203905345,36.2701584575,35.61106141061069,32.872955475235294,34.44968756452924,34.28856553855422
3484,36.3585302675,36.29225141,35.5619184736646,32.78042499182353,34.30450277405534,34.207174508143716
3485,36.324654407000004,36.32170868,35.56389936834286,32.81681338417647,34.28299536718861,34.22736473056988
3486,36.377677493,36.259848413,35.591230727428574,32.89825407182353,34.45325165954319,34.23643469756115
3487,36.327600134,36.2407011875,35.594347898857144,32.82357122847059,34.434231098906125,34.22251584201062
3488,36.357057404,36.2200810985,35.5838198190508,32.87832709505882,34.52870168088779,34.266610025478386
3489,36.3820960835,36.262794140000004,35.62669429458647,33.08522109729412,34.41336162890833,34.51534140668132
3490,36.2230268255,36.1847323745,35.57086285477226,32.893402286176475,34.5409809235403,34.407668161609706
3491,36.2112439175,36.206825327000004,35.66049817303571,33.13183289511765,34.58513000755282,34.42276278570008
3492,36.289305683,36.253956959,35.66067351392857,33.10532135211765,34.60025522402034,34.37221976886066
3493,36.3997704455,36.305507181500005,35.668801093709355,33.08192881417647,34.61420079035398,34.32943869778572
3494,36.362948858,36.305507181500005,35.6602961366436,33.027172947588234,34.51486679990593,34.31029044464678
3495,36.392406128000005,36.2996157275,35.645597866801836,33.01573659570588,34.642656693061056,34.30171222865777
3496,36.227445416,36.268685594000004,,32.85510783517647,34.66861712028016,34.17100858341952
3497,36.231864006500004,36.2907785465,,33.06702690111765,34.484910614383885,34.25526037981162
3498,36.197988146,36.236282597,,33.01019169782353,34.476597289209785,34.23948252546154
3499,36.3231815435,36.3231815435,35.63896949940909,32.95734188988236,34.50054157750782,34.30114156669202
3500,36.0816319295,36.159693695,35.59391321634915,33.15557198917647,34.47187031583461,34.23577739
3501,36.239228324,36.280468502000005,35.61248771633803,33.09475139052941,34.70482546424035,34.223422774702755
3502,36.4498478045,36.283414229,35.60472163039409,33.13685795882353,34.64763840558477,34.259835715717585
3503,36.168530876000005,36.17442233,35.628236710195274,33.03808946529412,34.81682393098646,34.310533253494704
3504,36.41008049,36.215662508,35.61490527670418,33.02405394252941,34.47772639746046,34.244010727852256
3505,36.360003131,36.286359956,35.628549114125,32.955955665411764,34.448851903378674,34.24557284767318
3506,36.386514674,36.271631321,35.64591160255475,33.106014464352945,34.495463853779775,34.24362976345356
3507,36.383568947,36.274577048,35.630654121654416,32.94711848441177,34.53101979246063,34.26738759465116
3508,36.3791503565,36.2966700005,35.61486044544286,33.03618340664706,34.5224914669249,34.29790511867917
3509,36.355584540500004,36.2731041845,35.59483566534091,32.925285449,34.43836945226923,34.31013401836066
3510,36.243646914500005,36.192096692,35.60996492771429,32.96635234894118,34.47274483124535,34.31248133532958
3511,36.312871499,36.23333687,35.60098158843157,32.91124992623529,34.64051219142263,34.22474712013445
3512,36.3467473595,36.17442233,35.63107202524864,32.90067996464706,34.621841548764046,34.2062614373304
3513,36.274577048,36.209771054,35.639914899924165,32.934815742235294,34.60512227408,34.17325783664241
3514,36.3025614545,36.2907785465,35.62417723974468,33.004993356058826,34.56799448167266,34.207279540455815
3515,36.212716781000005,36.2789956385,35.639318292,32.93793474729412,34.51852628551265,34.24101889289694
3516,36.1965152825,36.315817226,35.64043354666667,32.94989093335294,34.51639884714286,34.231096153580026
3517,36.206825327000004,36.262794140000004,35.661805868091605,32.923899224529414,34.51861584986467,34.287679090086506
3518,36.3290729975,36.274577048,35.65438821730769,33.03098506488235,34.58145065754352,34.303421239922244
3519,36.245119778,36.212716781000005,,33.002220907117646,34.50503389457726,34.32990792099832
3520,36.237755460500004,36.2053524635,,33.01400381511765,34.498707491424014,34.34534224361436
3521,36.1464379235,36.2348097335,,33.22748238358824,34.58265016418848,34.36673458640411
3522,36.168530876000005,36.2819413655,35.720406311428576,33.18346975664706,34.579394529132074,34.31169112074074
3523,36.175895193500004,36.360003131,,33.163542779882356,34.673695803394835,34.337041983281964
3524,36.195042419,36.298142864,,33.035836850529414,34.762153578361655,34.28604348223782
3525,36.218608235000005,36.3025614545,,33.16596867270589,34.683585806481595,34.3066026176699
3526,36.236282597,36.3261272705,,33.1616367212353,34.67433035722573,34.30217904386533
3527,36.153802241,36.293724273500004,35.6761035125,33.10393512764706,34.59193304037975,34.37582159779573
3528,36.1729494665,36.248065505,35.678630484191174,33.26508372235294,34.62168973404925,34.376221426820656
3529,36.23333687,36.35116595,35.67599978971831,33.23025483252941,34.66900647726329,34.32660062377534
3530,36.156747968000005,36.2760499115,,33.14292269088236,34.70464156755814,34.249309650723404
3531,36.231864006500004,36.2465926415,35.661086080735295,33.190920713176475,34.61434091418019,34.27188644832428
3532,36.2848870925,36.3202358165,,33.019375434941175,34.60808722086563,34.210818305326875
3533,36.2819413655,36.236282597,,32.94140030847059,34.609035007570746,34.22710343412355
3534,36.271631321,36.312871499,,32.868623523764704,34.45334955980611,34.208367436715974
3535,36.271631321,36.295197137,,32.90102652076471,34.47333964878341,34.22688474135923
3536,36.268685594000004,36.293724273500004,,32.83084890694118,34.3889049412532,34.23557175765408
3537,36.136127879,36.1670580125,,32.85874667441177,34.51396848600096,34.21201588858342
3538,36.1434921965,36.287832819500004,,32.993210448058825,34.466013209713466,34.19420813338198
3539,36.253956959,36.265739867,35.64496852028777,33.00048812652941,34.63581476693922,34.22265503136364
3540,36.239228324,36.259848413,35.64213736151724,33.051951710000004,34.570774802079576,34.290577747272046
3541,36.271631321,36.2465926415,35.671176801258746,33.222630597941176,34.55627245575374,34.35658351844949
3542,36.153802241,36.1611665585,35.689355332655936,33.13339239764706,34.67278557535588,34.27201657174881
3543,36.2966700005,36.315817226,35.65858383479452,33.14465547147059,34.61416464118778,34.25580684842873
3544,36.2819413655,36.3113986355,,33.239438569647064,34.5744344631736,34.29639010101855
3545,36.2789956385,36.2789956385,35.65705309492958,33.086434043705886,34.61168848718794,34.277125511831194
3546,36.23333687,36.253956959,,32.97328347129412,34.537900642157744,34.23110675652174
3547,36.1552751045,36.327600134,,32.91540859964706,34.514389535289574,34.251756246516855
3548,36.068376158,36.142019333,,32.8817926562353,34.495991975083946,34.18740117028572
3549,36.2701584575,36.3467473595,,32.93238984941176,34.51909923513798,34.20263595853403
3550,36.227445416,36.3467473595,,33.01608315182353,34.56592922092179,34.239973384264
3551,36.324654407000004,36.35116595,,33.059749222647056,34.58954847,34.235036934634486
3552,36.2554298225,36.3408559055,,33.012790868705885,34.606293618040816,34.21985584254335
3553,36.150856514,36.2701584575,,32.973630027411765,34.47735965762712,34.177223719628145
3554,36.1523293775,36.3408559055,,32.944692591588236,34.393718741892904,34.22679200600626
3555,36.1434921965,36.365894585,,33.02422722058824,34.37312106178943,34.24979959877199
3556,36.183259511,36.3585302675,,32.96167384135294,34.43474416593442,34.21110959443685
3557,36.170003739500004,36.3349644515,,32.94607881605882,34.43724231859744,34.22391811053314
3558,36.109616336,36.3879875375,,32.95699533376471,34.38244211031698,34.229554548280255
3559,36.053647523,36.142019333,,32.932909683588235,34.4630108368914,34.207201456744016
3560,36.159693695,36.304034318,,32.93984080594118,34.51152540800973,34.229550024448464
3561,36.193569555500005,36.3703131755,,33.00031484847059,34.46690146959476,34.23513976797283
3562,36.119926380500004,36.181786647500005,,32.93533557641177,34.535116374186046,34.214698003090376
3563,36.127290698,36.2289182795,,32.95543583123529,34.58718128355348,34.215446415603054
3564,36.2554298225,36.3820960835,,32.938801137588236,34.550550822526816,34.21223961175584
3565,36.227445416,36.395351855,,32.93689507894118,34.53804138764297,34.226330302424245
3566,36.2200810985,36.3379101785,,32.93342951776471,34.54383416810811,34.27528772220736
3567,36.193569555500005,36.357057404,,32.938108025352946,34.462697204930926,34.24111920762818
3568,36.2200810985,36.404189036000005,,32.95716861182353,34.38972027618635,34.299569122344586
3569,36.109616336,36.271631321,35.60785366978102,32.98281376452941,34.407976192455514,34.2751868574937
3570,36.305507181500005,36.265739867,35.59269422820144,32.97657575441177,34.0444235438383,34.230157126608695
3571,36.251011232,36.32170868,35.591532577266186,32.98090770588235,34.143664531143976,34.22656734711843
3572,36.242174051,36.330545861000004,35.58540132725507,32.94971765529412,34.245689753008065,34.2378872607104
3573,36.243646914500005,36.2642670035,35.59920942256757,32.975536086058824,34.50032151025447,34.177590864182136
3574,36.071321885,36.153802241,35.599820616386985,32.88681771994118,34.616001027500005,34.111807963324395
3575,36.304034318,36.206825327000004,35.61175871818182,32.955609109294116,34.61523445705072,34.018618122631366
3576,36.236282597,36.170003739500004,35.62668424144681,32.98437326705883,34.57752572689711,34.22756457636364
3577,36.170003739500004,36.29225141,35.622918823204,33.03531701635294,34.55719645840033,34.234079811890226
3578,36.162639422,36.265739867,35.61815451635,33.01539003958824,34.648352273114185,34.283244327213
3579,36.1965152825,36.237755460500004,35.63239538201342,33.08002275552941,34.75236878670405,34.248923877715654
3580,36.2407011875,36.1788409205,35.637805766503355,33.00863219529412,34.703984722823535,34.016817308536126
3581,36.3143443625,36.239228324,35.609139295697986,33.024573776705886,34.61690138422012,34.21244934691109
3582,35.9638028495,36.1051977455,35.62209287434483,33.044847309588235,34.68321887598035,34.283825708068036
3583,36.277522775,36.2495383685,35.61391528314666,33.19473283047059,34.5653077545502,34.31545097265042
3584,36.2554298225,36.242174051,35.62612703456165,33.145521861764706,34.70730038785098,34.304083726577026
3585,36.324654407000004,36.2789956385,35.64414091404463,33.083661594764706,34.75049675449198,34.22368844748166
3586,36.3762046295,36.256902686000004,35.645634187171055,33.26161816117647,34.68439344890713,34.323841982443255
3587,36.330545861000004,36.286359956,35.638479148047296,33.31290846658824,34.58715229279047,34.404922401326104
3588,36.224499689,36.215662508,35.594846533139744,33.25728620970588,34.504506160496895,34.33205213080899
3589,36.109616336,36.2524840955,35.59680497630785,33.10982658164706,34.4864774394853,34.2896343914296
3590,36.1493836505,36.251011232,35.6217712145,33.24792919452941,34.56208726090722,34.300039216313095
3591,36.002097300500004,36.197988146,35.606257287769786,33.201837230882354,34.57231297755932,34.19508683403869
3592,36.3025614545,36.3379101785,,33.22817549582353,34.740467972000005,34.28390352414013
3593,36.286359956,36.3703131755,35.639181730204086,33.305284232,34.61652355399056,34.35476274705375
3594,36.1670580125,36.23333687,35.63409772013986,33.01816248852941,34.73018748481013,34.235232804095396
3595,36.243646914500005,36.2407011875,35.63190044125874,33.08504781923529,34.6680359080017,34.24093351919348
3596,36.3408559055,36.224499689,35.61814552704225,32.98558621347059,34.61314147339003,34.21606023201875
3597,36.29225141,36.236282597,35.57901269645792,32.85805356217647,34.47074310239748,34.16467835519374
3598,36.315817226,36.237755460500004,35.57263129207304,33.04398091929412,34.47221012542169,34.14620113521176
3599,36.286359956,36.1994610095,35.58546161507837,33.035836850529414,34.43646345942799,34.17941139761939
3600,36.315817226,36.224499689,35.58651946916667,33.06581395470588,34.402486000455504,34.169973612758625
3601,36.293724273500004,36.170003739500004,35.57042887363514,32.819412555058825,34.52993078503582,34.11726809007573
3602,36.355584540500004,36.175895193500004,35.574050890319086,33.00152779488236,34.62884467591779,34.205106815538926
3603,36.395351855,36.230391143,35.57629791965277,33.04709992435294,34.537487099808075,34.2325245586354
3604,36.354111677,36.180313784,35.56602285380512,33.11363869894118,34.4960818981468,34.24340211515464
3605,36.236282597,36.156747968000005,35.584430656599764,32.978655091117645,34.39061472181645,34.24775236368586
3606,36.2613212765,36.212716781000005,35.59210353542857,33.16042377482353,34.39014934364104,34.304884739489594
3607,36.1611665585,36.170003739500004,35.602481070375845,32.99338372611765,34.26698178757397,34.255766847120704
3608,36.1287635615,36.1346550155,35.6046844602349,33.09475139052941,34.40120022958859,34.28823463038121
3609,36.1906238285,36.1906238285,35.631048731210974,33.12750094364706,34.50315265683758,34.36098071836626
3610,36.289305683,36.215662508,35.63828598872857,33.194906108529416,34.3426524644524,34.36504153902174
3611,36.3614759945,36.2200810985,35.63275739809211,33.23926529158824,34.508274105426295,34.33334817977297
3612,36.3320187245,36.35116595,35.64423503295475,33.15661165752941,34.5730474432967,34.36215705316594
3613,36.283414229,36.3084529085,35.66214602630789,33.04779303658824,34.55475861176424,34.25811178700809
3614,36.3762046295,36.193569555500005,35.629834502069215,33.23406694982353,34.50646345751271,34.34128347311897
3615,36.177368057,36.193569555500005,35.563941623333335,33.23493334011765,33.5672256881495,34.26923202017978
3616,36.286359956,36.2230268255,35.538203057352945,33.11086625,33.573162044995854,34.23218515811668
3617,36.197988146,36.2171353715,35.55770362278721,33.043114529,34.5609798865493,34.25917131070432
3618,36.109616336,36.1670580125,35.5843604816,33.017469376294116,34.549648136784235,34.26183969518729
3619,36.231864006500004,36.136127879,35.60386548313793,32.9200871072353,34.517869535872094,34.09581663016302
3620,36.050701796,36.192096692,35.59791367191305,32.964273012235296,34.609591553959106,34.13787932954158
3621,36.131709288500005,36.1051977455,,33.162676389588235,34.55678132237885,34.35164216818182
3622,36.1228721075,36.156747968000005,35.63258709090909,33.17428601952941,34.445875753462914,34.28246221590909
3623,36.144965060000004,36.3408559055,35.59322900992958,33.134605344058826,34.542714484347826,34.23919958890663
3624,36.175895193500004,36.2642670035,35.61099686404596,33.12611471917647,34.706238396313644,34.253528436051404
3625,36.181786647500005,36.2082981905,35.59261202401786,33.13079322676471,34.632510302069974,34.24724912750886
3626,36.162639422,36.227445416,35.595188494306505,33.06927951588236,34.5657869846287,34.21640086094295
3627,36.047756069,36.144965060000004,35.61765480352879,32.925458727058825,34.52129329178195,34.178353344016735
3628,36.206825327000004,36.200933873000004,35.59735723722153,33.06304150576471,34.40391155136423,34.171864443460265
3629,36.2112439175,36.162639422,35.61495384824358,32.97085757847059,34.531335151742965,34.15557901391198
3630,36.2407011875,36.165585149,35.587986555158686,32.99113111135294,34.52894196376935,34.05226874805568
3631,36.1287635615,36.112562063,35.630957044347824,32.95318321647059,34.45344767815736,34.21594210844053
3632,36.225972552500004,36.192096692,35.61035716364263,33.18884137647059,34.41235638881356,34.289331741000744
3633,36.239228324,36.200933873000004,35.59210353542857,33.10844035717647,34.626405511814674,34.22119620030832
3634,35.8518652235,35.996205846500004,35.61586717192308,32.96721873923529,34.61680500834855,34.0641035072
3635,36.197988146,36.200933873000004,35.61808107757454,33.049179261058825,34.52046384563486,34.29839444035545
3636,36.2348097335,36.227445416,35.6147342,33.03098506488235,34.59198270539457,34.269798008010035
3637,36.2171353715,36.2789956385,35.63484421696769,33.046406812117645,34.620321489887644,34.30793652631179
3638,36.2289182795,36.2966700005,35.623353179,33.14656153011765,34.552590685928855,34.310245373271634
3639,36.243646914500005,36.3025614545,35.613143839734086,33.16839456552941,34.57844593475336,34.298883616183744
3640,36.1847323745,36.2583755495,35.622227264309444,33.04623353405883,34.61245933447031,34.278846420333736
3641,36.283414229,36.2642670035,35.6078062865,33.204956235941175,34.60159680987013,34.32229794516129
3642,36.209771054,36.256902686000004,35.620499408557144,33.178617971,34.57446931603665,34.272315626101694
3643,36.209771054,36.287832819500004,35.662548899130435,33.04813959270589,34.66379238666981,34.20678381134546
3644,36.231864006500004,36.2701584575,35.62292854848921,33.00880547335294,34.603376468339135,34.242423358056016
3645,36.277522775,36.274577048,35.6487068179562,32.97484297382353,34.65786806064545,34.24708729354073
3646,36.277522775,36.318762953000004,35.619714897826086,32.99702256535294,34.54386592307692,34.25969978
3647,36.1670580125,36.2613212765,35.64072590882353,32.95647549958824,34.49024663287671,34.2590898518635
3648,36.1847323745,36.239228324,,32.925112170941176,34.45797234568928,34.22964400617658
3649,36.11550779,36.245119778,,32.95214354811765,34.40644901138363,34.227375178213634
3650,36.2672127305,36.2465926415,,33.02422722058824,34.428087326275076,34.26002160013839
3651,36.2141896445,36.248065505,,32.947465040529416,34.41803821075342,34.25441970330189
3652,36.171476603,36.2348097335,,32.86030617694118,34.33625660511797,34.221107230402616
3653,36.1110891995,36.218608235000005,,32.831542019176474,34.125787140290505,34.186593362835275
3654,36.1788409205,36.225972552500004,,32.88335215876471,34.208518552942834,34.20779071439273
3655,36.242174051,36.2230268255,,32.90726453088235,34.15771639439607,34.20241294706136
3656,36.17442233,36.193569555500005,,32.981080983941176,34.342827548527474,34.22255190820213
3657,36.181786647500005,36.2171353715,,32.91003697982353,34.32804763404003,34.209677190258844
3658,35.876903903,36.2348097335,,32.83604724870588,34.50741028158432,34.246234844452665
3659,36.283414229,36.227445416,,32.960634173,34.21551928397356,34.20708277652783
3660,36.2613212765,36.225972552500004,,32.968951519823534,34.363524405574864,34.212114959230775
3661,36.2848870925,36.212716781000005,,33.010364975882354,34.36984723395279,34.248346121836065
3662,36.243646914500005,36.245119778,,32.99425011641176,34.29040871421978,34.232384471317495
3663,36.287832819500004,36.2495383685,,32.94209342070588,34.36827400129105,34.209195472949744
3664,36.074267612,36.1434921965,,32.895654900941175,34.44128569095891,34.24961731433321
3665,36.1376007425,36.262794140000004,,32.97432313964706,34.182419254194706,34.20126581837597
3666,36.283414229,36.2613212765,,32.937241635058825,34.07099948720506,34.20726795103226
3667,36.245119778,36.2760499115,,33.006899414705885,34.1796124957004,34.20975324841691
3668,36.293724273500004,36.2495383685,,32.95145043588236,34.21780160676775,34.20545194729032
3669,36.295197137,36.293724273500004,,32.97293691517647,34.13502017209302,34.197684474736846
3670,35.909306900000004,36.2024067365,,32.89704112541177,34.39092179528264,34.2891788863751
3671,36.0845776565,36.221553962,,32.990784555235294,34.359353586544465,34.23132086602392
3672,36.052174659500004,36.23333687,,32.94711848441177,34.3787126142813,34.211132469857304
3673,36.1051977455,36.2038796,,32.990091443000004,34.458130167122306,34.24979498257306
3674,36.312871499,36.333491588,,33.038262743352945,34.34763871314475,34.2249917542744
3675,36.3084529085,36.3172900895,,33.017815932411764,34.356891392079646,34.22960281848345
3676,36.2966700005,36.3084529085,,33.06425445217647,34.30240726352453,34.222373359427564
3677,36.287832819500004,36.295197137,,33.01556331764706,34.20968165865448,34.22315599237723
3678,36.197988146,36.2642670035,,32.960634173,34.18257529127273,34.23079949726721
3679,36.1788409205,36.2701584575,,32.914195653235296,34.18133152267341,34.1986077848954
3680,36.1876781015,36.2848870925,,32.913329262941176,34.150396960957565,34.174849584556966
3681,36.177368057,36.259848413,,32.840552478235296,34.41308265920545,34.17545463701833
3682,36.0639575675,36.2524840955,,32.81126848629412,34.65398841577657,34.17372578092818
3683,36.243646914500005,36.355584540500004,,32.961500563294116,34.44776145914237,34.23597168679879
3684,36.170003739500004,36.283414229,,32.88491166129412,34.38295946030444,34.20678597251546
3685,36.1405464695,36.3025614545,,33.00620630247059,34.51416506546458,34.24308428492918
3686,36.1405464695,36.195042419,,32.94573225994118,34.44994184777727,34.24090349774464
3687,36.0669032945,36.224499689,,33.031331621,34.52711484817844,34.25808960429396
3688,36.130236425,36.2289182795,,33.16180999929412,34.55624321285212,34.306510059963635
3689,36.0727947485,36.256902686000004,,33.048312870764704,34.70371632403191,34.289703716708246
3690,36.0256631165,36.2171353715,,33.20201050894118,34.604363009165425,34.354242625956914
3691,36.053647523,36.301088591,,33.21656586588235,34.59232464176623,34.33964081107443
3692,36.071321885,36.2171353715,,33.23406694982353,34.553831879807696,34.35171648237023
3693,36.0256631165,36.330545861000004,,33.12611471917647,34.54163319602452,34.324992862716535
3694,35.9844229385,36.315817226,,33.12490177276471,34.63296252993007,34.36808644510403
3695,35.977058621,36.2524840955,,33.059402666529415,34.65435053243243,34.3409006305932
3696,35.9667485765,36.295197137,,33.060962169058826,34.66006661118717,34.36075484068485
3697,35.932872716,36.312871499,,33.18243008829412,34.66524629670507,34.35686549211003
3698,35.934345579500004,36.312871499,,33.06772001335294,34.67669581311927,34.40087097310924
3699,35.971167167000004,36.289305683,,33.076557194352944,34.652951009751696,34.402409699340524
3700,35.9490742145,36.2848870925,,33.00828563917647,34.643724970911244,34.390842455378234
3701,35.959384259000004,36.348220223,,33.09249877576471,34.63866357783784,34.43045753167308
3702,35.990314392500004,36.3143443625,,33.103588571529414,34.644161402618025,34.428809088558786
3703,36.000624437,36.32170868,,32.96202039747059,34.63687722370442,34.43782786362655
3704,36.003570164,36.333491588,,33.07239852094118,34.633904220879124,34.41259612055629
3705,35.9549656685,36.395351855,,33.02855917205883,34.55477364338375,34.300822128920004
3706,36.015353072,36.256902686000004,,33.093885000235296,34.36506516176,34.44867446931854
3707,36.0197716625,36.286359956,,33.14170974447059,34.54040106714286,34.448420020050584
3708,35.9991515735,36.286359956,,33.04346108511765,34.51358593154255,34.412649575168544
3709,36.027135980000004,36.368840312,,33.187281873941174,34.5190275701674,34.34429175523134
3710,36.033027434000005,36.374731766000004,,33.21032785576471,34.35691149096953,34.34803406481529
3711,36.0109344815,36.3467473595,,33.18884137647059,34.431773632618096,34.40435204162468
3712,35.965275713000004,36.3113986355,,33.15591854529412,34.48920485893092,34.400125965526726
3713,35.994732983,36.2465926415,,33.17653863429412,34.58178803284566,34.410547103778484
3714,36.074267612,36.333491588,,33.17082045835294,34.4562055360505,34.39811926913099
3715,36.058066113500004,36.2524840955,,33.121956045764705,34.51431726933333,34.43506495082693
3716,36.0256631165,36.2907785465,,33.170993736411766,34.47781779022781,34.439590225935525
3717,36.0875233835,36.180313784,,33.296966885176474,34.41773775927374,34.38297266971668
3718,36.162639422,36.274577048,,33.269935508,34.109928537592026,34.40155482797695
3719,36.1493836505,36.2789956385,,33.278945967058824,34.33819682833452,34.35568558420529
3720,36.071321885,36.271631321,,33.14170974447059,34.368721606560236,34.26640155597438
3721,36.121399244,36.3113986355,,33.25953882447059,34.45932959031272,34.30872682595314
3722,36.0963605645,36.305507181500005,,33.235626452352946,34.56604709601689,34.27389155508716
3723,36.136127879,36.3143443625,,33.23857217935294,34.649408552000004,34.277183722820766
3724,36.1346550155,36.293724273500004,,33.218298646470586,34.658811347400274,34.315561242868604
3725,36.118453517,36.289305683,,33.179137805176474,34.663400935880794,34.28422947328214
3726,36.1582208315,36.2996157275,,33.20443640176471,34.62892592238267,34.30136221238225
3727,36.180313784,36.2554298225,,33.283277918529414,34.5953695984106,34.245723984796854
3728,36.192096692,36.2289182795,,32.97622919829412,34.662656103561645,34.19663910950402
3729,36.130236425,36.230391143,,32.90969042370588,34.59292256546697,34.190157751024095
3730,36.224499689,36.236282597,,32.94243997682353,34.54938638484585,34.17492914983829
3731,36.1729494665,36.17442233,,32.82409106264706,34.5317328184662,34.12261097126139
3732,36.136127879,36.189150965,,32.974496417705886,34.08938667355187,34.16626965090909
3733,36.0403917515,36.012407345,35.574431964925374,33.02266771805883,34.45988608271704,34.22191136869414
3734,36.0757404755,36.1464379235,35.56891178,33.004993356058826,34.51511301392857,34.22698832436128
3735,36.2112439175,36.1228721075,35.55056297545455,32.871915806882356,34.50984773227027,34.22790463142857
3736,36.1847323745,36.091941974,35.547921227164835,32.9318700152353,34.60557251150665,34.26231771512323
3737,36.242174051,36.1611665585,35.53203801054274,32.93984080594118,34.56475247028846,34.19756574655019
3738,36.2789956385,36.121399244,35.54381692162687,32.90327913552942,34.55580806455947,34.210443720349446
3739,36.168530876000005,36.1847323745,35.594482326875,32.9318700152353,34.67011073467977,34.3269582415493
3740,36.195042419,36.077213339000004,35.577794353386864,32.899640296294116,34.47761312713005,34.29613432993521
3741,36.2789956385,36.1523293775,35.59107080298137,33.060095778764705,34.56474891493724,34.373075889951835
3742,36.245119778,36.193569555500005,34.72116998993946,33.16371605794118,34.572000065698404,34.42741189817841
3743,36.131709288500005,36.0727947485,35.550623426240875,32.99442339447059,34.42520693521499,34.31405628975908
3744,36.124344971,36.156747968000005,35.55176548458555,32.985759491529414,34.53091660445435,34.19241916823901
3745,36.1670580125,36.08605052,35.571800372342636,33.104974796,34.40815462055662,34.31968250552301
3746,36.35116595,36.243646914500005,35.53888745009119,32.84886982505883,34.47797110719948,34.14765733939956
3747,36.11550779,36.215662508,35.58436884874436,32.94122703041177,34.63464341847378,34.26175762696232
3748,36.2407011875,36.106670609,35.55483311338772,32.95456944094118,34.52821206507094,34.24634611937764
3749,36.298142864,36.2053524635,35.553568282935714,32.847483600588234,34.59865652807175,34.13784391979029
3750,36.3261272705,36.1582208315,35.55610427130435,32.796713129352945,34.63310179408451,34.15998342856909
3751,36.41008049,36.274577048,35.55627092030638,32.89912046211765,34.59352880104082,34.127079679561035
3752,36.4086076265,36.2672127305,35.55165032332308,32.90258602329412,34.59095846741212,34.13423822988885
3753,36.360003131,36.2495383685,35.54997257413125,33.00031484847059,34.5523765175,34.15731739129367
3754,36.41008049,36.274577048,35.53879143926724,32.8817926562353,34.54492507835589,34.161946602939175
3755,36.3850418105,36.206825327000004,35.56968659804442,32.918007770529414,34.57996817461144,34.11851760525903
3756,36.3909332645,36.274577048,35.56238087291667,32.93464246417647,34.5537477187667,34.155871055630996
3757,36.177368057,36.2348097335,35.55641349355968,32.92337939035294,34.49886337449704,34.13781482096774
3758,36.212716781000005,36.195042419,35.55371236671233,32.95803500211765,34.53282164782698,34.11813273847751
3759,35.940237033500004,36.0315545705,35.579588921893524,32.950930601705885,34.545167505636364,34.2334314200701
3760,36.159693695,36.059538977,35.5599168342446,32.959941060764706,34.59399582842538,34.197439418228754
3761,36.2082981905,36.0875233835,35.569629607505036,32.87278219717647,34.589348273811076,34.13610732108696
3762,36.118453517,36.059538977,35.54608885352648,32.882832324588236,34.57487878906081,34.120306576208456
3763,36.159693695,36.002097300500004,35.56370259140845,32.862038957529414,34.55018089805686,34.16406869030904
3764,36.130236425,36.033027434000005,35.5507260070625,32.844884429705886,34.524670100295566,34.09933147468944
3765,36.114034926500004,36.033027434000005,35.55120253304075,32.80780292511765,34.46741314596577,34.09115238296437
3766,36.112562063,36.047756069,35.53925767043357,32.819412555058825,34.43918267433846,34.11262567426621
3767,36.1110891995,36.0551203865,35.54151963607143,32.75963162476471,34.40398520198296,34.15008536352941
3768,36.0786862025,36.097833428,35.54974662008904,32.775919762294116,34.38986402882655,34.124647278490436
3769,36.05659325,36.131709288500005,35.544328478586955,32.80191147111765,34.37307245135323,34.246281066984814
3770,36.0993062915,36.0786862025,35.552860824233946,32.84696376641177,34.40916699058449,34.26635038687478
3771,36.027135980000004,35.9991515735,35.58018703436735,32.919220716941176,34.37748557231448,34.331918279068276
3772,36.119926380500004,36.11550779,35.56625673468532,32.916101711882355,34.435932949111915,34.256736750638765
3773,36.11550779,36.1523293775,35.55905245185008,33.00395368770588,34.36328507399415,34.2372868735816
3774,36.1670580125,36.1847323745,35.557188054660344,32.99684928729412,34.53217144963803,34.267982943150535
3775,36.1965152825,36.2024067365,35.572915815639256,33.03774290917647,34.50821245831158,34.19779815333854
3776,36.1788409205,36.142019333,35.58224525340584,33.12732766558824,34.44434802616133,34.18351483748074
3777,36.2141896445,36.1670580125,35.58119136458042,33.17116701447059,34.53078822321661,34.26876859828635
3778,36.17442233,36.162639422,35.56055386410714,33.05247154417647,34.47863209968046,34.27657858069343
3779,36.218608235000005,36.131709288500005,35.551161886538466,33.00915202947059,34.492680006363635,34.23302505041904
3780,36.175895193500004,36.121399244,35.54856251551975,33.060788891,34.437590209748095,34.208834365278975
3781,36.4203905345,36.170003739500004,35.57100570602485,33.24238429664706,34.51353157776271,34.38229554386089
3782,36.2672127305,36.180313784,35.572327769931036,33.19889150388235,34.45181447949919,34.1745549692302
3783,36.1346550155,36.0963605645,35.56872635366424,33.14222957864706,34.43785643732302,34.15801953924161
3784,36.091941974,36.133182152,35.581766665638824,32.860132898882355,34.30176959234225,34.04337499454546
3785,36.1169806535,36.0727947485,35.571712096091055,33.046406812117645,34.49148344,34.17918103298088
3786,36.1994610095,36.121399244,35.57024308722495,33.128540612,34.44737075537024,34.19760126374208
3787,36.206825327000004,36.170003739500004,35.587082018349626,33.311002407941174,34.3799709134715,34.24183805727208
3788,36.030081707,36.1169806535,35.5783082895429,33.18346975664706,34.452960556932254,34.220520269901364
3789,36.262794140000004,36.1641122855,35.56120127663462,33.00378040964706,34.40480959670406,34.03106924800499
3790,36.230391143,36.171476603,35.59347034284768,33.212753748588234,34.5313997762353,34.17661133822335
3791,36.2289182795,36.156747968000005,35.61714750099051,33.236666120705884,34.61697250081334,34.16914873318878
3792,36.218608235000005,36.1641122855,35.61271836033113,33.230428110588235,34.60414648506509,34.1688883691471
3793,36.268685594000004,36.175895193500004,35.61050243732043,33.280505469588235,34.565714463590965,34.17979215310065
3794,36.2200810985,36.170003739500004,35.61181108274671,33.27929252317647,34.58982194292393,34.16682301507924
3795,36.212716781000005,36.1729494665,35.61270207528696,33.271495010529414,34.523889441953806,34.15874629903605
3796,36.1641122855,36.156747968000005,35.58938989319537,33.160250496764704,34.428052406737,34.16348117269518
3797,36.1346550155,36.156747968000005,35.59670278018182,33.05905611041177,34.42345936282843,34.093803637733885
3798,36.1641122855,36.136127879,35.60319013472973,33.08764699011765,34.42509328156284,34.09101554300344
3799,36.189150965,36.121399244,35.61210484391017,33.05403104670589,34.456634667000735,34.057355852611025
3800,36.2289182795,36.1582208315,35.59766310235294,33.02890572817647,34.467056064901044,34.07063503687429
3801,36.1965152825,36.153802241,35.5979833267849,33.10410840570589,34.4678126380198,34.0819488825304
3802,36.1287635615,36.156747968000005,35.58538530847682,33.07586408211765,34.465789426533235,34.147112125664336
3803,36.3261272705,36.119926380500004,35.557991189519235,33.25139475570588,34.23500367190539,34.3164962754555
3804,36.4380648965,36.245119778,35.59147130648649,33.336474282588235,33.91883175072243,34.29477474815102
3805,36.1847323745,36.200933873000004,35.5353938524599,33.290728875058825,34.59772824753846,34.219056737237686
3806,36.3143443625,36.239228324,35.60833218896098,33.21188735829412,34.67908041735537,34.25570909267815
3807,36.305507181500005,36.2141896445,35.6073698825,33.24983525317647,34.5546538038835,34.23812444726038
3808,36.3202358165,36.215662508,35.59415446342466,33.282064972117645,34.45615587324086,34.26686506189189
3809,36.175895193500004,36.1228721075,35.61682082454898,33.23683939876471,34.5322159353618,34.251220052143495
3810,36.3438016325,36.2053524635,35.592566609146964,33.14344252505882,34.5111567809153,34.14754693026897
3811,36.074267612,36.068376158,35.58332934190083,33.10982658164706,34.47555920689329,34.164531895688256
3812,36.242174051,36.162639422,35.57313892066301,33.15661165752941,34.39313567291717,34.2098410085159
3813,36.1994610095,36.1376007425,35.58462470006533,32.98402671094118,34.45599449272727,34.182982471725154
3814,36.181786647500005,36.1523293775,35.5647211766058,32.961847119411765,34.439406259178924,34.15878334734843
3815,36.231864006500004,36.106670609,35.5581762416,33.02925228429412,34.28860706362958,34.17321990792127
3816,35.9638028495,36.08605052,35.56185175879045,33.18606892752941,33.95440134928572,34.214770774398445
3817,36.1493836505,36.153802241,35.530586750519035,33.158344438117645,33.64072287970962,34.153306385855224
3818,36.1994610095,36.156747968000005,35.56142903049342,33.0555905492353,34.272061891841524,34.14915467949091
3819,36.171476603,36.153802241,35.582850606850165,33.18277664441177,34.526222519346675,34.12509973979142
3820,36.2171353715,36.156747968000005,35.584842670491405,33.15470559888235,34.51031565715462,34.08875185897348
3821,36.180313784,36.1405464695,35.5883658520625,33.20408984564706,34.56823800828061,34.139358634784564
3822,36.248065505,36.162639422,35.574854913421056,33.236319564588236,34.484600552032305,34.13526923199517
3823,36.200933873000004,36.147910787,35.572272676577185,33.27028206411765,34.45686172687671,34.12858426750193
3824,36.193569555500005,36.1582208315,35.564709670983305,33.18554909335294,34.59789680792895,34.16398771889706
3825,36.206825327000004,36.159693695,35.5806401375,33.09717728335294,34.60478128386364,34.14785263708191
3826,36.239228324,36.156747968000005,35.58493572610039,33.28431758688235,34.53184520404832,34.25433129088767
3827,36.215662508,36.1641122855,35.59768348290541,33.204609679823534,34.478248175675,34.237715042529004
3828,36.230391143,36.183259511,35.5810874516,33.26664322488235,34.44421018958698,34.19890616461539
3829,36.002097300500004,36.1228721075,35.59854672877143,33.005686468294115,34.58111892003713,34.120627937
3830,36.112562063,36.11550779,35.544946171073825,32.998235511764705,34.5762336398254,34.08934602334057
3831,36.144965060000004,36.1287635615,35.55854996818878,33.07153213064706,34.63294385969789,34.15896041389313
3832,36.1582208315,36.1022520185,35.5646518651098,33.09180566352941,34.586489553402366,34.117262148778764
3833,36.156747968000005,36.127290698,35.57256518916216,33.174459297588236,34.66326287069125,34.1507707197562
3834,36.1552751045,36.1582208315,35.569457285,33.24481018947059,34.579180423027196,34.13897368389034
3835,36.1582208315,36.1670580125,35.564558650100004,33.08175553611765,34.58008991491379,34.11222354643748
3836,35.822407953500004,36.0698490215,35.57249828329577,32.98957160882353,34.677399301581396,34.07149668250828
3837,36.251011232,36.136127879,35.574130935945945,33.09215221964706,34.5947306925474,34.11060941933725
3838,36.2613212765,36.112562063,35.564776262364866,33.083141760588234,34.64927901567337,34.15933900160572
3839,36.2230268255,36.147910787,35.56415346689727,33.00135451682353,34.56542702246958,34.1242849663658
3840,36.2701584575,36.121399244,35.56756749982143,32.85112243982353,34.4956797674633,34.117452618553386
3841,36.2230268255,36.183259511,35.55922538040541,32.725495847176475,34.48210268547561,34.11430518128441
3842,36.192096692,36.181786647500005,35.560021522837836,32.91835432664706,34.45888029040522,34.18010731063815
3843,36.236282597,36.195042419,35.54743116589404,32.98905177464706,34.45095368596361,34.193934239316775
3844,36.2289182795,36.17442233,35.54433110503356,32.837086917058826,34.50688297290909,34.19868986789365
3845,36.165585149,36.183259511,35.54187135003311,32.81750649641177,34.50409957291926,34.19280262144027
3846,36.180313784,36.197988146,35.54854380277027,32.85874667441177,34.46174577542737,34.196427467921005
3847,36.180313784,36.186205238,35.54443040020271,32.85441472294118,34.38866662944215,34.19002949511254
3848,36.144965060000004,36.193569555500005,35.5379421444138,32.789608728941175,34.37892612519646,34.18879488643662
3849,36.156747968000005,36.192096692,35.55911422309211,32.7639635762353,34.523270396271556,34.208340060909094
3850,36.006515891,36.133182152,35.53802301429948,32.854588001,34.54585611714286,34.28021059937404
3851,36.114034926500004,36.1376007425,35.54431690505734,32.843324927176475,34.49580561887538,34.297278920619505
3852,36.301088591,36.1258178345,35.57731330942069,32.975536086058824,34.523757877982774,34.19568382772414
3853,36.2465926415,36.1611665585,35.56381749592015,33.02561344505882,34.56179255486457,34.15461606146381
3854,35.8754310395,36.0345002975,35.55722347706294,33.010364975882354,34.543678627915284,34.277704797140515
3855,36.068376158,36.0669032945,35.58315832831527,32.89132294947059,34.68674146828313,34.10889322512033
3856,36.024190253,36.050701796,35.569213243289475,32.85649405964706,34.60298595167048,34.161072476
3857,36.0197716625,36.0168259355,35.53894974311092,32.804510642000004,34.38094221689455,34.09094894223195
3858,36.0845776565,35.823880817,35.54617466734042,32.775053372,34.55441818784831,34.15306892206897
3859,35.8695395855,35.9166712175,35.57668132483153,32.808496037352946,34.61596462858561,34.3039044795151
3860,36.183259511,36.127290698,35.551123028941326,33.19941133805882,34.50862604486558,34.31927435841494
3861,36.1523293775,36.100779155,35.55569455190348,33.112945586705884,34.59200100315271,34.23891076483885
3862,36.253956959,36.1228721075,35.54589596120933,33.102029069000004,34.5925607554717,34.092484117951486
3863,36.236282597,36.097833428,35.55853591065183,33.052644822235294,34.57907304766682,34.120613697054054
3864,36.2024067365,36.106670609,35.530790999979594,33.11623786982353,34.532942309915256,34.133439693623316
3865,36.193569555500005,36.1464379235,35.52965830832168,32.94850470888235,34.464564402711694,34.11895087676316
3866,35.974112894,36.08605052,35.549214350989786,33.12663455335294,34.54357731853533,34.278626368855505
3867,36.065430431,36.052174659500004,35.56716345341615,33.156438379470586,34.50466768239193,34.32675898105583
3868,36.0197716625,36.074267612,35.50980972265625,32.99026472105882,34.44842646468484,34.214417463960395
3869,36.05659325,36.0669032945,35.52301716080883,32.98489310123529,34.47222948084716,34.201464125588764
3870,36.0462832055,36.006515891,35.52584559578948,33.01642970794118,34.463653216107716,34.18775523589781
3871,36.006515891,36.0727947485,35.5507951758194,32.74403659947059,34.586526113030885,34.169291147613386
3872,36.018298799,36.108143472500004,35.545148832242226,32.88647116382353,34.45270381304,34.13815024242199
3873,35.953492805,36.059538977,35.503389481045915,32.659303628705885,34.28082743689615,34.180426993400005
3874,36.0286088435,36.114034926500004,35.52566864994565,32.8081494812353,34.58465133062948,34.15238638959245
3875,36.018298799,36.0256631165,35.4992733606308,32.77314731335294,34.56948867621681,34.154742971192455
3876,36.041864615,36.035973161,35.504377116649714,32.70868787547059,34.60001442596235,34.23688656491018
3877,36.3614759945,36.156747968000005,35.558790891129874,32.907091252823534,34.452567886029414,34.27889950474736
3878,36.209771054,36.131709288500005,35.48167551102041,33.10584118629412,34.370028056357775,34.240114128567065
3879,36.2554298225,36.1670580125,35.54915782111685,33.075517526,34.53784368398841,34.27028162613869
3880,36.2642670035,36.171476603,35.55056971988,33.00378040964706,34.50209582593406,34.237565408391454
3881,36.243646914500005,36.1376007425,35.55448559782218,32.93360279582353,34.47558338375,34.20132746231504
3882,36.0816319295,36.142019333,35.5461376786681,32.73000107670588,34.59699783935484,34.22677626689492
3883,36.1110891995,36.165585149,35.51846442630435,32.858573396352945,34.391152562598606,34.17749039591988
3884,36.124344971,36.142019333,35.490949488941176,32.72688207164706,34.389076972354616,34.229452979547
3885,36.150856514,36.021244526000004,35.436593531914404,32.85978634276471,34.32013961553398,34.259372112925476
3886,35.935818443,36.0904691105,35.4752177386087,32.813521101058825,34.168519405454546,34.186666142189615
3887,36.183259511,36.097833428,35.476979370996695,32.895828179,34.31445361909737,34.1364186320656
3888,36.1670580125,36.1051977455,35.50982076314734,32.984546545117645,34.336676487357984,34.16659684926143
3889,36.1847323745,36.156747968000005,35.50399576353885,33.00308729741177,34.525098998728325,34.140819081436106
3890,36.1994610095,36.1258178345,35.509756344992,33.07430457958824,34.381410491478775,34.16246173843787
3891,36.1611665585,36.1110891995,35.52812772688047,32.99459667252941,34.4951084195953,34.136326079695635
3892,36.180313784,36.091941974,35.50446847310811,32.95786172405882,34.413873761162485,34.1397359557415
3893,36.159693695,36.1464379235,35.49389048710526,32.96254023164706,34.37357848804631,34.10156075157895
3894,36.2053524635,36.1523293775,35.47838986784575,32.86463812841177,34.47950649426009,34.07042455114297
3895,36.065430431,36.103724882,35.46488286322449,32.67836421517647,34.59070480619682,34.00691280711686
3896,36.2524840955,36.091941974,35.498307847142854,32.95023748947059,34.58864753249161,34.170974280651805
3897,36.245119778,36.097833428,35.48705217106897,32.88335215876471,34.592559511032746,34.20982213130509
3898,36.1228721075,36.0786862025,35.483635321228576,32.82772990188236,34.58259911602972,34.25556196949833
3899,36.121399244,36.103724882,35.47160822929194,32.735545974588234,34.50511060559491,34.24871127879693
3900,36.083104793000004,36.080159066,35.4400089485,32.77834565511765,34.368895968791946,34.170339023553375
3901,36.1670580125,36.058066113500004,35.422696957678575,32.683735835,34.361907914278234,34.144356834285716
3902,36.033027434000005,35.988841529,35.44534892481752,32.83604724870588,34.444792670504874,34.17482988321679
3903,36.17442233,36.130236425,35.46116607192547,32.95786172405882,34.519867544299146,34.09929189894737
3904,36.186205238,36.150856514,35.43626718608884,32.99147766747059,34.45559556799497,34.16926674384411
3905,36.245119778,36.1523293775,35.43730869875,32.836913639,34.40838515601583,34.08588902356332
3906,36.2495383685,36.159693695,35.443647229673914,32.79965885635294,34.435667868538836,34.039394462254286
3907,36.2348097335,36.127290698,35.41397983648437,32.74507626782353,34.48172462102202,33.999746164110675
3908,36.218608235000005,36.1493836505,35.438771192234086,32.85198883011765,34.486424077474034,34.11122284933507
3909,36.197988146,36.124344971,35.44660785429688,32.85389488876471,34.49123016968153,34.104271861070615
3910,36.189150965,36.159693695,35.43700020626724,32.82946268247059,34.44600382061117,34.09503790986957
3911,36.2495383685,36.153802241,35.44601359149073,32.811095208235294,34.41046232898363,34.085052687483824
3912,36.2583755495,36.150856514,35.43114822465263,32.69603857717647,34.32481182355844,34.105298047176056
3913,35.8489194965,35.897523992,35.4331753284379,32.77834565511765,34.41067114979021,34.158293038252744
3914,35.9490742145,36.0963605645,35.4793155271223,32.59172518576471,34.64386738968568,34.046655777318904
3915,36.175895193500004,36.1110891995,35.466630433463514,32.88837722247059,34.50730289192141,34.13446444814718
3916,36.17442233,36.136127879,35.43292180651351,32.74715560452941,34.407640736000005,34.01273688912219
3917,36.1847323745,36.1287635615,35.44564757177229,32.79324756817647,34.3111220285782,34.041756647773944
3918,36.2524840955,36.1110891995,35.440254982387756,32.868623523764704,34.455801377676316,34.11462835138722
3919,36.243646914500005,36.1228721075,35.450247155369716,32.91904743888235,34.55036232841765,34.18888167205199
3920,36.2583755495,36.1051977455,35.44964420844514,32.92996395658824,34.59753748782136,34.158518984083045
3921,36.2672127305,36.1464379235,35.45799714516966,32.979521481411766,34.51736972808964,34.19924468546751
3922,36.3850418105,36.386514674,35.6136909216875,33.22315043211765,34.61124589052632,34.36150300305534
3923,36.4380648965,36.3762046295,35.62199479471831,33.04086191423529,34.54755769352396,34.313068574792176
3924,36.4351191695,36.380623220000004,35.62250098958698,33.14950725711765,34.52387613595638,34.368549235721474
3925,36.4410106235,36.4233362615,35.61669448595324,32.93672180088235,34.58490348261509,34.264745647915525
3926,36.2789956385,36.3113986355,35.62176140174081,32.94486586964706,34.56611293037566,34.29652693387755
3927,35.990314392500004,36.059538977,35.62807179725,32.87278219717647,34.52715585529163,34.4547328039011
3928,35.96822144,36.17442233,35.62630819119149,32.919220716941176,34.47955618040984,34.38981261714914
3929,36.304034318,36.274577048,35.57563385441741,33.100816122588235,33.66636575331785,34.31102622489641
3930,36.2642670035,36.1847323745,35.575855911216216,33.066680345,33.97204666696148,34.293350218294684
3931,36.2583755495,36.227445416,35.62119676433674,33.166835063,34.57146402743724,34.31405474256619
3932,36.3938789915,36.283414229,35.61748402447224,33.16336950182353,34.61114029675462,34.27262660984763
3933,36.392406128000005,36.2789956385,35.63938021936776,33.195945776882354,34.58892647007019,34.34275240674969
3934,36.3585302675,36.289305683,35.62778054335664,33.285703811352946,34.56651640625,34.39660525126866
3935,36.3703131755,36.2907785465,35.64056386175,33.20062428447059,34.59760531695541,34.31955732984394
3936,36.289305683,36.2907785465,,33.098910063941176,34.75439528603596,34.30118957534348
3937,36.2672127305,36.377677493,,33.09076599517647,34.68106998626238,34.37871684866667
3938,36.2583755495,36.354111677,,33.06858640364706,34.57631824550192,34.38484429292464
3939,36.32170868,36.362948858,,33.16475572629412,34.63875073895861,34.38902954265868
3940,36.367367448500005,36.4203905345,,33.12178276770588,34.59258772436706,34.35221207950211
3941,36.1228721075,36.2819413655,35.60957380233577,32.936375244764704,34.31263142436364,34.25953527988831
3942,36.383568947,36.327600134,35.583814512340425,33.125594885,34.41990554896581,34.32161072143605
3943,36.2731041845,36.3526388135,35.58769439592705,32.90501191611765,34.459570164835355,34.2781875143806
3944,36.265739867,36.362948858,35.61302653217391,33.045713699882356,34.498419761048076,34.32771792156719
3945,36.4203905345,36.3762046295,,33.10774724494118,34.53715625574737,34.33051910514222
3946,36.315817226,36.339383042,35.59756845273381,33.11207919641176,34.3730243277666,34.31185433647059
3947,36.062484704,36.1994610095,,32.94677192829412,34.41418286105625,34.284785537328766
3948,36.360003131,36.383568947,35.57992106272727,32.98489310123529,34.29567455858842,34.25807703827085
3949,36.3526388135,36.405661899500004,35.61035446201439,33.06321478382353,34.36269043917615,34.300413974620845
3950,36.2348097335,36.3732589025,35.60029598878873,33.030465230705886,34.11311017039163,34.28136176949577
3951,36.1847323745,36.2465926415,35.629281,33.014696927352944,34.44901957438424,34.31184618857363
3952,36.268685594000004,36.3614759945,35.593782198098594,33.030465230705886,34.40579843168862,34.30091313802731
3953,36.305507181500005,36.405661899500004,35.57897916882759,32.98489310123529,34.345086831543256,34.27204608442286
3954,36.315817226,36.3703131755,35.58594075580282,33.097697117529414,34.451091925874124,34.31272503916636
3955,36.295197137,36.365894585,35.587542873846154,33.09180566352941,34.52238295834863,34.32253477567825
3956,36.2848870925,36.3644217215,35.58751161944828,33.03289112352941,34.497873942653065,34.30346050604737
3957,36.3143443625,36.349693086500004,35.57680292082192,33.09163238547059,34.421796742560296,34.298805187399346
3958,36.315817226,36.3320187245,35.582549405,33.07603736017647,34.37398164947644,34.30059563852994
3959,36.365894585,36.3703131755,35.6095614393007,33.12403538247059,34.49106674437026,34.33698781257598
3960,36.3644217215,36.3850418105,35.60330148332168,33.16822128747059,34.470804526071845,34.32560603810268
3961,36.306980045,36.3968247185,35.59248675132867,33.137377793,34.46343458518433,34.33118931866312
3962,36.362948858,36.35116595,35.58736630679321,33.07742358464706,34.409793221073514,34.301825890932335
3963,36.32170868,36.3614759945,35.61252078402878,33.138070905235296,34.48834834672705,34.299319164978165
3964,36.365894585,36.3349644515,35.58559528574698,33.11069297194118,34.574051287236735,34.319545689566176
3965,36.2613212765,36.231864006500004,35.56113833375,32.93498902029412,34.4240078458982,34.320126521165456
3966,36.156747968000005,36.3349644515,35.5504314244722,32.82027894535294,34.34987247113537,34.249068875472446
3967,35.862175268,36.1493836505,35.614152328,33.002220907117646,34.48617555661719,34.2939463166147
3968,36.336437315,36.3025614545,35.59780664202817,33.12594144111765,34.50106088656136,34.34845787866617
3969,36.2672127305,36.312871499,35.609065645107634,33.041728304529414,34.48549025914732,34.31200848954712
3970,36.227445416,36.280468502000005,35.61373536153448,32.95664877764706,34.490467302105266,34.2826745090736
3971,36.2760499115,36.324654407000004,35.633200784034095,33.10410840570589,34.571276968221575,34.308748761791044
3972,36.2053524635,36.23333687,35.62668660419643,32.993210448058825,34.571530716996286,34.29051790469083
3973,36.139073606000004,36.236282597,35.634149535404255,32.91211631652941,34.47592966928741,34.27413338841294
3974,36.180313784,36.2465926415,35.64586758673643,33.043114529,34.446460855454546,34.3546125318921
3975,36.2289182795,36.3143443625,35.6021657648,33.20564934817647,34.53388187931034,34.38135447948052
3976,36.289305683,36.305507181500005,35.626470900517646,33.03531701635294,34.59087440967818,34.31720709212834
3977,36.280468502000005,36.312871499,35.63045801304054,33.11329214282353,34.458006121640004,34.316892302024115
3978,36.367367448500005,36.362948858,35.62917241121127,32.95647549958824,34.46180627125475,34.28187384347892
3979,36.259848413,36.3261272705,35.63311924438811,33.011231366176474,34.54882699263745,34.30616420810511
3980,36.333491588,36.2701584575,35.60541933354054,32.933776073882356,34.430000660000005,34.28670144225927
3981,36.209771054,36.2642670035,35.60934332705882,32.91003697982353,34.446621402485576,34.269952116117196
3982,36.1258178345,36.142019333,35.569884842972975,32.844018039411765,34.32835460510434,34.3357313822973
3983,36.1405464695,36.1788409205,35.57095028459061,32.884738383235295,34.32406104167939,34.28647911636364
3984,36.131709288500005,36.159693695,35.56781009475538,32.848696547,34.27663008673292,34.28022369413665
3985,36.175895193500004,36.142019333,35.56834563427027,32.91124992623529,34.28454601549806,34.28893811083108
3986,36.162639422,36.118453517,35.56127642273155,32.92337939035294,34.21464327552227,34.30709822443556
3987,36.071321885,36.159693695,35.562823486433565,32.862732069764704,34.39239538009362,34.304623898645005
3988,36.1552751045,36.271631321,35.56310883140306,32.982987042588235,34.48068180310495,34.31214785389419
3989,36.1582208315,36.2701584575,35.53678217727059,32.93083034688235,34.26832086519691,34.28489298302789
3990,36.133182152,36.23333687,35.540902464950214,32.96219367552941,34.180914522345304,34.25631703342847
3991,36.2701584575,36.295197137,35.589002408264705,32.961847119411765,34.531057085055764,34.34351125949791
3992,36.11550779,36.0168259355,35.557573068928576,32.90726453088235,34.59836841489759,34.25455930128546
3993,36.2112439175,36.1228721075,35.52681776808696,32.83674036094118,34.63041450366435,34.242800957195215
3994,36.171476603,36.1847323745,35.5025221075623,32.692226459882356,34.53374046921595,34.322444288319716
3995,36.11550779,36.1346550155,35.56050689382141,32.830329072764705,34.48535745865458,34.399014336237336
3996,36.002097300500004,36.0993062915,35.53259292048921,32.93550885447059,34.53328339335032,34.415079820798724
3997,36.3113986355,36.277522775,35.5573221784698,33.20374328952941,34.52911450682438,34.35325606952
3998,36.336437315,36.330545861000004,35.564495839726725,33.16284966764706,34.62361523468983,34.36030481343431
3999,36.018298799,36.0492289325,35.58253568505533,33.07759686270588,34.627882616339164,34.32013202477752
4000,36.35116595,36.2789956385,35.58887693602398,33.133738953764706,34.50542026691004,34.31879671795666
4001,36.368840312,36.298142864,35.574993423581084,32.98610604764706,34.593062179562686,34.28573872193925
4002,36.436592033000004,36.32170868,35.572851317927274,33.041728304529414,34.4835638527704,34.34550468804638
4003,36.4410106235,36.342328769,35.57149605064348,33.07984947747059,34.57261045375753,34.353295274076785
4004,36.4203905345,36.339383042,35.56477467008,33.06979935005882,34.60692703460154,34.35463347349945
4005,36.4203905345,36.345274496,35.57317556502703,33.00031484847059,34.583717622676,34.35416734621184
4006,36.0934148375,36.2024067365,35.57757216959854,32.93013723464706,34.54307697264561,34.33016204021557
4007,36.301088591,36.3025614545,35.54069295378378,32.935682132529415,34.397327593106716,34.297034142200005
4008,36.133182152,36.2038796,35.540440138352274,32.85701389382353,34.451068555128806,34.28777886658045
4009,36.2171353715,36.29225141,35.52677151875,32.873475309411766,34.326366944016506,34.299980077852155
4010,36.080159066,36.1641122855,35.53205581193277,32.71561899782353,34.803826085793794,34.268461889220234
4011,36.3290729975,36.327600134,35.537310905845075,32.94867798694118,34.62765508100253,34.29719672142492
4012,36.315817226,36.23333687,35.50773656030281,33.066680345,34.47546533823482,34.35750304111743
4013,36.2701584575,36.312871499,35.50276929875,32.878846929235294,34.55882506912067,34.31690110210742
4014,36.2465926415,36.2583755495,35.47293238675676,32.85545439129412,34.35635129298992,34.33651739975904
4015,36.2112439175,36.2082981905,35.46796346431507,32.79324756817647,34.36583894,34.31730468001308
4016,36.2583755495,36.197988146,35.46530195615894,32.96721873923529,34.27473036879271,34.288250822375126
4017,36.2672127305,36.2495383685,35.43612462117399,32.97172396876471,34.38176698105929,34.2730111768867
4018,36.333491588,36.2642670035,35.44720745969855,32.915235321588234,34.4364434,34.28240133358115
4019,36.333491588,36.251011232,35.45036396030405,32.87711414864706,34.36879001889985,34.279848630250164
4020,35.980004348,36.150856514,35.35763906872269,32.67819093711765,34.430400284807924,34.322195562241745
4021,36.050701796,36.144965060000004,35.35873145064748,32.70886115352941,34.62827217263994,34.30107696855814
4022,36.109616336,36.189150965,35.43489964110564,32.9436529232353,34.47118266324138,34.40507914755522
4023,36.2200810985,36.192096692,35.45246594482143,33.012790868705885,34.35875192888407,34.31871778775553
4024,36.1847323745,36.212716781000005,35.446271032691385,32.804164085882356,33.88740551214768,34.25075650920229
4025,36.2672127305,36.29225141,35.45575444987145,32.97848181305883,34.27345841824091,34.23595961264281
4026,36.0963605645,36.2407011875,35.48564204617647,32.87035630435294,34.21654116105263,34.233589697219365
4027,36.2731041845,36.305507181500005,35.433299237,32.77643959647059,34.39386327104941,34.164319242358296
4028,36.1405464695,36.2996157275,35.454185702467534,32.920780219470586,34.16896456620348,34.197489321678326
4029,36.1876781015,36.295197137,35.43159525164474,33.02751950370588,34.296898146534886,34.23043026180476
4030,36.1729494665,36.227445416,35.42685037607273,32.87122269464706,34.41426757392317,34.213717700000004
4031,36.1906238285,36.1994610095,35.428941910907696,32.80520375423529,34.34440589395678,34.20254266297607
4032,36.121399244,36.265739867,35.39055682215385,32.61442461147059,34.57578686985393,34.13672718888296
4033,36.1994610095,36.1552751045,35.392771086578946,32.79913902217647,34.33198499574468,34.16968065479681
4034,36.237755460500004,36.2407011875,35.459840639221056,33.013483980941174,34.49411877808856,34.21004043264913
4035,36.1729494665,36.2141896445,35.4908391044,32.929444122411766,34.62788789654731,34.27013435231778
4036,36.035973161,36.118453517,35.47984973918368,32.847483600588234,34.59777783340399,34.30615358900519
4037,36.360003131,36.23333687,35.48589910703297,33.065987232764705,34.50101489624128,34.321433310856456
4038,36.181786647500005,36.165585149,35.51280806508784,32.918007770529414,34.41030022687578,34.34109077280755
4039,36.286359956,36.206825327000004,35.52568260684615,33.09440483441177,34.36642783325,34.32827280868011
4040,36.2996157275,36.29225141,35.51257995821818,32.969644632058824,34.3199414584894,34.21512540308968
4041,36.2053524635,36.248065505,35.502421885810165,32.979868037529414,34.54295612353833,34.23745740656522
4042,36.193569555500005,36.193569555500005,35.47210399912903,32.93533557641177,34.401440855016325,34.2464465970123
4043,36.0256631165,36.156747968000005,35.448987960800004,32.88456510517647,34.46790209874145,34.21121379075862
4044,36.1376007425,36.177368057,35.44413139873885,33.082102092235296,34.324435673926544,34.32321772709007
4045,36.0109344815,36.119926380500004,35.45223290367347,33.04796631464706,34.51989450694318,34.28699668075927
4046,36.077213339000004,36.130236425,35.450703717578946,33.07569080405882,34.51839550607721,34.34665525015439
4047,36.0816319295,36.118453517,35.44971931371035,33.066680345,34.49223315212157,34.32580322333473
4048,36.05659325,36.144965060000004,35.44012369265517,33.08868665847059,34.40737119235294,34.32511334575655
4049,36.065430431,36.147910787,35.440773768775514,33.07759686270588,34.5050801947929,34.29781102702946
4050,36.0786862025,36.1552751045,35.463914245260895,33.130619948705885,34.51324681527959,34.296694294793525
4051,36.1376007425,36.218608235000005,35.45035290277027,33.00811236111765,34.54027372653113,34.3078100093339
4052,36.0403917515,36.318762953000004,35.450313867449665,32.82235828205882,34.50771349857369,34.220518520145276
4053,36.2642670035,36.248065505,35.450419247972974,32.85874667441177,34.382455309483525,34.2784473913721
4054,36.103724882,36.133182152,35.475012523848704,32.93204329329412,34.52960831239934,34.28879140506594
4055,36.245119778,36.2966700005,35.441894673726274,32.98957160882353,34.40952502242991,34.24999870790865
4056,36.218608235000005,36.280468502000005,35.436571215618976,33.023360830294116,34.216724232411956,34.25649715150567
4057,36.2996157275,36.2672127305,35.425649950462734,32.96375317805882,34.245871354329736,34.23361991908884
4058,36.243646914500005,36.262794140000004,35.44277066438134,32.94486586964706,34.303788737022785,34.285534991773666
4059,36.2907785465,36.2789956385,35.43724047445093,32.81750649641177,34.30041053561753,34.270306497540105
4060,36.3172900895,36.342328769,35.43899939061644,33.00707269276471,34.171937430758625,34.301718628977554
4061,36.2554298225,36.3172900895,35.40562015246314,32.80797620317647,33.955764312854775,34.231657488034934
4062,36.1876781015,36.243646914500005,35.40742290081793,32.76569635682353,33.97348657554054,34.209053947368425
4063,36.3202358165,36.248065505,35.39662578840188,32.96739201729412,34.128364495450874,34.23305378473029
4064,36.2731041845,36.215662508,35.40201252436294,32.95387632870588,34.172410776917296,34.2544110820198
4065,36.286359956,36.227445416,35.40145206266626,32.93949424982353,33.98833360097744,34.23947928177914
4066,36.041864615,36.177368057,35.432572589991715,33.00620630247059,34.20275087803522,34.27671002927386
4067,36.1641122855,36.2613212765,35.39475247109357,32.856667337705886,34.14273985389952,34.19301697259494
4068,36.121399244,36.242174051,35.4096381029925,32.89669456929412,34.00437980801444,34.22938590105371
4069,36.1965152825,36.224499689,35.40375645540541,32.88647116382353,33.99897506295741,34.235510378761674
4070,36.1582208315,36.215662508,35.39055630481507,32.82166516982353,34.16917382602643,34.17847599286014
4071,36.2495383685,36.2613212765,35.35592514833134,32.803297695588235,34.225255500963755,34.17523616225743
4072,36.2112439175,36.227445416,35.3392423802973,32.759458346705884,34.169869689306935,34.160332486608695
4073,36.192096692,36.192096692,35.355268109452055,32.71977767123529,34.14253180403107,34.170692060817004
4074,36.119926380500004,36.180313784,35.38018309426471,32.815427159705884,34.202919070512365,34.174332167967144
4075,36.159693695,36.193569555500005,35.36744509410715,32.73623908682353,34.22796694839559,34.161688810968585
4076,36.1258178345,36.231864006500004,35.37600925572603,32.863251903941176,33.909418939975076,34.18294074198791
4077,36.11550779,36.2407011875,35.365876836514936,32.71163360247059,33.980221277598076,34.179084032726664
4078,36.112562063,36.11550779,35.378745915422414,32.74282365305882,33.90639405486796,34.17279829845095
4079,36.0904691105,36.1611665585,35.37728682201585,32.89773423764706,33.68924024982962,34.19527195365541
4080,36.4321734425,36.237755460500004,35.3554134625308,32.92407250258824,34.17934969726781,34.24971331914773
4081,36.1641122855,36.2701584575,35.34894687548619,32.815427159705884,34.04427962725523,34.178153313841484
4082,36.1405464695,36.2465926415,35.38024497928571,32.79809935382353,33.803590297435065,34.187249165757784
4083,36.265739867,36.286359956,35.35215209522,32.92684495152941,33.502425396230706,34.1945281365151
4084,36.2289182795,36.2819413655,35.33175957807059,32.80988226182353,33.91193409625954,34.16130702868037
4085,36.170003739500004,36.1994610095,35.3314029357043,32.784930221352944,34.371296715430184,34.14319344270135
4086,36.047756069,36.08605052,35.23445074590336,32.75374017076471,34.355735783266184,34.16945850539261
4087,36.136127879,36.189150965,35.28410237971591,32.66883392194118,34.34273163912333,34.16555885911923
4088,36.189150965,36.2465926415,35.28224088979436,32.72930796447059,34.23511480503794,34.26797702942149
4089,36.192096692,36.327600134,35.262037759194634,32.74195726276471,34.23681366442497,34.20760539610838
4090,36.312871499,36.304034318,35.24894631816364,32.66138296541177,34.26718994024607,34.19220884031796
4091,35.9991515735,36.121399244,35.21622297976656,32.61251855282353,33.91121134945455,34.26258774764706
4092,36.1847323745,36.2613212765,35.23971555676471,32.72099061764706,33.84575199874849,34.1743548083546
4093,36.253956959,36.248065505,35.258113952673796,32.60697365494118,33.97919518612903,34.159154104802894
4094,36.077213339000004,36.1965152825,35.315483201684785,32.88421854905882,34.468634452095934,34.25016221635664
4095,36.239228324,36.243646914500005,35.28802629636364,32.81317454494118,34.1862569037534,34.22865407409446
4096,36.3113986355,36.2200810985,35.28621922390451,32.76309718594118,34.37088949313141,34.25886105819161
4097,36.237755460500004,36.23333687,35.27001165107383,32.84193870270588,34.398525300288185,34.200808146119755
4098,36.286359956,36.231864006500004,35.27414097555263,32.90137307688235,34.45181606276616,34.16154666026164
4099,36.2524840955,36.242174051,35.283346458560004,32.82305139429412,34.52477509569678,34.18985240151503
4100,36.256902686000004,36.221553962,35.29419797897072,32.86429157229412,34.42594713137931,34.205980288757125
4101,36.2524840955,36.2171353715,35.30883356638298,32.65705101394118,34.46031629472888,34.11180906351824
4102,36.3084529085,36.2407011875,35.27055682324588,32.60853315747059,34.37809629484925,34.136030129755916
4103,36.230391143,36.221553962,35.263593485064014,32.61650394817647,34.341452253208956,34.15751856895745
4104,36.1611665585,36.218608235000005,35.23191385130664,32.693785962411766,34.02056710773999,34.169343085229634
4105,36.180313784,36.230391143,35.177374445349315,32.515136283764704,33.451648367802775,34.13624587721017
4106,36.239228324,36.243646914500005,35.17227470205036,32.68841434258824,33.721755018309864,34.154150905581396
4107,36.059538977,36.0639575675,35.259954974473686,32.83518085841177,33.51197635123671,34.18434175745796
4108,36.0845776565,36.230391143,35.2483885330142,32.71977767123529,34.134879795358074,34.17692349670322
4109,35.928454125500004,36.17442233,35.26001957375,32.420179907529416,34.305881988783355,34.281787216157305
4110,36.0256631165,36.165585149,35.25832380562069,32.79359412429412,34.39983855173316,34.36043153279323
4111,36.041864615,36.162639422,35.269426086074816,32.534716704411764,34.50117798243637,34.34805966880615
4112,36.053647523,36.159693695,35.26735648779671,32.716831944235295,34.49819936164835,34.35684073453379
4113,36.114034926500004,36.1611665585,35.28467402798913,32.961154007176475,34.5307385096973,34.33504192156982
4114,36.171476603,36.1552751045,35.27883409358944,32.93533557641177,34.495592425731346,34.23803360494118
4115,36.183259511,36.165585149,35.27131987681633,32.89790751570588,34.45251354255218,34.19074460727639
4116,36.197988146,36.2141896445,35.294039518722826,32.923552668411766,34.5005716161062,34.31219029347872
4117,36.271631321,36.265739867,35.23424187580611,32.690666957352946,34.44116355602374,34.204610859480525
4118,36.289305683,36.245119778,35.2282916391875,32.67229948311765,34.400228285705886,34.2036709291716
4119,36.2642670035,36.242174051,35.20419871964041,32.819412555058825,34.212108514043074,34.171215823032995
4120,36.218608235000005,36.218608235000005,35.176683410077054,32.61563755788235,34.10427407396137,34.142805566060424
4121,36.327600134,36.2642670035,35.201907644319746,32.59172518576471,34.2705548999685,34.185673613207065
4122,36.2200810985,36.262794140000004,35.224171430517245,32.54043488035294,34.38971340676369,34.1358512124554
4123,36.2524840955,36.318762953000004,35.21660665449609,32.657224292,34.40286647283989,34.16451658796678
4124,36.2289182795,36.342328769,35.2099433892823,32.62828685617647,34.40361528235155,34.161714341889976
4125,36.0816319295,36.239228324,35.18765253225532,32.66259591182353,34.35450350338893,34.20303779453597
4126,36.065430431,36.091941974,35.128823753082195,32.61009266,34.150522815318126,34.218726462285716
4127,36.183259511,36.0757404755,35.19020163566857,32.80364425170588,34.26078100116639,34.149343279261544
4128,36.121399244,36.108143472500004,35.22120472543047,32.66415541435294,34.395647418928576,34.21110573034043
4129,36.180313784,36.119926380500004,35.2524978206538,32.81248143270588,34.19790949787473,34.208093882247425
4130,36.1346550155,36.162639422,35.24967828669091,32.819239277,33.78364674122555,34.180696790560106
4131,36.215662508,36.119926380500004,35.239293541936846,32.77643959647059,33.85153963870142,34.14536513122959
4132,36.2141896445,36.106670609,35.23299565877181,32.85302849847059,33.79700048808803,34.154043594993574
4133,36.1876781015,36.109616336,35.25733948162653,32.775226650058826,33.46796720713755,34.15271281106134
4134,36.162639422,36.1287635615,35.26958646109589,32.733813194,33.54680340635979,34.13916727957172
4135,36.177368057,36.1110891995,35.29792821667772,32.75495311717647,33.28723629259746,34.18058814672704
4136,36.165585149,36.097833428,35.23153586318367,32.727055349705886,33.55823946876848,34.13933552069364
4137,36.1906238285,36.2230268255,35.29004250871739,32.740744316352945,33.95652229110874,34.19717700005444
4138,36.1051977455,36.11550779,35.27027525080537,32.67836421517647,33.793133776513514,34.137739134147
4139,36.156747968000005,36.1493836505,35.28297802957617,32.65549151141177,34.03560503721036,34.12738737870753
4140,36.077213339000004,36.121399244,35.31825719163636,32.76898863994118,34.38827507437768,34.14253093018304
4141,36.2082981905,36.168530876000005,35.29617453888112,32.762577351764705,34.130242453407874,34.13366129688525
4142,36.2465926415,36.168530876000005,35.28152167164466,32.751487556,34.1197430428935,34.15507069686536
4143,36.231864006500004,36.1287635615,35.291340941493964,32.86567779676471,34.02482305397442,34.20430522787982
4144,36.1847323745,36.053647523,35.20363905915217,32.80641670064706,34.06806931459847,34.14805993809713
4145,36.183259511,36.1847323745,35.19758309325175,32.85025604952941,33.686785363851286,34.14338180758075
4146,36.156747968000005,36.162639422,35.21453579072213,32.77228092305882,33.766884349959,34.12271180363233
4147,36.2112439175,36.1552751045,35.25484609456391,32.775226650058826,34.27868197005497,34.1966776525498
4148,36.237755460500004,36.1965152825,35.257632209190504,32.85597422547059,34.41047817315985,34.242971475661115
4149,36.224499689,36.224499689,35.2935699496,32.803297695588235,34.44485023130238,34.209451118745726
4150,36.236282597,36.193569555500005,35.296563313373625,32.90016013047059,34.48477758021025,34.250164051442916
4151,36.251011232,36.193569555500005,35.30410246071943,32.89634801317647,34.52471047304,34.22443420645081
4152,36.236282597,36.2024067365,35.292916436047435,32.84471115164706,34.496073823249326,34.21554348624849
4153,36.2171353715,36.2024067365,35.29826890384871,32.703142977588236,34.470696039534886,34.19901465069576
4154,36.195042419,36.2141896445,35.28545782570803,32.67819093711765,34.479845653206006,34.15638273742647
4155,36.186205238,36.1641122855,35.27341409326087,32.64786727682353,34.44069042618022,34.13479145285484
4156,36.200933873000004,36.2038796,35.302642548057555,32.72081733958824,34.489227789889505,34.1348866136803
4157,36.2141896445,36.200933873000004,35.294098793764405,32.689800567058825,34.46189030109091,34.14079270921241
4158,36.189150965,36.181786647500005,35.298316087584034,32.767775693529416,34.44165070301834,34.17710135878958
4159,36.1876781015,36.1788409205,,32.82547728711765,34.43395405323944,34.18481880915189
4160,36.018298799,35.946128487500005,,32.57820949717647,34.41863533527764,34.145839146262986
4161,36.243646914500005,36.1582208315,,32.55360401282353,34.11971107466667,34.09296502044265
4162,36.1641122855,36.156747968000005,,32.620489343529414,34.187235899454855,34.14571685971934
4163,36.1022520185,36.162639422,,32.72220356405882,34.34315716958292,34.155301801319865
4164,36.162639422,36.1582208315,,32.64492154982353,34.15337472260355,34.13739017280048
4165,36.1552751045,36.183259511,,32.72220356405882,34.20598740688742,34.1457994747753
4166,36.180313784,36.192096692,,32.5901656832353,34.078647152030264,34.153183509202066
4167,36.142019333,36.215662508,,32.58011555582353,34.33914805218241,34.144778792857146
4168,36.165585149,36.2038796,,32.68321600082353,34.435212740720004,34.144287527146254
4169,36.112562063,36.183259511,,32.663982136294116,34.44835466211765,34.160923015441526
4170,36.1582208315,36.215662508,,32.80243130529412,34.46207186947922,34.1897643574796
4171,36.2495383685,36.1994610095,,32.72982779864706,34.40235006098143,34.165846725282115
4172,36.195042419,36.236282597,,32.74109087247059,34.28248956454356,34.16578632108125
4173,36.1670580125,36.2038796,,32.781811216294116,34.41029804198558,34.177290002578815
4174,36.1346550155,36.1906238285,,32.753220336588235,34.180359011043336,34.17033849621572
4175,36.195042419,36.2289182795,,32.751660834058825,34.42026831493595,34.18381887963263
4176,36.2024067365,36.2495383685,,32.846443932235296,34.46603849644407,34.19166773240562
4177,36.2053524635,36.200933873000004,,32.80555031035294,34.42757044093927,34.19276070529727
4178,36.186205238,36.1876781015,,32.77973187958824,34.47760529464209,34.19545081599014
4179,36.1965152825,36.171476603,,32.799832134411766,34.45833912108776,34.19217189269638
4180,36.1788409205,36.17442233,,32.770028308294116,34.48881188,34.19028950899333
4181,36.1493836505,36.177368057,,32.74126415052941,34.465503464532404,34.18189395471475
4182,36.171476603,36.1376007425,,32.83518085841177,34.23689653215867,34.149422845405766
4183,36.1965152825,36.17442233,35.33417909744828,32.90917058952941,34.505594674552036,34.22596052572681
4184,36.170003739500004,36.1464379235,35.33520130334507,32.772107645,34.498898297460855,34.205472902317
4185,36.1582208315,36.153802241,35.30408191637584,32.769335196058826,34.442850128227555,34.20389466930767
4186,35.9991515735,36.1287635615,35.375874162826086,32.719604393176475,34.42761136887238,34.15327536289883
4187,36.177368057,36.171476603,35.344531576990136,32.836220526764706,34.204021523873294,34.191950053398784
4188,36.2024067365,36.156747968000005,35.35801807266216,32.89114967141177,34.47754238847059,34.226271653796424
4189,36.2038796,36.181786647500005,35.35667006281879,32.83587397064706,34.38927056902098,34.22851685286742
4190,36.193569555500005,36.119926380500004,35.355905623597316,32.89548162288236,34.42880269026689,34.229435191771394
4191,36.0875233835,36.100779155,35.35356128340909,32.8140409352353,34.38144507371001,34.15848404184834
4192,36.17442233,36.168530876000005,35.34629230277551,32.80520375423529,34.39307709171031,34.159020754612776
4193,36.175895193500004,36.168530876000005,35.35965016464865,32.774706815882354,34.43528490023761,34.175650186748186
4194,36.147910787,36.170003739500004,35.347681670612246,32.86151912335294,34.43811216160098,34.17729539117068
4195,36.2112439175,36.177368057,35.3571685592,32.894095398411764,34.46480779900213,34.207184646924645
4196,36.200933873000004,36.1552751045,35.358243646351355,32.907091252823534,34.477719314722705,34.198392977192015
4197,35.918144081,36.109616336,35.410525384374104,32.744209877529414,34.477947050124484,34.16456589941177
4198,36.200933873000004,36.1670580125,35.37769557836735,32.90726453088235,34.48537022626156,34.20287252137548
4199,36.183259511,36.165585149,35.36593968986487,32.889936725,34.480047245541236,34.22393978521466
4200,36.1876781015,36.1611665585,35.35479369581081,32.92927084435294,34.48734617492421,34.20904841423983
4201,36.189150965,36.1552751045,35.34903352622517,32.85840011829412,34.493584505418326,34.23328553086437
4202,36.2024067365,36.162639422,35.35911486361842,32.95820828017647,34.46590067,34.22059162710921
4203,36.139073606000004,36.150856514,35.38882741213793,32.81871944282353,34.506482406994145,34.20408547624864
4204,36.206825327000004,36.162639422,35.36976754268,32.924592336764704,34.45223895025619,34.16558954077922
4205,36.1994610095,36.1670580125,35.363365496,32.936375244764704,34.503342305844214,34.21699205569675
4206,36.1670580125,36.1582208315,35.35672469039474,32.91228959458824,34.439822284786544,34.18265768923077
4207,36.131709288500005,36.1552751045,35.3661584816,32.958381558235295,34.45816454351294,34.22464831226349
4208,36.1022520185,36.1287635615,35.39019766234694,32.79064839729412,34.49739915403205,34.18480322060201
4209,36.2819413655,36.150856514,35.355213738490264,32.94538570382353,34.43009611802829,34.21204110391817
4210,36.2465926415,36.162639422,35.33797063382353,32.95699533376471,34.46647672328,34.18923096777547
4211,36.1847323745,36.1611665585,35.35685642847666,32.75928506864706,34.41731211723564,34.17414745155715
4212,36.1287635615,36.147910787,35.35234715136578,32.78354399688236,34.40446882837305,34.12566673439196
4213,36.253956959,36.17442233,35.33775624775676,32.86117256723529,34.45611695136167,34.14014215603912
4214,36.251011232,36.181786647500005,35.317341828885134,32.67385898564706,34.3590943103871,34.141161105478695
4215,36.259848413,36.1228721075,35.30691141523166,32.61061249417647,34.336913373837916,34.13149548454867
4216,36.2112439175,36.1346550155,35.28881949191946,32.57214476511765,34.342776738936706,34.10844375870365
4217,36.186205238,36.1464379235,35.31077283586301,32.57318443347059,34.326844719030646,34.15485666767567
4218,36.180313784,36.139073606000004,35.31417653085715,32.75581950747059,34.38331777963017,34.15336308061798
4219,36.1847323745,36.112562063,35.34889492682692,32.86463812841177,34.429221186242906,34.17677813071063
4220,36.215662508,36.1110891995,35.33974958260204,32.904318803882354,34.4771602309989,34.16264894883893
4221,36.2053524635,36.109616336,35.35179331732877,32.91506204352941,34.5033062,34.177626006075776
4222,36.147910787,36.112562063,35.360423560154445,32.85805356217647,34.49189497377761,34.16484077345097
4223,36.159693695,36.1228721075,35.366582184578526,32.81421421329412,34.508953603076925,34.14354157277348
4224,36.0345002975,36.1022520185,35.38393325756113,32.79168806564706,34.56568262625,34.168993706238886
4225,36.119926380500004,36.0757404755,35.38545905990038,32.83448774617647,34.614704618685124,34.165979615967935
4226,36.1405464695,36.0462832055,35.370622020038354,32.82270483817647,34.57487288708241,34.141989240321934
4227,36.162639422,36.033027434000005,35.3650674716,32.80208474917647,34.592773835792904,34.09249716647786
4228,36.1434921965,36.0757404755,35.364954987382646,32.848696547,34.579046576495756,34.11085581385692
4229,36.100779155,36.059538977,35.391099415510205,32.83587397064706,34.608972567064086,34.152532515782525
4230,36.094887701000005,36.074267612,35.38048818141898,32.76015145894118,34.59339490129899,34.10730176060023
4231,36.071321885,36.071321885,35.380657638389266,32.88525821741177,34.58720718857578,34.16787497958763
4232,36.0786862025,36.062484704,35.363840768906634,32.856667337705886,34.56917141999254,34.17693125505435
4233,36.0492289325,36.0875233835,35.38790398674608,32.83483430229412,34.63385436665241,34.16327315744998
4234,36.0669032945,36.062484704,35.39623290941892,32.750101331529414,34.51784203282448,34.153182461462535
4235,36.121399244,36.024190253,35.374028394250324,32.730174354764706,34.38913945527855,34.08620341811024
4236,36.295197137,36.1847323745,35.40328749479452,32.73745203323529,34.58048130404234,34.221781946758426
4237,36.083104793000004,36.033027434000005,35.395238857236365,32.85216210817647,34.572880632947935,34.22994016265396
4238,36.071321885,36.033027434000005,35.393166434150004,32.812654710764704,34.53160265127245,34.112204200792526
4239,36.1110891995,36.05659325,35.37467495382003,32.862038957529414,34.50383546828488,34.18398061045252
4240,36.119926380500004,36.074267612,35.35594683269231,32.798272631882355,34.53187063609565,34.12545048073153
4241,36.112562063,35.8665938585,35.34861791832709,32.78510349941177,34.666076209318184,34.171429663682396
4242,36.183259511,36.159693695,35.38350609652866,32.86134584529412,34.50323655604755,34.113577919443635
4243,36.1376007425,36.133182152,35.40306267414286,32.914542209352945,34.56540231503513,34.16566352222465
4244,36.003570164,36.05659325,35.427744573043476,33.082448648352944,34.46107685089193,34.24067975094431
4245,36.1582208315,36.11550779,35.40329616884908,33.11710426011765,34.380642869321946,34.212665989466196
4246,36.1582208315,36.121399244,35.398653420681114,33.066680345,34.47946554269753,34.19316698051724
4247,36.156747968000005,36.1641122855,35.39424359284793,33.075517526,34.45082844320373,34.21616686866995
4248,36.153802241,36.156747968000005,35.39112605926134,33.0438076412353,34.52935720849777,34.214222709456564
4249,36.1110891995,36.1582208315,35.39511733229474,32.956822055705885,34.426841162694345,34.13317522306851
4250,36.1434921965,36.162639422,35.38530414851429,33.064427730235295,34.47039551228883,34.17799052130884
4251,35.9696943035,36.0993062915,35.35449070997447,32.98038787170589,34.439629625772234,34.213938812808166
4252,36.000624437,36.108143472500004,35.37146305723377,33.076557194352944,34.437658132783504,34.2030115253222
4253,36.052174659500004,36.0875233835,35.351522792259615,33.09059271711765,34.474953694992095,34.265673993669886
4254,36.050701796,36.0786862025,35.350853064615386,32.93828130341176,34.496124212156076,34.28127894290698
4255,36.027135980000004,36.0934148375,35.35402083799279,33.041728304529414,34.5040825945369,34.28823410681462
4256,36.065430431,36.112562063,35.35836304309833,33.01417709317647,34.580975615,34.29949584888503
4257,36.059538977,36.118453517,35.367331388194806,32.90033340852941,34.630066526912586,34.27983244654676
4258,36.0993062915,36.1110891995,35.370398087486485,32.961500563294116,34.60666167537975,34.187134310000005
4259,36.127290698,36.121399244,35.38950558975764,33.01539003958824,34.53807449668735,34.32054594426229
4260,36.130236425,36.1258178345,35.38438569173538,33.001874351,34.53916618769231,34.23854522474706
4261,36.136127879,36.0727947485,35.388281436875005,32.954396162882354,34.36074092383164,34.25660116059516
4262,36.153802241,36.097833428,35.35928573325352,32.92216644394118,33.88346759422351,34.158939971651634
4263,36.106670609,36.106670609,35.37123489618705,32.673685707588234,34.50324720884929,34.15119785162325
4264,36.124344971,36.0963605645,35.28042048663393,32.74282365305882,34.1054705428904,34.138538306713805
4265,36.0963605645,36.033027434000005,35.258518897556655,32.493303248352944,34.18687928551351,34.090186660589815
4266,36.08605052,35.9549656685,35.22922213065541,32.477708223058826,34.00474202931034,34.061565597056756
4267,36.0669032945,36.0492289325,35.265003256174495,32.50092748294118,33.84037412474279,34.10877989767913
4268,36.088996247,36.083104793000004,35.27819464431292,32.43594821088235,34.00517955968862,34.06238282857143
4269,36.147910787,36.091941974,35.29490637819355,32.55013845164706,33.884111034285716,34.074861032366414
4270,36.112562063,36.118453517,35.31275793368303,32.69933086029412,34.06734553628963,34.1209264741717
4271,36.114034926500004,36.11550779,35.306757662857144,32.81490732552941,34.14303708887273,34.13884801507082
4272,36.0698490215,36.094887701000005,35.30822456705882,32.73225369147059,34.243201649750986,34.13424264661157
4273,36.124344971,36.0934148375,35.29309965635165,32.872608919117646,34.257167196647856,34.139392612157394
4274,36.109616336,36.108143472500004,35.286520171904456,32.701410197,34.056909731789474,34.12677929073892
4275,36.059538977,36.114034926500004,35.277362505543124,32.79931230023529,34.28021115608715,34.07155145917273
4276,36.094887701000005,36.131709288500005,35.27542078065349,32.81750649641177,34.42262517173582,34.14228099435898
4277,36.033027434000005,36.106670609,35.24677891656051,32.85112243982353,34.05468831585052,34.1927250261279
4278,36.050701796,36.0875233835,35.25253020180189,32.804164085882356,34.327495390008764,34.13153372550633
4279,36.0963605645,36.0816319295,35.27658131808442,32.75374017076471,34.489166592610836,34.07870334852549
4280,36.136127879,36.0993062915,35.2772813808417,32.909343867588234,34.3074554618851,34.08026388541235
4281,36.080159066,36.106670609,35.257165299058826,32.67004686835294,34.40324227590519,34.08183859714388
4282,36.1670580125,35.932872716,35.25347633532759,32.92337939035294,34.48514066429681,34.239558753868515
4283,36.1582208315,36.147910787,35.211684728132425,32.62984635870588,33.96434948125776,34.146559460727815
4284,36.119926380500004,36.1051977455,35.20802125785714,32.65618462364706,34.2388095790791,34.09893884789196
4285,36.136127879,36.118453517,35.21098348752941,32.763790298176474,34.24767905183853,34.08543984798512
4286,36.189150965,36.1022520185,35.18321166753677,32.83829986347059,33.78111167272728,34.07489161448925
4287,36.0315545705,36.106670609,35.154817752291024,32.74802199482353,34.10682973852239,34.04853563006564
4288,36.131709288500005,36.062484704,35.103222298420974,32.69603857717647,34.194933091475164,34.13261191354537
4289,36.147910787,36.094887701000005,35.15101214164963,32.73225369147059,34.448936286234066,34.15313785781818
4290,36.2200810985,36.1051977455,35.201734983646524,32.90778436505882,34.4829499687886,34.21208153823009
4291,36.103724882,36.1287635615,35.203455739829614,32.75997818088236,34.473771797508654,34.16648540378581
4292,36.142019333,36.139073606000004,35.202049177019234,32.80243130529412,34.44438342961727,34.19238466769231
4293,36.165585149,36.159693695,35.174350746085345,32.749234941235294,34.44634600595383,34.11105550866062
4294,35.934345579500004,36.044810342,35.17874556309286,32.74698232647059,34.39175821923729,34.20525891681904
4295,36.2230268255,36.1464379235,35.16013249934106,32.796713129352945,34.342346092450704,34.11680509050633
4296,36.121399244,36.139073606000004,35.14009350185729,32.60073564482353,34.049045769959584,34.05698455303944
4297,35.988841529,36.1022520185,35.132896077940615,32.68009699576471,34.34143638132296,34.068280557728315
4298,36.153802241,36.131709288500005,35.11667764451923,32.56746625752941,34.42040287957993,34.071921052336194
4299,36.0610118405,36.109616336,35.12597682675713,32.653065618588236,34.40508196067757,34.13419401748897
4300,36.071321885,36.0845776565,35.113097480314515,32.820972057588236,34.421060159,34.13504749750175
4301,36.112562063,36.0904691105,35.148616221764705,32.814387491352946,34.447298634699095,34.16483419482428
4302,36.1169806535,36.094887701000005,35.140261743928576,32.75339361464706,34.39040453769355,34.060364708144895
4303,36.11550779,36.0904691105,35.15063190530613,32.74455643364706,34.411447794203404,34.11340101477457
4304,36.0698490215,36.1228721075,35.14126771430657,32.55724285205883,34.44876881668821,34.04576547782816
4305,36.097833428,36.1258178345,35.14171021217391,32.42763086405883,34.35881296956726,33.981122997170175
4306,36.0934148375,36.097833428,35.07292723817637,32.59882958617647,33.89133820237419,34.04754285246042
4307,36.1376007425,36.038918888,35.04484267119374,32.61390477729412,33.64463849529249,33.996588548896284
4308,36.109616336,36.0345002975,35.05246388716263,32.57075854064706,34.18643342213571,33.98287649236943
4309,36.112562063,36.062484704,35.03951290310968,32.651332838,34.14430744363355,34.05558540866069
4310,36.11550779,36.0786862025,35.02566605773323,32.66450197047059,34.196171047877414,34.03412972616439
4311,36.1376007425,36.114034926500004,35.07938033652174,32.67559176623529,34.356699573497124,34.06725211870861
4312,36.1051977455,36.1641122855,35.10868534942536,32.572837877352946,34.39224533262593,34.086218458754104
4313,36.147910787,36.1611665585,35.0997319941751,32.70764820711765,34.242217504201406,34.04225041651488
4314,36.059538977,36.0786862025,35.072959604531896,32.76171096147059,34.36280634917256,34.0968034272141
4315,36.1906238285,36.1051977455,35.03818432234483,32.630712749000004,34.224929015094936,34.07463269298013
4316,36.112562063,36.030081707,35.062003968211926,32.55499023729412,34.03828321917902,34.03228458300738
4317,36.0698490215,35.9873686655,35.06329282205883,32.64180254476471,34.12455514954028,34.057448884459205
4318,36.0374460245,35.9608571225,35.08375844351724,32.67351242952941,33.941809224832056,34.04101796040567
4319,36.0757404755,36.0462832055,35.099440658120805,32.63417831017647,34.26218443668696,34.0153392367362
4320,36.171476603,36.1110891995,35.11265048246713,32.53610292888236,34.35997137084761,34.05090379761937
4321,36.1169806535,36.0786862025,35.12347632397793,32.742650375000004,34.25693895245916,34.12249166560026
4322,36.0492289325,36.0698490215,35.097906397850004,32.65566478947059,34.32388562094737,33.99919275819435
4323,35.932872716,36.091941974,35.123745367517486,32.68841434258824,34.27271672705558,34.02238941955272
4324,36.121399244,36.08605052,35.12812382357584,32.82027894535294,34.37587627823282,34.05642859517483
4325,36.074267612,36.133182152,35.13187597746884,32.72445617882353,34.42379939141536,34.05038171857143
4326,36.0786862025,36.108143472500004,35.12354006388041,32.749234941235294,34.43977335226087,34.12299908074849
4327,36.0551203865,36.108143472500004,35.122324171047566,32.79931230023529,34.43758404937077,34.0961789920607
4328,36.0610118405,36.106670609,35.129556843227604,32.74958149735294,34.385941419710804,34.07975924697674
4329,36.118453517,36.0757404755,35.15570014925514,32.62274195829412,34.35851230763264,34.03740027737019
4330,36.08605052,36.053647523,35.14806269463235,32.502313707411766,34.319089437258064,33.992921086612185
4331,36.1228721075,36.077213339000004,35.14098930860508,32.65601134558824,34.34079649535881,34.05277935638786
4332,35.99767871,36.0462832055,35.12160560021779,32.53385031411765,34.17095863976654,33.99959945800494
4333,36.0639575675,36.021244526000004,35.110074676698844,32.456568299882356,34.20844124608812,33.99507388555636
4334,36.052174659500004,36.0904691105,35.12339005357143,32.76569635682353,34.286486548186865,34.058779830632126
4335,36.0875233835,36.0256631165,35.07906240895294,32.659996740941175,34.16391847263804,34.000865387327934
4336,36.05659325,36.0256631165,35.01253941701592,32.512883669000004,34.25082505207416,33.97513106207801
4337,35.980004348,35.996205846500004,35.06485333689344,32.50837843947059,34.380656652535656,34.03425129988239
4338,36.065430431,36.0963605645,35.09679413196552,32.571105096764704,34.33395786819086,33.998068311263275
4339,36.118453517,36.0934148375,35.13053441869533,32.662422633764706,34.38552255088987,34.07569116855491
4340,36.015353072,36.088996247,35.09215989232143,32.54545994405883,34.2734313379373,34.016392913630014
4341,36.0669032945,36.097833428,35.07619360336149,32.488971296882355,34.16062194046869,33.98460576209137
4342,36.100779155,36.121399244,35.04834075182886,32.533503758,33.99333689328302,33.96566122794493
4343,36.041864615,36.0816319295,35.02855474938215,32.47736166694118,33.84235757735849,33.95023553882238
4344,36.05659325,36.074267612,35.04874067397059,32.526226079529415,33.78352146006737,33.96767403234459
4345,36.018298799,36.1051977455,35.05686608439359,32.47666855470588,33.8712575399022,33.95670797744141
4346,35.9638028495,36.130236425,35.08487458230685,32.56538692082353,34.25166016002608,34.009263125030465
4347,36.0610118405,36.136127879,35.13138603732394,32.42832397629412,34.4628494107243,34.03056925985227
4348,36.100779155,36.112562063,35.10294335723214,32.632965363764704,34.358425718672294,34.02667247322785
4349,36.103724882,36.080159066,35.10701102575342,32.692573016000004,34.30068587272068,34.068890585321036
4350,36.094887701000005,36.114034926500004,35.10154802571253,32.60558743047059,34.3386982488394,34.022569305870945
4351,36.080159066,36.0993062915,35.08663511611842,32.57855605329412,34.070324566834174,33.99546765725942
4352,36.103724882,36.1022520185,35.06534423656855,32.575090492117646,33.921919759720694,33.98173638747984
4353,36.121399244,36.11550779,35.075227867439445,32.49590241923529,34.183888239983034,33.98184607108108
4354,36.108143472500004,36.118453517,35.06882851559985,32.584100951176474,34.16103625990041,33.95862543969286
4355,35.8135707725,36.0168259355,35.12834592017482,32.48758507241177,34.39414074820492,33.99206823107796
4356,36.170003739500004,36.080159066,35.11507795472414,32.53506326052941,34.44315244353469,33.947875484375004
4357,36.0610118405,35.918144081,,32.596230415294116,34.32208931555354,34.02059436532304
4358,36.038918888,35.926981262,35.104508099360004,32.76205751758824,34.32362894734694,34.05418948080841
4359,35.912252627,35.985895802,35.09153507541936,32.77938532347059,34.318865020170215,34.04058301007692
4360,35.822407953500004,35.9932601195,35.06571488894231,32.75859195641176,34.391008453101875,34.070609721617394
4361,35.8489194965,35.8989968555,35.071514626167584,32.77020158635294,34.360773973479766,34.07245067902888
4362,35.829772271,35.9873686655,35.08922160402597,32.71561899782353,34.34216675393527,34.11484052509974
4363,35.704578873500004,36.018298799,35.10753468198754,32.63452486629412,34.43437231016766,34.026108325959
4364,36.047756069,35.996205846500004,35.11852884973262,32.60628054270588,34.420431013308345,34.14457389716124
4365,36.0934148375,36.002097300500004,35.12318259317568,32.78700955805883,34.370976469187625,34.088817136920014
4366,36.1346550155,36.050701796,35.13486792408163,32.77401370364706,34.36461298007693,34.030155821875
4367,36.1493836505,36.0904691105,35.11780863175676,32.716138832,34.32037885919535,34.03313011156214
4368,36.0963605645,36.088996247,35.11507298243357,32.635737812705884,34.35584766127406,34.06914389248455
4369,36.05659325,36.062484704,35.08222864733591,32.573530989588235,34.2764377350628,33.99930668277821
4370,36.1641122855,36.274577048,35.20470846801749,32.554297125058824,34.40796949583828,34.101585951739935
4371,36.181786647500005,36.248065505,35.23531449153846,32.58167505835294,34.406996837840786,34.15518641361919
4372,36.133182152,36.139073606000004,35.218535079148936,32.60437448405882,34.23341740214749,34.22260149848989
4373,36.0904691105,36.094887701000005,35.16312377786207,32.831022185,34.16500233006353,34.243037675134595
4374,36.1847323745,36.1641122855,35.1645280006532,32.70452920205882,34.3324857921415,34.14499890566372
4375,36.1434921965,36.1994610095,35.22531478282609,32.584100951176474,34.356050759848884,34.14144532425993
4376,36.1552751045,36.230391143,35.23205814896438,32.65046644770588,34.412891533772694,34.14950946411491
4377,36.2038796,36.206825327000004,35.221936267517485,32.798272631882355,34.469757263488376,34.190082350817505
4378,36.2024067365,36.1994610095,35.218394633621735,32.62031606547059,34.405554702557545,34.23142705879363
4379,36.224499689,36.2613212765,35.22884907710937,32.781811216294116,34.428203777228056,34.254209455808294
4380,36.2495383685,36.215662508,35.221169041632656,32.73346663788235,34.40133901052899,34.23920871690423
4381,36.062484704,36.0904691105,35.204139786387636,32.631059305117645,34.50297465710195,34.105742745611224
4382,36.1788409205,36.168530876000005,35.19515874159156,32.71007409994118,34.45077171558772,34.047196733677886
4383,36.180313784,36.0610118405,35.21030321070588,32.72566912523529,34.40179644852978,34.23852980708823
4384,36.17442233,36.103724882,35.22121457181389,32.811615042411766,34.4358039723335,34.28924810802164
4385,36.186205238,36.08605052,35.225433819581085,32.87434169970588,34.45903796938796,34.277834202471574
4386,36.189150965,36.1405464695,35.22098984482962,32.84419131747059,34.43583999223464,34.252063500014486
4387,36.1346550155,36.150856514,35.2085503617995,32.850775883705886,34.43820931386047,34.24012612852136
4388,36.2038796,36.142019333,35.199768854198226,32.770894698588236,34.387490773127276,34.229536342568494
4389,36.136127879,36.168530876000005,35.215310695478266,32.79411395847059,34.50135803774518,34.20483349438004
4390,36.2024067365,36.153802241,35.21044165565941,32.67680471264706,34.46566247105122,34.208760098862804
4391,36.168530876000005,36.225972552500004,35.211496904,32.79030184117647,34.48766235562284,34.2188523656
4392,36.183259511,36.221553962,35.20426951938776,32.79463379264706,34.47819202494062,34.17512373437387
4393,36.221553962,36.162639422,35.25905709100719,32.63279208570589,34.41275637105872,34.16693185341273
4394,36.193569555500005,36.236282597,35.23283427404255,32.70383608982353,34.45038148068539,34.15176314499467
4395,36.2082981905,36.236282597,35.22332855925532,32.58929929294118,34.33634205082316,34.15704789608026
4396,36.193569555500005,36.2407011875,,32.69499890882353,34.441399261462266,34.15337872818245
4397,36.1847323745,36.212716781000005,,32.80589686647059,34.397576323781735,34.19892997475377
4398,36.109616336,36.1552751045,,32.60437448405882,34.31678751255814,34.16124746266883
4399,36.1552751045,36.1876781015,,32.65011989158824,34.36345740818898,34.17105941896888
4400,36.1523293775,36.225972552500004,,32.55464368117647,34.17686441529412,34.158434123019575
4401,36.131709288500005,36.2289182795,,32.50127403905883,34.373979791325304,34.14146452015669
4402,36.162639422,36.2082981905,,32.51894840105882,34.285242249411766,34.13852073092122
4403,36.177368057,36.23333687,,32.539395212,34.414398932399415,34.15021174864813
4404,36.121399244,36.2465926415,,32.648387111,34.358803565918365,34.18462592812578
4405,36.0050430275,36.2024067365,,32.60281498152941,34.36824172070061,34.1596833946285
4406,36.1376007425,36.225972552500004,,32.534716704411764,34.42035728711981,34.14072457465328
4407,36.156747968000005,36.236282597,,32.56781281364706,34.38364664981362,34.16649414284392
4408,36.156747968000005,36.2200810985,,32.56937231617647,34.43350226851794,34.16450392663014
4409,36.1876781015,36.215662508,,32.535583094705885,34.414537841830615,34.15742545304617
4410,36.177368057,36.197988146,,32.589472571,34.45951356786233,34.16748976783681
4411,36.189150965,36.165585149,,32.621875568,34.43230201510204,34.15316860636248
4412,36.1552751045,36.159693695,,32.5842742292353,34.413926684284604,34.169738681907155
4413,36.1641122855,36.2038796,,32.57214476511765,34.441456459503016,34.17764350632331
4414,36.170003739500004,36.189150965,,32.552391066411765,34.40426875393023,34.1580345756859
4415,36.1405464695,36.2053524635,,32.54286077317647,34.408390980878124,34.1640178885879
4416,35.8813224935,36.1464379235,,32.494862750882355,34.470932953625,34.17275300691849
4417,36.131709288500005,36.195042419,,32.636604203000005,34.44903665669145,34.169548280198086
4418,36.2230268255,36.2082981905,,32.57075854064706,34.46947666635812,34.189013705463324
4419,36.162639422,36.206825327000004,,32.58981912711765,34.42268869394902,34.19205507393882
4420,36.1847323745,36.212716781000005,,32.61823672876471,34.4763862312071,34.21614346691062
4421,36.212716781000005,36.209771054,,32.588779458764705,34.48060708986425,34.20694572796823
4422,36.23333687,36.209771054,,32.559842022941176,34.47537627852471,34.209640669716336
4423,36.218608235000005,36.212716781000005,,32.49312997029412,34.48093920983389,34.17911938335233
4424,36.009461618,36.1523293775,,32.48481262347059,34.479179820285715,34.19015389019896
4425,36.044810342,36.2112439175,,32.49936798041177,34.53400081032258,34.15620812215363
4426,36.1582208315,36.215662508,,32.68425566917647,34.53286076052651,34.186718566123595
4427,36.2024067365,36.2200810985,,32.59778991782353,34.482212581181045,34.140099763110804
4428,36.2819413655,36.2171353715,,32.609572825823534,34.48397074237942,34.13592783715183
4429,36.1729494665,36.224499689,,32.62586096335294,34.4206476220371,34.16704149682392
4430,36.2230268255,36.218608235000005,,32.63175241735294,34.45910283846154,34.169817080764204
4431,36.2112439175,36.225972552500004,,32.61650394817647,34.4797972397799,34.190335258366375
4432,36.0345002975,36.133182152,,32.519121679117646,34.408751707697164,34.170489220974275
4433,36.08605052,36.1876781015,,32.53766243141177,34.35738713692308,34.14494539928546
4434,36.052174659500004,36.2053524635,,32.661209687352944,34.30831661479817,34.14857047492788
4435,36.159693695,36.2053524635,,32.69447907464706,34.39989917726364,34.16845507690934
4436,36.1405464695,36.1611665585,,32.66640802911765,34.390866228959744,34.15752816783784
4437,36.2024067365,36.153802241,,32.724976013,34.450731643920264,34.16142540208289
4438,36.2024067365,36.162639422,,32.76794897158824,34.48529074451392,34.177288353606336
4439,36.2348097335,36.162639422,,32.69049367929412,34.493272252411494,34.17808497372141
4440,36.1788409205,36.170003739500004,35.30553444179311,32.70764820711765,34.49984504988061,34.19449831834768
4441,36.1847323745,36.181786647500005,,32.74802199482353,34.509069136398026,34.19050920478153
4442,36.165585149,36.162639422,35.31227856859155,32.717178500352944,34.50067731073254,34.17769057205284
4443,36.1641122855,36.1405464695,35.31765449829787,32.73710547711765,34.54510015640719,34.190831948314354
4444,36.1405464695,36.153802241,35.292516085892856,32.71301982694118,34.58437702305903,34.19513227064468
4445,36.133182152,36.175895193500004,35.28062503165563,32.806763256764704,34.567337716796715,34.21707545271575
4446,36.1906238285,36.171476603,35.297753303031584,32.661209687352944,34.55705584409449,34.18791085375537
4447,36.181786647500005,36.170003739500004,35.31468149010837,32.73104074505883,34.52769223199709,34.215156631600834
4448,36.162639422,36.1670580125,35.31817817387417,32.74836855094118,34.55504526305834,34.209027491563816
4449,36.2024067365,36.1729494665,35.31627063589575,32.76898863994118,34.572463347397836,34.20511903878465
4450,36.197988146,36.1346550155,35.29968611921513,32.64682760847059,34.527157254770394,34.16558275776596
4451,36.180313784,36.100779155,35.308899692828945,32.82946268247059,34.52014654984116,34.211116421148056
4452,36.153802241,36.147910787,35.29554652095891,32.77418698170588,34.49068979109303,34.21509913365343
4453,36.17442233,36.109616336,35.274655096689656,32.61130560641177,34.407537258762886,34.156408054025974
4454,36.256902686000004,36.147910787,35.27919017803572,32.69309285017647,34.50018700065574,34.217212321663695
4455,36.242174051,36.17442233,35.27063770043624,32.80243130529412,34.527915975263156,34.23557054012474
4456,36.2524840955,36.1847323745,35.264806380125,32.715272441705885,34.57591782203056,34.1932677120111
4457,36.2024067365,36.189150965,35.27859866630426,32.765003244588236,34.56916808338028,34.210290882297016
4458,36.293724273500004,36.181786647500005,35.26087100385135,32.70106364088235,34.52116712104626,34.22951927244858
4459,35.957911395500005,36.0875233835,35.27367531867133,32.60541415241177,34.583490965939575,34.223515540705456
4460,36.181786647500005,36.1287635615,35.27019665140625,32.659303628705885,34.589496417105266,34.1221711506875
4461,36.2672127305,36.1228721075,35.258890378400004,32.71544571976471,34.55959996241802,34.155185181830156
4462,36.253956959,36.112562063,35.2675311776,32.74195726276471,34.527682549306725,34.16298341911263
4463,36.23333687,36.136127879,35.27973727056723,32.674898654,34.51130967867411,34.129801470914614
4464,36.215662508,36.1434921965,35.272347699642104,32.74472971170589,34.570966256327495,34.10036546680982
4465,36.239228324,36.11550779,35.27913408464046,32.72064406152941,34.53050777922839,34.182529179945334
4466,36.253956959,36.1287635615,35.25495219841074,32.65462512111765,34.53911153694198,34.11869416944823
4467,36.248065505,36.130236425,35.27837499669173,32.69707824552941,34.509677302342595,34.105538707015235
4468,36.221553962,36.112562063,35.2651329786649,32.58981912711765,34.464919838836444,34.09051749828634
4469,36.23333687,36.127290698,35.28132638302889,32.77072142052941,34.51374668489521,34.176021371509435
4470,36.251011232,36.175895193500004,35.28117801709576,32.64232237894118,34.47719464388889,34.14732261941177
4471,36.239228324,36.165585149,35.2470048243775,32.86186567947059,34.44302472971983,34.22308830872652
4472,36.2141896445,36.0433374785,35.238017798514285,32.711806880529416,34.379566439851246,34.20270571396944
4473,36.168530876000005,36.062484704,35.21816104166456,32.687894508411766,34.22657615450644,34.15813033784869
4474,36.192096692,36.0993062915,35.23906533556962,32.621702289941176,34.32345106523689,34.190699008201726
4475,36.1376007425,36.0374460245,35.22593198409984,32.70574214847059,34.24757483001117,34.13944928702022
4476,36.177368057,36.142019333,35.23134307977742,32.76015145894118,34.453856120091885,34.14099803564845
4477,36.162639422,36.11550779,35.25107346547771,32.777999099,34.37169686943323,34.18262690991591
4478,36.1523293775,36.112562063,35.248790640629274,32.90951714564706,34.39089837739406,34.21899851019535
4479,36.1022520185,36.108143472500004,35.266903881595546,32.908997311470586,34.38748362633241,34.160405611460675
4480,36.065430431,35.906361173,35.24757282267733,32.689454010941176,34.61910600415888,34.181080789426325
4481,36.168530876000005,36.103724882,35.24443609795735,32.814387491352946,34.52394024158416,34.19834296452364
4482,36.162639422,36.1051977455,35.292988568605,32.848696547,34.52120819734694,34.25020172
4483,36.112562063,36.1582208315,35.30783923353521,32.83847314152941,34.462005706978985,34.21836834789573
4484,36.171476603,36.1729494665,35.321283681714284,32.79792607576471,34.4012513098542,34.21035633933106
4485,36.200933873000004,36.215662508,35.280942394169095,32.903452413588234,34.40415346639703,34.237543551804364
4486,36.183259511,36.2024067365,35.26453104753379,32.80693653482353,34.357003034264004,34.21053917963981
4487,36.1611665585,36.189150965,35.2661453722449,32.79896574411765,34.25525475964927,34.19733137961326
4488,36.165585149,36.162639422,35.22256969029896,32.64769399876471,33.85331272396104,34.13121988223287
4489,36.193569555500005,36.2053524635,35.25519627751351,32.62915324647059,34.18424899979546,34.15543388108372
4490,36.177368057,36.1965152825,35.233344749502265,32.64786727682353,34.10525050181818,34.159998250769235
4491,36.1670580125,36.1906238285,35.249002509520736,32.56642658917647,33.83612591164549,34.156888460409675
4492,36.181786647500005,36.162639422,35.24923149460526,32.677844381,34.040922942540604,34.16455086158331
4493,36.177368057,36.1788409205,35.26100508212317,32.609226269705886,33.89508131464789,34.159333801069984
4494,36.168530876000005,36.177368057,35.267001857119205,32.65479839917647,34.17083016161646,34.16717967375037
4495,36.1405464695,36.1641122855,35.26787972278146,32.742303818882355,34.095005396944956,34.170113616583386
4496,36.1434921965,36.1022520185,35.27517067439118,32.832235131411764,34.200567118785635,34.17199213836139
4497,35.928454125500004,36.074267612,35.30494882535211,32.6844289472353,34.23368899858133,34.1618127965163
4498,36.0786862025,36.0875233835,35.30715642867021,32.72410962270588,34.366508314445426,34.1766358456305
4499,36.0757404755,36.133182152,35.33951913457143,32.73710547711765,34.40803195023669,34.20053146630219
4500,36.127290698,36.1405464695,,32.71943111511765,34.405976307199,34.161159238813056
4501,36.153802241,36.1434921965,,32.76171096147059,34.37102725541596,34.17926448976791
4502,36.124344971,36.1876781015,,32.816640106117646,34.463236318444636,34.200845132788885
4503,36.1376007425,36.181786647500005,,32.87763398282353,34.46147457764856,34.196841750777
4504,36.153802241,36.181786647500005,,32.86255879170589,34.49439169976064,34.1997062936904
4505,36.150856514,36.17442233,,32.839686087941175,34.4811128537977,34.18365750775258
4506,36.1611665585,36.1729494665,,32.80970898376471,34.488244755907836,34.17107959504216
4507,36.168530876000005,36.168530876000005,,32.84471115164706,34.44898550276883,34.184339342723895
4508,36.1346550155,36.165585149,,32.89045655917647,34.467683158323624,34.17776325052308
4509,36.144965060000004,36.162639422,,32.88352543682353,34.47481351399217,34.187684106492256
4510,36.1611665585,36.181786647500005,35.30512813462069,32.82235828205882,34.47885369332177,34.18064725478261
4511,36.181786647500005,36.1376007425,35.323229965625,32.75460656105882,34.45790166251191,34.18084868986188
4512,36.114034926500004,36.139073606000004,35.350478836277375,32.780944826,34.332408098385876,34.16311790468975
4513,36.108143472500004,36.177368057,35.3055001190411,32.733639915941176,34.362499390020844,34.15515969398496
4514,36.1729494665,36.156747968000005,35.3089585114094,32.83916625376471,34.2473479078085,34.2177677230605
4515,36.0138802085,36.0610118405,35.27882953063858,32.752527224352946,34.46057620591185,34.16211610411806
4516,36.118453517,36.002097300500004,35.30003774154716,32.74871510705883,34.56072357125389,34.032583752415185
4517,36.0639575675,36.024190253,35.32638960851429,32.79220789982353,34.5052975096319,34.02795027357645
4518,36.1110891995,36.114034926500004,35.28338967140203,32.86567779676471,34.37220969153567,34.2257957203461
4519,36.119926380500004,36.127290698,35.27966170880774,32.859266508588235,34.433790105946734,34.193807239386345
4520,36.050701796,36.0993062915,35.31998945086358,32.71804489064706,34.52591464478765,34.12193171636761
4521,35.647137197,35.9755857575,35.306160205,32.698117913882356,34.5695811708648,34.07900878713568
4522,36.088996247,36.080159066,35.29925418591837,32.79809935382353,34.53850627129638,34.18210792525677
4523,36.1523293775,36.133182152,35.29214461424736,32.89270917394118,34.47869287091633,34.168835685136045
4524,36.1110891995,36.1228721075,35.28787956027397,32.78943545088235,34.433568940588714,34.15150925138462
4525,36.142019333,36.1346550155,35.294184626626716,32.77695943064706,34.42737275030717,34.163981836000005
4526,36.131709288500005,36.133182152,35.28740831167832,32.76708258129412,34.39770201879682,34.157133755718434
4527,36.147910787,36.1376007425,35.285451360174825,32.76517652264706,34.42499792821982,34.128611710298614
4528,36.109616336,36.1346550155,35.29153401225352,32.775573206176475,34.38014191637719,34.131158965454546
4529,36.1434921965,36.142019333,35.28370980972603,32.738318423529414,34.37926483171271,34.13591095728135
4530,36.1228721075,36.136127879,35.272949163150685,32.67628487847059,34.3728036690412,34.13507528847989
4531,36.1405464695,36.139073606000004,35.28918057810345,32.690666957352946,34.34553820118028,34.15321475056922
4532,36.1405464695,36.1287635615,35.27192274912752,32.68997384511765,34.34673647632374,34.13002993135041
4533,36.1641122855,36.1258178345,35.30118677202703,32.70695509488235,34.36871821708108,34.13835123826087
4534,36.1110891995,36.103724882,35.3160702125,32.715965553941174,34.390973518682685,34.10970026039474
4535,36.142019333,36.124344971,35.3032699186014,32.838992975705885,34.44932386909931,34.13328294282958
4536,36.0727947485,36.1228721075,35.29039306165493,32.82426434070588,34.417548497729086,34.11648872148872
4537,35.940237033500004,36.0816319295,,32.76950847411765,34.496592249460114,34.153848545816174
4538,36.0610118405,36.106670609,,32.81386765717647,34.46008517350524,34.12642601318624
4539,36.091941974,36.136127879,,32.81456076941176,34.44276919559925,34.155788383370535
4540,36.0845776565,36.144965060000004,,32.82027894535294,34.377239408367345,34.13955991768905
4541,36.139073606000004,36.1434921965,,32.84263181494118,34.3304483099711,34.1461054407784
4542,36.144965060000004,36.144965060000004,,32.73069418894118,34.25929581888127,34.10345808824068
4543,36.119926380500004,36.144965060000004,,32.77401370364706,34.34398000419249,34.10509642074947
4544,36.0993062915,36.1376007425,,32.78770267029412,34.382572988847166,34.12142033652174
4545,36.100779155,36.144965060000004,,32.72982779864706,34.40626658,34.11938904600571
4546,36.142019333,36.139073606000004,,32.77193436694118,34.383128530407866,34.11721456233439
4547,36.1022520185,36.144965060000004,,32.793940680411765,34.4204158270852,34.12568725390051
4548,36.139073606000004,36.127290698,,32.79446051458824,34.38442585757112,34.118164709447164
4549,36.1876781015,36.1376007425,,32.79030184117647,34.41694229767083,34.14439651093248
4550,36.150856514,36.1523293775,,32.78787594835294,34.380168746491805,34.13869741506733
4551,36.153802241,36.1493836505,,32.848349990882355,34.38883092469108,34.14969011577247
4552,36.0197716625,36.0963605645,35.33965202451128,32.77765254288235,34.40186579586494,34.19199652617185
4553,36.170003739500004,36.1287635615,35.31610361076531,32.896867847352944,34.47413957942341,34.164213245850874
4554,36.0433374785,36.1169806535,35.33820665281119,32.80191147111765,34.57058100318339,34.15486687188714
4555,36.1228721075,36.059538977,35.318396479091774,32.77418698170588,34.55344022999257,34.05760082937278
4556,36.0786862025,36.0551203865,35.3264457176,32.74507626782353,34.518638523654964,34.03026091268413
4557,36.0816319295,36.044810342,35.3228667594898,32.818546164764705,34.49477969234428,34.17620653995268
4558,36.0256631165,35.779694912000004,35.347327649,32.89028328111765,34.49760457965923,34.18407047088637
4559,36.1493836505,36.142019333,35.32855851489656,32.8700097482353,34.45263085960215,34.1615498782881
4560,36.074267612,36.112562063,35.31844487587413,32.783717274941175,34.451784746216,34.12102249072727
4561,36.0875233835,36.142019333,35.317957214489795,32.66536836076471,34.426144429661655,34.099828306617596
4562,36.0786862025,36.083104793000004,35.33264972291549,32.682349610529414,34.452338877533634,34.117986970840164
4563,36.0698490215,36.112562063,35.310916449107694,32.64526810594118,34.357721749419355,34.14622753623638
4564,36.0875233835,36.108143472500004,35.320247038352086,32.628806690352945,34.49464571284473,34.167421379604825
4565,36.136127879,36.100779155,35.32514897428572,32.75096772182353,34.52029042557994,34.07940960483003
4566,36.1994610095,36.144965060000004,35.325905559271526,32.86117256723529,34.49830999282749,34.10959788415211
4567,36.1788409205,36.144965060000004,35.338401441584004,32.81681338417647,34.48871997322569,34.13035028252475
4568,36.189150965,36.133182152,35.33695706737937,32.774360259764705,34.54682639019595,34.05486990655585
4569,35.8400823155,35.988841529,35.322533897583895,32.663635580176475,34.40688474742639,34.1084338869163
4570,36.193569555500005,36.109616336,35.30751460834559,32.90016013047059,34.33151485925952,34.14040266556066
4571,36.0551203865,36.047756069,35.32478778461567,32.81300126688235,34.435473945793625,34.10407608028512
4572,36.0727947485,36.103724882,35.34866894952941,32.780598269882354,34.433881014069726,34.165954302577546
4573,36.1464379235,36.119926380500004,35.34070982737968,32.9259785612353,34.47469550995483,34.194927141719745
4574,36.11550779,36.103724882,35.353687595529415,32.88837722247059,34.52350050197084,34.20566377734737
4575,36.1552751045,36.142019333,35.36157244478261,32.886297885764705,34.554754990565115,34.18868992240058
4576,36.1434921965,36.1287635615,35.36043026559767,32.89773423764706,34.45222899436943,34.22575319745303
4577,36.1582208315,36.130236425,35.35010403314216,32.89184278364706,34.46421807452936,34.18647951157037
4578,36.1641122855,36.150856514,35.33943361743421,32.93238984941176,34.42092455507452,34.173574971786834
4579,36.1434921965,36.1582208315,35.35322129966443,32.836567082882354,34.39695713071259,34.14424923732919
4580,36.097833428,36.121399244,35.343652887840506,32.700717084764705,34.41868117673519,34.089543782285716
4581,36.139073606000004,36.1641122855,35.35084663439034,32.80953570570588,34.47513456655573,34.147619498626675
4582,36.127290698,36.108143472500004,35.35457125562682,32.88508493935294,34.483235412554045,34.21186336079065
4583,36.103724882,36.05659325,35.345749502511985,32.877287426705884,34.295340642214875,34.16965075632854
4584,36.091941974,36.094887701000005,35.30138119838948,32.81560043776471,34.407416163138684,34.16221967245088
4585,36.024190253,36.053647523,35.28153484963752,32.87052958241176,34.30198668952592,34.11926519312658
4586,36.050701796,36.0492289325,35.32547020995504,32.925112170941176,34.5727296226014,34.112413430000004
4587,36.0904691105,36.0551203865,35.361840953078946,32.96046089494118,34.603649206015625,34.12127029291759
4588,36.027135980000004,36.0492289325,35.375122044026845,32.97622919829412,34.5039579771193,34.181020198372096
4589,36.068376158,36.077213339000004,35.366328449473684,33.03375751382353,34.45945051657965,34.199102654198285
4590,36.0109344815,36.121399244,35.363750298175674,32.95716861182353,34.52358717605277,34.13414259927771
4591,36.106670609,36.144965060000004,35.34632096777673,32.99061127717647,34.55430154489393,34.13025310169914
4592,36.108143472500004,36.11550779,35.338433866729325,32.837086917058826,34.539498326039734,34.10277728255822
4593,36.11550779,36.144965060000004,35.34080162795919,32.81871944282353,34.57057174888223,34.12083749732699
4594,35.9696943035,36.0374460245,35.35064874447553,32.80832275929412,34.577328213402595,34.13563240651676
4595,36.100779155,36.0904691105,35.35977590290479,32.866717465117645,34.54624961935543,34.137015238115055
4596,36.0963605645,36.0727947485,35.33767770216107,32.90501191611765,34.506277094024895,34.16128026323632
4597,36.0934148375,36.0816319295,35.348308327537595,32.883178880705884,34.536338401930394,34.149075419287925
4598,36.11550779,36.0875233835,35.35139806818792,33.030811786823534,34.4696650432209,34.15711114084942
4599,36.150856514,36.118453517,35.355595094885956,33.00949858558824,34.48317959393969,34.14020592492936
4600,36.144965060000004,36.121399244,35.33502193486577,32.84107231241177,34.514056188522304,34.09558711431074
4601,36.133182152,36.094887701000005,35.368703761830986,32.79186134370588,34.530435726291586,34.12387029289009
4602,36.1228721075,36.0963605645,35.35371577958042,32.86030617694118,34.46096968593886,34.103462073534885
4603,36.0256631165,36.103724882,35.355020761762916,32.831888575294116,34.53381567963636,34.1576233759714
4604,36.0698490215,36.0963605645,35.336593446530614,32.77384042558823,34.57159221078835,34.11386481303114
4605,36.0963605645,36.083104793000004,35.34940836092857,32.69187990376471,34.54637307725843,34.13359845294521
4606,36.119926380500004,36.119926380500004,35.347898637445255,32.66744769747059,34.54602678692644,34.25120290741722
4607,36.124344971,36.118453517,,32.780944826,34.50429208066615,34.20789783173818
4608,36.1110891995,36.114034926500004,,32.63868353970588,34.452392887634986,34.13770630660926
4609,36.0403917515,36.11550779,,32.66554163882353,34.37227437791045,34.10731583129275
4610,36.0993062915,36.1169806535,,32.65098628188235,34.35862011834836,34.12798011680409
4611,35.909306900000004,35.935818443,35.323203283315216,32.618583284882355,34.24283493076336,34.159471144130215
4612,36.0698490215,36.119926380500004,35.30767348647441,32.87503481194118,34.39572696043425,34.11338714276461
4613,36.0256631165,36.1110891995,35.31866873293919,32.657224292,34.55688390019106,34.07511377958424
4614,36.0727947485,36.0669032945,35.35335206984375,32.692919572117646,34.542837331437504,34.0560104041152
4615,36.0757404755,36.068376158,35.37752427309822,32.61996950935294,34.428205250179786,34.202745982325766
4616,36.1051977455,36.0875233835,35.34070670657358,32.854588001,34.52702248287956,34.14246487301784
4617,36.033027434000005,36.071321885,35.35787794782979,32.571798209,34.47670278607509,34.11325964039597
4618,35.891632538,36.0462832055,35.378785104,32.77314731335294,34.51343259670696,34.144298950348144
4619,36.0816319295,36.119926380500004,35.345380313884895,32.923899224529414,34.45496770049322,34.16360039020179
4620,36.058066113500004,36.100779155,35.328936005957445,32.813347823,34.43646650374118,34.11125675921468
4621,36.094887701000005,36.112562063,,32.83136874111765,34.44073066360656,34.11352664078488
4622,36.071321885,36.100779155,,32.71735177841177,34.49359197543714,34.108711876884875
4623,36.0757404755,36.1110891995,,32.80866931541176,34.500318914560836,34.10782074468455
4624,36.108143472500004,36.0993062915,,32.727401905823534,34.469189823300496,34.136409815721926
4625,36.0433374785,36.1258178345,,32.837086917058826,34.432740336861315,34.1452460121875
4626,36.059538977,36.124344971,,32.810402096000004,34.478414899583655,34.13147891652174
4627,36.038918888,36.1228721075,,32.74958149735294,34.484810224947,34.13725728628572
4628,36.044810342,36.100779155,,32.673339151470586,34.46895118570751,34.15164138603521
4629,36.052174659500004,36.1228721075,,32.767775693529416,34.46245908272867,34.131138600940204
4630,35.803260728,36.015353072,,32.63504470047059,34.521992221625,34.16776649380189
4631,36.044810342,36.124344971,,32.70123691894118,34.38876013373034,34.1003926550757
4632,36.0374460245,36.112562063,,32.62343507052941,34.38553644619729,34.11921284169456
4633,36.0315545705,36.1287635615,,32.63053947094118,34.35486772420225,34.11397689143058
4634,36.052174659500004,36.1346550155,,32.7138862172353,34.44934892789536,34.115151478596985
4635,36.0492289325,36.139073606000004,,32.68027027382353,34.4330274214006,34.10898864729189
4636,36.071321885,36.119926380500004,,32.66068985317647,34.42785909014307,34.09982752014831
4637,35.9667485765,36.124344971,,32.57578360435294,34.47107543651861,34.12120633020759
4638,36.033027434000005,36.112562063,,32.63400503211765,34.4432513024,34.10459132344952
4639,36.0698490215,36.119926380500004,,32.68720139617647,34.444622819359815,34.08749291719914
4640,36.0669032945,36.1051977455,,32.687894508411766,34.41860668385051,34.09183369342466
4641,36.088996247,36.103724882,,32.69343940629412,34.454685858409526,34.12195246247652
4642,35.7929506835,35.9431827605,,32.55897563264706,34.50944413050081,34.12608445326531
4643,36.0227173895,36.121399244,,32.651852672176474,34.39780784014326,34.080441515000004
4644,36.047756069,36.106670609,,32.69084023541176,34.41675129012162,34.116910802784275
4645,36.0669032945,36.097833428,,32.736412364882355,34.47378360140845,34.11542622631731
4646,36.038918888,36.11550779,,32.71007409994118,34.43355498286381,34.12932639646186
4647,36.0315545705,36.100779155,,32.68910745482353,34.46865717900872,34.13028368753449
4648,36.062484704,36.100779155,,32.68858762064706,34.4482757028125,34.12713688433345
4649,36.047756069,36.1169806535,,32.674552097882355,34.40580968460454,34.12788994387565
4650,36.030081707,36.1169806535,,32.64180254476471,34.401557448821755,34.11585569629783
4651,36.0816319295,36.106670609,,32.64734744264706,34.44035896489436,34.120043483858524
4652,35.7163617815,35.9549656685,,32.54684616852941,34.49064975900212,34.13837017239911
4653,36.033027434000005,36.118453517,,32.680443551882355,34.42939379692308,34.098211201356676
4654,35.988841529,36.1169806535,,32.676458156529414,34.41938740283737,34.104011811997196
4655,36.0168259355,36.1169806535,,32.69933086029412,34.413121181638594,34.11447144573514
4656,36.0639575675,36.1228721075,,32.610265938058824,34.41941090847471,34.1138567012478
4657,35.816516499500004,36.109616336,,32.649946613529416,34.42702084262295,34.10625194209531
4658,35.947601351,36.100779155,,32.62066262158824,34.40238484127106,34.087943749523106
4659,36.0286088435,36.114034926500004,,32.6225686802353,34.37475918956997,34.09651832443506
4660,36.0286088435,36.100779155,,32.62395490470588,34.372291017158055,34.12051953233645
4661,36.065430431,36.100779155,,32.64041632029412,34.33301469532335,34.10709546237487
4662,36.114034926500004,36.100779155,,32.636257646882356,34.36529057391304,34.1103049949828
4663,36.071321885,36.119926380500004,,32.66034329705882,34.364988387628046,34.10540466655783
4664,35.7222532355,35.926981262,,32.532117533529416,34.47706978005978,34.13165240044759
4665,35.8047335915,36.1051977455,,32.572837877352946,34.40565127675115,34.057097144497575
4666,35.912252627,36.1051977455,,32.56711970141177,34.3753081837844,34.06570601731815
4667,35.894578265,36.0934148375,,32.569545594235294,34.42250832156668,34.07529572
4668,35.912252627,36.1051977455,,32.58340783894118,34.39830625059547,34.05897153048736
4669,36.0050430275,36.091941974,,32.57231804317647,34.4068412399092,34.085882661805655
4670,35.841555179000004,36.074267612,,32.58479406341176,34.52105290570021,34.08679745824888
4671,36.0315545705,36.0875233835,,32.533503758,34.4165215574,34.05700815732247
4672,36.030081707,36.052174659500004,35.299669486086955,32.46609859311765,34.43833097478326,34.04104205183764
4673,35.9166712175,35.9726400305,35.34533207772388,32.49624897535294,34.533714584852206,34.07104888197811
4674,35.959384259000004,36.050701796,35.304606366057556,32.465752037,34.47810328580475,34.01716677375378
4675,35.988841529,35.9696943035,35.28422780893617,32.42815069823529,34.43626700916168,34.037724847153
4676,35.957911395500005,36.0256631165,35.27556360520979,32.41394189741177,34.439601113350825,34.022328851612905
4677,36.0168259355,36.0403917515,35.29079997410618,32.463499422235294,34.47201565964976,34.04399994528032
4678,36.0227173895,36.047756069,35.28386894484425,32.50318009770589,34.455212443284566,34.02150495826998
4679,35.9667485765,36.027135980000004,35.28396224919014,32.497981755941176,34.399068205940594,34.02770423734648
4680,35.950547078,36.0315545705,35.284563841323944,32.48671868211765,34.37803294162567,34.0234479075814
4681,35.985895802,36.0227173895,35.28502169280851,32.51721562047059,34.39052313513671,33.99411012214152
4682,35.924035535,35.991787256,35.27240753130986,32.449810455588235,34.39203864455423,34.01645517691416
4683,35.812097909,35.882795357,35.27761211,32.53385031411765,34.425717355885496,34.05498616508024
4684,35.971167167000004,35.996205846500004,35.27385965025352,32.46471236864706,34.37726594647081,34.032590872796995
4685,35.9873686655,36.0315545705,35.296502168857145,32.521894128058825,34.42216846450037,34.05983669910261
4686,36.021244526000004,36.047756069,35.30670440183454,32.504046488,34.45599981619228,34.0655889149119
4687,35.9844229385,36.035973161,35.297647729357145,32.51981479135294,34.41654672571644,34.082999848943274
4688,36.058066113500004,36.0462832055,35.295249065942855,32.53783570947059,34.45137628417566,34.09083572352532
4689,35.9667485765,36.0286088435,35.29523076085106,32.57716982882353,34.410039428734784,34.087996173432835
4690,35.8371365885,35.803260728,35.32119033847427,32.62222212411765,34.50018203405855,34.09551546116279
4691,36.009461618,36.0227173895,35.30952991487676,32.57647671658824,34.41800755755102,34.06618714634368
4692,35.929926989,36.0256631165,35.30532840659575,32.58046211194118,34.44583243048215,34.058741467593
4693,35.956438532,36.065430431,35.29892661778489,32.51998806941177,34.38397196441112,34.065646794960095
4694,36.015353072,36.050701796,35.29057314233948,32.541474548705885,34.42321315665411,34.03725085641416
4695,36.0138802085,36.0345002975,35.2868319128169,32.56434725247059,34.38208468070917,34.09023036905451
4696,35.9814772115,36.0698490215,35.29060926781432,32.55551007147059,34.39694688103139,34.056049963715765
4697,35.9932601195,36.0669032945,35.281134830781944,32.580288833882356,34.3740468623787,34.04495378440103
4698,35.9696943035,36.053647523,35.28651382961972,32.559148910705886,34.37239083855625,34.051115756594015
4699,36.027135980000004,36.0698490215,35.28473037804196,32.56746625752941,34.378235064075554,34.06219870549223
