frame,left_eye_temp,right_eye_temp,forehead_temp,nose_temp,left_cheek_temp,right_cheek_temp
0,36.975660074000004,36.931474169,36.24165241184375,31.944358358000002,35.65606752351779,35.65340553263158
1,36.9830243915,37.037520341000004,36.22550404163429,32.03896817811765,35.65085977697954,35.68413961403937
2,36.972714347,37.031628887000004,36.226939584090914,32.216578188411766,35.66244449162162,35.69160604867332
3,36.9594585755,36.9889158455,36.22718565171429,31.812493755235295,35.663200024272754,35.670848727914645
4,36.957985712,37.013954525,36.22068257485024,32.07449018017647,35.66786852046528,35.69254535087352
5,36.981551528000004,37.0213188425,36.22353183739442,32.059068432941174,35.68082508299838,35.64611140379888
6,36.978605801,37.0154273885,36.21612563061225,31.984385589588236,35.656495928897414,35.66313118329509
7,36.9800786645,37.0095359345,36.210714305165354,32.04589930047059,35.661117350837344,35.639691613433655
8,36.966822893,37.012481661500004,36.20354485829546,31.98005363811765,35.6455338266076,35.599972496668165
9,36.9653500295,37.019845979,36.20078648285413,32.18816058676471,35.661755462383724,35.62267991098685
10,36.9712414835,36.981551528000004,36.19849551322311,32.07119789705882,35.64832698056284,35.645921020801495
11,36.9800786645,36.9859701185,36.20472854215625,32.00275306382353,35.6394743076643,35.61833097030762
12,36.9653500295,36.984497255,36.20451416704082,32.20271594370588,35.64954298573936,35.62603098708861
13,36.9741872105,36.987442982000005,36.21169199694703,32.10758628941176,35.65292643334385,35.647684482813254
14,36.960931439,36.9889158455,36.209349234092656,32.11122512864706,35.64678186085649,35.62700582478578
15,36.9712414835,36.9889158455,36.20665192301236,32.19041320152941,35.66423534513235,35.65566106230769
16,36.963877166,36.981551528000004,36.20377940520408,32.024239543117645,35.64544435091988,35.61390139072503
17,36.984497255,36.9918615725,36.21757501651038,32.097882718117646,35.65725333247052,35.6743504377132
18,36.9741872105,36.9859701185,36.21868297348031,32.02579904564706,35.63693958482825,35.61119672651656
19,36.9830243915,36.9918615725,36.22319567228571,31.958740436882355,35.65712783098691,35.608505706297485
20,36.9682957565,36.9889158455,36.21318984501374,32.02839821652941,35.65262257020058,35.61751318773585
21,36.9300013055,36.9889158455,36.21140447674782,32.181229464411764,35.655502306365385,35.64065992141044
22,36.9300013055,36.9889158455,36.208346393305455,32.021986928352945,35.63801928744778,35.651301845517246
23,36.9300013055,36.9889158455,36.20226330357195,32.14622729652941,35.653879263667626,35.642965219167436
24,36.916745534,36.978605801,36.19878079816327,31.986811482411767,35.63372748870856,35.604589792505834
25,36.928528442,36.937365623000005,36.19838821682977,32.25123380017647,35.65265799660927,35.66689660629611
26,36.94031135,36.9859701185,36.18898105033144,31.948343753352944,35.63373766183581,35.63979338504081
27,36.9594585755,36.9859701185,36.19899723963455,31.96341894447059,35.64888837830606,35.62488136312471
28,36.949148531,36.996280163,36.20625010013289,32.03463622664706,35.64740567789474,35.6348384023066
29,36.963877166,36.993334436,36.208353449448055,32.060801213529416,35.65005262401157,35.59278783581043
30,36.9594585755,36.9977530265,36.20185508217091,31.93188233776471,35.62222524571702,35.601739965009344
31,36.9594585755,36.9918615725,36.20343841968894,32.113997577588236,35.64677544105263,35.618817385940595
32,36.9594585755,36.987442982000005,36.19998261872,32.12439426111765,35.637234599721786,35.61118170723589
33,36.962404302500005,36.9977530265,36.20871059228,32.06981167258824,35.64165352515005,35.619784837622994
34,36.9329470325,36.9859701185,36.207853653516366,32.10273450376471,35.64582474437624,35.623002907368424
35,36.928528442,37.000698753500004,36.21406463072,32.0393147342353,35.621278056681255,35.65601777729282
36,36.919691261000004,36.993334436,36.212999570792,31.914554531882356,35.61503935127762,35.735155628911535
37,36.9093812165,36.9800786645,36.23381977606557,32.08506014176471,35.63344900019252,35.724511992583956
38,36.8917068545,36.978605801,36.22143590442146,31.929283166882353,35.61094189716017,35.70727213064468
39,36.9034897625,36.944729940500004,36.21748817443787,31.874873856411767,35.60248399357302,35.64711381821429
40,37.0331017505,37.022791706,36.3295284077828,32.06565299917647,35.88202973661873,35.697673011743305
41,37.0272102965,37.0419389315,36.338213703076924,32.183655357235295,35.880311211153845,35.783616023687706
42,37.031628887000004,37.052248976,36.345682925384615,32.140162564470586,35.87890351053771,35.81661779
43,37.040466068,37.0419389315,36.345314303121626,32.08228769282353,35.87963065560354,35.840924513475706
44,37.002171617,37.0419389315,36.33590611832787,32.14865318935294,35.87240125076444,35.818425545699796
45,37.016900252,37.055194703,36.32588372614173,32.025452489529414,35.836582745143616,35.820369997265125
46,37.0183731155,37.074341928500004,36.33147764418605,31.97416218411765,35.840039177238495,35.86777654193403
47,37.040466068,37.074341928500004,36.34105984044616,32.00847123976471,35.849723931560035,35.87406408977978
48,37.0154273885,37.102326335,36.34620942370813,32.01748169882353,35.83877668858377,35.877101284198474
49,37.037520341000004,37.1303107415,36.352839658522726,32.08246097088235,35.828850920264316,35.889596609179925
50,37.0331017505,37.125892151,36.344677781984736,32.104120728235294,35.82200406634901,35.86174849323064
51,37.0360474775,37.0875977,36.33430110076336,32.16979311252941,35.82540337977294,35.87529669046453
52,37.0272102965,37.05814043,36.32411964098432,32.09372404470588,35.82497351182477,35.80560412167026
53,37.052248976,37.136202195500005,36.34873602896513,32.252966580764706,35.862811461222115,35.86054094966443
54,36.978605801,37.1096906525,36.352672582857146,32.05508303758823,35.85889883965607,35.76763320542964
55,37.055194703,37.114109243,36.32218311706156,32.11261135311765,35.83482446026299,35.798252992100004
56,37.046357522,37.114109243,36.32496138062112,32.29628609547059,35.83608402103598,35.77551509172131
57,37.052248976,37.1273650145,36.31829863944186,32.26457621070588,35.81618335180357,35.68788728031524
58,37.040466068,37.124419287500004,36.33064637137008,32.35190835235294,35.83257342244172,35.797629539036144
59,37.0389932045,37.0920162905,36.33195558337008,32.24967429764706,35.845606124502325,35.79864310189189
60,37.037520341000004,37.134729332,36.34140308957767,32.21016690023529,35.847640201482406,35.763834323478655
61,37.0301560235,37.128837878,36.33975383281119,32.29576626129412,35.84010072629375,35.81912898795337
62,37.02868316,37.147985103500005,36.349662187265736,32.28952825117647,35.84572640105393,35.90604650718147
63,37.0272102965,37.108217789,36.33466798520289,32.21137984664706,35.842740654500005,35.86828473837516
64,37.002171617,37.137675059,36.32582809510156,32.11018546029412,35.84000915710952,35.81237796051057
65,37.012481661500004,37.147985103500005,36.33390583085938,32.093204210529414,35.83784509866706,35.79298438293405
66,37.002171617,37.136202195500005,36.33537869435938,32.05976154517647,35.836546821825856,35.78893213
67,37.0154273885,37.1303107415,36.31668093691133,32.18573469394118,35.81901959089631,35.77999276614396
68,37.011008798,37.1538765575,36.321251978139536,32.15679725811765,35.83054949378797,35.87738289361099
69,37.016900252,37.181860964,36.324148110171876,32.24447595588235,35.838247773812824,35.865484665000004
70,37.025737433,37.167132329,36.329820935996096,32.20288922176471,35.84303909008101,35.85484582704918
71,37.0301560235,37.1037991985,36.31940110463961,32.22905420864706,35.82055550875637,35.85811312391781
72,37.019845979,37.128837878,36.32470701937008,32.085406697882355,35.81674470215041,35.812376109155
73,37.012481661500004,37.134729332,36.32770953002704,32.242743175294116,35.82781348236216,35.83090321975893
74,37.0331017505,37.1155821065,36.33007977789383,32.155064477529415,35.82535232551978,35.81045073829301
75,37.0272102965,37.1273650145,36.32297498970402,32.44859750917647,35.81429206599154,35.85972509614458
76,37.0213188425,37.1126363795,36.31981666166996,32.24568890229412,35.814694142966104,35.80392816941177
77,37.0301560235,37.1214735605,36.32468739603755,32.122661480529416,35.820141331227546,35.841683710276044
78,37.034574614,37.122946424,36.33031926661538,32.238064667705885,35.82609582102326,35.86694109801052
79,37.0478303855,37.14651224,36.31683197476589,32.256432141941175,35.841691192960155,35.84077262085529
80,37.0272102965,37.1185278335,36.316971725819364,32.045032910176474,35.824597445934835,35.801439591624835
81,37.0360474775,37.128837878,36.32827128716886,32.26561587905883,35.84521513615138,35.86641275276333
82,37.0655047475,37.136202195500005,36.33042242499645,32.144841072058824,35.83641168187161,35.83875360175804
83,37.052248976,37.137675059,36.331006130843754,32.078302297470586,35.835443053707365,35.840994150128154
84,37.0566675665,37.128837878,36.3324073968125,32.095630103352946,35.84622387839623,35.789379350187
85,37.0713962015,37.137675059,36.33066400778564,32.16650082941177,35.84847810207571,35.79673480972308
86,37.0655047475,37.140620786,36.33166073684375,32.215365242000004,35.84578534248358,35.82641455420979
87,37.074341928500004,37.131783605,36.34944147441972,32.13998928641177,35.84650354948342,35.8184780919583
88,37.0655047475,37.128837878,36.34173859272441,32.126993432,35.85374042556022,35.803879489326754
89,37.066977611,37.128837878,36.3494271528125,32.098749108411766,35.86206675598603,35.79790630370903
90,37.037520341000004,37.128837878,36.34814971357713,32.13721683747059,35.85604800846154,35.79446247731278
91,37.043411795000004,37.122946424,36.34534609353125,32.09337748858824,35.84719346316476,35.7773383304
92,37.022791706,37.0920162905,36.32799903453125,32.149173023529414,35.83509758466748,35.69609734629154
93,37.0301560235,37.105272062,36.328551116732285,32.153851531117645,35.841238816490254,35.73078282254398
94,37.0154273885,37.108217789,36.3251768400225,32.15991626317647,35.83490317835643,35.70502569725843
95,37.008063071,36.9741872105,36.316458435412095,32.11261135311765,35.83505388189461,35.70651245548959
96,36.9771329375,37.0154273885,36.31733217131429,32.13739011552941,35.830593795589834,35.70189031314286
97,36.996280163,37.102326335,36.322766291734695,32.150559248,35.82681214386801,35.74553138803789
98,36.9918615725,37.1096906525,36.30918276496652,32.059241711,35.82462288413223,35.643532998760016
99,36.999225890000005,37.0831791095,36.31935251358351,32.039661290352946,35.83110239597065,35.56113120607143
100,36.984497255,37.0875977,36.3152552841456,32.059241711,35.83262675470999,35.495659772
101,37.013954525,37.0448846585,36.3471073928,31.932748728058826,35.86900190329607,35.69314947699465
102,37.0272102965,37.0566675665,36.33637913737657,32.00535223470588,35.860026420836796,35.79569317039182
103,37.0036444805,37.072869065,36.3341666504375,32.283116963,35.8576225240652,35.79560261606341
104,37.019845979,37.0655047475,36.31582150757994,32.140162564470586,35.839447099488154,35.81222091738022
105,36.9800786645,37.075814792,36.322520594418606,32.22836109641177,35.84386215962447,35.77990626460986
106,36.9830243915,37.066977611,36.304746811629315,32.12127525605882,35.823562906350595,35.73841123680066
107,36.990388709,37.090543427,36.309398346594286,32.044686354058825,35.800903408584844,35.75576227429533
108,36.987442982000005,37.072869065,36.290822122343194,32.30945522794118,35.82218859085106,35.856104806461126
109,36.981551528000004,37.0566675665,36.300389471792,31.91438125382353,35.79949034148533,35.738590525701575
110,36.984497255,37.049303249000005,36.30027932534066,31.938466904000002,35.80353768418328,35.652244969644464
111,36.990388709,37.066977611,36.314057972375004,31.953888651235296,35.81999534887117,35.67488506225268
112,36.9859701185,37.019845979,36.296183955545004,31.997381444000002,35.778157861117286,35.67621761751543
113,36.9918615725,37.05814043,36.31524893168633,32.22524209135294,35.81949666160403,35.77829070440633
114,36.984497255,37.0890705635,36.304860128646155,32.26734865964706,35.80250441656869,35.77874703578948
115,36.987442982000005,37.0596132935,36.294780835688734,32.174298342058826,35.79241784948144,35.81787053324841
116,36.9830243915,37.013954525,36.282049136,32.202022831470586,35.785175749509094,35.79118966529124
117,36.981551528000004,37.0478303855,36.286393430170456,32.13998928641177,35.7994520052894,35.783328942264994
118,37.000698753500004,37.049303249000005,36.283628438883746,32.0010202832353,35.79468184936756,35.72381649134476
119,36.999225890000005,37.075814792,36.2782530946329,32.09268437635294,35.781918953233216,35.70336145871292
120,36.996280163,37.061086157,36.29288777743186,32.00517895664706,35.79529715509534,35.671278614827585
121,37.008063071,37.068450474500004,36.301475764082376,32.075183292411765,35.79276158795053,35.618695477421845
122,37.005117344,37.0448846585,36.29307347334884,32.19873054835294,35.79261459384228,35.64339960790323
123,36.999225890000005,37.002171617,36.30182074117006,32.20930050994118,35.81366778746108,35.62544816337079
124,37.008063071,37.02868316,36.308744080649355,32.31551996,35.837569681024576,35.58769712823944
125,37.011008798,37.0389932045,36.311867324489796,31.99980733682353,35.8379062090134,35.71653276565377
126,36.8799239465,37.052248976,36.32899265949091,32.180189796058826,35.87603382593868,35.76090536249308
127,36.91085408,37.0979077445,36.29330202594769,32.63209897347059,35.86422783978833,35.57911636345723
128,36.981551528000004,37.0713962015,36.317297355211416,32.10464056241177,35.86071032785416,35.71809868132502
129,36.9948072995,37.072869065,36.320586498285714,32.43508182058824,35.83331568173913,35.689279128163264
130,36.9771329375,37.0389932045,36.3080806462967,32.382058734588234,35.82847282156986,35.76950707014847
131,36.981551528000004,37.055194703,36.32784685480243,32.033769836352946,35.83791152212149,35.718524280083614
132,37.006590207500004,37.0360474775,36.31006549027668,32.15263858470588,35.82467287048338,35.68701127401403
133,36.990388709,37.011008798,36.32290811335404,32.09805599617647,35.81860368403852,35.76087879534884
134,36.999225890000005,37.062559020500004,36.285471005607036,31.963765500588238,35.82258540693374,35.75862942097938
135,36.996280163,37.037520341000004,36.26858801298137,31.974855296352942,35.79531081416867,35.66647048105135
136,37.025737433,36.993334436,36.2819086352,31.994608995058826,35.8186555,35.604951165410036
137,37.02868316,37.031628887000004,36.26688998472441,32.02475937729412,35.80652884538462,35.70235069538462
138,37.005117344,37.006590207500004,36.27860048,32.03584917305882,35.80239201000937,35.730287959834484
139,37.0154273885,37.0154273885,36.280739508884004,32.07189100929412,35.80677137656336,35.75870123764914
140,37.011008798,37.0448846585,36.272562170732,32.027011992058824,35.80388659323918,35.77191353719662
141,37.000698753500004,37.046357522,36.26965224882741,32.150385969941176,35.77825857305049,35.76649458797923
142,36.978605801,37.024264569500005,36.258632347973005,32.07466345823529,35.77627348316211,35.73763522725191
143,36.9859701185,36.996280163,36.251639009885245,31.901905233588238,35.766348223,35.71325603163636
144,36.9771329375,36.9977530265,36.253737063636365,31.95510159764706,35.77561479420163,35.705220820954146
145,36.9948072995,36.966822893,36.2663929627027,31.947997197235296,35.78690857018015,35.685474070711074
146,37.002171617,36.966822893,36.279523268718165,31.96636467147059,35.80194098397277,35.690104085595515
147,36.999225890000005,36.9358927595,36.28037774789474,31.941412631000002,35.80111199305085,35.674710741622356
148,37.000698753500004,37.02868316,36.27936310505495,31.984385589588236,35.80437410111967,35.72231605906161
149,37.0183731155,37.0360474775,36.30395878653846,31.981266584529415,35.80045131873736,35.75080708624829
150,37.008063071,37.062559020500004,36.295684225716535,31.84455019611765,35.80416961242164,35.720921955674235
151,37.006590207500004,37.043411795000004,36.289642006161415,31.993569326705884,35.79227518689019,35.71955264622407
152,36.999225890000005,37.068450474500004,36.28407881375,31.989757209411767,35.78590869479027,35.76374077989136
153,37.002171617,37.0875977,36.28553136833887,32.013323025411765,35.78884577506732,35.77370575123263
154,36.9741872105,37.0802333825,36.27064117953125,31.950423090058823,35.770782014638925,35.73285519889189
155,36.975660074000004,37.0802333825,36.28956471858648,31.889429213352944,35.77867107616005,35.753581295856755
156,36.9741872105,37.0802333825,36.291550046428576,32.05421664729412,35.798759598449564,35.74804310221312
157,36.9682957565,37.0861248365,36.28969800824777,32.04641913464706,35.78032702701628,35.79029738295082
158,36.9741872105,37.0655047475,36.27679620385835,32.043819963764705,35.77849938842779,35.725679884167036
159,36.9741872105,37.075814792,36.28025862832061,31.998421112352943,35.78773302829006,35.80122937843191
160,36.9388384865,37.090543427,36.28087133646154,32.140509120588234,35.78320116928374,35.78004010432007
161,36.9476756675,37.0949620175,36.30340427507692,32.124047705,35.8083235822119,35.83257664577637
162,36.946202804,37.1126363795,36.29266025482998,32.070504784823534,35.800987647322835,35.72180180055727
163,36.9535671215,37.105272062,36.2888593027351,32.027878382352945,35.806402836800004,35.64870412904868
164,36.9476756675,37.1067449255,36.290028910488196,32.10082844511765,35.805596448302246,35.77844107628673
165,36.956512848500005,37.0890705635,36.28925138641222,32.00725829335294,35.78404813206612,35.73573043978132
166,36.946202804,37.0478303855,36.29040628429671,31.980920028411767,35.784935721307114,35.72053444923775
167,36.955039985,37.0890705635,36.299786990697676,32.02216020641177,35.79804587348198,35.754886791243095
168,36.987442982000005,37.1067449255,36.2943597229699,32.02146709417647,35.79295201560446,35.726596911961856
169,36.9859701185,37.0861248365,36.29626114541472,31.992529658352943,35.78664408087194,35.73397848692171
170,36.96976862,37.0389932045,36.28163522202291,32.13184521764706,35.78355822021632,35.748402248065396
171,36.978605801,37.0478303855,36.29927819628125,32.04555274435294,35.79467671683525,35.72869866411515
172,36.9741872105,37.055194703,36.298613362062504,32.02839821652941,35.79212980999078,35.74780859148975
173,36.950621394500004,37.0537218395,36.300946845606305,32.09770944005882,35.796982979740264,35.758882212592596
174,36.9741872105,37.075814792,36.292623604035896,32.197344323882355,35.804448794026804,35.77820902644021
175,36.9771329375,37.066977611,36.292026627053055,32.144494515941176,35.80226936877367,35.74145553387141
176,36.952094258,37.0537218395,36.280217136172865,32.07310395570588,35.79374237027675,35.742405025952934
177,36.9358927595,37.061086157,36.284460099144596,31.954755041529413,35.79236689066831,35.67917533163934
178,36.931474169,37.0596132935,36.27515433833071,31.980920028411767,35.78911907772005,35.6814086186922
179,36.966822893,37.0389932045,36.283455141875,32.029437884882356,35.79313918446855,35.71756782190217
180,36.960931439,37.0596132935,36.28349412185827,32.12508737335294,35.7923272936918,35.762804061147925
181,36.957985712,37.0596132935,36.281938847784616,32.08523341982353,35.78931223582404,35.723798914723595
182,36.950621394500004,37.052248976,36.27207276162287,32.00379273217647,35.79162469326893,35.73032095043045
183,36.960931439,37.0655047475,36.281327672375,32.05612270594118,35.796651415278035,35.710864963950954
184,36.916745534,36.9918615725,36.28451995643695,32.00517895664706,35.80668338222857,35.707574097275206
185,36.919691261000004,37.061086157,36.285272465387095,32.00205995158824,35.800613302468356,35.67853626910314
186,36.944729940500004,37.043411795000004,36.27890981810709,31.93742723564706,35.80973591897436,35.62998996509474
187,36.984497255,37.043411795000004,36.295939822223254,31.97814757947059,35.820191837259664,35.652580960689654
188,36.9830243915,37.0183731155,36.287446323404254,32.010897132588234,35.79777595347587,35.64624098775628
189,36.9830243915,37.0389932045,36.293414840179224,31.983345921235294,35.78398215319857,35.6597365766914
190,36.950621394500004,36.996280163,36.30509614982558,32.05144419835294,35.82631284773842,35.638867553327444
191,37.012481661500004,37.0272102965,36.2935317618196,32.005872068882354,35.817885311741776,35.63591584899666
192,36.978605801,37.002171617,36.28205018170859,31.90415784835294,35.780261728274056,35.59338835217392
193,36.96976862,36.9948072995,36.28843468730897,32.02562576758824,35.80213384485987,35.4836408120642
194,36.952094258,37.019845979,36.27809870239423,31.94817047529412,35.808577842518645,35.3048447888294
195,36.984497255,37.0272102965,36.279342579680005,32.03671556335294,35.81149764147696,35.493339855178576
196,36.981551528000004,36.934419896,36.288014577123406,31.98646492629412,35.80837130490326,35.53272891670886
197,36.9859701185,37.0036444805,36.284660498115386,31.92824349852941,35.805147478378686,35.358068768410305
198,36.975660074000004,37.034574614,36.28062277902782,31.847149367,35.8006963113229,35.44896926616974
199,36.9741872105,37.055194703,36.28704154708777,31.971043179058825,35.80374229936489,35.595292938851415
200,36.9682957565,37.024264569500005,36.287400165846876,32.23823794576471,35.81250034009904,35.50072753678527
201,36.972714347,36.9300013055,36.298411944831734,32.12560720752941,35.805454950706256,35.594738371026494
202,36.955039985,37.0036444805,36.292977621880816,32.367676655705885,35.80973102889693,35.62920615339419
203,36.950621394500004,37.0389932045,36.27101896199049,32.219350637352946,35.8221884043737,35.62903000357683
204,36.943257077,37.034574614,36.26660857345865,31.859452109176473,35.80251975598027,35.77532596858427
205,36.960931439,37.0389932045,36.27602732718608,32.14189534505883,35.78548466395808,35.808342350581015
206,36.9594585755,37.046357522,36.28014365992481,32.00223322964706,35.78830778024544,35.730277484330415
207,36.950621394500004,37.0537218395,36.27966662805849,32.09926894258824,35.78734734833803,35.706423631689375
208,36.950621394500004,37.0507761125,36.2817372750193,31.81561276029412,35.78422104491429,35.77494580964706
209,36.962404302500005,37.0478303855,36.275503526653225,31.931362503588236,35.7841135025,35.75866989873518
210,36.963877166,37.0566675665,36.27560047772343,31.92235204452941,35.78566292573639,35.72127410025424
211,36.96976862,37.061086157,36.26494019263736,32.01817481105883,35.80102559705061,35.71567361483298
212,36.96976862,37.046357522,36.2597829524,31.93049611329412,35.790881628702856,35.72673498973684
213,36.9653500295,37.016900252,36.285887185,31.992876214470588,35.80497421446912,35.72352989277604
214,36.957985712,36.978605801,36.27359256181103,31.863957338705884,35.784870415423214,35.748999856842104
215,36.7473662315,37.0036444805,36.30455991646674,32.06998495064706,35.83766091041241,35.76827818206897
216,36.963877166,37.000698753500004,36.295253941652895,31.976068242764708,35.8080942373231,35.770678242258064
217,36.9889158455,36.996280163,36.26474145532773,31.821330936235295,35.82209814082369,35.69358620199014
218,36.9712414835,36.9977530265,36.28808823585943,31.86915568047059,35.82854942298488,35.630139786987954
219,36.9800786645,37.031628887000004,36.2752093016,31.998074556235295,35.814020373339865,35.765881197594254
220,36.9594585755,37.040466068,36.2802864896,32.12300803664706,35.8136825740198,35.80927856188955
221,36.957985712,37.0596132935,36.26933654706473,31.933788396411767,35.78866253455878,35.67829125621414
222,36.943257077,37.0507761125,36.2777667192669,32.091644708000004,35.7934453155618,35.68714842917408
223,36.94031135,36.9918615725,36.26026018129032,31.911782082941176,35.775386624052864,35.66203442686805
224,36.9241098515,36.9741872105,36.21258313534308,31.865343563176474,35.77187614219331,35.67514927734447
225,36.9358927595,36.984497255,36.24517395770492,32.09216454217647,35.79255517924928,35.70496367567568
226,36.943257077,37.0537218395,36.26374826816,32.08921881517647,35.79889983350047,35.681818822519084
227,36.943257077,37.052248976,36.26320780454546,32.07310395570588,35.783648958616716,35.72806304233086
228,36.950621394500004,37.0507761125,36.258848601030856,31.92408482511765,35.78611692846154,35.571106446571555
229,36.9270555785,37.0095359345,36.2696996967377,31.847669201176473,35.77804050175348,35.687466106935254
230,36.957985712,37.037520341000004,36.263035545920005,31.959433549117648,35.78821787004611,35.61443008928203
231,36.813645089000005,36.999225890000005,36.288187907134976,31.939679850411764,35.83572539078261,35.655537389008046
232,36.957985712,36.9948072995,36.24692633713672,31.93742723564706,35.77892256232992,35.68624288093498
233,36.963877166,37.006590207500004,36.291446140714285,31.986291648235294,35.81430949842991,35.66650190575193
234,36.957985712,36.984497255,36.28029830444,31.866556509588236,35.79066006728563,35.713096313426334
235,36.9476756675,37.024264569500005,36.28569954932654,31.833633678411765,35.82877582456389,35.688332915989655
236,36.872559629,37.0566675665,36.29476248847655,31.83190089782353,35.83417410325537,35.683885141325
237,36.962404302500005,37.012481661500004,36.31588029435216,32.06097449158823,35.815957184246834,35.825770247954544
238,36.978605801,37.031628887000004,36.30717364687563,32.00535223470588,35.820709938891724,35.82340645539563
239,36.846048086,36.960931439,36.3202449647205,31.901038843294117,35.82469538145504,35.811241034174294
240,36.9594585755,37.075814792,36.29367640265306,31.924777937352943,35.82316553603133,35.81675195727041
241,36.960931439,37.11705497,36.30606882461193,31.896360335705882,35.80549624978254,35.79429645668518
242,36.949148531,37.1037991985,36.2886086689701,31.912821751294118,35.79969455375712,35.76771295199011
243,36.96976862,37.1126363795,36.28481499428671,32.01557564017647,35.805396380075,35.75562096408462
244,36.949148531,37.096434881,36.290415995484615,32.0069117372353,35.81935818831169,35.752450142928375
245,36.937365623000005,37.128837878,36.28277237506494,32.026838714,35.803536133935566,35.71820442533024
246,36.956512848500005,37.1303107415,36.277296476914024,31.98750459464706,35.82122874502804,35.79409516690251
247,36.962404302500005,37.1126363795,36.281908376462454,32.04832519329412,35.81916951230284,35.76750505163954
248,36.946202804,37.136202195500005,36.2797340989876,32.118676085176475,35.811134685233114,35.812892636639745
249,36.946202804,37.1450393765,36.28695734119581,32.00933763005882,35.81996958821979,35.78759144068067
250,36.9300013055,37.1155821065,36.27483850305917,31.96307238835294,35.80555133997512,35.7349005848589
251,36.9535671215,37.0979077445,36.274852902033444,32.05075108611765,35.8177782868104,35.714708040026316
252,36.9594585755,37.093489154000004,36.26841368073846,31.995995219529412,35.80947439949658,35.71346112972705
253,36.9741872105,37.0713962015,36.27684228922791,31.960299939411765,35.800640668507185,35.71831909818027
254,36.9594585755,37.1067449255,36.26573213543307,31.866036675411767,35.784543451726506,35.588321506899334
255,36.96976862,37.11705497,36.257543654375,31.93205561582353,35.801858000857145,35.634889843922245
256,36.975660074000004,37.093489154000004,36.26036034846154,31.90796996564706,35.8095885183824,35.63806616487145
257,36.9918615725,37.081706246,36.2881151632967,31.882671369058826,35.80823016763401,35.677292664144474
258,36.9741872105,37.11705497,36.270101369767445,31.85737277247059,35.79686731155157,35.63949026362546
259,36.972714347,37.11705497,36.268122328372094,31.96688450564706,35.801498797831776,35.61425562955964
260,36.9329470325,37.064031884,36.25334513599038,32.015055806,35.79292836738637,35.7182428443344
261,36.9270555785,37.0596132935,36.25391750729911,31.954408485411765,35.789740781965605,35.693920970039805
262,36.9329470325,37.062559020500004,36.25901873795349,31.995648663411767,35.79421548449814,35.65004029023066
263,36.931474169,37.0331017505,36.26115031912946,31.942452299352944,35.79733086340267,35.6999526893934
264,36.931474169,37.062559020500004,36.26153210978327,31.989237375235295,35.80038070838832,35.6630125088131
265,36.944729940500004,37.0537218395,36.259270694989226,32.06963839452941,35.81078470924086,35.68947134970109
266,36.949148531,37.0537218395,36.24869454045313,32.00951090811765,35.79998308809859,35.67424149346457
267,36.949148531,37.0448846585,36.249661107125,32.07570312658824,35.79974981068615,35.6957349175989
268,36.957985712,37.0301560235,36.25499831952148,31.964631890882355,35.804901386075954,35.63511459667408
269,36.952094258,37.0301560235,36.2506033621077,32.100481889,35.808945692769186,35.71708754032609
270,36.9594585755,37.05814043,36.25284286514605,32.10775956747059,35.80197430291772,35.67220789527174
271,36.956512848500005,37.046357522,36.258757403000004,32.03221033382353,35.80116590755818,35.651667316860944
272,36.962404302500005,37.037520341000004,36.25957780815748,32.084193751470586,35.80156212411433,35.66562463296833
273,36.972714347,37.05814043,36.267875519075005,31.977454467235294,35.815043636,35.73455273992796
274,36.975660074000004,37.0596132935,36.26716670351563,32.01107041064706,35.81148266222152,35.66153720388664
275,36.9800786645,37.0331017505,36.27333323217027,31.949036865588237,35.8073652954582,35.693813189985896
276,36.899071172,36.9889158455,36.27858323672,32.055602871764705,35.806479293136576,35.642630399681174
277,36.9653500295,37.019845979,36.24747238336558,32.021986928352945,35.77905109620879,35.633388293818186
278,36.9417842135,37.0301560235,36.238429654131274,31.875740246705885,35.77890481498469,35.64071123078912
279,36.955039985,37.061086157,36.24744995332526,31.99374260476471,35.787047757225885,35.60741514169447
280,36.943257077,36.996280163,36.26545082019481,31.947997197235296,35.78619710664949,35.598113933401244
281,36.772404911,37.0154273885,36.268081201679394,32.04919158358824,35.825138419100604,35.45098276015267
282,36.9388384865,37.040466068,36.258162251516836,32.47060382264706,35.83488596185789,35.55133002338873
283,36.943257077,37.016900252,36.28730522660448,32.03082410935294,35.84107517773511,35.50947386156786
284,36.966822893,37.040466068,36.28130381019334,32.4546622412353,35.832711268755,35.65415821548872
285,36.9859701185,37.002171617,36.29131341464043,32.160955931529415,35.82441893148251,35.75042737096612
286,36.96976862,37.037520341000004,36.2693974208042,32.14865318935294,35.83158876006939,35.721722809316205
287,36.9211641245,37.022791706,36.26892699355482,32.16060937541177,35.83330317318488,35.73119089470882
288,36.931474169,36.854885267,36.286220306720004,32.016788586588234,35.8316125456572,35.719631958621235
289,36.633955742,36.996280163,36.281452721374116,32.0393147342353,35.84835958350534,35.679446306286856
290,36.9476756675,36.94031135,36.25151010512097,32.0334232802353,35.826130092001286,35.7269686822093
291,36.962404302500005,37.0213188425,36.24147610136722,32.08402047341177,35.8226601077312,35.7095118944948
292,36.957985712,36.946202804,36.263750209289476,31.861184889764708,35.82900430438917,35.68486192497583
293,36.9535671215,36.9918615725,36.228540448156686,32.06547972111765,35.82309431277612,35.71250617495864
294,36.7679863205,37.008063071,36.249480119661015,32.013323025411765,35.82985766861713,35.639284165778186
295,36.9329470325,37.0389932045,36.27367382857143,32.00171339547059,35.8298502789029,35.550710540000004
296,36.943257077,37.022791706,36.25664957168,32.01990759164706,35.845780991328354,35.59948363411409
297,36.949148531,36.9948072995,36.25422704303128,32.035329338882356,35.81727794900556,35.62339034527473
298,36.9300013055,37.005117344,36.263101660950554,32.208260841588235,35.82968636887607,35.74003095634211
299,36.949148531,37.025737433,36.284432505,32.11191824088235,35.841995581465966,35.71022376100041
300,36.9300013055,36.999225890000005,36.26286401018501,32.13877634,35.82717632764843,35.75427978176518
301,36.501398027,37.037520341000004,36.286387658761754,32.03480950470588,35.863178303199255,35.77659518421581
302,36.9152726705,37.000698753500004,36.289429832413795,31.980746750352942,35.85367623764387,35.63731658936631
303,36.863722448000004,36.962404302500005,36.26609935132446,32.29628609547059,35.87406078477794,35.46575462738687
304,36.963877166,36.966822893,36.262588476997855,32.10914579194118,35.854043501768956,35.57155631655847
305,36.928528442,36.902016899,36.28427528766154,32.03948801229412,35.86964290510781,35.60519055661794
306,36.9388384865,36.990388709,36.250837919499105,32.044513076,35.82552984296547,35.647435869121274
307,36.946202804,36.9771329375,36.21948914764572,31.941585909058826,35.82040724831814,35.728876773955136
308,36.934419896,36.944729940500004,36.22693906571429,31.981959696764708,35.830052204952054,35.64388328583261
309,36.957985712,36.9034897625,36.24015011612245,32.05785548652941,35.834173303105075,35.656987388190046
310,36.9859701185,36.937365623000005,36.24701902602041,32.07934196582353,35.8251140310249,35.672057888334834
311,36.978605801,36.944729940500004,36.240915603629375,32.027011992058824,35.84183937624503,35.7480013366593
312,36.9594585755,36.960931439,36.236219248032256,32.39020280335294,35.853127677928576,35.677318157716265
313,36.957985712,36.944729940500004,36.22235461744913,32.308415559588234,35.83806220518433,35.73293823331743
314,36.928528442,36.9948072995,36.21116521487023,32.22732142805882,35.84109799681069,35.67845356446675
315,36.928528442,36.946202804,36.23760499703297,31.99045032164706,35.84012516549344,35.67617129133254
316,36.949148531,36.9417842135,36.22143217483721,32.15922315094118,35.853980806388336,35.67522425038898
317,36.952094258,36.957985712,36.23668661164063,31.997034887882354,35.85668052828164,35.6091807802459
318,36.950621394500004,36.9270555785,36.2407593671393,31.820811102058826,35.846625908391964,35.529545395599214
319,36.963877166,37.000698753500004,36.269515770002066,32.04000784647059,35.85269044489362,35.677605870137675
320,36.96976862,37.0183731155,36.24979874832117,32.00223322964706,35.85218443726236,35.521763376669334
321,36.9771329375,37.019845979,36.259826429962686,32.06842544811765,35.860160238715345,35.59962526326477
322,36.981551528000004,37.022791706,36.25355512513427,32.086966200411766,35.850117587111114,35.63835607654845
323,36.9771329375,37.0183731155,36.28732182604082,31.925471049588236,35.86482599476343,35.63893262083806
324,36.9771329375,37.0331017505,36.28508168691427,31.954408485411765,35.86562801202276,35.587562084900384
325,36.978605801,37.078760519,36.28059452240642,31.975375130529414,35.8710217415142,35.60537593371841
326,36.9741872105,37.049303249000005,36.259195037462405,31.98455886764706,35.864082548349,35.49954972824
327,36.9771329375,37.046357522,36.28270197303977,31.928763332705884,35.872030509043945,35.51652590568645
328,36.9712414835,37.0566675665,36.28514006523855,32.02770510429412,35.86481019144783,35.52736861613151
329,36.963877166,37.0831791095,36.271701617852244,32.151598916352945,35.87745382887989,35.67537438327689
330,36.9712414835,37.0979077445,36.285879575904616,32.04693896882353,35.87244426760927,35.68674384770425
331,36.978605801,37.0301560235,36.28953657116279,32.0010202832353,35.87870879931214,35.66638234327373
332,36.975660074000004,37.025737433,36.26094168354417,32.18192257664706,35.881002946723584,35.46530195615894
333,36.975660074000004,37.005117344,36.27236411989429,31.944531636058827,35.87558970863583,35.62895401527407
334,36.9741872105,37.0360474775,36.25610960565385,32.097882718117646,35.86961246597238,35.56789848578082
335,36.96976862,37.024264569500005,36.27385062211617,32.15679725811765,35.87470983835129,35.70898639503993
336,36.937365623000005,37.034574614,36.267497197456706,31.947650641117647,35.87345126990975,35.61109000164949
337,36.9358927595,37.02868316,36.25176502072728,32.120928699941175,35.85726011209143,35.637474565027475
338,36.9270555785,37.02868316,36.250171677941616,32.07345051182353,35.84689044678322,35.6054623174231
339,36.934419896,36.9948072995,36.24970202,32.26145720564706,35.852557959589,35.66252639751797
340,36.9358927595,37.031628887000004,36.237676279434794,32.09407060082353,35.846636644612225,35.58291983318758
341,36.955039985,37.0360474775,36.25750401011628,32.306162944823534,35.853091392033846,35.69376455580917
342,36.9476756675,37.0183731155,36.24560665886492,32.05854859876471,35.849307506575585,35.66782202725275
343,36.949148531,37.013954525,36.25338802508659,32.16615427329412,35.86301439643027,35.71412354649099
344,36.9535671215,37.0183731155,36.26248893123705,32.06530644305882,35.85916798849552,35.689352162266545
345,36.9476756675,37.0360474775,36.26720097892952,32.169966390588236,35.8604100771504,35.73662353275671
346,36.9476756675,37.0419389315,36.24791636007478,32.182788966941175,35.85087119581578,35.710846985714284
347,36.949148531,37.0596132935,36.25246870663297,32.139816008352945,35.851332940464445,35.723253799860984
348,36.956512848500005,37.052248976,36.24771617199038,32.028571494588235,35.839977995036016,35.66235957236142
349,36.952094258,37.0419389315,36.27122854882732,32.17811045935294,35.858901458243004,35.77406879002758
350,36.949148531,37.0419389315,36.256048200305344,32.07968852194118,35.8579300078455,35.71915568722892
351,36.944729940500004,37.019845979,36.26569286071808,32.03117066547059,35.87133436746181,35.75497582891967
352,36.950621394500004,37.069923338,36.27443517891143,32.213459183352946,35.873369201813425,35.77764985692446
353,36.956512848500005,37.0713962015,36.28080219763672,32.20462200235294,35.876933333514984,35.80403474700378
354,36.946202804,37.0537218395,36.248957419067104,32.160955931529415,35.857743612477826,35.73764029601436
355,36.949148531,37.0566675665,36.262910113503935,32.25747181029412,35.85847623083836,35.77173448240964
356,36.956512848500005,37.0566675665,36.26159180244898,32.184521747529416,35.87471194078455,35.74463909064108
357,36.963877166,37.0566675665,36.272793633228346,32.34948245952941,35.8880675541223,35.78433501135586
358,36.9535671215,37.040466068,36.26215376456522,32.272027167235294,35.87734037244751,35.76450297879225
359,36.962404302500005,37.011008798,36.27241994082677,32.18348207917647,35.87745557625442,35.78905446140768
360,36.950621394500004,36.9800786645,36.25062557265117,32.113997577588236,35.87031830041268,35.77371644260643
361,36.9594585755,36.990388709,36.2583098311811,32.12352787082353,35.86480633583846,35.77407678682591
362,36.931474169,36.9889158455,36.249211283121674,32.160955931529415,35.8763161998164,35.75472379504588
363,36.94031135,36.999225890000005,36.26353031963369,32.2307869892353,35.87199377020653,35.79342156179368
364,36.944729940500004,37.000698753500004,36.258644110050554,32.03411639247059,35.87340933603494,35.731775380629855
365,36.94031135,37.006590207500004,36.263597163982716,32.10862595776471,35.884799845786986,35.734919861600005
366,36.937365623000005,37.006590207500004,36.25156547360352,32.05265714476471,35.88282865195122,35.691552371526015
367,36.949148531,37.011008798,36.24488589810039,32.19873054835294,35.88396529717096,35.71834342867139
368,36.952094258,37.0183731155,36.235917897342944,31.999460780705885,35.883926699724384,35.68639404887418
369,36.950621394500004,37.0331017505,36.242297116928,31.994435717,35.88727873621701,35.72386213851852
370,36.944729940500004,37.002171617,36.24385579332364,31.925990883764708,35.87572358299656,35.71141239287483
371,36.960931439,37.012481661500004,36.23229545136364,31.995128829235295,35.88297588735426,35.694234298385936
372,36.9594585755,36.996280163,36.24493767851273,32.016788586588234,35.8777096083589,35.76644821931721
373,36.96976862,37.002171617,36.249064490678265,32.07414362405883,35.893845086998525,35.72604869144231
374,36.9476756675,37.000698753500004,36.2394138816063,32.08176785864706,35.87554875211522,35.73140226935839
375,36.9594585755,37.002171617,36.25164347568323,32.002406507705885,35.88973251798583,35.71301130798947
376,36.960931439,36.999225890000005,36.250571336768004,32.10879923582353,35.89208787394729,35.75017212073216
377,36.9682957565,37.002171617,36.25165393607273,31.971909569352942,35.88416171714286,35.70410977885507
378,36.9594585755,36.987442982000005,36.244590856352,31.92235204452941,35.883745816957294,35.705168692979406
379,36.960931439,36.96976862,36.255326394752004,32.021120538058824,35.87931985323437,35.72008208487168
380,36.960931439,36.950621394500004,36.251450413116366,32.041913905117646,35.888846389183016,35.73275698680132
381,36.955039985,36.950621394500004,36.251182619752726,32.032903446058825,35.894325877129745,35.73291476647086
382,36.960931439,36.9859701185,36.24831963748687,31.975548408588235,35.884421921835724,35.73793166098131
383,36.9653500295,36.957985712,36.255285214083635,31.92893661076471,35.892617620963854,35.740542168583694
384,36.963877166,36.957985712,36.24938304834909,31.96896384235294,35.89771051951613,35.71338675703436
385,36.963877166,36.9800786645,36.25601361203273,31.96532500311765,35.88834312856561,35.72232664296296
386,36.963877166,36.9682957565,36.24551714879765,31.94487819217647,35.893050949377816,35.71089452331445
387,36.9741872105,36.96976862,36.24680597880608,32.03706211947059,35.899051855107324,35.72602633707521
388,36.955039985,36.9771329375,36.24912596672,31.979533803941177,35.89801450539083,35.70048429952533
389,36.960931439,36.9830243915,36.25493172684364,32.05473648147059,35.89924497536224,35.72339360071429
390,36.960931439,36.981551528000004,36.246287595104,32.078648853588234,35.88890478962855,35.71980640296496
391,36.9712414835,36.9800786645,36.26613093032468,32.03463622664706,35.89622430569849,35.755324488625114
392,36.96976862,36.9653500295,36.258863624501465,32.05612270594118,35.903271752,35.72907562508197
393,36.96976862,36.984497255,36.25162843194286,32.187987308705885,35.90450763229111,35.758256565500005
394,36.9653500295,36.957985712,36.24547395631965,31.835539737058824,35.89336269086614,35.65881157149545
395,36.922636988,36.957985712,36.25206657071652,31.918539927235294,35.88359999692444,35.64703734184746
396,36.922636988,36.987442982000005,36.244449948604654,32.112264797,35.89905191581776,35.76014456440447
397,36.916745534,36.9771329375,36.243103591520004,31.90121212135294,35.88388846811153,35.709719416296295
398,36.919691261000004,36.960931439,36.235798778466574,32.055602871764705,35.905324571070494,35.72551570733871
399,36.9329470325,36.9859701185,36.24577416164742,32.24031728247059,35.908725725000004,35.774311203009574
400,36.9300013055,36.990388709,36.24083358245423,32.15489119947059,35.915625270956525,35.74474436541574
401,36.9300013055,36.9889158455,36.264986570400765,32.342551337176474,35.92556147466216,35.77082632666098
402,36.925582715000004,36.9830243915,36.240154766384734,32.32903564858824,35.89489603045111,35.75405130641964
403,36.9476756675,36.9859701185,36.239710352054544,32.204795280411766,35.91093119518668,35.7231429987003
404,36.94031135,37.006590207500004,36.24256869385167,32.081941136705886,35.925066583324394,35.727561345312914
405,36.94031135,37.019845979,36.24659760063636,32.05075108611765,35.91526377634132,35.766921168554546
406,36.9329470325,37.019845979,36.25460652956923,32.266655547411766,35.920064303510735,35.84309661156425
407,36.9388384865,37.012481661500004,36.24153693447328,32.009164352,35.898926391785295,35.75335516096913
408,36.931474169,37.0095359345,36.232824349023254,32.06322710635294,35.8923787777104,35.77878853446154
409,36.934419896,37.011008798,36.25119196933201,32.164421492705884,35.91834943630931,35.78354007795276
410,36.931474169,37.0036444805,36.25152814247469,32.18244241082353,35.910394337177735,35.78056867744625
411,36.937365623000005,37.000698753500004,36.240845021826175,32.056469262058826,35.907153144507774,35.78435854984238
412,36.931474169,36.9889158455,36.26122258068135,31.96445861282353,35.93040700781946,35.71919720594714
413,36.893179718,37.024264569500005,36.25332872806165,31.958740436882355,35.91693575265933,35.727849086375166
414,36.94031135,37.0154273885,36.25988601802553,32.04797863717647,35.93215420283569,35.74541828527814
415,36.937365623000005,37.0095359345,36.254132393408,32.141375510882355,35.92701097268466,35.74551182034915
416,36.9241098515,36.984497255,36.26271621071429,32.06461333082353,35.92887556431859,35.66061627754764
417,36.9594585755,37.0036444805,36.25375773108696,32.233732716235295,35.91852151582916,35.70435329981081
418,36.893179718,37.0036444805,36.23968980090062,32.48082722811765,35.906741705207615,35.73295482545858
419,36.9093812165,37.0036444805,36.23496079642308,32.29628609547059,35.9180008859375,35.81281892633063
420,36.8917068545,37.000698753500004,36.22846657281613,32.27462633811765,35.92198276357143,35.82417984328294
421,36.919691261000004,36.928528442,36.26524012662849,32.27895828958824,35.93525155574971,35.870644233125
422,36.904962626,36.950621394500004,36.252145103107146,32.14847991129412,35.92214116266786,35.886005812327255
423,36.907908353,36.9889158455,36.24846100438522,32.26925471829412,35.92677349404662,35.888007409318185
424,36.8917068545,37.0213188425,36.27173543193347,32.17689751294118,35.91046795095252,35.7064339171497
425,36.88139681,37.0537218395,36.262162606958576,32.25521919552941,35.91131126207618,35.778964774538466
426,36.8799239465,36.981551528000004,36.249004253164834,32.032903446058825,35.912080684785245,35.69598705455655
427,36.8917068545,36.962404302500005,36.22524030502131,31.991663268058826,35.93238813753247,35.52457631651143
428,36.922636988,36.913799807000004,36.236529992041014,32.06721250170588,35.94560288351818,35.489890836972776
429,36.9241098515,36.931474169,36.22271126394854,32.204795280411766,35.94529227591333,35.47682122551975
430,36.922636988,36.872559629,36.22601004357091,32.06686594558823,35.928651725,35.57542929613372
431,36.931474169,36.872559629,36.23180509196,32.17741734711765,35.927561887354045,35.60143265394881
432,36.919691261000004,36.904962626,36.23018562716279,32.16944655641176,35.9268770461194,35.59411124271665
433,36.9241098515,36.9476756675,36.23487777338995,32.162861990176474,35.94194109748165,35.69781812291025
434,36.9358927595,36.934419896,36.23450691379528,32.451369958117645,35.93911515752398,35.716104532573695
435,36.9388384865,36.931474169,36.271385843750004,31.920272707823532,35.941964359508056,35.665732574418605
436,36.9329470325,36.922636988,36.25629157541528,32.29576626129412,35.9434181013465,35.78240986776037
437,36.934419896,36.9270555785,36.26054977657143,32.025972323705886,35.94586403544127,35.8322128618707
438,36.9152726705,36.9830243915,36.26513922608,32.226281759705884,35.943901309801326,35.845262237943494
439,36.9211641245,36.990388709,36.25958782945769,32.03359655829412,35.93439399165531,35.738350460477875
440,36.925582715000004,36.990388709,36.249802728615386,32.27462633811765,35.9228294037511,35.84760962194332
441,36.925582715000004,36.9918615725,36.24330819395349,32.16216887794118,35.93032648401788,35.809373702661595
442,36.9064354895,36.984497255,36.23587639236826,32.28866186088236,35.9210329544029,35.74042932740741
443,36.888761127500004,36.984497255,36.23502260349624,32.14224190117647,35.919129067120025,35.80484829611085
444,36.887288264,36.9682957565,36.24472233864286,32.07570312658824,35.91570869421488,35.74770104375
445,36.8975983085,36.9653500295,36.23700752200391,31.909529468176473,35.91674930023629,35.67814603312977
446,36.907908353,36.975660074000004,36.22005099769556,31.94713080694118,35.917152789770086,35.679755893462726
447,36.9034897625,36.96976862,36.226268140093026,31.993049492529412,35.91661733750659,35.7110972852757
448,36.8975983085,36.957985712,36.222571224285716,32.01072385452942,35.92458434508937,35.767725929280076
449,36.9211641245,36.955039985,36.23323900531562,32.216578188411766,35.93354240508756,35.785290957237464
450,36.9270555785,36.950621394500004,36.23649020061714,32.091298151882356,35.92072261463129,35.811208371495766
451,36.900544035500005,36.9329470325,36.232256992755104,32.07622296076471,35.92590992430543,35.83144007231618
452,36.8917068545,36.984497255,36.24750772767154,32.23979744829412,35.934296632374625,35.81363097128065
453,36.887288264,36.993334436,36.24505019389764,32.173085395647064,35.917622165405405,35.84773705678873
454,36.88139681,36.987442982000005,36.242361081285715,32.21467212976471,35.915262546598065,35.821568724640734
455,36.8799239465,36.987442982000005,36.2367496025,32.174991454294116,35.92244276645201,35.82918095563536
456,36.88139681,36.9771329375,36.237638566571434,32.182962245,35.912646112591915,35.82273970396131
457,36.900544035500005,36.9948072995,36.2434713017608,32.243956121705885,35.9269582,35.83428059619789
458,36.8975983085,36.9859701185,36.24560458018797,32.149173023529414,35.90466894685107,35.79236314778689
459,36.890233991,37.000698753500004,36.25262608468185,32.207914285470586,35.90871683261972,35.79756786233708
460,36.8946525815,36.9977530265,36.24781868959418,32.211033290529414,35.91343037043667,35.81453713090498
461,36.907908353,37.000698753500004,36.251702759375,32.18192257664706,35.916792304932734,35.849504758644066
462,36.902016899,36.9948072995,36.251372180456414,32.168406888058826,35.91627881892193,35.82376085526697
463,36.900544035500005,36.9889158455,36.24577490208944,32.03394311441176,35.92349786490126,35.74901136650679
464,36.902016899,37.0036444805,36.24516399153846,31.950249812000003,35.912013830869185,35.78993637527273
465,36.912326943500005,36.9712414835,36.25183159194364,32.26301670817647,35.909253567586,35.826587162121896
466,36.8858154005,37.0036444805,36.2347647605687,32.194745153,35.92822618233929,35.76321678431472
467,36.899071172,36.9948072995,36.24464448246154,32.05352353505882,35.92846850978396,35.75608040629752
468,36.8710867655,36.999225890000005,36.234340022223556,32.112264797,35.91436931705988,35.771585259430054
469,36.875505356000005,36.981551528000004,36.225556117879464,32.028571494588235,35.90152540291592,35.73225669956635
470,36.8681410385,36.9800786645,36.22959991722098,31.976934633058825,35.90825045277944,35.68922710394231
471,36.866668175,36.984497255,36.22369365546875,32.03983456841176,35.89841789158172,35.73593665537421
472,36.8858154005,36.966822893,36.25468170135714,32.03359655829412,35.918058178876066,35.739249175727636
473,36.8769782195,36.9977530265,36.230911090875985,32.023892987,35.91760865282416,35.69355779144828
474,36.878451083,36.9034897625,36.24642729148936,31.976414798882352,35.913551759360836,35.74672164742323
475,36.875505356000005,36.937365623000005,36.21564935743304,32.01245663511765,35.8979691549941,35.74613244080972
476,36.887288264,36.9535671215,36.243923076406254,32.15246530664706,35.92237603120281,35.68223035564384
477,36.8975983085,36.9182183975,36.254323146935484,32.21207295888235,35.92686658649635,35.74141105714029
478,36.887288264,36.9093812165,36.24082459520291,32.085406697882355,35.90977347875114,35.757119558214285
479,36.888761127500004,36.94031135,36.243590914152826,32.31413373552941,35.92439856473592,35.76054495391466
480,36.9064354895,36.888761127500004,36.246440979120884,31.977281189176473,35.9310415179711,35.7571655555
481,36.9034897625,36.9211641245,36.23600810461539,31.92720383017647,35.923256855759284,35.604874140222535
482,36.9034897625,36.94031135,36.225197361184215,32.016095474352944,35.91646489871355,35.53969452200841
483,36.91085408,36.925582715000004,36.23685500017281,31.931189225529412,35.92680524316344,35.58836973716286
484,36.900544035500005,36.896125445,36.25827327636002,32.11954247547059,35.90517434386087,35.59798691959391
485,36.893179718,36.9417842135,36.22731871806452,32.081941136705886,35.910966700643144,35.472276696126166
486,36.91085408,36.937365623000005,36.24804212621429,31.94331868964706,35.93269893684789,35.65395363773913
487,36.919691261000004,36.952094258,36.23065383359375,32.04797863717647,35.9304518457289,35.5721418412947
488,36.912326943500005,36.925582715000004,36.23961464885246,32.03359655829412,35.92882815127121,35.66222516510697
489,37.1037991985,37.136202195500005,36.44855200655738,32.257645088352945,36.20609170358463,35.90766250956689
490,37.1037991985,37.140620786,36.44609160829268,32.20150299729412,36.20301709254258,35.911603376294515
491,37.099380608000004,37.1538765575,36.4609916083721,32.167540497764705,36.224460178503726,35.93825699503955
492,37.0831791095,37.128837878,36.459295685,32.33735299541176,36.22156626882722,35.967586466044985
493,37.0890705635,37.164186602,36.4423782227907,32.186774362294116,36.21895459707727,35.76360711750449
494,37.1008534715,37.164186602,36.46337096757314,32.215711798117646,36.22915364072932,35.9415805724
495,37.0831791095,37.1450393765,36.47556913757452,32.1630352682353,36.22746302871749,35.99664294101266
496,37.108217789,37.1096906525,36.48414084112903,32.175857844588236,36.231785554246166,35.95542229051748
497,37.114109243,37.2186825515,36.45610951322259,32.36663698735294,36.234378376305244,35.78667515254285
498,37.0979077445,37.152403694,36.4601648613514,32.24135695082353,36.228850001059605,35.934599473771726
499,37.120000697,37.147985103500005,36.471457001246335,32.29004808535294,36.2146123,36.00566478038461
500,37.1008534715,37.17596951,36.46422851898819,32.27861173347059,36.23340763821622,35.89914359835794
501,37.105272062,37.158295148,36.467781559693876,32.32816925829412,36.22926857976428,35.94424363420979
502,37.125892151,37.199535326,36.461618763904816,32.340645278529415,36.22879492336786,35.94578838235627
503,37.096434881,37.124419287500004,36.47779601158986,32.31014834017647,36.22706211214263,35.971983761857764
504,37.108217789,37.134729332,36.453481844129975,32.29940510052941,36.21093386412063,36.01137845470814
505,37.120000697,37.072869065,36.47010905039273,32.29524642711765,36.23694406532361,36.03714505711184
506,37.1067449255,37.111163516000005,36.47435089727273,32.37235516329412,36.246279680108046,36.031368573012045
507,37.114109243,37.128837878,36.47554226144953,32.22714815,36.23220989969394,36.039400817601106
508,37.0890705635,37.0920162905,36.462503339269105,32.362651592,36.23910271408351,35.94779365743191
509,37.131783605,37.149457967000004,36.46678601087739,32.24205006305883,36.2282669197958,35.995162259798995
510,37.114109243,37.120000697,36.469752723559054,32.301830993352944,36.2314676660282,36.018624020109044
511,37.1067449255,37.147985103500005,36.47274206117336,32.27514617229412,36.23834660979592,35.99093516460515
512,37.0920162905,37.1303107415,36.46667751098466,32.252446746588234,36.22350093765009,35.940265600541274
513,37.0831791095,37.155349421000004,36.46934969947157,32.29507314905882,36.23662324763181,35.983850264655395
514,37.0507761125,37.193643872,36.46241773879771,32.21432557364706,36.23104500002289,35.82203653574783
515,37.0713962015,37.220155415,36.463657473384615,32.25625886388235,36.252829106331745,35.84963030752007
516,37.0713962015,37.199535326,36.44972728595349,32.23199993564706,36.23260495887752,35.888301231044515
517,37.068450474500004,37.180388100500004,36.447584172841445,32.39054935947059,36.22985415258008,35.945539475210126
518,37.043411795000004,37.192171008500004,36.44400273990158,32.31396045747059,36.215067862993,35.91696808855657
519,37.0478303855,37.196589599,36.44700941467918,32.50352665382353,36.21373042963856,35.96119370008227
520,37.037520341000004,37.196589599,36.44683175314123,32.27375994782353,36.21057443409091,35.93283189171936
521,37.0713962015,37.220155415,36.44445226915066,32.52050790358824,36.21656044921466,35.895264824063325
522,37.0861248365,37.209845370500005,36.441729928930236,32.416541068294116,36.212855262652354,35.90172560954073
523,37.0301560235,37.217209688000004,36.4510094724311,32.400946043000005,36.221760005738,35.97184572916929
524,37.090543427,37.167132329,36.46818517103739,32.34982901564706,36.21229852725777,35.970320724659665
525,37.084651973,37.149457967000004,36.45933534081169,32.175857844588236,36.22399676,35.96961353568435
526,37.0772876555,37.1214735605,36.455279902577885,32.30391033005883,36.22172565877539,35.94579757984141
527,37.0713962015,37.1303107415,36.45906412841615,32.286582524176474,36.21876951333531,36.003648542545456
528,37.0419389315,37.147985103500005,36.45197719366569,32.22073686182353,36.20720370969988,35.993007242542596
529,37.046357522,37.181860964,36.45938541392,32.23425255041177,36.21327403385702,35.97570350583828
530,37.0213188425,37.124419287500004,36.458516097152,32.21865752511765,36.22327914177238,35.87642246839335
531,37.064031884,37.1391479225,36.45782191866071,32.24066383858823,36.238850910843375,35.937057095938805
532,37.062559020500004,37.164186602,36.43070245287214,32.52068118164706,36.23509772356984,35.77388812887344
533,37.062559020500004,37.1627137385,36.42975081104746,32.40077276494118,36.232780445672404,35.75290282357143
534,37.0566675665,37.161240875000004,36.445521596029934,32.19526498717647,36.238977988643775,35.932954867749004
535,37.002171617,37.2039539165,36.42202576090551,32.455008797352946,36.22097188230725,35.895611335591184
536,36.996280163,37.181860964,36.3958544068504,32.47909444752941,36.20746729118692,35.82808819380497
537,37.02868316,37.1185278335,36.446842998566446,32.18781403064706,36.230989677171316,35.9453327361002
538,37.012481661500004,37.173023783000005,36.423472600437755,32.42468513705882,36.2256998,35.6815239953469
539,37.0419389315,37.031628887000004,36.4442695400395,32.32279763847059,36.24008785686355,35.886446972497694
540,37.022791706,37.122946424,36.43650366119,32.4163677902353,36.24493442499265,35.959613984995066
541,37.012481661500004,37.147985103500005,36.440941889870004,32.22697487194118,36.23158012701815,35.95496850638728
542,37.0389932045,37.105272062,36.45410928956,32.40233226747059,36.23794860897747,35.97982059894737
543,37.031628887000004,37.1303107415,36.447570629453914,32.8140409352353,36.23764288767219,35.88591313776731
544,37.016900252,37.136202195500005,36.43917961689969,32.42659119570588,36.22294018647059,35.92377375383536
545,37.0419389315,37.155349421000004,36.46202943787234,32.353814411,36.228421473337306,35.962509744931104
546,37.019845979,37.1332564685,36.45858376486676,32.46124680747059,36.24032702910939,36.01125871502468
547,37.0272102965,37.128837878,36.45422508045582,32.370275826588234,36.21260639229271,35.99462334055583
548,37.008063071,37.140620786,36.44789731950828,32.465752037,36.223276820736196,35.96919271126708
549,37.011008798,37.11705497,36.45645605207,32.432136093588234,36.23327537256785,36.00084585701237
550,36.996280163,37.1037991985,36.45128219319837,32.31482684776471,36.23298577023838,35.97418253293617
551,37.011008798,37.0890705635,36.45511387598214,32.17759062517647,36.236259045140656,35.95888294308936
552,37.013954525,37.125892151,36.45462970133,32.16858016611765,36.241960643224466,35.960052170000004
553,37.016900252,37.1568222845,36.460301938658894,32.277918621235294,36.24384491737618,35.96941136562837
554,37.0154273885,37.1627137385,36.44970615890383,32.28173073852941,36.228690259367866,35.99215806616252
555,37.024264569500005,37.1656594655,36.45161874458033,32.39176230588235,36.23498169218274,35.92953529852459
556,37.0154273885,37.1627137385,36.44175852922433,32.30287066170588,36.24464468944126,35.84837437975979
557,37.0331017505,37.055194703,36.45866430227273,32.313267345235296,36.23393948563177,36.00625383517466
558,37.022791706,37.1538765575,36.45433393371429,32.40943666788235,36.24475289785369,35.981477883733454
559,37.0301560235,37.198062462500005,36.457092178664595,32.45622174376471,36.237686265570474,35.94694901478502
560,37.024264569500005,37.1627137385,36.45638065040373,32.449810455588235,36.24750402913084,35.93944341999059
561,37.037520341000004,37.131783605,36.46549104022178,32.35173507429412,36.244272035526,36.023088204545886
562,37.0360474775,37.099380608000004,36.46480160376578,32.31188112076471,36.25006208281334,36.007715096597515
563,37.024264569500005,37.152403694,36.4597451626087,32.304603442294116,36.25857570096892,36.00116865438039
564,37.0154273885,37.1568222845,36.454338695452314,32.262496874,36.240153794655434,35.98675324366197
565,37.0213188425,37.196589599,36.453295044161294,32.39990637464706,36.24106438984569,36.00269983556818
566,37.012481661500004,37.0875977,36.47750213130435,32.29160758788235,36.237252531500005,35.98762080209542
567,37.011008798,37.161240875000004,36.46259678425807,32.27618584064706,36.25644130707229,36.007380368380865
568,37.008063071,37.149457967000004,36.450009179109564,32.272027167235294,36.238493230405815,35.94836349522829
569,37.019845979,37.1155821065,36.45846060884766,32.374607778058824,36.23344757960104,36.015802148348456
570,37.012481661500004,37.090543427,36.45029234148364,32.31742601864706,36.229808949168145,35.973157239251336
571,37.0183731155,37.134729332,36.44073747426909,32.31586651611765,36.220522025076875,36.01609618643376
572,37.013954525,37.078760519,36.449184034016,32.37564744641177,36.22383508314336,36.04239347083483
573,37.000698753500004,37.143566513,36.44731004395241,32.286929080294115,36.23259467987837,35.90533281363995
574,37.0036444805,37.1833338275,36.460513424019936,32.29541970517647,36.24170214152206,35.949955587483416
575,37.002171617,37.2010081895,36.45849582987013,32.30321721782353,36.23881929072929,36.04036276849732
576,36.996280163,37.198062462500005,36.453238068483635,32.28987480729412,36.23046256512123,35.997180766823845
577,37.008063071,37.2157368245,36.44788732632653,32.47112365682353,36.233611344111814,36.025929896849135
578,36.984497255,37.0920162905,36.447279943920265,32.51236383482353,36.219262259644765,35.9998785679894
579,36.9830243915,37.1627137385,36.442548491428575,32.61996950935294,36.232411795634235,35.988253433770055
580,36.9800786645,37.125892151,36.468034760867766,32.803297695588235,36.2436117784913,36.09206852074463
581,37.0036444805,37.096434881,36.45181000432433,32.46211319776471,36.21773006800741,36.11188786965738
582,36.9859701185,37.096434881,36.462463090060396,32.34497723,36.23195591165859,36.13127928664404
583,36.990388709,36.9535671215,36.486797331414195,32.495555863117644,36.214058448255464,36.095123129473684
584,36.9830243915,37.034574614,36.445675340317294,32.254872639411765,36.21649568279491,36.176892541320754
585,36.9771329375,37.0655047475,36.42081377113793,32.324183862941176,36.216613896784565,36.20657004085106
586,36.966822893,36.990388709,36.446718188478,32.30633622288235,36.19473015883618,36.196620272769856
587,36.978605801,36.956512848500005,36.436573736559005,32.29230070011765,36.194711477856295,36.18715078
588,36.943257077,37.025737433,36.39263639869469,32.329555482764704,36.17741492903305,36.19819486368421
589,36.955039985,37.0507761125,36.37135912204348,32.387950188588235,36.1661349086351,36.206265170814966
590,36.943257077,37.037520341000004,36.39529836116828,32.24326300947059,36.1618230032809,36.20917528898877
591,36.9300013055,37.049303249000005,36.406197330714285,32.355893747705885,36.160887347589856,36.15653518410835
592,36.922636988,37.074341928500004,36.41133963089989,32.39124247170589,36.16777431293071,36.164982056273566
593,36.922636988,37.05814043,36.46244051255814,32.41810057082353,36.20312909630573,36.19077431415125
594,36.955039985,37.0890705635,36.457169671996915,32.256778698058824,36.194872525071716,36.169608438163024
595,36.9535671215,37.0772876555,36.46556646955188,32.39349508647059,36.19076567301636,36.18609787665148
596,36.9800786645,37.122946424,36.44622229434616,32.38777691052941,36.17063352510745,36.21030190102172
597,36.944729940500004,37.11705497,36.42773067366621,32.34948245952941,36.18718189614973,36.182573248275865
598,36.928528442,37.0478303855,36.43440817936975,32.42884381047059,36.18114533917773,36.161565432138474
599,36.9329470325,37.011008798,36.404610847419356,32.52917180652941,36.17755902955996,36.12028204160673
600,36.94031135,37.0301560235,36.379686548,32.25106052211765,36.16941796890998,36.050024237475455
601,36.9476756675,37.000698753500004,36.390202348005516,32.2248955352353,36.16935207127772,36.057489577452294
602,36.9388384865,36.96976862,36.3795056,32.25868475670588,36.1706071782853,36.04597760355694
603,36.943257077,36.9859701185,36.375235754690266,32.225068813294115,36.168500282396145,36.088426904806724
604,36.922636988,37.0507761125,36.35734295916837,32.24343628752941,36.18940208331357,36.078758401691175
605,36.925582715000004,37.000698753500004,36.36456509759292,32.27965140182353,36.188327359411765,36.07127639817171
606,36.928528442,36.956512848500005,36.37391992214918,32.21293934917647,36.195695220683575,35.98102610100056
607,36.94031135,36.9830243915,36.375733637273385,32.236158609058826,36.193817301486135,36.06136695778656
608,36.9329470325,37.000698753500004,36.37653682521407,32.31014834017647,36.19073119611963,36.091628030306126
609,36.950621394500004,37.034574614,36.4035297741963,32.29230070011765,36.203231204683114,36.103541795749166
610,36.928528442,37.0507761125,36.40394756047508,32.304256886176475,36.18864271206684,36.08729013933555
611,36.9388384865,37.0596132935,36.416449978644735,32.36975599241177,36.21448980151659,36.11485040140276
612,36.9741872105,37.025737433,36.42428775738938,32.39921326241176,36.22725803162439,36.11117208792208
613,36.978605801,37.0566675665,36.42291544335714,32.3796328417647,36.216756513547686,36.107784432101845
614,36.978605801,37.0154273885,36.428003750535716,32.37339483164706,36.21872833506301,36.11516696208265
615,36.934419896,37.0419389315,36.423103704105266,32.39436147676471,36.2154566930131,36.11610895877551
616,36.987442982000005,37.061086157,36.423003266273916,32.31881224311765,36.22185280386957,36.08837149216406
617,36.9859701185,37.046357522,36.42350650765218,32.298365432176475,36.18883580162625,36.10285656944533
618,36.9800786645,37.034574614,36.42190084094675,32.368023211823534,36.191130535550805,36.13679284268987
619,36.9800786645,37.040466068,36.4255140853077,32.21744457870588,36.192793756407696,36.12461001070437
620,36.975660074000004,37.0596132935,36.42708840913793,32.17447162011765,36.202627002572974,36.12214065422777
621,36.975660074000004,37.062559020500004,36.41778360176755,32.22333603270588,36.20028208857759,36.08766067824305
622,36.9300013055,37.05814043,36.418448896373626,32.26613571323529,36.17401880575343,36.076149884064485
623,36.9358927595,37.05814043,36.39919576232558,32.32990203888235,36.173316914725504,36.09176270850954
624,36.950621394500004,37.034574614,36.40811821104232,32.239970726352944,36.1782148531812,36.038012068972236
625,36.960931439,37.049303249000005,36.386788825230774,32.463499422235294,36.18312330416149,36.002507530044845
626,36.952094258,37.0507761125,36.39263958888112,32.431096425235296,36.160988014088225,36.0227158439979
627,36.962404302500005,37.055194703,36.40523787544507,32.38743035441176,36.17055974801242,36.06412037760411
628,36.952094258,37.0478303855,36.39214615924866,32.380152675941176,36.16193726704513,36.06403749032558
629,36.955039985,37.0419389315,36.413245854539475,32.42919036658824,36.169955845875045,36.09765810510005
630,36.955039985,36.9918615725,36.393422582397136,32.21969719347059,36.1757481143038,36.11436129531915
631,36.9594585755,37.0272102965,36.41191854625616,32.281904016588236,36.17586517804791,36.09445015883756
632,36.955039985,37.0419389315,36.38719208857143,32.231826657588236,36.16028976912487,36.068595472707806
633,36.960931439,37.0478303855,36.40041996915528,32.314307013588234,36.16046552444525,36.11443117911675
634,36.956512848500005,37.052248976,36.40868985533251,32.34619017641177,36.170178219594455,36.12825795164179
635,36.957985712,37.055194703,36.405187587525425,32.37183532911765,36.17921573522581,36.12338742698759
636,36.955039985,37.0448846585,36.407688660384615,32.26474948876471,36.17752033165775,36.12315251237475
637,36.963877166,37.052248976,36.39663588984615,32.20184955341177,36.17787650313387,36.07259316918455
638,36.9653500295,37.0596132935,36.38979741213983,32.19665121164706,36.176919064423075,36.08019035812651
639,36.9535671215,37.0566675665,36.396180050850205,32.35346785488235,36.183519112578296,36.069443159406035
640,36.9152726705,37.0596132935,36.395867357225,32.25348641494118,36.176596892652086,36.073653556814165
641,36.919691261000004,37.0272102965,36.413475293348455,32.27375994782353,36.18005157163547,36.09153300988934
642,36.91085408,37.0448846585,36.401746852076926,32.35485407935294,36.171515710247576,36.11258886941355
643,36.9211641245,37.061086157,36.39619920374919,32.24620873647059,36.1819637244413,36.095888900943024
644,36.9152726705,37.055194703,36.392821551038466,32.30789572541177,36.17579367169253,36.10707706474891
645,36.9182183975,37.062559020500004,36.40373584723077,32.27220044529412,36.18167562763819,36.120215705987135
646,36.9182183975,37.062559020500004,36.417554129352226,32.43664132311765,36.187567071061096,36.15216209113579
647,36.9182183975,37.05814043,36.41626899210084,32.39158902782353,36.20053218295455,36.14164675092886
648,36.9211641245,37.061086157,36.40798789704918,32.39349508647059,36.186349237407015,36.09261938857143
649,36.9182183975,37.069923338,36.41542157955459,32.270987498882356,36.18298037754946,36.15255758802755
650,36.9300013055,37.055194703,36.44025332121458,32.46332614417647,36.17361924194111,36.13324824684345
651,36.925582715000004,37.075814792,36.42559441241758,32.39903998435294,36.16671427490806,36.14421855037
652,36.925582715000004,37.078760519,36.42118937572034,32.46228647582353,36.171658073287965,36.11394044644456
653,36.928528442,37.064031884,36.41850576849576,32.39106919364706,36.18259860410221,36.08294667246521
654,36.928528442,37.055194703,36.414836091639835,32.42104629782353,36.18667950531664,36.05201838951307
655,36.9358927595,37.0655047475,36.4258030085,32.247421682882354,36.18780267714584,36.012893238113406
656,36.922636988,37.0772876555,36.41680882527845,32.331288263352945,36.174901140749114,36.07475633150228
657,36.937365623000005,37.002171617,36.438312436584035,32.23321288205882,36.183321744669016,36.008880770422536
658,36.9358927595,37.02868316,36.414933426996285,32.304603442294116,36.18697890506321,36.11096778064516
659,36.934419896,37.0419389315,36.43292235614407,32.238064667705885,36.17722778428572,36.08358676506012
660,36.9241098515,37.0419389315,36.424468002689075,32.21432557364706,36.17908657049965,36.01296703313
661,36.9241098515,37.0537218395,36.415945385980464,32.21276607111765,36.18469672045687,36.04861297958969
662,36.931474169,37.049303249000005,36.41731541154698,32.30512327647059,36.19215816804174,36.10570797201178
663,36.944729940500004,37.062559020500004,36.43280235115702,32.251753634352944,36.194528406300996,36.08512029042105
664,36.9388384865,37.049303249000005,36.43468066528926,32.35034884982353,36.185221985759235,36.0705881009245
665,36.946202804,37.055194703,36.44009040762947,32.197344323882355,36.21019335077302,36.14487367239917
666,36.9358927595,37.066977611,36.4266092915,32.25695197611765,36.20432715520718,36.103216692387164
667,36.9417842135,37.0537218395,36.433236739679145,32.28051779211765,36.211098619439255,36.117497343518146
668,36.925582715000004,37.0566675665,36.42068276932143,32.346883288647064,36.198674705953934,36.10433936385566
669,36.928528442,37.0537218395,36.426858877647064,32.19873054835294,36.17431024768592,36.09242370284409
670,36.9417842135,37.049303249000005,36.42737951215165,32.35416096711765,36.19034152533004,36.1038110984
671,36.931474169,37.052248976,36.41985162802029,32.27670567482353,36.19286322314033,36.084767173890576
672,36.928528442,37.008063071,36.42330373588431,32.20964706605882,36.18341948303009,36.10008337164595
673,36.9300013055,37.0272102965,36.412832118709304,32.271680611117645,36.170231628037385,36.023214241351354
674,36.928528442,37.013954525,36.41854400334934,32.23789138964706,36.1764709171223,36.05943008825876
675,36.937365623000005,37.019845979,36.42495177521792,32.27462633811765,36.18264465140444,36.11218196919355
676,36.9211641245,37.0183731155,36.40901675525,32.27809189929412,36.17050146578621,36.05563445052579
677,36.9211641245,37.013954525,36.404340998107145,32.23945089217647,36.17134959668985,36.06011214140845
678,36.900544035500005,36.9948072995,36.41186577909091,32.350868684,36.17583703346852,36.09788564177253
679,36.916745534,37.005117344,36.40538848022536,32.27583928452941,36.17934208195426,36.08654327098798
680,36.922636988,36.9948072995,36.40353835920769,32.26960127441177,36.1810102503906,36.1124604862069
681,36.9241098515,37.024264569500005,36.40348607842046,32.23633188711765,36.17562194733032,36.06896618403587
682,36.9152726705,37.000698753500004,36.400776902225005,32.32712958994118,36.17627944106583,36.07539452044599
683,36.9093812165,37.000698753500004,36.409057583559324,32.348442791176474,36.18437425211819,36.11387483264131
684,36.900544035500005,37.0095359345,36.40121240145279,32.469044320117646,36.172071087466016,36.11732240622177
685,36.916745534,37.0301560235,36.403327826777414,32.22576192552941,36.17458678091417,36.11749227976842
686,36.912326943500005,37.016900252,36.4163588827161,32.42416530288236,36.18576343179763,36.111453488237686
687,36.9152726705,36.9741872105,36.41357542033899,32.29004808535294,36.174694114606105,36.11638711149254
688,36.9152726705,37.0272102965,36.400328348340906,32.294726592941174,36.176759232421716,36.08070860756644
689,36.9270555785,37.019845979,36.39936309386123,32.22368258882353,36.1703079568652,36.05756981461653
690,36.9211641245,37.024264569500005,36.41712290602141,32.20808756352941,36.1962647955102,36.04567323172727
691,36.9182183975,37.022791706,36.39347055036134,32.248634629294116,36.1703131988785,36.06835502003075
692,36.916745534,37.008063071,36.38738006547406,32.23633188711765,36.17056545590439,36.08973267875
693,36.9241098515,36.975660074000004,36.38433921646617,32.25695197611765,36.19619959496135,36.07985395599573
694,36.9182183975,36.9741872105,36.34180040743363,32.19855727029412,36.193191279081965,36.0546702739688
695,36.928528442,36.996280163,36.35014326737917,32.424338580941175,36.170269906588146,36.06243834067454
696,36.9182183975,36.9859701185,36.33634057519704,32.28069107017647,36.1560577558159,35.99855630151771
697,36.922636988,36.987442982000005,36.367812534576274,32.319505355352945,36.17166921986306,36.06582044652315
698,36.9241098515,36.943257077,36.3692038871708,32.38656396411765,36.19369634504253,36.10643506715696
699,36.928528442,36.981551528000004,36.364379639685716,32.174125064,36.174556750397656,36.10600676399815
700,36.9329470325,36.9977530265,36.3893416322109,32.24759496094118,36.190035553186746,36.1558428487367
701,36.9270555785,37.0036444805,36.40594813166023,32.468524485941174,36.17061815484051,36.13557570721718
702,36.937365623000005,37.062559020500004,36.396651440441175,32.313267345235296,36.17426099009513,36.086550348262634
703,36.9417842135,37.0507761125,36.406691419311784,32.37287499747059,36.173801218037674,36.13353157006757
704,36.944729940500004,37.0537218395,36.41203847776349,32.477188388882354,36.1808110503801,36.142397306338914
705,36.950621394500004,37.05814043,36.41358303125,32.51149744452941,36.19373429438538,36.15750921179576
706,36.9476756675,37.064031884,36.40471143093596,32.451369958117645,36.182945826958665,36.12503035291695
707,36.9712414835,37.072869065,36.418733532696685,32.544593553764706,36.196841639537574,36.09822429156876
708,36.966822893,37.062559020500004,36.42414871696559,32.37599400252941,36.17842984078541,36.05110121661017
709,36.9182183975,37.0713962015,36.40928943799233,32.32054502370588,36.18247420470191,36.047484525904316
710,36.9182183975,37.068450474500004,36.38775389969925,32.387257076352945,36.17929266834073,36.070827793410544
711,36.919691261000004,37.0655047475,36.39432427581396,32.466271871176474,36.18245939270402,36.06772208441643
712,36.9152726705,37.002171617,36.39995087261723,32.32834253635294,36.17330231633385,36.03777200559774
713,36.9152726705,37.005117344,36.388456911582416,32.30408360811765,36.17413963067179,35.991329523984966
714,36.913799807000004,37.006590207500004,36.38689977392,32.39176230588235,36.173742178400005,36.05188064285984
715,36.916745534,36.946202804,36.43134259642308,32.46211319776471,36.17069627796689,36.039396804113956
716,36.9182183975,36.9712414835,36.39065899142857,32.38552429576471,36.1864825533085,36.08950655167736
717,36.94031135,37.011008798,36.38919199507053,32.759111790588236,36.16993416311377,36.116090658356164
718,36.928528442,36.9476756675,36.368762376271185,32.55897563264706,36.147777162281656,36.09363753323254
719,36.928528442,36.9948072995,36.36436246307692,32.50196715129412,36.15738680036145,36.09209685550051
720,36.937365623000005,36.999225890000005,36.35964146050848,32.39609425735294,36.181308712030706,36.14493515414213
721,36.900544035500005,36.996280163,36.363603464,32.56833264782353,36.182233118447705,36.10752947661569
722,36.9329470325,36.999225890000005,36.36533349414286,32.58791306847059,36.182395652832945,36.075320673826084
723,36.9388384865,36.957985712,36.384465472608696,32.55377729088235,36.17329831591612,36.074624669818185
724,36.934419896,37.002171617,36.36207367823913,32.50456632217647,36.1578569946789,36.08874015902866
725,36.919691261000004,36.990388709,36.36139210591597,32.31621307223529,36.15711792426063,36.078531353770174
726,36.869613902,36.9653500295,36.331671464,32.213459183352946,36.16143708444898,36.03100339350264
727,36.922636988,36.975660074000004,36.362262353826274,32.33752627347059,36.18196347081501,36.05586521861217
728,36.9476756675,36.9948072995,36.37460656390791,32.43716115729412,36.17260033235707,36.05547461949367
729,36.9535671215,36.9977530265,36.37187680369748,32.491397189705886,36.16014119645971,36.09183548460186
730,36.957985712,36.9034897625,36.3903162395121,32.50785860529412,36.16506671693864,36.04584027915761
731,36.937365623000005,36.94031135,36.37448853096091,32.39522786705882,36.16779245925876,36.071886781197385
732,36.949148531,36.987442982000005,36.38845448811306,32.343764283588236,36.162262352983404,36.07564569752936
733,36.960931439,37.0036444805,36.38318957306818,32.355027357411764,36.16565016504584,36.100799564194
734,36.957985712,37.012481661500004,36.3731325607968,32.34497723,36.15966445217737,36.055136280710435
735,36.957985712,37.012481661500004,36.38003924057187,32.32314419458824,36.16623703201331,36.06468796841674
736,36.955039985,37.013954525,36.37506887300691,32.330075316941176,36.157755716710525,36.0621512254717
737,36.934419896,36.9918615725,36.39552226895868,32.38309840294118,36.15842738868911,36.0961123896978
738,36.925582715000004,37.0095359345,36.37830419528802,32.33180809752941,36.16384841744625,36.07343716768617
739,36.9270555785,37.002171617,36.386047946976745,32.30408360811765,36.15607956965316,36.05749717344766
740,36.9270555785,36.993334436,36.390777596,32.322624360411766,36.156528081042474,36.01478799470693
741,36.912326943500005,36.9800786645,36.41076214583471,32.40389177,36.146480736438356,36.046030014547135
742,36.9211641245,36.9889158455,36.38110913537757,32.44894406529412,36.15784785831396,36.14836502191136
743,36.925582715000004,37.011008798,36.37071054629766,32.416194512176475,36.165584187286974,36.14815386828749
744,36.916745534,37.012481661500004,36.37971968954545,32.45362257288235,36.166974570896734,36.084159774297675
745,36.922636988,36.943257077,36.41423359707317,32.651852672176474,36.16809358046987,36.06048280642659
746,36.9211641245,36.9653500295,36.390124846511625,32.42191268811765,36.17614497736842,36.206215914773054
747,36.9270555785,36.96976862,36.394967236267284,32.54424699764706,36.17661524955205,36.20233660014286
748,36.912326943500005,36.956512848500005,36.372073761172096,32.495555863117644,36.1708474643804,36.21086707294118
749,36.9211641245,36.96976862,36.376421071806455,32.430403313,36.179338429799735,36.212409314545454
750,36.907908353,36.96976862,36.377551531680425,32.58670012205882,36.171421963742276,36.25135030848921
751,36.913799807000004,36.9270555785,36.35503747691429,32.47406938382353,36.18066917643657,36.19561193613327
752,36.9241098515,36.9182183975,36.33466715547766,32.35121524011765,36.19807784419825,36.14036039038544
753,36.9270555785,36.907908353,36.31583401076923,32.43005675688235,36.20179265861442,36.15394032195313
754,36.922636988,36.916745534,36.26409698254755,32.53922193394118,36.18166830865266,36.060273451196174
755,36.922636988,36.9241098515,36.29107647615385,32.760324737,36.18604767138943,36.058500082209825
756,36.922636988,36.900544035500005,36.325868491527096,32.44166638682353,36.18482581319163,36.10059732
757,36.9211641245,36.922636988,36.34566262522124,32.671952927,36.19533770693028,36.069527361655176
758,36.928528442,36.922636988,36.317071252305546,32.41203583876471,36.18499891288393,36.09860158032596
759,36.931474169,36.922636988,36.35977187057915,32.381365622352945,36.195266734418105,36.16463994687851
760,36.896125445,36.9034897625,36.35687200859441,32.52639935758824,36.182975864750844,36.180588624557416
761,36.888761127500004,36.9182183975,36.33900469174312,32.643188769235294,36.185651529917294,36.1967580621978
762,36.884342537,36.912326943500005,36.328665448397686,32.57647671658824,36.1630690071875,36.16456872650264
763,36.88139681,36.9182183975,36.35227537964935,32.32193124817647,36.176831064006,36.110737866419036
764,36.8858154005,36.916745534,36.34720538696615,32.45830108047059,36.17286730376638,36.06551244660093
765,36.899071172,36.9182183975,36.35490655571429,32.54753928076471,36.178842025423855,36.11240250993593
766,36.872559629,36.912326943500005,36.359299284725665,32.58306128282353,36.18097941030303,36.09815669927212
767,36.887288264,36.931474169,36.37575070820582,32.25885803476471,36.187246678371075,36.10036957115684
768,36.899071172,36.937365623000005,36.36605471933755,32.42191268811765,36.167750899196726,36.13004998658228
769,36.9034897625,36.913799807000004,36.36729938106195,32.42832397629412,36.18937112396861,36.13546065023357
770,36.900544035500005,36.928528442,36.36185101948791,32.44443883576471,36.17393025715262,36.12725475457571
771,36.9241098515,36.937365623000005,36.38114865625418,32.4487707872353,36.165608257056405,36.118946320172135
772,36.9182183975,36.949148531,36.390366778538464,32.55464368117647,36.17777195009872,36.09999068417559
773,36.9241098515,36.960931439,36.39405495576271,32.47649527664706,36.19299647770182,36.105252987606974
774,36.913799807000004,36.9388384865,36.39263797042017,32.46523220282353,36.19465635424058,36.098411255136504
775,36.919691261000004,36.950621394500004,36.40557483067797,32.597443361705885,36.17664251371078,36.13489738544304
776,36.9211641245,36.981551528000004,36.36611861899609,32.571105096764704,36.175967027326735,36.083348588012655
777,36.922636988,36.987442982000005,36.37965027235985,32.546153056294116,36.18036399525568,36.081853693621156
778,36.919691261000004,36.9417842135,36.37985510344198,32.55291090058824,36.17400369981976,36.08259454809076
779,36.9241098515,36.975660074000004,36.38233868031291,32.593977800529416,36.17881303496041,36.05190279220081
780,36.925582715000004,36.9682957565,36.382408130851694,32.64578794011765,36.17412235780041,36.084061843544305
781,36.9300013055,36.9653500295,36.381335104025,32.610265938058824,36.18765798330698,36.06559491321828
782,36.9152726705,36.957985712,36.36453946171946,32.579768999705884,36.17883520971449,36.07493695189711
783,36.916745534,36.9712414835,36.381678262637365,32.457607968235294,36.16110432483099,36.09121231312061
784,36.916745534,36.96976862,36.3764441195,32.396614091529415,36.17485311180362,36.0713693456928
785,36.878451083,36.972714347,36.38587589983193,32.56226791576471,36.16964064685694,36.09494153935248
786,36.872559629,36.975660074000004,36.36500925721312,32.424511859,36.17369738505373,36.04987959509036
787,36.882869673500004,36.9800786645,36.368220774178575,32.533157201882354,36.153651047984845,36.07403095739958
788,36.884342537,36.981551528000004,36.38148961029412,32.479614281705885,36.15483221547552,36.068442830833334
789,36.8799239465,36.975660074000004,36.38277126688609,32.53818226558823,36.149962738331574,36.080887430422536
790,36.875505356000005,36.972714347,36.36832288075501,32.624821295000004,36.15427620563682,36.07337075023622
791,36.888761127500004,36.9800786645,36.38197839707022,32.52518641117647,36.15859438761231,36.080439611428574
792,36.888761127500004,36.9800786645,36.37550739159664,32.4782280572353,36.15174466253935,36.071430755586064
793,36.888761127500004,36.9800786645,36.382532814933974,32.424511859,36.16403767131853,36.0715819411557
794,36.88139681,36.9800786645,36.379229892290105,32.55620318370588,36.156170172161126,36.06772634263461
795,36.88139681,36.981551528000004,36.37603247662338,32.616157392058824,36.16252398271571,36.05743839859155
796,36.919691261000004,36.981551528000004,36.375900705285716,32.49902142429412,36.18074052082279,36.02436561143572
797,36.916745534,36.981551528000004,36.39233242538741,32.53021147488236,36.171400009957836,36.08550142615132
798,36.916745534,36.9800786645,36.37826196264286,32.588779458764705,36.17264343651996,36.033021489041374
799,36.902016899,36.96976862,36.396260508235294,32.56348086217647,36.1638120808194,36.07321475425262
800,36.925582715000004,36.957985712,36.392953073709485,32.65705101394118,36.17996927851027,36.08250560891374
801,36.925582715000004,36.9830243915,36.38540074362185,32.705915426529415,36.185247294465455,36.09325523928793
802,36.913799807000004,36.978605801,36.382364879637365,32.45188979229412,36.16901723259105,36.06174312237762
803,36.9182183975,36.9800786645,36.37708693308524,32.539048655882354,36.17105260450704,36.070295018668055
804,36.91085408,36.925582715000004,36.3677912772655,32.49416963864706,36.17364768963753,36.05761315547862
805,36.9152726705,36.8622495845,36.38456305362733,32.422779078411764,36.14961012362469,35.99785013931135
806,36.893179718,36.981551528000004,36.364387129360054,32.53333047994118,36.15650709083475,36.07641911884306
807,36.919691261000004,36.955039985,36.377242877540986,32.53246408964706,36.17313170302839,36.00389791474692
808,36.893179718,36.943257077,36.391184601949604,32.52899852847059,36.16339031420921,36.05196178469727
809,36.934419896,36.950621394500004,36.38188377885135,32.52137429388235,36.13949276083004,36.034857645572785
810,36.916745534,36.975660074000004,36.367782871538466,32.554297125058824,36.142343258477915,36.04325324982999
811,36.928528442,36.9594585755,36.3811981081733,32.375127612235296,36.15323309270235,36.015875062448984
812,36.922636988,36.975660074000004,36.38767106857143,32.44253277711765,36.1426948218825,36.061854996350505
813,36.925582715000004,36.9800786645,36.41768539083264,32.266655547411766,36.17850609082129,36.084223494666034
814,36.9182183975,36.966822893,36.405406907627906,32.26994783052941,36.14203436221939,36.07969699117647
815,36.9241098515,36.9859701185,36.411490410615386,32.267002103529414,36.143886532951946,36.117901363185595
816,36.9093812165,36.9771329375,36.41184174635315,32.317599296705886,36.155486920989965,36.11556034534345
817,36.912326943500005,37.011008798,36.411815060650824,32.39332180841176,36.155557537946166,36.112825143765946
818,36.899071172,37.0154273885,36.3953314127585,32.33839266376471,36.1349204263604,36.05689256180356
819,36.9064354895,37.022791706,36.40000545648855,32.293686924588236,36.14885655606967,36.06819985513716
820,36.8799239465,37.0095359345,36.40054164886892,32.404065048058825,36.15379635347102,36.07372315330427
821,36.884342537,36.993334436,36.41089299447269,32.36039897723529,36.165360060225915,36.06569054225908
822,36.8917068545,36.9889158455,36.38418333686504,32.30806900347059,36.15205551849899,36.02726672687084
823,36.9152726705,36.9800786645,36.40595912401726,32.26786849382353,36.15851938491216,36.090262794990274
824,36.8975983085,36.9741872105,36.39012299,32.27965140182353,36.14584081667568,36.07065086113208
825,36.8946525815,36.9771329375,36.397970524538636,32.301830993352944,36.16175845691589,36.09758746272366
826,36.896125445,36.963877166,36.39141610404959,32.292473978176474,36.16023020197938,36.06970221760412
827,36.9182183975,36.975660074000004,36.394577967074405,32.29455331488236,36.169166468547715,36.04781366309013
828,36.902016899,36.9741872105,36.388168627274595,32.22974732088235,36.152812071987384,36.057274929807974
829,36.893179718,36.9741872105,36.38958711907184,32.312747511058824,36.16509988522655,36.09399632603237
830,36.91085408,36.946202804,36.39724535509922,32.26960127441177,36.16199214538838,36.02517411410537
831,36.912326943500005,36.966822893,36.3879523015311,32.20999362217647,36.185449282608694,36.093907739266236
832,36.916745534,36.956512848500005,36.37726757834264,32.206528061,36.17234494847673,36.028552194903845
833,36.912326943500005,36.955039985,36.39027146893867,32.414981565764705,36.187682803795674,36.08501541827233
834,36.9064354895,36.9476756675,36.3833349232913,32.29732576382353,36.165741782854205,36.040785211489364
835,36.9152726705,36.952094258,36.38748846804959,32.176204400705885,36.15916181381708,36.057284205591195
836,36.9182183975,36.963877166,36.38479633325,32.31032161823529,36.16260242054432,36.06912169880114
837,36.8681410385,36.9771329375,36.38895334963115,32.360918811411764,36.15542503074738,36.03228666178782
838,36.902016899,36.96976862,36.38797417752066,32.290567919529416,36.16475361938044,36.056234015
839,36.9064354895,36.9741872105,36.3955482368,32.16979311252941,36.16857136709278,36.05823301850895
840,36.900544035500005,36.9064354895,36.3945968577437,32.272893557529414,36.15791353605016,36.05220964268541
841,36.899071172,36.8946525815,36.396884591,32.442012942941176,36.1598591852809,36.07826381022444
842,36.888761127500004,36.900544035500005,36.39615183210084,32.36663698735294,36.159909236000004,36.071321885
843,36.882869673500004,36.928528442,36.40003408745763,32.30096460305882,36.15847853023471,36.06295464488327
844,36.893179718,36.922636988,36.39743195169737,32.22766798417647,36.16757706069784,36.04560664625
845,36.88139681,36.893179718,36.388402960538464,32.38067251011765,36.165449832918725,36.096814866208256
846,36.854885267,36.9211641245,36.393594320403366,32.32712958994118,36.15607549434243,36.08830313476471
847,36.8740324925,36.922636988,36.402419775820434,32.377380227,36.14860818526502,36.09982773090636
848,36.863722448000004,36.9211641245,36.386938510924374,32.323490750705886,36.146866181441816,36.08449066456212
849,36.893179718,36.916745534,36.392872534775,32.421219575882354,36.15627168173638,36.098354899313776
850,36.896125445,36.907908353,36.39738640373305,32.403198657764705,36.16057254237958,36.074543334298
851,36.9064354895,36.900544035500005,36.39706558262295,32.338219385705884,36.178079908251,36.064580285523895
852,36.8858154005,36.9300013055,36.39745768463223,32.31032161823529,36.15257135142383,36.06290454847756
853,36.890233991,36.962404302500005,36.40653525278689,32.32071830176471,36.14512284919317,36.05209377774804
854,36.878451083,36.9741872105,36.394458182062216,32.4045848822353,36.147334277426275,36.04024984770764
855,36.8710867655,36.928528442,36.41971231191354,32.37374138776471,36.16444335393275,36.036526532865274
856,36.8858154005,36.9358927595,36.411392736859504,32.398173594058825,36.16920335989496,36.08696926526316
857,36.8975983085,36.946202804,36.416634953157896,32.24603545841177,36.16970095571429,36.05075270630821
858,36.888761127500004,36.946202804,36.39258642890819,32.28883513894118,36.15575673286296,36.04649444132613
859,36.890233991,36.9682957565,36.408835142,32.26215031788235,36.166994853687825,36.06677090227528
860,36.8946525815,36.955039985,36.400691253846155,32.17204572729412,36.16412757474048,36.03906484112434
861,36.893179718,36.9712414835,36.40329494,32.29282053429412,36.16454884060942,36.08875664241148
862,36.882869673500004,36.956512848500005,36.40759526126551,32.347229844764705,36.157540504021966,36.091637484438124
863,36.890233991,36.928528442,36.395728613658534,32.27324011364706,36.16169806577522,36.0506007515293
864,36.890233991,36.949148531,36.41701401756097,32.23841122382353,36.149476983429345,36.08696837067186
865,36.887288264,36.94031135,36.417155063860655,32.23321288205882,36.15940148052211,36.064454197774566
866,36.887288264,36.9329470325,36.392061718571426,32.24811479511765,36.15069203681131,36.0245114807703
867,36.878451083,36.9535671215,36.402003496612906,32.16390165852941,36.15287386025894,36.043485469569376
868,36.8445752225,36.944729940500004,36.38928223202823,32.23044043311765,36.15030795009346,36.00777565649475
869,36.866668175,36.9889158455,36.376608911428576,32.23841122382353,36.150672220282544,36.0454303487211
870,36.8799239465,36.981551528000004,36.39095991741936,32.22662831582353,36.17145964486963,36.02641344318868
871,36.8445752225,36.957985712,36.414756434098365,32.187987308705885,36.150942200276695,36.027190809725454
872,36.8710867655,36.9653500295,36.39195898174769,32.40077276494118,36.17158137577975,36.08668062203209
873,36.8917068545,36.975660074000004,36.39849667875576,32.19803743611765,36.149917060422,36.04045435335824
874,36.884342537,36.9535671215,36.38871966263158,32.25192691241177,36.144053383830816,36.021877259723155
875,36.837210905,36.972714347,36.39267497483871,32.217617856764704,36.1420163240858,36.060969758685715
876,36.838683768500005,36.9712414835,36.389624052500004,32.31032161823529,36.16178029413925,36.054578257589576
877,36.846048086,36.962404302500005,36.38447797994141,32.438893937882355,36.15449028662539,36.01627602961538
878,36.828373724,36.956512848500005,36.3763887002665,32.35104196205882,36.15652924093503,36.04758183006469
879,36.804807908,36.960931439,36.38119756497188,32.20098316311765,36.14299599114973,36.00809182169752
880,36.848993813,36.957985712,36.391899462956005,32.24135695082353,36.15377697747513,36.06358710112835
881,36.857830994000004,36.944729940500004,36.40817852453544,32.08592653205883,36.161652528690354,36.06602565291139
882,36.8593038575,36.956512848500005,36.396325064916944,32.141375510882355,36.162072478580086,36.040469857897726
883,36.869613902,36.952094258,36.402523667355325,32.21796441288235,36.15351939601874,35.9899819404104
884,36.869613902,36.94031135,36.391660181627906,32.20895395382353,36.14174902851306,36.051116687126765
885,36.872559629,36.944729940500004,36.38702164158917,32.247768239,36.14625967271893,36.00858929510894
886,36.843102359,36.9388384865,36.38128686489099,32.116770026529416,36.12591692329197,35.99654780932359
887,36.863722448000004,36.950621394500004,36.3846273270092,32.19041320152941,36.14527534065833,36.00846736903052
888,36.8651953115,36.9476756675,36.3897030887358,32.355547191588236,36.158610276520875,36.05499097171548
889,36.878451083,36.950621394500004,36.390160439320496,32.27237372335294,36.14547497279627,36.039069807599624
890,36.8622495845,36.937365623000005,36.37682370710911,32.355547191588236,36.14583963481782,36.041297597126764
891,36.8534124035,36.94031135,36.38705629386265,32.18417519141177,36.13946982071646,36.02864239548117
892,36.872559629,36.952094258,36.40159785656918,32.16130248764706,36.15760656136333,36.041380575352115
893,36.8651953115,36.949148531,36.40019512942632,32.24759496094118,36.15611907160121,36.05903986710963
894,36.857830994000004,36.949148531,36.392750734983125,32.194571874941175,36.15254871869223,36.04261957765144
895,36.8416294955,36.9476756675,36.40321158010204,32.188853699,36.14819270811633,36.0348252955493
896,36.8445752225,36.9476756675,36.3858447247354,32.22073686182353,36.14838847245946,36.03250201020873
897,36.838683768500005,36.956512848500005,36.39714422857143,32.19803743611765,36.15932761043923,36.03579337484507
898,36.838683768500005,36.949148531,36.39421553727575,32.14847991129412,36.144541504594315,36.031415006233765
899,36.840156632,36.946202804,36.406607070408164,32.172738839529416,36.15427263458631,35.98512200742532
900,36.8504666765,36.9653500295,36.39618575971879,32.271334055000004,36.13934758127802,35.97707245070423
901,36.840156632,36.9653500295,36.40189821946791,32.331288263352945,36.14408726193347,36.03797019269176
902,36.8357380415,36.957985712,36.390888138006645,32.338739219882356,36.13872427928048,36.02620221809807
903,36.8475209495,36.9741872105,36.39744507186047,32.30789572541177,36.13814965115683,36.039607352931036
904,36.8593038575,36.966822893,36.40058120572298,32.32123813594118,36.14844113703978,36.033304745475505
905,36.8622495845,36.972714347,36.40363462479592,32.389509691117645,36.15461954671228,36.032047904808536
906,36.8534124035,36.960931439,36.39332097015199,32.307375891235296,36.14472508224033,36.00928741601551
907,36.851939540000004,36.9535671215,36.398313050933986,32.27064094276471,36.145191733641134,36.05007921573386
908,36.8504666765,36.9712414835,36.390116094385384,32.19786415805883,36.14036645845259,36.03056956173871
909,36.857830994000004,36.9771329375,36.39706629928572,32.187120918411765,36.14596192192894,36.01087192745174
910,36.8445752225,36.9653500295,36.395870164736074,32.27046766470588,36.143274399669146,36.030077338645576
911,36.8416294955,36.9771329375,36.40721873721306,32.36386453841177,36.15174530236922,36.065602827236646
912,36.857830994000004,36.972714347,36.402785560736,32.30564311064706,36.16243599332431,36.01453180445305
913,36.8651953115,36.9830243915,36.410382455652176,32.310841452411765,36.17161354382084,36.057216841401214
914,36.8563581305,36.9712414835,36.400620377483875,32.43230937164706,36.1623822151736,36.041629895717136
915,36.8563581305,36.972714347,36.397104509774195,32.44842423111765,36.17490023531239,36.046533569739665
916,36.875505356000005,36.963877166,36.400807314845984,32.478747891411764,36.14894174174148,36.05969075473186
917,36.869613902,36.9682957565,36.39433662565217,32.52137429388235,36.15129117963976,36.02531923207049
918,36.8622495845,36.937365623000005,36.386798252881064,32.483079842882354,36.13749394126813,36.02295975944304
919,36.8651953115,36.9653500295,36.385216020161295,32.49122391164706,36.14488533802436,36.01466063301603
920,36.8534124035,36.9535671215,36.3739715783871,32.284676465529415,36.131556652529156,35.995537415324165
921,36.866668175,36.9329470325,36.386615792,32.43057659105882,36.140832859625,36.02207932318944
922,36.854885267,36.949148531,36.39089302232787,32.46661842729412,36.14514498224635,36.02452833695317
923,36.846048086,36.9182183975,36.370756232,32.382058734588234,36.12577350081605,35.998180990431294
924,36.807753635,36.9476756675,36.36365583248,32.31690618447059,36.14508308578965,35.975987073358176
925,36.816590816,36.957985712,36.376566614883565,32.267695215764704,36.13404506101102,35.9525722653125
926,36.8151179525,36.949148531,36.36247543758929,32.19422531882353,36.114246154815056,35.957287700593504
927,36.8210094065,36.9358927595,36.36595627303401,32.25227346852941,36.113675610460845,35.93645950948741
928,36.8180636795,36.9653500295,36.351066544139485,32.320198467588234,36.12071065747307,35.9055208985853
929,36.838683768500005,36.963877166,36.35142056736037,32.371488773,36.12907274111075,35.88705869607699
930,36.8239551335,36.956512848500005,36.35866227989278,32.56400069635294,36.12584937537962,35.8523342970195
931,36.8298465875,36.9535671215,36.37595762754658,32.50214042935294,36.13989089514793,35.913883321918576
932,36.843102359,36.937365623000005,36.36288456633929,32.486198847941175,36.13441348482958,35.78994899041705
933,36.848993813,36.955039985,36.37825611794643,32.445131948000004,36.1486038992353,35.93341926289222
934,36.834265178,36.966822893,36.36514414503736,32.528825250411764,36.14220904499199,35.85098827718621
935,36.854885267,36.96976862,36.38006901753508,32.49503602894118,36.15554524692823,35.91994353035933
936,36.8563581305,36.937365623000005,36.37999503018701,32.44028016235294,36.153321597337644,35.9403103069466
937,36.848993813,36.9594585755,36.382444817053575,32.460380417176474,36.15334823312521,35.92129136490985
938,36.863722448000004,36.957985712,36.377315030498046,32.39522786705882,36.144777254644566,35.91149379929338
939,36.6913974185,36.999225890000005,36.49904619657258,32.65358545276471,36.28165850460064,36.09336444627566
940,36.6737230565,36.9830243915,36.49724503483607,32.65549151141177,36.2558453482325,36.05476644255814
941,36.535273887500004,36.9594585755,36.507831494768,32.80121835888235,36.295379336060066,36.155742462363904
942,36.703180326500004,36.949148531,36.496131067124004,32.656877735882354,36.28833780127143,36.13364290472103
943,36.639847196000005,36.931474169,36.502984187692306,32.54112799258824,36.27497152672489,36.1366882856
944,36.8946525815,37.025737433,36.47965345673302,32.50144731711765,36.272051263350676,36.125365198400004
945,36.922636988,37.0301560235,36.46413771420213,32.66103640929412,36.28266313112635,35.909057731362786
946,36.922636988,37.002171617,36.46018346401739,32.65046644770588,36.27546866268748,36.1296986655071
947,36.91085408,36.987442982000005,36.45143590920728,32.78475694329412,36.26769207066577,36.09313908921618
948,36.9152726705,36.990388709,36.449921368289615,32.708168041294115,36.275455851737,36.09603214605647
949,36.9182183975,36.943257077,36.45499674053719,32.57318443347059,36.265014052221495,36.0723474344
950,36.922636988,36.9417842135,36.44183268684884,32.47701511082353,36.26396924407708,36.14934459730114
951,36.931474169,36.934419896,36.438933984659045,32.35346785488235,36.25451051843624,36.170960001623136
952,36.928528442,36.9948072995,36.42176446114754,32.30789572541177,36.23285812829851,36.034271591987576
953,36.9300013055,36.9889158455,36.43043714,32.48359967705883,36.24924632265259,36.11740270210527
954,36.9270555785,36.9653500295,36.42066908885246,32.48411951123529,36.248243080688944,36.18456563523585
955,36.934419896,36.987442982000005,36.43853764976,32.520334625529415,36.24597536714191,36.120242704628545
956,36.9388384865,36.984497255,36.43474023451613,32.54753928076471,36.26196713108289,36.15849218398717
957,36.9358927595,36.987442982000005,36.45838423752066,32.473376271588236,36.2517624120494,36.160818948379564
958,36.9329470325,36.9771329375,36.446259314049584,32.50040764876471,36.26060993360721,36.13739192442344
959,36.9358927595,36.990388709,36.440680702076,32.651506116058826,36.24211449205171,36.075424762549574
960,36.907908353,36.9830243915,36.44846420545455,32.37755350505883,36.25297505,36.16664789312349
961,36.94031135,37.005117344,36.45099643538462,32.59519074694118,36.241900255675674,36.202419150322264
962,36.9388384865,36.9889158455,36.42503480569758,32.364211094529416,36.25682737734513,36.16769392849582
963,36.946202804,36.993334436,36.45013834368421,32.37634055864706,36.24478979482476,36.16203640436329
964,36.957985712,37.0154273885,36.45558210433003,32.355547191588236,36.255936777512474,36.157218016772745
965,36.913799807000004,36.9918615725,36.43217814412854,32.392282140058825,36.251724763253684,36.06327229024902
966,36.9388384865,37.0036444805,36.433759306861376,32.37911300758824,36.244585988543626,36.12167816053596
967,36.9211641245,37.019845979,36.438349966854844,32.420873019764706,36.25476300370149,36.07335364469811
968,36.922636988,37.0183731155,36.44770003084368,32.485852291823534,36.25334260951872,36.13437987960767
969,36.9182183975,37.0183731155,36.447103088647644,32.410996170411764,36.25446842334856,36.11825929324176
970,36.887288264,37.008063071,36.43804151771429,32.48481262347059,36.25763887365595,36.08574017123793
971,36.913799807000004,36.9859701185,36.44583834275,32.428670532411765,36.260306982638525,36.11959035407249
972,36.88139681,37.031628887000004,36.47487836904959,32.65098628188235,36.263502197391304,36.21783455183852
973,36.9270555785,37.0272102965,36.46515058526316,32.59917614229412,36.25760981938638,36.19101952317164
974,36.922636988,37.019845979,36.45926762929542,32.54164782676471,36.2630701786747,36.10336087912128
975,36.91085408,37.000698753500004,36.47213391942623,32.50040764876471,36.26311795746479,36.117533810380095
976,36.8799239465,36.9329470325,36.452572601975,32.725495847176475,36.27703045293872,36.11103308347353
977,36.9241098515,36.981551528000004,36.4212138061157,32.646654330411764,36.27827784454251,35.997902662889004
978,36.922636988,36.990388709,36.428056977846154,32.49451619476471,36.2890581587941,36.01307009458973
979,36.931474169,36.9859701185,36.43342720233885,32.687894508411766,36.28209989472373,36.030790805652174
980,36.925582715000004,36.957985712,36.42888844815003,32.57075854064706,36.27921356218113,36.07635044927273
981,36.922636988,36.934419896,36.44337175292945,32.896521291235295,36.273768792607285,36.102360850778325
982,36.919691261000004,36.9594585755,36.43962899428571,32.78510349941177,36.28516747816466,36.00502533332052
983,36.931474169,37.019845979,36.44680490737705,32.727748461941175,36.27770556015023,36.16699862284274
984,36.943257077,37.013954525,36.43166526809379,32.455701909588235,36.25060165553911,36.05467523533528
985,36.9417842135,37.0036444805,36.45117338165,32.75460656105882,36.263363837119044,36.188353602737486
986,36.9241098515,36.999225890000005,36.48466085628857,32.48013411588236,36.280119640119764,36.10809929339179
987,36.934419896,36.984497255,36.476520421811024,32.657224292,36.289248001647536,36.13015666704874
988,36.934419896,36.957985712,36.471433987931285,32.436294767,36.26212954333112,36.11263056827907
989,36.943257077,37.05814043,36.45736253612026,32.443572445470586,36.27436148352826,36.1150772022184
990,36.9300013055,37.0596132935,36.459984570941174,32.56226791576471,36.284843914091205,36.17011684957886
991,36.931474169,37.0596132935,36.4710202173125,32.66536836076471,36.28220128258823,36.15663352252534
992,36.937365623000005,37.031628887000004,36.454026852364834,32.57890260941176,36.25690648448743,36.09859393421626
993,36.925582715000004,37.011008798,36.45396067241759,32.54545994405883,36.28853161626113,36.15493729177064
994,36.925582715000004,37.006590207500004,36.46164213004651,32.578729331352946,36.280677577680606,36.06923253397548
995,36.9300013055,37.005117344,36.466055113112425,32.52657263564706,36.27797025130575,36.00328901001301
996,36.919691261000004,36.981551528000004,36.445296924285714,32.472509881294116,36.26946088387794,36.02955712547946
997,36.9300013055,36.9682957565,36.44858109938312,32.621875568,36.276114610930236,36.066848744
998,36.9270555785,37.022791706,36.452231879552,32.63123258317647,36.2788409018677,36.01728540414109
999,36.9241098515,37.034574614,36.461984504545455,32.73138730117647,36.26728924288961,36.05473811658397
1000,36.8858154005,36.96976862,36.439172822857145,32.75096772182353,36.25135166914928,36.10103068766603
1001,36.9152726705,36.9682957565,36.44533263278689,32.548059114941175,36.262850643714835,36.08807090888889
1002,36.912326943500005,36.944729940500004,36.44129768432787,32.45154323617647,36.250100786078875,36.138161661031944
1003,36.866668175,36.949148531,36.45003573487603,32.66883392194118,36.266448986716114,36.13704448288836
1004,36.907908353,36.960931439,36.44592005883851,32.689800567058825,36.26421490864952,36.15957149549048
1005,36.912326943500005,36.957985712,36.461303867540984,32.602121869294116,36.25945625739319,36.16012029758468
1006,36.916745534,36.9535671215,36.456047532255816,32.611825440588234,36.26536481676978,36.180492821538465
1007,36.943257077,36.9417842135,36.43966946165425,32.431096425235296,36.26124080238247,36.14638930736402
1008,36.9211641245,36.931474169,36.43474625064238,32.793940680411765,36.24599436578793,36.098781351375116
1009,36.9182183975,36.972714347,36.43237160958909,32.73104074505883,36.26605704305074,36.0957933539333
1010,36.916745534,36.9800786645,36.455680811535714,32.72601568135294,36.26482503921655,36.095825930774026
1011,36.916745534,36.9800786645,36.44046342216694,32.69777135776471,36.26918598407936,36.02367952274956
1012,36.919691261000004,36.9712414835,36.43335537,32.667101141352944,36.253804963589744,36.13126216922321
1013,36.9182183975,36.972714347,36.445729452682926,32.605240874352944,36.24603110924147,36.17020232783708
1014,36.9358927595,36.937365623000005,36.422521675215705,32.683909113058824,36.24701899672368,36.17030739343931
1015,36.912326943500005,36.9682957565,36.42021940451629,32.68858762064706,36.266040173711644,36.126857127792206
1016,36.922636988,36.972714347,36.43211994866828,32.56313430605883,36.2552702542285,36.11392340419843
1017,36.9211641245,36.931474169,36.44432105955714,32.81369437911765,36.25243119305136,36.076409958909096
1018,36.922636988,36.955039985,36.42689060978099,32.40181243329412,36.25168541659298,36.1068055164771
1019,36.922636988,36.978605801,36.42370091749054,32.604027927941175,36.25330610278887,36.08602176717423
1020,36.916745534,36.9771329375,36.44784428157895,32.667794253588234,36.24896583696049,36.14728310781809
1021,36.912326943500005,36.981551528000004,36.44440771189516,32.550831563882355,36.24763762341511,36.115111503856504
1022,36.866668175,36.9771329375,36.43554927564941,32.558629076529414,36.241417026617846,36.09335189461539
1023,36.9211641245,36.9741872105,36.44155986211993,32.50803188335294,36.23995561649249,36.03825296933209
1024,36.9182183975,36.981551528000004,36.44203826188976,32.56209463770588,36.246558300123056,36.04932492918994
1025,36.9241098515,36.984497255,36.44592421988747,32.513230225117645,36.25017983459854,36.096705876995216
1026,36.9241098515,36.984497255,36.438997365117096,32.58704667817647,36.245028468402964,36.152003522743364
1027,36.91085408,36.9771329375,36.4556533414625,32.68910745482353,36.27897784270789,36.1465361144
1028,36.9241098515,36.9800786645,36.4470334115659,32.68009699576471,36.25939141975823,36.14088064861345
1029,36.9300013055,36.96976862,36.46606083477164,32.71665866617647,36.280615688899395,36.12286122963073
1030,36.9270555785,36.9859701185,36.44674133905912,32.68165649829412,36.265834004747006,36.14174933330587
1031,36.9270555785,36.996280163,36.44648105408,32.47476249605882,36.25990333823356,35.97609481170507
1032,36.9241098515,36.9859701185,36.452249152307694,32.44963717752941,36.25137254774787,36.129568321969074
1033,36.922636988,36.993334436,36.45472992403226,32.38847002276471,36.255113104476806,36.1057078592
1034,36.922636988,36.9948072995,36.461580990926485,32.38898985694118,36.248787448762926,36.084259980058825
1035,36.9241098515,36.993334436,36.47308890547721,32.51392333735294,36.277260484239726,36.16308356056915
1036,36.919691261000004,36.987442982000005,36.463584731188426,32.513230225117645,36.26813376643531,36.05894817901824
1037,36.919691261000004,37.000698753500004,36.46662208325,32.444785391882355,36.25648118047044,36.10243716269231
1038,36.925582715000004,36.9800786645,36.4698623101164,32.56971887229412,36.268973848786864,36.11027992618079
1039,36.9270555785,37.019845979,36.483743994378884,32.53731587529412,36.274619909107145,36.19181857904624
1040,36.9270555785,37.0036444805,36.46696788409242,32.50907155170589,36.26683786376355,36.101695984496196
1041,36.9270555785,37.0036444805,36.478958208292774,32.573530989588235,36.278685174765236,36.19419307244937
1042,36.9270555785,37.0272102965,36.466070480770284,32.514096615411766,36.25603249119761,36.133049461594595
1043,36.922636988,37.0213188425,36.47065752142857,32.523800186705884,36.26983374339953,36.170569031145185
1044,36.922636988,37.0154273885,36.4636382386646,32.453969129,36.25615389208633,36.15614652025986
1045,36.922636988,37.016900252,36.46531023170968,32.47597544247059,36.25479290855405,36.161690675859035
1046,36.922636988,37.0154273885,36.462192364448,32.47944100364706,36.23220582293578,36.13556321178471
1047,36.9093812165,37.0213188425,36.46069462592,32.470950378764705,36.251600775740364,36.15957406442427
1048,36.8946525815,37.013954525,36.449238806295085,32.48567901376471,36.227889292671236,36.14791219039543
1049,36.9211641245,37.0095359345,36.45903822485273,32.42659119570588,36.23717471989,36.07035845899294
1050,36.9270555785,36.981551528000004,36.46028454693548,32.41671434635294,36.241453941091635,36.124953639736844
1051,36.9300013055,36.984497255,36.4708939283967,32.57301115541176,36.25594073170287,36.16070491471642
1052,36.916745534,36.978605801,36.446002990389566,32.52328035252941,36.24819953706775,36.07483659443038
1053,36.9270555785,36.9830243915,36.458149274217675,32.50872499558824,36.25055575824538,36.128894806762375
1054,36.912326943500005,36.981551528000004,36.45224028911618,32.574743936000004,36.25559008225907,36.125765357178146
1055,36.912326943500005,36.981551528000004,36.452102630697674,32.59051223935294,36.262496691969034,36.14629287422832
1056,36.878451083,36.9830243915,36.449799513893446,32.55637646176471,36.24787829802817,36.121557050803574
1057,36.8858154005,36.9889158455,36.450447860000004,32.622048846058824,36.254783211773145,36.12822864092537
1058,36.8858154005,36.987442982000005,36.44448722,32.54563322211765,36.250715760908164,36.1341876576361
1059,36.8917068545,36.956512848500005,36.44238168125845,32.55880235458824,36.25192640932039,36.15341158903226
1060,36.887288264,36.9771329375,36.430799036,32.564520530529414,36.234344462736416,36.10948711168495
1061,36.896125445,36.9830243915,36.43827147298361,32.62222212411765,36.24884174387162,36.138412528363816
1062,36.887288264,36.981551528000004,36.44055606192089,32.61719706041177,36.252221804739726,36.11917573192085
1063,36.8946525815,36.9712414835,36.43707770841936,32.54320732929412,36.259951682152035,36.11705509952428
1064,36.888761127500004,36.955039985,36.43288205466144,32.564173974411766,36.23734785990492,36.087285507975224
1065,36.8975983085,36.9682957565,36.43330103939349,32.57266459929412,36.225562868622795,36.13821848449576
1066,36.896125445,36.981551528000004,36.422085224617945,32.610265938058824,36.214346454918356,36.0959089387984
1067,36.8975983085,36.981551528000004,36.435833648,32.65081300382353,36.20393875114458,36.07703038339913
1068,36.8917068545,36.9741872105,36.43931930249415,32.72445617882353,36.25003235670443,36.066197608409546
1069,36.896125445,36.9771329375,36.425320366876036,32.79757951964706,36.26891488506916,36.03544486015547
1070,36.912326943500005,36.966822893,36.421049584401416,32.666754585235296,36.266633087445165,35.98740586301988
1071,36.9152726705,36.9830243915,36.412035033770955,32.55308417864706,36.25413819289256,35.98629967751904
1072,36.907908353,36.963877166,36.414247279480094,32.66034329705882,36.26612822240911,35.97152138083248
1073,36.9182183975,36.978605801,36.42347879667742,32.65375873082353,36.280429062875356,36.05802349508583
1074,36.925582715000004,36.962404302500005,36.42490709818182,32.671433092823534,36.26338252619201,36.07775730271443
1075,36.9241098515,36.981551528000004,36.42846625508197,32.615117723705886,36.2596774682783,36.09372199621567
1076,36.893179718,36.9682957565,36.417865878032785,32.65705101394118,36.24284104370751,36.08174113981964
1077,36.9034897625,36.9918615725,36.42725578254959,32.700023972529415,36.24993933939577,36.12839905001006
1078,36.8946525815,36.984497255,36.412595135000004,32.68321600082353,36.23446798276338,36.09713964673745
1079,36.884342537,36.9830243915,36.402431102145165,32.705915426529415,36.225857485039064,36.097353210079525
1080,36.884342537,36.9830243915,36.380623220000004,32.694132518529415,36.209209417334634,36.08196820641077
1081,36.88139681,36.9800786645,36.395794911500005,32.650639725764705,36.23022647503106,36.087771952403024
1082,36.860776721,36.962404302500005,36.385467098387096,32.650639725764705,36.21090089596531,36.077065981117045
1083,36.88139681,36.962404302500005,36.40166412714286,32.59969597647059,36.21854451711148,36.06375774635422
1084,36.8946525815,36.981551528000004,36.40465057847926,32.539395212,36.211857208203284,36.096295306612674
1085,36.896125445,36.984497255,36.406643995672894,32.469044320117646,36.214079324894875,36.09006807265465
1086,36.887288264,36.96976862,36.39615755364817,32.53107786517647,36.196264930407274,36.118816134693475
1087,36.893179718,36.984497255,36.403485753170735,32.56192135964706,36.2170315925,36.1011583079802
1088,36.896125445,36.9830243915,36.403944984285715,32.56971887229412,36.21796446684768,36.09495687658513
1089,36.900544035500005,36.984497255,36.41646560241936,32.6785374932353,36.22189144299836,36.11852648061195
1090,36.8975983085,36.990388709,36.40966331387097,32.60610726464706,36.21923166928572,36.1284413491382
1091,36.8858154005,36.9948072995,36.40628286285715,32.55187123223529,36.22756978445352,36.08448096041865
1092,36.878451083,36.984497255,36.40426320064516,32.70019725058824,36.22218180461796,36.12264047894159
1093,36.875505356000005,36.9535671215,36.4202189,32.63313864182353,36.24650167352533,36.10295885370213
1094,36.8799239465,36.981551528000004,36.41484538304,32.58739323429412,36.228178592526355,36.03694021509834
1095,36.838683768500005,36.9535671215,36.40422525395492,32.54719272464706,36.23238209666326,36.07201106859624
1096,36.8740324925,36.955039985,36.405027251,32.63244552958824,36.23107851217275,36.06842023371571
1097,36.872559629,36.94031135,36.411050709607146,32.63469814435294,36.226318527147654,36.103196392752295
1098,36.869613902,36.94031135,36.39653219857143,32.53090458711765,36.21338702493151,36.07534983987616
1099,36.8769782195,36.9034897625,36.397432760141676,32.59761663976471,36.213524113760485,36.0918627167713
1100,36.8681410385,36.9034897625,36.397637236031265,32.404065048058825,36.21801358540541,36.018443197382354
1101,36.8740324925,36.9270555785,36.401552807887484,32.517908732705884,36.23536703320271,36.082101747015656
1102,36.8740324925,36.9300013055,36.40899308664463,32.421566132,36.235436755336444,36.094829473248865
1103,36.866668175,36.931474169,36.40739736656977,32.56434725247059,36.23324629417834,36.11301491136705
1104,36.872559629,36.9241098515,36.397177718842975,32.42052646364706,36.22220942734493,36.06291170458374
1105,36.872559629,36.950621394500004,36.40016260929932,32.392282140058825,36.22123938864865,36.079320688712485
1106,36.869613902,36.9535671215,36.39270636959729,32.39678736958824,36.22577511771448,36.06000675339056
1107,36.8769782195,36.944729940500004,36.40276178029508,32.46713826147059,36.22951962026927,36.09061883421277
1108,36.869613902,36.934419896,36.400931972,32.528132138176474,36.22652095912234,36.09725578203359
1109,36.8740324925,36.9093812165,36.4156882814,32.52709246982353,36.23554328958467,36.14169359679273
1110,36.88139681,36.9741872105,36.41414165382044,32.739704648,36.237877391354345,36.13525264882381
1111,36.8769782195,36.9682957565,36.41807277255814,32.51340350317647,36.23420815515453,36.13602591689901
1112,36.8740324925,36.962404302500005,36.407190553284096,32.64058959835294,36.211665029100416,36.142010728149955
1113,36.872559629,36.9800786645,36.40990488779434,32.574397379882356,36.21078459406443,36.12032607951673
1114,36.8504666765,36.962404302500005,36.398654156,32.64076287641176,36.22641642917124,36.066403154695976
1115,36.8504666765,36.956512848500005,36.40444969023256,32.639723208058825,36.23128731915416,36.10961063826886
1116,36.8504666765,36.949148531,36.405700644288984,32.53766243141177,36.2238455289169,36.07464954467344
1117,36.854885267,36.962404302500005,36.39916359118402,32.54199438288235,36.216374814832825,36.05718266954863
1118,36.8534124035,36.96976862,36.397064486976745,32.617023782352945,36.22747703735659,36.05978504011456
1119,36.854885267,36.975660074000004,36.40827342909091,32.57162493094118,36.2349888655473,36.07665395398503
1120,36.8210094065,36.94031135,36.390866860454544,32.63053947094118,36.22943999022993,36.0958212877067
1121,36.819536543,36.937365623000005,36.379088651836064,32.62343507052941,36.21640706487462,36.07899574859238
1122,36.851939540000004,36.952094258,36.395514176,32.75720573194118,36.20677606735117,36.072968378750005
1123,36.8563581305,36.952094258,36.4014833312,32.694132518529415,36.21684682072913,36.09547207599191
1124,36.8534124035,36.946202804,36.403097944030804,32.78042499182353,36.224999151376146,36.10416913654017
1125,36.8593038575,36.957985712,36.40175036036885,32.8876841102353,36.229710595615515,36.113757408796346
1126,36.8593038575,36.955039985,36.40180890217182,32.656531179764706,36.20822334888077,36.082889107873626
1127,36.854885267,36.9653500295,36.4117279151,32.77938532347059,36.225681364548834,36.11092956398773
1128,36.854885267,36.946202804,36.40817132648494,32.74802199482353,36.227206169137055,36.11750945033469
1129,36.831319451,36.950621394500004,36.40574182232558,32.74057103829412,36.218212868990825,36.11559572214925
1130,36.848993813,36.950621394500004,36.39778023209678,32.842458536882354,36.22205681941548,36.06145320363636
1131,36.837210905,36.952094258,36.40161476431085,32.68338927888235,36.23264445599732,36.084063041542166
1132,36.8475209495,36.9358927595,36.396309815,32.574397379882356,36.208288171020406,36.07657741282382
1133,36.860776721,36.946202804,36.41447839727273,32.66450197047059,36.23100863216495,36.09116330302245
1134,36.854885267,36.94031135,36.4100295356602,32.65445184305882,36.23386109246407,36.08764672674877
1135,36.8416294955,36.944729940500004,36.39504566832258,32.64890694517647,36.21669316425532,36.04858018817038
1136,36.8357380415,36.9329470325,36.39241511229889,32.65393200888236,36.21119617883316,36.08098162346214
1137,36.8357380415,36.9388384865,36.40219959813954,32.64232237894118,36.24227604154786,36.06757906162756
1138,36.8475209495,36.934419896,36.40484668667907,32.63400503211765,36.23061026304948,36.08180752636496
1139,36.846048086,36.937365623000005,36.40619478072818,32.78250432852941,36.22717936333903,36.0980454597635
1140,36.8416294955,36.934419896,36.404169441363635,32.609919381941175,36.21665266833614,36.06010490484729
1141,36.8563581305,36.944729940500004,36.40976221100224,32.68581517170588,36.2269914681206,36.1145650413294
1142,36.8475209495,36.943257077,36.39399435239344,32.71457932947059,36.21333526473082,36.08295288998989
1143,36.8475209495,36.9358927595,36.378004796,32.65479839917647,36.20687996949073,36.0682724781677
1144,36.837210905,36.934419896,36.38391962878572,32.839686087941175,36.210893715607256,36.084931506663246
1145,36.846048086,36.9300013055,36.379518572375005,32.66744769747059,36.19845752008242,36.07647956584837
1146,36.8475209495,36.943257077,36.375323143011364,32.65115955994118,36.19476092960969,36.06727357583886
1147,36.837210905,36.931474169,36.38250441305034,32.58046211194118,36.19830235688,36.08094768582677
1148,36.8475209495,36.9417842135,36.38478517519319,32.70383608982353,36.20081071374914,36.088814486180524
1149,36.8622495845,36.9417842135,36.391844497943495,32.62308851441176,36.220863971891895,36.07169217905593
1150,36.860776721,36.943257077,36.3820060873696,32.593977800529416,36.21081660216491,36.07598322246714
1151,36.8475209495,36.922636988,36.37953416171735,32.612691830882355,36.17636478764106,36.06675039943662
1152,36.851939540000004,36.9211641245,36.35565868163787,32.57664999464706,36.20546332419355,36.00151600086198
1153,36.828373724,36.950621394500004,36.35370998695455,32.680443551882355,36.215689882827746,35.98882543213115
1154,36.7679863205,36.9300013055,36.355069378690295,32.76898863994118,36.21322228348421,35.993733002055215
1155,36.854885267,36.9270555785,36.36439196668182,32.55065828582353,36.20079179613505,35.938251487528596
1156,36.8475209495,36.916745534,36.34968821071047,32.63937665194118,36.19865207928757,36.010715694732006
1157,36.8651953115,36.9241098515,36.36547115104895,32.68252288858824,36.207799549823875,36.0258199668987
1158,36.8651953115,36.913799807000004,36.352979754125,32.74784871676471,36.22363363946903,36.00605017470417
1159,36.843102359,36.922636988,36.358168511552634,32.79411395847059,36.219889196035446,36.044915278839696
1160,36.8504666765,36.9182183975,36.347876968147986,32.81473404747059,36.20219792901998,36.03012418640478
1161,36.857830994000004,36.928528442,36.368220158947366,32.706261982647064,36.20575260560694,36.04884612443644
1162,36.848993813,36.9329470325,36.36907608378496,32.8582268402353,36.21215577830924,36.01370298832154
1163,36.854885267,36.928528442,36.374784842162164,32.750101331529414,36.225339753113325,35.97170578933465
1164,36.843102359,36.916745534,36.371618396,32.780944826,36.225546517603306,35.93821893788895
1165,36.857830994000004,36.884342537,36.38185060625,32.76049801505882,36.23580921081327,35.97713774176653
1166,36.878451083,36.916745534,36.37395420620586,32.653065618588236,36.230817313360895,35.97612042178061
1167,36.8769782195,36.916745534,36.362923081098685,32.65566478947059,36.22422722530676,35.91848137798473
1168,36.8563581305,36.943257077,36.3542792183489,32.648387111,36.214316929,35.85010199755545
1169,36.828373724,36.919691261000004,36.36752963784677,32.73623908682353,36.22301887418863,35.97060091273006
1170,36.8121722255,36.907908353,36.350909688408,32.710940490235295,36.204381871101994,35.94761482916116
1171,36.8445752225,36.887288264,36.34409202871511,32.681136664117645,36.205303460508475,35.92418311651303
1172,36.831319451,36.878451083,36.34640395963115,32.71146032441177,36.18952956941066,35.92186844105318
1173,36.838683768500005,36.890233991,36.35671262826893,32.71215343664706,36.2081217512496,36.00003833627907
1174,36.8239551335,36.9182183975,36.358310735,32.78077154794118,36.22287505278678,35.95342636003008
1175,36.82248227,36.9211641245,36.35824134484307,32.7963665732353,36.2183207320448,35.919226331065694
1176,36.8210094065,36.890233991,36.352559016487604,32.82859629217647,36.19223235048027,36.026713437192626
1177,36.828373724,36.9211641245,36.36395028674559,32.65514495529412,36.20679749184751,36.03098992303246
1178,36.837210905,36.907908353,36.37302005977027,32.654278565,36.219154456120776,36.02719513114458
1179,36.8327923145,36.9241098515,36.36282727076923,32.62551440723529,36.21760520967742,35.977495842848576
1180,36.8298465875,36.912326943500005,36.35447172453676,32.62135573382353,36.19994689771687,35.98862187826354
1181,36.838683768500005,36.925582715000004,36.37248371118421,32.71353966111765,36.218497057249756,36.0330305528216
1182,36.838683768500005,36.9093812165,36.37148085106757,32.68720139617647,36.219154456120776,36.01592003200837
1183,36.8416294955,36.9182183975,36.356053647056584,32.85198883011765,36.22255934933508,36.028191255793246
1184,36.834265178,36.907908353,36.364517184875,32.798619188,36.22311619468991,36.04041819149947
1185,36.8445752225,36.9270555785,36.36073347653719,32.58236817058824,36.20436377603551,36.01497416105809
1186,36.846048086,36.9241098515,36.36701734160246,32.778692211235295,36.21647658579568,36.024429013526074
1187,36.8681410385,36.931474169,36.37441787705738,32.79602001711765,36.2230189492246,36.00621021669592
1188,36.8445752225,36.9270555785,36.35827345900827,32.803297695588235,36.20843555347494,36.02510341342466
1189,36.8475209495,36.931474169,36.35613298381733,32.810748652117645,36.206306421306095,36.00406161794507
1190,36.82248227,36.9270555785,36.3509865668856,32.68529533752941,36.20718542589179,35.96731325962208
1191,36.828373724,36.9300013055,36.34808424809918,32.62724718782353,36.19075306101873,35.99472707973948
1192,36.8121722255,36.925582715000004,36.34668000681191,32.647174164588236,36.19737477844165,36.01387948330871
1193,36.8239551335,36.9300013055,36.36458826218159,32.70678181682353,36.20815134912387,36.05113182913869
1194,36.8180636795,36.9300013055,36.35681595096722,32.69967741641177,36.1937144192145,36.06048048633217
1195,36.798916454,36.9064354895,36.34632132460331,32.73277352564706,36.18552461532503,36.0403389964666
1196,36.776823501500004,36.9270555785,36.344747618,32.61944967517647,36.17298636287745,36.0460835206422
1197,36.7944978635,36.9358927595,36.3481883874253,32.766909303235295,36.18130192630137,36.0456810002266
1198,36.7974435905,36.9358927595,36.349776908,32.74369004335294,36.185112782953645,36.056755834029104
1199,36.778296365,36.928528442,36.34483628867768,32.88924361276471,36.17917476956,36.036599693911754
1200,36.778296365,36.928528442,36.341779367535715,32.724629456882354,36.18000788530398,36.03946217528012
1201,36.8003893175,36.902016899,36.34885145021428,32.904318803882354,36.1823321525,36.04159227142429
1202,36.787133546,36.88139681,36.34034355703982,32.80433736394118,36.164231601135455,36.022180551401874
1203,36.76356773,36.919691261000004,36.3448940062625,32.847483600588234,36.16982664461742,36.03923718266055
1204,36.801862181000004,36.9358927595,36.336928748480005,32.87416842164706,36.19326048437646,35.99987367506407
1205,36.784187819,36.904962626,36.34741455407693,32.739877926058824,36.16471515721757,36.02092349823411
1206,36.784187819,36.878451083,36.34314565127731,32.784583665235296,36.17799622656303,36.03851615784568
1207,36.7915521365,36.8946525815,36.349414308264464,32.698464470000005,36.18785795611881,36.04726712660861
1208,36.7797692285,36.8917068545,36.3413345861375,32.73156057923529,36.17666496166667,36.04903729598513
1209,36.7856606825,36.896125445,36.34203959966942,32.69603857717647,36.18153676047904,36.03176199504559
1210,36.7856606825,36.8740324925,36.3504172443875,32.75928506864706,36.17588021522712,36.043833028517945
1211,36.781242092,36.890233991,36.33912863295082,32.750101331529414,36.171229103696874,36.01909176924198
1212,36.8003893175,36.887288264,36.34103670081967,32.60558743047059,36.16873105198535,35.978171064431315
1213,36.7738777745,36.882869673500004,36.33212079285715,32.81802633058824,36.1684670018176,36.05086708729459
1214,36.801862181000004,36.884342537,36.33330965594739,32.754433283000004,36.17713048260206,36.025609845777126
1215,36.8121722255,36.8946525815,36.35026171266824,32.70920770964706,36.17259220218771,36.036635425157684
1216,36.8033350445,36.9211641245,36.33781876341463,32.75339361464706,36.184569044200195,36.007802415492
1217,36.8092264985,36.9211641245,36.34113017857143,32.749234941235294,36.183689571918606,36.02898716005985
1218,36.8092264985,36.9034897625,36.34559486295082,32.754433283000004,36.18846939705284,36.03889525127382
1219,36.8092264985,36.9064354895,36.34575211879575,32.74611593617647,36.18127901722278,36.04874100391371
1220,36.798916454,36.887288264,36.32809897414634,32.78752939223529,36.17324325314877,36.00050695601182
1221,36.8033350445,36.8975983085,36.343737801487606,32.623608348588235,36.16903177677184,35.985780515143
1222,36.8092264985,36.896125445,36.34584685697479,32.74784871676471,36.172807126710076,36.04178845866598
1223,36.8092264985,36.904962626,36.349545800150004,32.69898430417647,36.16813547640268,36.04987218945474
1224,36.8033350445,36.902016899,36.341580063387504,32.759111790588236,36.171173080270805,36.04311431736364
1225,36.804807908,36.899071172,36.345980496685954,32.70054380670588,36.173515502423044,36.04215219256992
1226,36.807753635,36.900544035500005,36.347729268500004,32.72757518388235,36.183247000561906,36.00862984945775
1227,36.807753635,36.907908353,36.357069992576925,32.762577351764705,36.17330644950721,36.05648723411825
1228,36.801862181000004,36.900544035500005,36.345620835384615,32.72601568135294,36.17844274480315,36.012256539863486
1229,36.804807908,36.913799807000004,36.35019215595042,32.81715994029412,36.174569862237064,36.06964039178647
1230,36.804807908,36.912326943500005,36.34536273206221,32.86030617694118,36.19165387029412,36.012895428421054
1231,36.8062807715,36.919691261000004,36.35121678221743,32.789955285058824,36.18353558014108,36.04971043121135
1232,36.801862181000004,36.900544035500005,36.336802487768594,32.833967912,36.16070795685008,36.02913156856421
1233,36.765040593500004,36.887288264,36.341388116680676,32.833967912,36.17049209978864,36.04891631504567
1234,36.742947641,36.8975983085,36.32645985258065,32.701583475058825,36.164616327757415,35.98197769909709
1235,36.7444205045,36.888761127500004,36.32864664227632,32.73814514547059,36.160429132914985,36.0201799511499
1236,36.7532576855,36.8917068545,36.328987080462504,32.69638513329412,36.16373958526387,36.041425758651336
1237,36.776823501500004,36.890233991,36.334146194,32.72358978852941,36.175519249329724,36.034227545
1238,36.754730549,36.8946525815,36.3363155907438,32.708168041294115,36.168388196992936,36.035338108166236
1239,36.769459184,36.8975983085,36.33926194197076,32.82911612635294,36.166783037983706,36.03383630165984
1240,36.7503119585,36.900544035500005,36.33574647846154,32.801391636941176,36.16845258425249,36.02814357273642
1241,36.766513457,36.912326943500005,36.34627135359287,32.73433302817647,36.172078800966766,36.02377815647669
1242,36.798916454,36.91085408,36.348687768989194,32.705915426529415,36.16526069497154,36.03114459818557
1243,36.76356773,36.896125445,36.3460927535,32.95890139241177,36.17975084440857,36.056002861677214
1244,36.795970727000004,36.904962626,36.33616412257661,32.76136440535294,36.18288251335573,35.954111535683246
1245,36.7591491395,36.912326943500005,36.32361231846154,32.76586963488236,36.163588792105266,35.90361025359719
1246,36.7238004155,36.9064354895,36.32249824274291,32.727055349705886,36.157393118824324,35.953130744159296
1247,36.76356773,36.899071172,36.33062658340148,32.78007843570588,36.15522822944724,36.01826330831325
1248,36.720854688500005,36.907908353,36.33863164145633,32.87122269464706,36.17267189799661,36.03561377616267
1249,36.7532576855,36.912326943500005,36.325855638421054,32.789782007,36.17389595919259,36.015376590778445
1250,36.7738777745,36.902016899,36.32560385619835,32.66554163882353,36.154227602388666,35.9805359077594
1251,36.784187819,36.9064354895,36.32348231773053,32.81300126688235,36.16360815101342,35.931904650150706
1252,36.7620948665,36.9064354895,36.321316708262096,32.68425566917647,36.165772102407104,35.887416105235296
1253,36.748839095,36.9093812165,36.32513855128626,32.66103640929412,36.15505561506406,35.97327379022067
1254,36.766513457,36.904962626,36.327880099789255,32.67160637088235,36.15221975978349,35.97500662547945
1255,36.766513457,36.9034897625,36.32481135147131,32.65861051647059,36.16208955296,35.972301719551574
1256,36.772404911,36.888761127500004,36.32894019833197,32.700023972529415,36.158640946873746,36.01277815655589
1257,36.754730549,36.9034897625,36.32582949140496,32.78007843570588,36.147792801906654,35.986600888382576
1258,36.725273279,36.896125445,36.31940119385,32.78007843570588,36.138616510431035,36.011545441450025
1259,36.7473662315,36.884342537,36.31793845410472,32.75928506864706,36.13678028833557,36.00630668177294
1260,36.760622003,36.8740324925,36.31104941196721,32.67420554176471,36.14215499148027,35.986694387836316
1261,36.769459184,36.900544035500005,36.325535710569675,32.67663143458824,36.14935477082353,36.00417596903856
1262,36.751784822000005,36.899071172,36.32936170246663,32.69707824552941,36.1417247603,36.01636761241692
1263,36.740001914000004,36.900544035500005,36.32225047704918,32.745769380058825,36.14753566856496,36.00918850423841
1264,36.8033350445,36.878451083,36.32161445442623,32.69014712317647,36.14596296100326,35.990919729742814
1265,36.728219006,36.8593038575,36.33789399318681,32.77851893317647,36.14178879784348,36.020504640427305
1266,36.787133546,36.8769782195,36.318301741612906,32.61529100176471,36.15409081730916,35.979409193831955
1267,36.793025,36.8622495845,36.324764547818916,32.48446606735294,36.14763513533747,35.95615742882704
1268,36.7562034125,36.740001914000004,36.3284478172093,32.61563755788235,36.15122095392656,35.99964638618861
1269,36.781242092,36.882869673500004,36.33389346390244,32.676111600411765,36.14486667232465,35.98119963056191
1270,36.793025,36.8740324925,36.32112944837209,32.60316153764706,36.1253979859842,35.981992115000004
1271,36.7738777745,36.8769782195,36.3172968768894,32.69361268435294,36.14165804656068,35.97105442573111
1272,36.701707463000005,36.882869673500004,36.321895599024394,32.59778991782353,36.130617085546724,35.962926737050644
1273,36.7061260535,36.869613902,36.31957065233871,32.57301115541176,36.140827967426304,35.96199705371008
1274,36.722327552,36.8740324925,36.3061333197507,32.59051223935294,36.13455191038961,35.94801640451077
1275,36.709071780500004,36.88139681,36.316438193207055,32.58202161447059,36.14671285802,35.97034004168473
1276,36.745893368000004,36.878451083,36.314079932122795,32.67871077129412,36.14215770949645,35.96954795436123
1277,36.76356773,36.8858154005,36.3086779293125,32.49451619476471,36.14333073285428,35.805012974447514
1278,36.725273279,36.8740324925,36.31009732712358,32.42295235647059,36.13592040650438,35.86416784290033
1279,36.745893368000004,36.869613902,36.32663214883721,32.51548283988235,36.14294524718941,35.95822700910715
1280,36.742947641,36.887288264,36.317134769349096,32.69447907464706,36.14168231774481,35.87787830217973
1281,36.757676276,36.890233991,36.315250740038465,32.34047200047059,36.145669597162254,35.70288174954769
1282,36.742947641,36.8858154005,36.299568283793846,32.50196715129412,36.12920751647477,35.78453893776982
1283,36.7827149555,36.887288264,36.29800693226515,32.46523220282353,36.138069358813055,35.85474370247986
1284,36.781242092,36.9064354895,36.31032746204546,32.37131549494118,36.122827130954676,35.830197003730234
1285,36.70465319,36.882869673500004,36.30330319961039,32.4605536952353,36.127241355839196,35.936277517337665
1286,36.745893368000004,36.9270555785,36.3005362671875,32.485852291823534,36.13246917349045,35.92448831401447
1287,36.7974435905,36.913799807000004,36.30749437828572,32.44582506023529,36.12984321924091,35.95689606581975
1288,36.589769837,36.875505356000005,36.32000015834,32.82166516982353,36.12417052016244,35.93963226243615
1289,36.742947641,36.896125445,36.30494902184131,32.722030286,36.16046358948412,35.80833462686695
1290,36.7326375965,36.8475209495,36.322757751797624,33.06113544711765,36.16240576660057,36.036061502347465
1291,36.751784822000005,36.819536543,36.323725824817004,32.95352977258824,36.17160711671915,36.07872828431429
1292,36.737056187,36.8681410385,36.29644128702915,32.68581517170588,36.132496686940826,36.0307645670902
1293,36.6972888725,36.848993813,36.29474778881356,32.689627289,36.12598768775564,35.905547042583635
1294,36.793025,36.8622495845,36.285172392935834,33.16891439970588,36.118038483298974,35.78835631916667
1295,36.793025,36.8593038575,36.28706016979508,33.09215221964706,36.14507949419877,35.738720332336065
1296,36.6707773295,36.8416294955,36.306188837334716,33.105148074058825,36.130771127920795,35.96958602652568
1297,36.734110460000004,36.8357380415,36.31164483262464,32.760324737,36.1174870559292,35.946604508022816
1298,36.740001914000004,36.854885267,36.30321983127189,32.751487556,36.12194441738602,36.02762512285978
1299,36.754730549,36.869613902,36.312823752896406,32.61806345070588,36.12657646278634,35.976205429920284
1300,36.740001914000004,36.837210905,36.323151905826776,32.68321600082353,36.12986944890909,36.03905948258834
1301,36.734110460000004,36.8681410385,36.31565302250666,32.60229514735294,36.14177255001995,36.069250082122764
1302,36.709071780500004,36.8651953115,36.311812878359376,32.568852482000004,36.13563625287962,36.071651485870994
1303,36.719381825,36.843102359,36.30961165703297,32.508205161411766,36.14281820920813,36.06931614279551
1304,36.726746142500005,36.7944978635,36.29889982657455,32.46384597835294,36.14216361780479,36.07840308762551
1305,36.745893368000004,36.8298465875,36.296399376800004,32.515136283764704,36.153816171320486,36.09472168657662
1306,36.737056187,36.8681410385,36.2824931821281,32.45033028976471,36.12776517751678,36.09982458672108
1307,36.695816009,36.872559629,36.28965815410708,32.40337193582353,36.13204692166113,36.10408791676856
1308,36.6796145105,36.8769782195,36.294610987889385,32.58462078535294,36.143513322530346,36.103106936421455
1309,36.695816009,36.857830994000004,36.28693944327869,32.51201727870588,36.161859353840526,36.09693720121325
1310,36.686978828,36.851939540000004,36.27993478142857,32.47268315935294,36.13441651346799,36.0786541991888
1311,36.686978828,36.8622495845,36.30183798967213,32.57023870647059,36.13827942011565,36.080959819439514
1312,36.6884516915,36.831319451,36.29706782,32.37010254852942,36.12697403991099,36.07644153891584
1313,36.698761736,36.863722448000004,36.291195880000004,32.51426989347059,36.138327397438104,36.066644322135396
1314,36.628064288000004,36.8475209495,36.28290372830211,32.38587085188235,36.113045158036286,36.07321986887304
1315,36.648684377,36.8593038575,36.292366720000004,32.549272061352944,36.141816470882354,36.085065418541575
1316,36.6354286055,36.8563581305,36.28901386,32.45188979229412,36.11933162116505,36.097741837037034
1317,36.625118561,36.834265178,36.29693188417402,32.621009177705886,36.13392257308776,36.091844055096956
1318,36.648684377,36.854885267,36.297755711308575,32.66155624347059,36.14328178742857,36.07311869977738
1319,36.666358739,36.869613902,36.303652389257934,32.4988481462353,36.117761012757896,36.06286016686036
1320,36.660467285,36.869613902,36.30498505528571,32.555856627588234,36.1431063595179,36.050492631952665
1321,36.672250193,36.8740324925,36.30519832648727,32.535583094705885,36.13876132330843,36.028092828677494
1322,36.6560486945,36.866668175,36.2890492248052,32.56486708664706,36.14563668995369,36.050125010293705
1323,36.669304466,36.866668175,36.29696766582677,32.697251523588236,36.15110026981066,36.01980816880577
1324,36.660467285,36.848993813,36.287391456363636,32.651506116058826,36.132597271354705,36.03085574668524
1325,36.678141647000004,36.8593038575,36.29955422639943,32.66796753164706,36.14515449581994,36.036105384747806
1326,36.653102967500004,36.828373724,36.2909053587013,32.580981946117646,36.132123150971076,36.04428623034933
1327,36.6619401485,36.840156632,36.29826024591082,32.66814080970588,36.134298778359266,36.051674646798894
1328,36.663413012,36.840156632,36.28282905090909,32.70487575817647,36.12084775616486,36.034503733952405
1329,36.681087374,36.840156632,36.29207606910715,32.66952703417647,36.12350023286066,36.01999317135586
1330,36.666358739,36.838683768500005,36.286774143069096,32.61043921611765,36.105100366095044,36.00639103717746
1331,36.689924555000005,36.837210905,36.290259027374546,32.62742046588235,36.113766574457586,36.021446326517605
1332,36.6825602375,36.8416294955,36.28757565285714,32.67819093711765,36.12175883594038,36.0128712935402
1333,36.433646306,36.7797692285,36.324069367142855,32.393841642588235,36.12617223211921,36.03992008529922
1334,36.698761736,36.631010015,36.33470009138462,32.642495657,36.14351417953731,36.09197144466576
1335,36.698761736,36.765040593500004,36.324080239872885,32.65445184305882,36.13135188576507,36.14272655346973
1336,36.757676276,36.8445752225,36.32856511353448,32.585660453705884,36.097542274152005,36.156341326967954
1337,36.7326375965,36.8534124035,36.316596261239674,32.7521806682353,36.11308791947867,36.152992166075
1338,36.716436098,36.846048086,36.32418408084034,32.42416530288236,36.09608142395994,36.166582480654455
1339,36.7120175075,36.807753635,36.3231815435,32.53073130905882,36.098740842188334,36.14146967741848
1340,36.642792923,36.801862181000004,36.3005976365,32.46020713911765,36.08955228480548,36.10752113580986
1341,36.6354286055,36.801862181000004,36.297636072258065,32.53766243141177,36.106504102449406,36.10339262668501
1342,36.663413012,36.8180636795,36.281897947755105,32.54597977823529,36.12353426664615,36.05022065205908
1343,36.654575831,36.816590816,36.257204217110235,32.57318443347059,36.1274477497471,35.99927656716535
1344,36.653102967500004,36.863722448000004,36.28247650038245,32.591205351588236,36.127215923366734,35.9811489149523
1345,36.672250193,36.8593038575,36.28181379464567,32.648387111,36.13868810832477,35.96774873043074
1346,36.642792923,36.8534124035,36.282697402294716,32.59363124441177,36.13242404566735,35.96982490860404
1347,36.664885875500005,36.848993813,36.28116837688463,32.5283054162353,36.1278096343627,36.00154948712695
1348,36.653102967500004,36.838683768500005,36.27345096982143,32.57491721405883,36.11971018499828,35.99012819789887
1349,36.676668783500006,36.8327923145,36.27419142555637,32.57058526258824,36.12686858148098,36.02875189139389
1350,36.663413012,36.8239551335,36.27714786429091,32.54580650017647,36.11568937591096,36.00640679
1351,36.6442657865,36.840156632,36.29134805372,32.59085879547059,36.120352141859044,36.022622473105
1352,36.6383743325,36.8092264985,36.272786045984,32.67351242952941,36.11212678375258,35.982231447094506
1353,36.669304466,36.82248227,36.274801179402175,32.66554163882353,36.13107299118761,36.03679096264624
1354,36.631010015,36.8092264985,36.273441604138185,32.58773979041177,36.11838367410042,36.021032221351355
1355,36.6265914245,36.825427997,36.27776033362903,32.60264170347059,36.12756133016254,36.04953368597545
1356,36.647211513500004,36.816590816,36.27664041437788,32.64422843758824,36.118234176158666,36.043734603203234
1357,36.6383743325,36.8121722255,36.26604591655844,32.60298825958824,36.124299778535566,36.02093170543363
1358,36.639847196000005,36.8180636795,36.26929954124224,32.61754361652941,36.127505153399724,36.03828841765288
1359,36.642792923,36.828373724,36.28148897124124,32.57734310688235,36.13736851104415,36.018211144364294
1360,36.642792923,36.816590816,36.26206166756049,32.67871077129412,36.12890690082511,35.98202396148114
1361,36.642792923,36.8151179525,36.2704530302,32.74836855094118,36.11727687185754,35.9611262962418
1362,36.6354286055,36.8062807715,36.25857037271429,32.73571925264706,36.133935118487045,35.89007655579233
1363,36.660467285,36.807753635,36.23728204008928,32.605933986588234,36.12082240187607,35.845719471419805
1364,36.657521558,36.7974435905,36.23759807790827,32.48134706229412,36.11557877137349,35.82687986032579
1365,36.6619401485,36.807753635,36.23842251058824,32.54753928076471,36.126459589478806,35.84909782526458
1366,36.647211513500004,36.804807908,36.22675310228111,32.49382308252941,36.10913307568523,35.874325522210675
1367,36.651630104,36.8033350445,36.24540032342857,32.56313430605883,36.12469098991389,35.83052194040681
1368,36.6295371515,36.7856606825,36.24306086986526,32.561401525470586,36.108445979818185,35.82649357212398
1369,36.64573865,36.772404911,36.25659557529412,32.55620318370588,36.12311595907285,35.906712291249406
1370,36.636901469,36.8033350445,36.246730411759884,32.67663143458824,36.1174106069467,35.938227556260784
1371,36.585351246500004,36.8151179525,36.23801416017799,32.410303058176474,36.104426053679894,35.913122758331696
1372,36.5882969735,36.8092264985,36.244660914440274,32.61407805535294,36.09769231532934,35.91868162242336
1373,36.6059713355,36.810699362,36.24107678110656,32.456914856,36.11109532791956,35.8865847289642
1374,36.589769837,36.8092264985,36.24009581,32.56867920394118,36.10222860808928,35.85310367152445
1375,36.6354286055,36.8062807715,36.25429318113469,32.52050790358824,36.10382453034173,35.87671772035277
1376,36.647211513500004,36.813645089000005,36.25654562818182,32.53194425547059,36.11370973550052,35.86565426021418
1377,36.6295371515,36.813645089000005,36.25565539618919,32.56504036470589,36.10663363334728,35.90685595709829
1378,36.633955742,36.7886064095,36.248285540630256,32.70920770964706,36.11306785259865,35.920224951140035
1379,36.648684377,36.8121722255,36.2612286162253,32.68858762064706,36.105101112062,35.929213812989474
1380,36.6413200595,36.8121722255,36.25250167789257,32.685468615588235,36.116015852734954,35.89874103439877
1381,36.653102967500004,36.8121722255,36.261964546204865,32.67559176623529,36.1126984009958,35.93413538723338
1382,36.6442657865,36.7532576855,36.26454835213926,32.768468805764705,36.123890970064515,35.955870826540234
1383,36.660467285,36.831319451,36.259684761500004,32.685468615588235,36.12396222905538,35.902712636318114
1384,36.660467285,36.825427997,36.262916878625,32.530558031,36.113027072069556,35.90847538270779
1385,36.663413012,36.837210905,36.27497571781955,32.706608538764705,36.124473957977926,35.95233100427481
1386,36.653102967500004,36.813645089000005,36.271644958625004,32.62274195829412,36.111938752454265,35.94038609624541
1387,36.64573865,36.834265178,36.262982968653844,32.68009699576471,36.12058801447853,35.92777984783632
1388,36.912326943500005,36.9476756675,36.447679131182014,33.02578672311765,36.36588955300991,36.01870652793157
1389,36.900544035500005,36.9476756675,36.44716212477461,32.99303717,36.35521619899693,36.056732126600316
1390,36.902016899,36.94031135,36.44933401490698,33.10428168376471,36.35782744881743,36.116481047819384
1391,36.8946525815,36.9388384865,36.45108212937357,33.05801644205882,36.344224175307374,36.138577483557896
1392,36.900544035500005,36.9417842135,36.45375692296658,33.10688085464706,36.349166772396124,36.132810060168424
1393,36.9211641245,36.943257077,36.45405439192046,33.03445062605883,36.36637335572877,36.140068510089996
1394,36.9182183975,36.934419896,36.463954722300244,33.07153213064706,36.371245322131664,36.15788519236461
1395,36.91085408,36.9741872105,36.45684306223835,32.86845024570589,36.36957674375,36.04579574533808
1396,36.9152726705,36.972714347,36.45687738029545,33.00031484847059,36.36456826272513,36.088908557221615
1397,36.904962626,36.955039985,36.459721445,32.916448268,36.37712434755922,36.08234940059732
1398,36.907908353,36.955039985,36.4531991026087,32.84904310311765,36.354427862370926,36.02476692971429
1399,36.9270555785,36.950621394500004,36.4547137091,32.89756095958823,36.34719060991903,36.054413604341676
1400,36.9211641245,36.950621394500004,36.4507206125,32.85649405964706,36.3563798056405,36.026921745309096
1401,36.931474169,36.9653500295,36.45665421915909,32.950930601705885,36.365402446662074,36.10410232891365
1402,36.9152726705,36.950621394500004,36.4518879932,32.91211631652941,36.35908977416838,36.030654187207965
1403,36.9241098515,36.96976862,36.45510324926136,33.01989526911765,36.370346729343765,36.12769253534654
1404,36.907908353,36.957985712,36.44831249116422,32.90657141864706,36.36309313043945,36.06423255224553
1405,36.925582715000004,36.9771329375,36.4618592836033,32.98489310123529,36.369616550871626,36.11546030380441
1406,36.900544035500005,36.957985712,36.447106795567244,32.863598460058824,36.37186374402878,35.998790017860465
1407,36.912326943500005,36.9388384865,36.45258719890835,32.965832514764706,36.39073482182126,36.011916917841035
1408,36.9241098515,36.9358927595,36.46348582394372,32.961154007176475,36.37252370845042,36.16499792368278
1409,36.872559629,36.9358927595,36.46053094799923,32.854934557117645,36.37775807519757,36.09981114562184
1410,36.860776721,36.919691261000004,36.467328542197805,32.84037920017647,36.365653300285814,36.175331406551166
1411,36.9270555785,36.975660074000004,36.46884262727273,32.83136874111765,36.3730470693401,36.164820892372795
1412,36.931474169,36.963877166,36.468723534423965,32.916101711882355,36.35450207455422,36.169265471261845
1413,36.888761127500004,36.937365623000005,36.46664608083985,32.638163705529415,36.345397021906415,36.20601483856049
1414,36.9034897625,36.943257077,36.47776610546798,32.630366192882356,36.327965272862116,36.23123378747485
1415,36.8975983085,36.990388709,36.45730813088,32.70955426576471,36.339920507978945,36.253046461563635
1416,36.907908353,36.944729940500004,36.46694938625,32.89756095958823,36.3550297278334,36.28434062371025
1417,36.8917068545,36.981551528000004,36.51802314909715,32.30217754947059,36.31597727284141,36.283773332291474
1418,36.91085408,36.996280163,36.504896077812504,32.27324011364706,36.30392191090909,36.2758924268017
1419,36.9182183975,36.9800786645,36.51984712808945,32.36317142617647,36.31970101647474,36.28446764957983
1420,36.9270555785,37.0036444805,36.519904410092366,32.45310273870588,36.310965842857144,36.31388985937819
1421,36.900544035500005,37.002171617,36.52968022557377,32.23442582847059,36.30698576930432,36.302584446859505
1422,36.8946525815,36.9889158455,36.48278683647059,32.53107786517647,36.30148158110727,36.315521308219175
1423,36.8975983085,36.996280163,36.51758489,32.583581117,36.32750718093163,36.34174231991762
1424,36.9270555785,36.9948072995,36.53238425157895,32.49694208758824,36.32299037537611,36.30922792323462
1425,36.9211641245,37.025737433,36.53053402723502,32.61910311905883,36.33561410542542,36.33064515516854
1426,36.8917068545,37.002171617,36.517803645169835,32.57959572164706,36.32274700463871,36.294480392369735
1427,36.902016899,37.012481661500004,36.50678306336614,32.667101141352944,36.33926487530086,36.29091304550607
1428,36.8651953115,36.9859701185,36.525947129151476,32.61910311905883,36.34180190834178,36.30222842292337
1429,36.8239551335,36.9417842135,36.49527376692913,32.81733321835294,36.324864059748386,36.270756311525105
1430,36.851939540000004,36.956512848500005,36.473755324832,32.698117913882356,36.33313192934443,36.24952581380889
1431,36.8769782195,36.956512848500005,36.50595299375,32.46072697329412,36.32479823092224,36.2860619974069
1432,36.828373724,36.9417842135,36.464769560595684,32.80381752976471,36.308346194203715,36.25150153450199
1433,36.863722448000004,36.9270555785,36.468641542760004,32.889070334705885,36.33233813434084,36.273512952784145
1434,36.884342537,36.94031135,36.465258105984255,32.590685517411764,36.296403245095135,36.258237363221966
1435,36.902016899,36.9594585755,36.46353998,32.828076458,36.34121288318851,36.261482069458516
1436,36.8917068545,36.9653500295,36.48723048285714,32.497635199823534,36.33106086296747,36.26767447489245
1437,36.8740324925,36.9859701185,36.48196592666667,32.85649405964706,36.338963278539204,36.26102941875576
1438,36.896125445,36.9653500295,36.47869068001143,32.68425566917647,36.327833458910895,36.24917735908667
1439,36.887288264,36.978605801,36.47839491418719,32.733639915941176,36.329217602092115,36.242392253
1440,36.8769782195,36.9830243915,36.473306045077386,32.86741057735294,36.34534083186489,36.230452941468535
1441,36.878451083,36.9712414835,36.48355533774286,32.6785374932353,36.33920057261659,36.248865374691015
1442,36.8917068545,36.9918615725,36.46639917862069,32.80468392005883,36.33153130586244,36.235553509537624
1443,36.8946525815,36.9800786645,36.477119535112905,32.72237684211765,36.33254012030281,36.24904095710662
1444,36.872559629,36.981551528000004,36.47092717351613,32.85684061576471,36.32543583997125,36.236307351008406
1445,36.875505356000005,36.9830243915,36.470456110592,32.899640296294116,36.32854830652441,36.24262519837838
1446,36.8710867655,36.96976862,36.46628116022194,32.844018039411765,36.32655822337168,36.232101476570364
1447,36.893179718,36.972714347,36.47362964048,32.838992975705885,36.33802380552402,36.24699319949272
1448,36.893179718,36.955039985,36.46791960585715,32.77938532347059,36.33341997218449,36.239228324
1449,36.902016899,36.962404302500005,36.47407601942857,32.877807260882356,36.34597763517541,36.24330722826461
1450,36.8858154005,36.952094258,36.47024065170286,32.87555464611765,36.34149693342795,36.25363028452232
1451,36.888761127500004,36.9653500295,36.48621803060484,32.88959016888236,36.34976632280663,36.254864936028234
1452,36.875505356000005,36.952094258,36.47035907632154,32.797406241588234,36.32797844525974,36.23409003883523
1453,36.888761127500004,36.94031135,36.46070138314323,32.82357122847059,36.33395309215949,36.23137845452545
1454,36.8799239465,36.946202804,36.42945243548254,32.98905177464706,36.31655544706699,36.198025232491005
1455,36.887288264,36.957985712,36.44466692389611,32.94521242576471,36.33135706259388,36.192189796628625
1456,36.9152726705,36.944729940500004,36.448185254034094,33.072745077058826,36.345388419143646,36.19545578573705
1457,36.869613902,36.9476756675,36.46324611117742,33.27842613288235,36.34978845176259,36.211392192348995
1458,36.916745534,36.950621394500004,36.446872854017855,32.95612894347059,36.33777260333791,36.17726517315258
1459,36.922636988,36.952094258,36.44239414050092,33.01227103452941,36.34117259628669,36.188131751451834
1460,36.9241098515,36.952094258,36.440206313140344,32.944692591588236,36.32284318296622,36.17539515926024
1461,36.9093812165,36.9594585755,36.444884254505,33.09076599517647,36.342862214869655,36.181416932781545
1462,36.902016899,36.943257077,36.434871567741936,32.9760559202353,36.33628504034225,36.202046216730146
1463,36.9064354895,36.937365623000005,36.44273773129464,33.039822245882355,36.33285413227629,36.12853696711539
1464,36.907908353,36.957985712,36.43070883033614,32.91142320429412,36.336251512240025,36.15996583291573
1465,36.912326943500005,36.957985712,36.442893303361345,33.04259469482353,36.34785982566228,36.10706742259763
1466,36.912326943500005,36.943257077,36.42886367440816,33.04190158258824,36.34086530570373,36.13243501912814
1467,36.8946525815,36.950621394500004,36.44725020887273,33.06893295976471,36.345837837973924,36.14059047420914
1468,36.8946525815,36.9417842135,36.428213288439096,33.09994973229412,36.330806924107144,36.112535502129674
1469,36.8975983085,36.950621394500004,36.44452585772,33.009325307529416,36.34311423049849,36.159016593436505
1470,36.88139681,36.943257077,36.428266566861716,32.968604963705886,36.34583441056604,36.15398559611086
1471,36.88139681,36.956512848500005,36.42613392285715,32.985759491529414,36.32758796995182,36.16787775706497
1472,36.8769782195,36.956512848500005,36.42836083012571,32.98402671094118,36.329926026737496,36.19079045412994
1473,36.9034897625,36.963877166,36.41746191172129,33.189707766764705,36.33308167783083,36.168603610000005
1474,36.9064354895,36.934419896,36.43870516333522,33.15539871111765,36.34689858177215,36.230408040095604
1475,36.9093812165,36.931474169,36.44592152099174,33.05039220747059,36.35041118832358,36.245604753999025
1476,36.8858154005,36.946202804,36.44107271142272,32.92927084435294,36.339199920707394,36.22578122634861
1477,36.884342537,36.888761127500004,36.433495810555975,33.15747804782353,36.341042007386285,36.23593873272969
1478,36.8681410385,36.9064354895,36.43033882305264,33.00585974635294,36.34852665018224,36.26999971401125
1479,36.869613902,36.9182183975,36.427958005586206,33.04103519229412,36.35050972368812,36.30365938086828
1480,36.8298465875,36.887288264,36.42735639617391,33.0496990952353,36.340666091117455,36.307859852842924
1481,36.8593038575,36.9152726705,36.42150457440916,32.77678615258824,36.32117856961963,36.29066165257143
1482,36.8622495845,36.9034897625,36.411717005,32.842111980764706,36.30830254236162,36.31959988214765
1483,36.837210905,36.922636988,36.425239786842106,32.936375244764704,36.304821742608695,36.29019048579695
1484,36.798916454,36.9358927595,36.44539717034965,32.81473404747059,36.276672497349864,36.2982829916546
1485,36.840156632,36.943257077,36.4204232648,32.81282798882353,36.29324842529231,36.26699817951772
1486,36.828373724,36.9388384865,36.41465250378125,32.794287236529414,36.28388097761385,36.220198258096595
1487,36.825427997,36.9270555785,36.43198205345763,32.808496037352946,36.285491970143646,36.20826802011173
1488,36.831319451,36.931474169,36.41559151397612,32.801738193058824,36.29720075234341,36.1870876710034
1489,36.826900860500004,36.9270555785,36.42111400742081,32.84471115164706,36.305531606155036,36.22609376071821
1490,36.8357380415,36.922636988,36.42529868076923,32.84540426388235,36.30221162156581,36.20190638574163
1491,36.838683768500005,36.9211641245,36.41304106940504,32.85788028411765,36.29043489605482,36.17757900037583
1492,36.807753635,36.882869673500004,36.41873136006154,32.97501625188235,36.30108640412027,36.17841350712841
1493,36.7915521365,36.869613902,36.408015963384614,33.07482441376471,36.30448104236487,36.13375831783987
1494,36.7738777745,36.8769782195,36.38542021416601,32.961500563294116,36.310659597834395,36.08764574446769
1495,36.837210905,36.8975983085,36.37815635502463,32.72358978852941,36.33456425022933,35.91033612991566
1496,36.8416294955,36.888761127500004,36.375187310526314,33.131486339,36.34463888675999,35.982829878983054
1497,36.851939540000004,36.8858154005,36.376240039473686,33.10878691329412,36.34594618649725,35.98606520483067
1498,36.8445752225,36.896125445,36.373584126442836,33.00360713158824,36.336805657019525,35.959339286068705
1499,36.851939540000004,36.9034897625,36.37413458157895,32.87330203135294,36.32230787643701,35.910481402083605
1500,36.8327923145,36.899071172,36.34817306234606,33.02232116194118,36.32245146451228,35.88837915846154
1501,36.8475209495,36.91085408,36.36465309086207,32.96513940252941,36.33989146128459,35.892395565666256
1502,36.8445752225,36.9093812165,36.35751618769231,32.95145043588236,36.333089897954544,35.78444744529833
1503,36.843102359,36.9034897625,36.372967339482756,32.95318321647059,36.3379268344685,35.923736430412305
1504,36.834265178,36.890233991,36.35985704661017,33.00741924888236,36.34136641994024,35.83471235383971
1505,36.834265178,36.913799807000004,36.38855438834783,32.87555464611765,36.33451015757821,36.03638314262416
1506,36.8357380415,36.9093812165,36.36971957568048,32.913502541,36.32728007513079,35.95105595054745
1507,36.8475209495,36.9182183975,36.37883739510804,32.916101711882355,36.33652322408295,35.89701689733413
1508,36.8357380415,36.9152726705,36.365023926773404,32.91211631652941,36.334962972226315,35.956136406153846
1509,36.838683768500005,36.8710867655,36.35685499069235,33.037223075,36.33613996705249,35.94202505517625
1510,36.813645089000005,36.88139681,36.39301905877329,32.95855483629412,36.3198798908745,35.719959855821834
1511,36.834265178,36.8946525815,36.39519000186813,32.81369437911765,36.324516979574035,35.80878659479407
1512,36.851939540000004,36.902016899,36.3812270025528,32.76361702011765,36.32726781660864,36.02890026568984
1513,36.801862181000004,36.804807908,36.41107811921798,32.857707006058824,36.297510571603105,36.03277741582155
1514,36.840156632,36.8740324925,36.404371229725406,32.71215343664706,36.30987845108434,35.87989563302447
1515,36.8416294955,36.907908353,36.399226126380434,32.990437999117646,36.310672403635735,36.02054645790603
1516,36.8563581305,36.9034897625,36.42193111586207,32.71475260752941,36.310085797198,35.98204766410284
1517,36.8239551335,36.863722448000004,36.39638576164409,32.739531369941176,36.33172843723589,36.01531574494192
1518,36.8003893175,36.9182183975,36.39418158358974,32.96565923670588,36.3332721064436,35.98646930637168
1519,36.8504666765,36.9152726705,36.40229746548495,32.872608919117646,36.33519630003266,35.90809977225953
1520,36.843102359,36.916745534,36.389052093244146,32.990437999117646,36.31791752555985,35.88788343090909
1521,36.851939540000004,36.9152726705,36.39147704092852,33.014350371235295,36.33158621696429,35.911133183099885
1522,36.854885267,36.893179718,36.39863356677719,32.80901587152941,36.32262703609624,35.87082884
1523,36.846048086,36.9093812165,36.39976823730885,32.80399080782353,36.3208986544668,35.933978576191
1524,36.846048086,36.904962626,36.40830541423341,32.87070286047059,36.31988111088059,35.98789330469983
1525,36.846048086,36.916745534,36.39722077449704,32.815946993882356,36.32318653625763,35.95767580144722
1526,36.860776721,36.9064354895,36.404046828489655,32.96098072911765,36.31571634493836,35.956477249112815
1527,36.860776721,36.916745534,36.39939461136552,33.02249444,36.32058443199866,35.90702239298744
1528,36.860776721,36.9093812165,36.39512302027543,33.00637958052941,36.32095208908415,35.87322542436424
1529,36.869613902,36.9152726705,36.40516706393676,32.942959811,36.3338440339225,35.989693105871766
1530,36.8681410385,36.884342537,36.403744143592675,32.938801137588236,36.31409280175486,36.023451746794365
1531,36.8622495845,36.8622495845,36.39605134201338,32.958381558235295,36.297624624950565,35.98404289730897
1532,36.8357380415,36.8651953115,36.39824867465517,32.87676759252941,36.322240916984015,35.99325929804797
1533,36.843102359,36.882869673500004,36.395238991896555,32.991650945529415,36.32375683374233,36.014137161881415
1534,36.834265178,36.8799239465,36.39065811417583,32.85649405964706,36.316604599637344,35.95497224378349
1535,36.834265178,36.890233991,36.39946267649867,32.93984080594118,36.32684190563352,35.96527260896734
1536,36.8504666765,36.875505356000005,36.397656866843505,32.90379896970588,36.31683872810484,35.958539018276234
1537,36.851939540000004,36.9182183975,36.391751522,33.04813959270589,36.32096118333222,35.94966519715177
1538,36.8504666765,36.9152726705,36.39071144509284,33.09873678588235,36.31090932024708,35.95045405504211
1539,36.854885267,36.922636988,36.40167266300782,33.00984514170588,36.2999865566002,35.984936136893204
1540,36.857830994000004,36.922636988,36.3997828225042,32.96687218311765,36.305661062761196,35.89082692163883
1541,36.8534124035,36.9182183975,36.39431871596522,33.17082045835294,36.28451323106644,36.06296893309589
1542,36.866668175,36.9034897625,36.383066680184335,32.98471982317647,36.29351608803831,35.9626524038806
1543,36.846048086,36.8975983085,36.37545285542188,33.23718595488236,36.29325404002042,35.88339149868382
1544,36.840156632,36.8769782195,36.371247639317225,33.18710859588236,36.30193051297353,35.86789823155599
1545,36.843102359,36.8858154005,36.3990831092,33.12611471917647,36.285589072817444,35.97688359794562
1546,36.857830994000004,36.7738777745,36.400779864881464,32.91211631652941,36.28751927610733,36.11785695318993
1547,36.8327923145,36.9182183975,36.39620392479339,32.72930796447059,36.27368250225352,36.13648582590638
1548,36.8651953115,36.916745534,36.39047450373771,32.849909493411765,36.26607058296142,36.14369622017621
1549,36.8239551335,36.916745534,36.38865135931578,32.87156925076471,36.26799370031646,36.174224630201344
1550,36.7827149555,36.9329470325,36.38157006082143,32.884738383235295,36.25848230878255,36.15597901473013
1551,36.804807908,36.922636988,36.3894439823794,32.94763831858823,36.26569911377084,36.16460324
1552,36.769459184,36.919691261000004,36.3691717062875,32.93342951776471,36.26089162525296,36.146830352303944
1553,36.787133546,36.9270555785,36.384008497905974,32.82235828205882,36.27378846102691,36.16132848825881
1554,36.7797692285,36.916745534,36.376345641168115,32.88300560264706,36.27225832313253,36.165088133333334
1555,36.801862181000004,36.922636988,36.376854812486485,32.90917058952941,36.27090047432286,36.02380390460264
1556,36.781242092,36.9241098515,36.36356901105263,32.89080311529412,36.269100241788855,36.1178271358436
1557,36.737056187,36.902016899,36.36188066333704,33.07880980911765,36.25496855855292,36.13535552375
1558,36.742947641,36.875505356000005,36.35429395651643,33.026479835352944,36.257281788257394,36.10087790293966
1559,36.766513457,36.893179718,36.359638173672565,33.04935253911765,36.26958198940698,36.07846778681589
1560,36.772404911,36.88139681,36.34146851244248,33.06910623782353,36.27332623446058,36.08146374785467
1561,36.813645089000005,36.8622495845,36.35260679472826,33.03531701635294,36.27737903425504,35.96451188109903
1562,36.8239551335,36.840156632,36.35225121784211,33.07863653105883,36.28317698924161,36.00422291978519
1563,36.8327923145,36.8534124035,36.35606703026724,32.913329262941176,36.29179433119842,35.90375816216066
1564,36.813645089000005,36.828373724,36.358730748012704,33.10185579094118,36.30989798212264,36.04729941699782
1565,36.790079273,36.834265178,36.3699351839823,32.959941060764706,36.28354834817547,36.01232650726674
1566,36.7473662315,36.826900860500004,36.34571997456333,33.15591854529412,36.280407562702706,36.002612843706174
1567,36.76356773,36.8151179525,36.36108898499811,33.013483980941174,36.28904319247525,36.006485522680414
1568,36.826900860500004,36.831319451,36.36231908188276,33.170473902235294,36.29389408362641,35.995102955071545
1569,36.834265178,36.860776721,36.3662821806579,33.21743225617647,36.292441844886014,36.042502183309594
1570,36.8298465875,36.8593038575,36.36557715752156,33.16960751194118,36.28577899859034,36.02293231378756
1571,36.7915521365,36.863722448000004,36.35735296189298,33.168567843588235,36.27587970082165,36.01291201620454
1572,36.8062807715,36.848993813,36.36363361032895,33.11779737235294,36.28792270786226,36.05345345528656
1573,36.725273279,36.831319451,36.36254091513044,33.04155502647059,36.293148889451594,36.052590563630574
1574,36.710544644,36.8504666765,36.35972473534483,32.990091443000004,36.28069915613803,36.039512180064975
1575,36.813645089000005,36.860776721,36.361333141518394,33.109133469411766,36.2771435825,36.05840723992371
1576,36.807753635,36.8504666765,36.33766701271187,33.10064284452941,36.274921855600404,35.923018468132994
1577,36.807753635,36.872559629,36.3561943701816,33.09440483441177,36.265582642900306,36.03346589650943
1578,36.807753635,36.8710867655,36.35086208779841,32.970511022352945,36.26525563790411,36.02543948801047
1579,36.804807908,36.8710867655,36.35922263923077,33.04068863617647,36.26644853744345,36.00115960551796
1580,36.7326375965,36.872559629,36.345335442075864,33.01902887882353,36.24388947436333,35.97789730178282
1581,36.770932047500004,36.872559629,36.35047631491639,32.96219367552941,36.24903734313846,36.031013582420385
1582,36.7532576855,36.890233991,36.344598259540874,33.19265349376471,36.25821322580122,36.00936450612088
1583,36.781242092,36.887288264,36.352012423275866,33.019548713,36.26610795885483,36.034263515629426
1584,36.7562034125,36.893179718,36.351503853906884,33.15072020352941,36.26275353728463,36.0182231850355
1585,36.801862181000004,36.88139681,36.36699158956044,32.85302849847059,36.28259395111111,36.00831103751534
1586,36.795970727000004,36.88139681,36.37331750449602,33.11502492341177,36.279409521651374,36.02051636876405
1587,36.8033350445,36.887288264,36.36982407016949,33.06044233488235,36.28837757723288,36.095641259069765
1588,36.793025,36.884342537,36.360851899796614,33.01487020541177,36.28734354462539,36.172586328063986
1589,36.798916454,36.887288264,36.36436808781513,32.895654900941175,36.288925589193546,36.21831300623608
1590,36.772404911,36.878451083,36.36831954244939,32.95145043588236,36.27425252724244,36.21680150023742
1591,36.754730549,36.854885267,36.36692817342105,32.98004131558824,36.26678226609599,36.18624661504052
1592,36.6913974185,36.887288264,36.34317445161401,32.586526844,36.27148498416383,36.194398309597666
1593,36.710544644,36.882869673500004,36.34579095462987,32.69863774805882,36.27521370123618,36.20554601008839
1594,36.6884516915,36.866668175,36.34058615577982,32.68165649829412,36.265778413870834,36.23888626305127
1595,36.6796145105,36.8210094065,36.33672357687148,32.69777135776471,36.27550950834532,36.25340145902439
1596,36.666358739,36.878451083,36.32637992631294,32.78267760658824,36.264260682197424,36.26162462059553
1597,36.666358739,36.8681410385,36.32843686408585,32.83448774617647,36.26915292650195,36.28320937028777
1598,36.663413012,36.831319451,36.36886984309775,32.81871944282353,36.24211619299744,36.27149547019265
1599,36.722327552,36.734110460000004,36.388389612306035,32.70695509488235,36.283723325512014,36.27232815964516
1600,36.713490371,36.8327923145,36.37319541700431,32.78475694329412,36.25672230944373,36.31392388760196
1601,36.742947641,36.860776721,36.39578632800885,32.80381752976471,36.23493054429319,36.295535497533784
1602,36.7414747775,36.860776721,36.38468374593985,32.70019725058824,36.21072044945696,36.26519033875271
1603,36.7620948665,36.869613902,36.36647937844876,32.578729331352946,36.20590378853527,36.286834519332274
1604,36.7385290505,36.869613902,36.35909458301724,32.61373149923529,36.19353780437308,36.31161783450653
1605,36.7856606825,36.8681410385,36.382881998806326,32.71821816870588,36.224833096846126,36.2876964870305
1606,36.7120175075,36.8563581305,36.36474190921739,32.68130994217647,36.20692144944238,36.26994396281553
1607,36.713490371,36.872559629,36.368714066557146,32.557069574,36.196299229597656,36.26687862003328
1608,36.7355833235,36.8769782195,36.35726595104425,32.624474738882355,36.21444646089888,36.27362639625686
1609,36.7238004155,36.854885267,36.36601041818512,32.66571491688235,36.22076985613993,36.274155070578516
1610,36.7120175075,36.8475209495,36.354312775935526,32.68494878141176,36.20941159127575,36.25533119324777
1611,36.70465319,36.875505356000005,36.37296868309114,32.806763256764704,36.22013770077678,36.25641507132653
1612,36.720854688500005,36.88139681,36.36841184261819,32.70106364088235,36.20585807335821,36.24585117718679
1613,36.742947641,36.878451083,36.36664855083929,32.65982346288236,36.24505487826193,36.25712065056583
1614,36.719381825,36.887288264,36.35724822032389,32.64509482788235,36.2402658731757,36.24813627793914
1615,36.698761736,36.838683768500005,36.363139228112246,32.725495847176475,36.25353823970075,36.26169236158961
1616,36.692870282,36.8445752225,36.34202992713043,32.790821675352944,36.24370624175131,36.277413132555836
1617,36.726746142500005,36.872559629,36.360089379763515,32.888723778588236,36.24378166441511,36.29729015355263
1618,36.710544644,36.8504666765,36.35654756663462,32.843671483294116,36.223671415094344,36.275523678832336
1619,36.6972888725,36.8239551335,36.35390821837838,32.989744886882356,36.204151848336416,36.25937796519902
1620,36.6855059645,36.8534124035,36.342857489230774,32.89045655917647,36.19013835952514,36.283001248132436
1621,36.7238004155,36.846048086,36.37191993568182,32.72826829611765,36.210381068310625,36.29059017422961
1622,36.6855059645,36.8622495845,36.3638021593763,32.72670879358824,36.196893574373505,36.28472626687659
1623,36.6796145105,36.8622495845,36.35171440367568,32.73935809188235,36.19726308638278,36.28706023218605
1624,36.684033101000004,36.869613902,36.35439305513222,32.72255012017647,36.17954703434263,36.27685540797682
1625,36.7326375965,36.882869673500004,36.35004545324325,32.75928506864706,36.21479751385855,36.25767927257809
1626,36.710544644,36.860776721,36.34573038232143,32.72601568135294,36.2142880862069,36.244381447251165
1627,36.728219006,36.851939540000004,36.33726418573684,32.79619329517647,36.219218874925375,36.250217564621764
1628,36.716436098,36.843102359,36.3437302547914,32.66883392194118,36.21683244212766,36.25013227746479
1629,36.720854688500005,36.863722448000004,36.34834942155263,32.789608728941175,36.23877146646783,36.26399710704712
1630,36.686978828,36.8858154005,36.3397718681203,32.656531179764706,36.22708456131008,36.25774608119122
1631,36.726746142500005,36.875505356000005,36.33930429240601,32.699157582235294,36.22444340122293,36.26035335118591
1632,36.7238004155,36.88139681,36.34661019016435,32.81369437911765,36.23115392068995,36.251330851830986
1633,36.7503119585,36.890233991,36.3558909256391,32.775919762294116,36.23210846007506,36.24675084620272
1634,36.734110460000004,36.882869673500004,36.34767507222403,32.705049036235295,36.2332357291588,36.24324888514196
1635,36.7355833235,36.884342537,36.340485402569875,32.68841434258824,36.21738033455384,36.242453847908216
1636,36.7414747775,36.8710867655,36.34095188453741,32.87607448029412,36.20927712916163,36.245823138882805
1637,36.781242092,36.863722448000004,36.3685014230531,32.818546164764705,36.23198515111689,36.27084275248894
1638,36.8092264985,36.890233991,36.36910332333929,32.69777135776471,36.22289568011986,36.25992103006431
1639,36.766513457,36.875505356000005,36.39212305513514,32.797059685470586,36.20572628997823,36.26771957349515
1640,36.778296365,36.8799239465,36.362087182755104,32.80364425170588,36.213149638153446,36.252239009760764
1641,36.7827149555,36.857830994000004,36.36592561878635,32.84193870270588,36.206662371889365,36.27118796305303
1642,36.770932047500004,36.872559629,36.35805434221939,32.80468392005883,36.23415476687528,36.24817065176277
1643,36.722327552,36.8799239465,36.353771014693876,32.810748652117645,36.22978639109934,36.2545677527874
1644,36.720854688500005,36.863722448000004,36.33601649685714,32.73121402311765,36.22979179594805,36.25453478108536
1645,36.713490371,36.82248227,36.33528124477064,32.73225369147059,36.21544028881006,36.22990917821619
1646,36.6855059645,36.769459184,36.32789440642202,32.705915426529415,36.227737993851015,36.201628771607034
1647,36.6972888725,36.8121722255,36.329860949166665,32.725842403294116,36.234631695054944,36.22549077471963
1648,36.664885875500005,36.8210094065,36.323345195,32.689800567058825,36.22449691785513,36.23472619795821
1649,36.686978828,36.8298465875,36.32213020659091,32.712499992764705,36.22619781397647,36.25149037659794
1650,36.698761736,36.82248227,36.332182376,32.69153334764706,36.21465286676879,36.235632017574694
1651,36.6943431455,36.8210094065,36.34596274997196,32.775573206176475,36.19026319601831,36.218280932
1652,36.6855059645,36.766513457,36.34793837875,32.815427159705884,36.2246436531015,36.209185029440846
1653,36.6560486945,36.826900860500004,36.36904172923077,32.80381752976471,36.173057108930486,36.201828207953575
1654,36.67519592,36.837210905,36.34958788196429,32.69967741641177,36.22745055688482,36.14503200834091
1655,36.666358739,36.8534124035,36.353523823585526,32.75235394629412,36.21965713992324,36.14438715170572
1656,36.6707773295,36.840156632,36.34738119239938,32.773667147529416,36.22270321894045,36.13289001378512
1657,36.686978828,36.8180636795,36.34958840851351,32.624821295000004,36.222109203286074,36.11783681691537
1658,36.6707773295,36.813645089000005,36.34429476418182,32.72341651047059,36.22034136592802,36.10625168323777
1659,36.681087374,36.807753635,36.340719523362836,32.74680904841176,36.23422743862791,36.08898941236659
1660,36.6589944215,36.801862181000004,36.31292272903478,32.884738383235295,36.23772808818505,36.026399129584995
1661,36.716436098,36.826900860500004,36.314409533451325,32.990784555235294,36.26722731330693,36.0042782384014
1662,36.722327552,36.816590816,36.32977436107143,32.89444195452941,36.26611996080645,35.921182530641644
1663,36.716436098,36.826900860500004,36.333631860714284,32.970164466235296,36.269605202039706,35.922054696461444
1664,36.701707463000005,36.8092264985,36.324528351114864,32.956822055705885,36.27015558193674,35.97139348722323
1665,36.713490371,36.8092264985,36.325268100125,32.951796992,36.26715647928293,35.991603721607476
1666,36.695816009,36.8062807715,36.30220747074107,32.93238984941176,36.236799048160876,35.989374949383944
1667,36.70465319,36.8121722255,36.32615380858108,33.019548713,36.2418319517615,36.02402365190802
1668,36.701707463000005,36.807753635,36.309960840178576,32.99407683835294,36.23109196393037,35.919975307678904
1669,36.725273279,36.8033350445,36.331141283178454,32.94105375235294,36.22748821106538,36.07233574598248
1670,36.707598917,36.8239551335,36.32450945462886,32.928924288235294,36.218847582615936,36.06816119461967
1671,36.684033101000004,36.837210905,36.32426759436364,32.95041076752941,36.22225682670631,36.06300474770254
1672,36.698761736,36.8180636795,36.31660572868182,32.89600145705882,36.20502868489232,36.0627733556407
1673,36.6295371515,36.8180636795,36.32616707762162,32.83414119005882,36.235498653524196,36.01206481860465
1674,36.631010015,36.8416294955,36.320939662774336,32.774360259764705,36.219990829906905,36.0176026609546
1675,36.631010015,36.857830994000004,36.331871094825175,32.826343677411764,36.227034102989734,36.11305585538729
1676,36.639847196000005,36.8357380415,36.310123030504464,32.960634173,36.21241054205446,36.076609087307695
1677,36.660467285,36.8327923145,36.3282725645337,32.84384476135294,36.22793318248377,36.112407916273725
1678,36.6737230565,36.828373724,36.318409965565216,32.77661287452941,36.22284330576677,36.07675874122103
1679,36.6589944215,36.840156632,36.32474792214286,32.77747926482353,36.21368706977515,36.1065454747876
1680,36.6589944215,36.826900860500004,36.31089291545113,32.84731032252941,36.210014073528235,36.11043557131994
1681,36.653102967500004,36.8357380415,36.32261922218045,32.75616606358824,36.20570479555294,36.13578399457049
1682,36.6177542435,36.82248227,36.31355341526316,32.8008718027647,36.20385557286297,36.14092981753425
1683,36.6206999705,36.828373724,36.32895696141593,32.84453787358824,36.218320847,36.15700064887133
1684,36.603025608500005,36.8327923145,36.31982238113158,32.820972057588236,36.20745897270936,36.13218381602806
1685,36.6383743325,36.8151179525,36.31303799661305,32.869316636,36.21442068191177,36.08944880738769
1686,36.6501572405,36.840156632,36.310621036757766,32.82305139429412,36.21037856604317,36.0650522633446
1687,36.639847196000005,36.8298465875,36.32796874034783,32.744209877529414,36.22745946557234,36.09195186452155
1688,36.6118627895,36.816590816,36.31241561267857,32.80555031035294,36.213425607690446,36.073838166605924
1689,36.6383743325,36.8298465875,36.31804413923445,32.85701389382353,36.1999739236262,36.07742361969494
1690,36.6354286055,36.8210094065,36.30979011351974,32.843671483294116,36.210925778984,36.06980673833732
1691,36.6560486945,36.826900860500004,36.32062767926605,32.98749227211765,36.20955754451613,36.07992728243101
1692,36.647211513500004,36.828373724,36.31185616899932,33.059749222647056,36.217806997256005,36.01488066023242
1693,36.6501572405,36.8298465875,36.32409006178905,33.03601012858824,36.233217802619244,36.07545068982008
1694,36.6501572405,36.8239551335,36.32239773894737,33.04883270494118,36.23487749796304,35.97398124139665
1695,36.6560486945,36.825427997,36.32310814042851,33.12680783141177,36.227844836610174,36.034308184869566
1696,36.6560486945,36.8210094065,36.317565179515604,33.175325687882356,36.22819278631875,36.06787584388215
1697,36.653102967500004,36.828373724,36.32106049324085,33.1233422702353,36.228145437248806,36.05929920852326
1698,36.672250193,36.807753635,36.30506975211466,33.141189910294116,36.21559662912141,36.02545915674877
1699,36.6560486945,36.8151179525,36.3196415031579,33.138070905235296,36.22720523128185,36.117804916559635
1700,36.654575831,36.826900860500004,36.325128630970624,33.04623353405883,36.208277935009825,36.122593245344
1701,36.636901469,36.804807908,36.33920996755817,33.139976963882354,36.211585621832,36.176064430375426
1702,36.642792923,36.8121722255,36.34449181491304,32.884045271,36.209394804855215,36.163455992371134
1703,36.666358739,36.8121722255,36.362005735426195,32.83136874111765,36.22883052434783,36.18490654779564
1704,36.657521558,36.8180636795,36.3468912599569,32.86723729929412,36.217155431134955,36.14130577180124
1705,36.653102967500004,36.825427997,36.35849529923077,32.91298270682353,36.21730652257774,36.11962338217822
1706,36.651630104,36.831319451,36.3507100393763,32.87052958241176,36.21870577562914,36.11796963677234
1707,36.663413012,36.846048086,36.34826698057143,32.84661721029412,36.21601318978571,36.02785167292104
1708,36.6678316025,36.872559629,36.34292942395604,32.898773906,36.230861762106514,36.0264143096882
1709,36.642792923,36.8180636795,36.338087817307695,32.96877824176471,36.22656239870737,36.03922101384615
1710,36.6354286055,36.860776721,36.34235779094089,32.86221223558824,36.22869460681949,36.124987119100346
1711,36.639847196000005,36.863722448000004,36.343851439478264,32.937068357,36.21982229618818,36.21008113052632
1712,36.633955742,36.8563581305,36.342230829227624,32.86845024570589,36.22143787423646,36.18761605181818
1713,36.653102967500004,36.8593038575,36.348288027457805,32.85632078158824,36.233527531941746,36.224048229958896
1714,36.639847196000005,36.8593038575,36.342046052167184,32.903452413588234,36.21494562221315,36.21880553179965
1715,36.6589944215,36.857830994000004,36.34278986815878,32.97622919829412,36.21658046744435,36.222766908411764
1716,36.6589944215,36.8298465875,36.323971072210036,32.79532690488235,36.226272665752354,36.183552750791854
1717,36.681087374,36.8298465875,36.32056830303168,32.88352543682353,36.22151311216487,36.147580577869036
1718,36.664885875500005,36.769459184,36.33767585930682,32.954915997058826,36.235948243562554,36.183805539580085
1719,36.6560486945,36.7620948665,36.32488809392337,32.704702480117646,36.22254970070423,36.15445585215806
1720,36.642792923,36.7562034125,36.293414196973686,32.65011989158824,36.21866046420213,36.12345712337617
1721,36.64573865,36.798916454,36.303752898598134,32.61944967517647,36.203050571066726,36.205019644157304
1722,36.642792923,36.769459184,36.29147211714286,32.686335005882356,36.192611504743645,36.17995994291892
1723,36.639847196000005,36.7620948665,36.31706409457143,32.816986662235294,36.2051386818878,36.233887816446384
1724,36.628064288000004,36.7355833235,36.305206316192255,32.944692591588236,36.185023851865154,36.19817236681791
1725,36.6354286055,36.7591491395,36.323279518477186,32.81802633058824,36.210673396019594,36.198462171034485
1726,36.6354286055,36.748839095,36.31450078385726,32.86394501617647,36.223613746228345,36.20085146163956
1727,36.64573865,36.716436098,36.325651709207115,32.72948124252941,36.221918328928574,36.17286785664908
1728,36.2289182795,36.448374941000004,36.2390346011412,33.49571681864706,36.175286283680194,35.35131171655173
1729,,,,,,
1730,36.4262819885,36.2171353715,36.2506184684,31.21468445229412,36.24871039239054,32.55351599857143
1731,36.433646306,36.3968247185,36.256592609473685,31.41551372247059,36.260294905462345,32.848696547
1732,,,,,,
1733,,,,,,
1734,36.4262819885,35.1389992895,36.40950504565581,34.00307497488235,36.156757091428574,34.05671773076159
1735,36.548529659,36.536746751,36.369882730798324,32.193012372411765,36.193473711792834,36.1528794435786
1736,36.5500025225,36.67519592,36.364234003602945,32.124567539176475,36.204165177023754,36.20598701121515
1737,36.569149748,36.6825602375,36.354678814094825,32.262323595941176,36.169951018060715,36.208733264
1738,36.583878383,36.639847196000005,36.35193396965517,32.37218188523529,36.203623672371855,36.20869101017704
1739,36.5706226115,36.633955742,36.33503959759694,32.25383297105883,36.189735085705756,36.203278839904826
1740,36.613335653,36.67519592,36.32007080010008,32.43681460117647,36.218836389414804,36.12902158871166
1741,36.613335653,36.6619401485,36.29103709174447,32.66068985317647,36.212532223653376,36.04726934967485
1742,36.663413012,36.6913974185,36.29739304258182,33.02232116194118,36.2160449801799,35.98237036221481
1743,36.651630104,36.6589944215,36.28759180547273,32.64769399876471,36.221396637401355,36.07081728405947
1744,36.639847196000005,36.689924555000005,36.289713705996625,32.75529967329412,36.19332495391201,35.9770357267487
1745,36.6354286055,36.6943431455,36.288295930041706,32.72826829611765,36.19205368868613,36.10942253817105
1746,36.6354286055,36.660467285,36.29526619063465,32.56226791576471,36.18686429899617,36.10894457125819
1747,36.6206999705,36.672250193,36.29225141,32.72878813029412,36.180992456397064,36.15253812216216
1748,36.592715564,36.583878383,36.2939762989395,32.41810057082353,36.173499868517744,36.08913792949031
1749,36.6236456975,36.5882969735,36.275513353098695,32.31500012582353,36.20043260177998,36.05066817857347
1750,36.642792923,36.6000798815,36.25514530708895,32.44028016235294,36.2266789691231,35.99099409702984
1751,36.6855059645,36.616281380000004,36.274204785796705,32.446691450529414,36.23095103494506,36.04349642060432
1752,36.67519592,36.607444199,36.291020397028284,32.624474738882355,36.22653156009901,36.05033169735574
1753,36.663413012,36.5647311575,36.29310113894231,32.722723398235296,36.23602368567164,36.04375290153846
1754,36.6236456975,36.577986929,36.288884864857145,32.55845579847059,36.204847446276325,36.02269639144603
1755,36.622172834,36.613335653,36.2912797573337,32.78007843570588,36.212195168092386,36.05631535122642
1756,36.631010015,36.6383743325,36.29455055029553,32.75287378047059,36.18564887809444,36.098542870104716
1757,36.6354286055,36.731164733,36.302873447068606,32.72099061764706,36.1842580837081,36.11700938777848
1758,36.628064288000004,36.716436098,36.30324503229665,32.56036185711765,36.18463333161822,36.1141786205
1759,36.601552745,36.6796145105,36.32956690067568,32.625167851117645,36.178715642455174,36.1918137135557
1760,36.628064288000004,36.6442657865,36.32616371332777,32.64336204729412,36.15890071465137,36.18537341353627
1761,36.6177542435,36.70465319,36.321581395500004,32.72601568135294,36.17912406357143,36.21156874842296
1762,36.610389926,36.710544644,36.29996003325325,32.67004686835294,36.17190908522304,36.204693923569714
1763,36.625118561,36.742947641,36.31099694545455,32.72445617882353,36.16503258368168,36.188464684516134
1764,36.625118561,36.737056187,36.32234559394595,32.606453820764706,36.17772606646482,36.18431957080159
1765,36.64573865,36.731164733,36.31803344694044,32.63400503211765,36.18321992819246,36.21057443409091
1766,36.625118561,36.725273279,36.31122154634018,32.68338927888235,36.18395813696224,36.21586845146068
1767,36.6383743325,36.692870282,36.31557138551051,32.72913468641177,36.18070808383312,36.219606939022604
1768,36.6354286055,36.734110460000004,36.32585251614679,32.74472971170589,36.19323977185795,36.21527459333333
1769,36.633955742,36.734110460000004,36.32646508322936,32.68581517170588,36.18887047893356,36.2148528325859
1770,36.6324828785,36.737056187,36.317428344341764,32.68286944470589,36.18248327212838,36.18154483408955
1771,36.6413200595,36.748839095,36.32233651351959,32.74213054082353,36.195703295172414,36.17966108647231
1772,36.6354286055,36.740001914000004,36.313431969181416,32.775573206176475,36.20049026944162,36.19140357976471
1773,36.653102967500004,36.751784822000005,36.31099694545455,32.82980923858824,36.19578293679898,36.16303078786477
1774,36.647211513500004,36.734110460000004,36.3117878829417,32.69517218688235,36.17121829304384,36.14800693832641
1775,36.647211513500004,36.686978828,36.321824784104734,32.70227658729412,36.184208511445334,36.13484772661215
1776,36.654575831,36.678141647000004,36.31237294122235,32.89634801317647,36.18359356251547,36.11759830593549
1777,36.6678316025,36.695816009,36.31836866874447,32.991650945529415,36.18169971626476,36.10788214418848
1778,36.657521558,36.695816009,36.30648795926844,32.899640296294116,36.172177148654725,36.117713996560816
1779,36.5971341545,36.713490371,36.31001584063882,32.818546164764705,36.186820908327135,36.12516273998806
1780,36.583878383,36.719381825,36.296731662511924,32.757552288058825,36.180098033707864,36.13884591695653
1781,36.5971341545,36.713490371,36.30920456062003,32.76431013235294,36.18134466394759,36.15555370743665
1782,36.6206999705,36.716436098,36.313691616176136,32.752527224352946,36.18114065473684,36.16078572463552
1783,36.598607018,36.701707463000005,36.327957191818186,32.64058959835294,36.17047366811135,36.110212854095565
1784,36.664885875500005,36.737056187,36.334524232235225,32.60316153764706,36.165922095242635,36.12714246363956
1785,36.666358739,36.740001914000004,36.34289724263158,32.842111980764706,36.17446120893093,36.1557242756383
1786,36.664885875500005,36.7120175075,36.334887164809594,32.71700522229412,36.16858221764706,36.154601893109046
1787,36.6707773295,36.7296918695,36.34747913618205,32.75824540029412,36.18242307,36.16074880397205
1788,36.686978828,36.748839095,36.33891381115044,32.69274629405882,36.16442699992308,36.167745348800004
1789,36.676668783500006,36.775350638,36.33418426211125,32.68130994217647,36.173779719397906,36.154767132513
1790,36.681087374,36.737056187,36.3303789848399,32.73225369147059,36.18319302757813,36.14333608654378
1791,36.681087374,36.7296918695,36.34383594898416,32.75720573194118,36.18227504827048,36.15082756336609
1792,36.692870282,36.7473662315,36.341453316970664,32.66484852658824,36.18974423751314,36.14880214531412
1793,36.6913974185,36.7738777745,36.33848233450717,32.848003434764706,36.18611577991323,36.156018115449676
1794,36.684033101000004,36.7738777745,36.3269762906866,32.75096772182353,36.170115562108464,36.12770692364159
1795,36.692870282,36.760622003,36.32949195361568,32.75547295135294,36.17975025361739,36.13590652379191
1796,36.6972888725,36.692870282,36.32699426888007,32.779038767352944,36.17287591761844,36.14214634898996
1797,36.660467285,36.689924555000005,36.33415645428213,32.601775313176475,36.17914004649206,36.14417633216531
1798,36.663413012,36.684033101000004,36.33037041017555,32.819239277,36.17551429160052,36.126811553402064
1799,36.678141647000004,36.698761736,36.33405773372973,32.69049367929412,36.17829070927327,36.13997577761021
1800,36.6855059645,36.695816009,36.33125689855173,32.66848736582353,36.17357995316322,36.13393352584348
1801,36.6913974185,36.751784822000005,36.33513694902703,32.8199323892353,36.163736727178616,36.15092390570741
1802,36.6825602375,36.737056187,36.32768859427027,32.83881969764706,36.17366305567497,36.133624537699646
1803,36.628064288000004,36.766513457,36.328873961891894,32.74213054082353,36.181435965714286,36.13758299715663
1804,36.698761736,36.748839095,36.324999402054054,32.727748461941175,36.17915472646907,36.12928896894737
1805,36.698761736,36.76356773,36.33427003837838,32.77851893317647,36.17149908946565,36.13988070319855
1806,36.6855059645,36.737056187,36.320912537567565,32.68598844976471,36.16647907629755,36.12182006214286
1807,36.654575831,36.681087374,36.31898754022145,32.73156057923529,36.16454328916703,36.12327077073171
1808,36.628064288000004,36.666358739,36.30968389412317,32.80693653482353,36.14757167409794,36.10734534787346
1809,36.633955742,36.666358739,36.31096123967273,32.68876089870589,36.16741850356644,36.1025799981453
1810,36.631010015,36.663413012,36.30374867174545,32.69655841135294,36.160872750592816,36.101521630152405
1811,36.6236456975,36.6737230565,36.3024951092973,32.730867467,36.16305951708763,36.10355814273585
1812,36.610389926,36.678141647000004,36.30316862749301,32.94711848441177,36.15887148109011,36.113904915574366
1813,36.598607018,36.681087374,36.29838834125,32.69985069447059,36.13681915954334,36.091427774078724
1814,36.595661291,36.664885875500005,36.294500874254545,32.78285088464706,36.15831147914448,36.10020827767442
1815,36.613335653,36.663413012,36.30226337498215,32.688934176764704,36.15110663457756,36.09404010974057
1816,36.676668783500006,36.686978828,36.30547486161129,32.75027460958824,36.15832504946292,36.106740531917225
1817,36.653102967500004,36.689924555000005,36.30887889045667,32.78943545088235,36.1821919930251,36.10748358741935
1818,36.660467285,36.6796145105,36.30658297208151,32.80537703229412,36.17283805181461,36.099761287135266
1819,36.664885875500005,36.692870282,36.295445130792174,32.7639635762353,36.16308482402062,36.11362524992088
1820,36.67519592,36.639847196000005,36.3231911075487,32.831542019176474,36.18450152834437,36.08591967149361
1821,36.6678316025,36.692870282,36.32288630734797,32.84297837105883,36.16705178737955,36.1176993970826
1822,36.64573865,36.678141647000004,36.31035677122696,32.770894698588236,36.16878469174814,36.13193026101576
1823,36.601552745,36.684033101000004,36.31113732100807,32.76084457117647,36.17880958297872,36.11752061593583
1824,36.642792923,36.681087374,36.30674248637097,32.84783015670588,36.1623789577179,36.11854786412812
1825,36.642792923,36.684033101000004,36.30315761353572,32.80936242764706,36.16435850118608,36.11352133432853
1826,36.601552745,36.6707773295,36.29402061540541,32.775573206176475,36.15097465126417,36.10339853323615
1827,36.619227107,36.681087374,36.29939513734447,32.77609304035294,36.16198260449325,36.10118232672102
1828,36.5971341545,36.678141647000004,36.29977624008718,32.74490298976471,36.16644142086733,36.070350678005454
1829,36.6089170625,36.67519592,36.307228115072796,32.82062550147059,36.15854536074576,36.082072588311995
1830,36.5971341545,36.654575831,36.30444896578886,32.72047078347059,36.15420557708351,36.09044402944216
1831,36.6236456975,36.678141647000004,36.30197098219595,32.81750649641177,36.17430761107746,36.06557474615562
1832,36.619227107,36.678141647000004,36.294313181914724,32.88023315370588,36.164875305466,36.0626651254417
1833,36.636901469,36.678141647000004,36.3150743153783,32.82322467235294,36.157586019804086,36.09105564906195
1834,36.6118627895,36.672250193,36.304317055189735,32.79913902217647,36.17222816690925,36.08490283415585
1835,36.633955742,36.678141647000004,36.3151083612139,32.847483600588234,36.180077522619456,36.080417954121145
1836,36.622172834,36.676668783500006,36.31128715729931,32.75287378047059,36.16735055015544,36.067245054346294
1837,36.837210905,36.878451083,36.415636604542414,33.17775158070588,36.339745874124944,36.257246631525426
1838,36.837210905,36.878451083,36.41016019040585,32.950584045588236,36.324592959310344,36.24143106347775
1839,36.8651953115,36.893179718,36.41675858700568,33.002567463235295,36.33554851806035,36.25240167248175
1840,36.8710867655,36.896125445,36.431489147511066,33.03445062605883,36.35046670535175,36.254332823275966
1841,36.8593038575,36.896125445,36.42589510730415,33.09665744917647,36.348183417277035,36.25647094066936
1842,36.8534124035,36.890233991,36.423946637364864,33.04068863617647,36.335250230985075,36.263141718407084
1843,36.882869673500004,36.902016899,36.4290386316723,33.055070715058825,36.34488733603113,36.26778570603819
1844,36.875505356000005,36.900544035500005,36.42375707964286,33.13200617317647,36.34438369195876,36.269254375613826
1845,36.8740324925,36.896125445,36.43558272985179,33.08036931164706,36.342275578744626,36.26548935062757
1846,36.8740324925,36.896125445,36.42314886592076,33.03219801129412,36.33877149850491,36.24955722938301
1847,36.890233991,36.899071172,36.43505012902344,32.940360640117646,36.34925738007673,36.264482334421054
1848,36.8681410385,36.8917068545,36.44069531841056,33.010364975882354,36.33699406752577,36.267824726097416
1849,36.851939540000004,36.902016899,36.430951095372436,32.8817926562353,36.334653570276814,36.26091721660177
1850,36.819536543,36.8917068545,36.43093942172973,32.937588191176474,36.3334663027897,36.24952316590164
1851,36.8710867655,36.8917068545,36.42276901001689,33.02197460582353,36.329694084518074,36.25235948927572
1852,36.8475209495,36.8917068545,36.424587974324325,33.08175553611765,36.326799747300086,36.23409762832433
1853,36.8357380415,36.8917068545,36.44363776873981,32.91662154605883,36.33736154176235,36.25962783923913
1854,36.8681410385,36.8799239465,36.43525944221429,33.082448648352944,36.33507627410846,36.27207371956044
1855,36.872559629,36.8946525815,36.43484545150443,33.05403104670589,36.35085244137931,36.2793854126815
1856,36.878451083,36.882869673500004,36.433004897701615,33.23579973041176,36.35207673131626,36.284939321702126
1857,36.878451083,36.890233991,36.432319401945946,33.09405827829412,36.35293234714286,36.28916148657343
1858,36.846048086,36.8710867655,36.438672581440564,33.114158533117646,36.334548686225645,36.280758477527016
1859,36.840156632,36.890233991,36.41923121351351,33.09942989811765,36.33626651013381,36.279520451931035
1860,36.838683768500005,36.900544035500005,36.43026900247788,33.10445496182353,36.34794426164706,36.27720758732215
1861,36.826900860500004,36.900544035500005,36.43688395189189,32.99875534594118,36.35714580180936,36.28500942335548
1862,36.843102359,36.882869673500004,36.43116118358546,32.97068430041177,36.34923454715268,36.286520358604655
1863,36.710544644,36.884342537,36.45999569888991,33.04068863617647,36.346649997215195,36.31504757500879
1864,36.857830994000004,36.904962626,36.46034702412844,33.003433853529415,36.375218216330275,36.319057353535946
1865,36.8445752225,36.896125445,36.463359072729595,32.846443932235296,36.34205422352994,36.324637574274284
1866,36.8327923145,36.890233991,36.467241338946096,32.86463812841177,36.34635969136045,36.32579083837933
1867,36.819536543,36.91085408,36.49341963161442,32.68754795229412,36.3387272794523,36.32068644969347
1868,36.8563581305,36.872559629,36.46926963166949,32.54857894911765,36.32162866930738,36.31779210776338
1869,36.8298465875,36.8917068545,36.45523220713115,32.53679604111765,36.323810845654165,36.313613300134605
1870,36.8622495845,36.887288264,36.445899540159665,32.62690063170589,36.31902077268157,36.30236788725798
1871,36.8416294955,36.899071172,36.44975249098901,32.561748081588235,36.30826527819879,36.30235649291262
1872,36.88139681,36.9093812165,36.456154681538465,32.63591109076471,36.32414499556391,36.305237948387095
1873,36.888761127500004,36.913799807000004,36.458481831913794,32.649080223235295,36.329940197504676,36.31488958308655
1874,36.869613902,36.8975983085,36.448374941000004,32.71128704635294,36.321355410156826,36.30704312266595
1875,36.8769782195,36.912326943500005,36.46441736566434,32.75703245388235,36.33622777498853,36.32149128317343
1876,36.88139681,36.912326943500005,36.460526064875,32.66692786329412,36.33252577586885,36.308966922577824
1877,36.878451083,36.890233991,36.45049913242681,32.75096772182353,36.328636643226986,36.286112443283585
1878,36.8799239465,36.890233991,36.43373982114286,32.69274629405882,36.31850825229516,36.280895999795916
1879,36.904962626,36.9152726705,36.438615110595876,32.802604583352945,36.32884328484404,36.301552817318054
1880,36.896125445,36.904962626,36.45887334862866,32.82079877952941,36.33095535668161,36.30031786863636
1881,36.900544035500005,36.902016899,36.46026392781164,32.57613016047059,36.32306090391539,36.263281574142304
1882,36.8917068545,36.900544035500005,36.440167188846154,32.59882958617647,36.311553708200805,36.273972796307696
1883,36.869613902,36.8858154005,36.45729668832536,32.919220716941176,36.320932784604906,36.263443430174014
1884,36.8769782195,36.848993813,36.46060101146903,32.713366383058826,36.3247996282768,36.27505798302041
1885,36.8740324925,36.857830994000004,36.45449153101368,32.62915324647059,36.31741904989862,36.27532549611888
1886,36.857830994000004,36.851939540000004,36.449406068496245,32.61338494311765,36.304506173583526,36.267786337272724
1887,36.866668175,36.8504666765,36.466867029163964,32.736412364882355,36.32612657146654,36.29802908818346
1888,36.8681410385,36.851939540000004,36.460854202831634,32.61009266,36.32815676342376,36.27854357148515
1889,36.878451083,36.8593038575,36.4592517630888,32.70366281176471,36.313272495280266,36.28774456764398
1890,36.8769782195,36.8622495845,36.44971629883036,32.643188769235294,36.31540027567096,36.27437901593277
1891,36.866668175,36.8858154005,36.45088935479485,32.704182645941174,36.32384856444138,36.28923583059572
1892,36.8710867655,36.851939540000004,36.4310686506463,32.611132328352944,36.299494559570384,36.25986275131422
1893,36.863722448000004,36.8651953115,36.457811330442546,32.64353532535294,36.32337505841241,36.28407531075184
1894,36.8710867655,36.8651953115,36.44846420545455,32.69690496747059,36.31201048166895,36.27083092301782
1895,36.8710867655,36.8651953115,36.4563532531941,32.65115955994118,36.32519829643684,36.28657740297578
1896,36.866668175,36.8563581305,36.449394967585405,32.66918047805883,36.32478754720339,36.28116241459584
1897,36.8651953115,36.8534124035,36.45431421524351,32.667101141352944,36.31939830588235,36.28436847859155
1898,36.8475209495,36.854885267,36.42870753281577,32.670220146411765,36.2928001369741,36.26547833049066
1899,36.8563581305,36.875505356000005,36.432790947383545,32.79030184117647,36.32088470041958,36.282590783700286
1900,36.8327923145,36.8563581305,36.43526075709613,32.73225369147059,36.32437163917055,36.28307185646266
1901,36.8445752225,36.869613902,36.42536873236193,33.142402856705885,36.341011087051754,36.30154577318931
1902,36.8298465875,36.831319451,36.41787152496262,33.01608315182353,36.32048129375,36.28173947501446
1903,36.82248227,36.863722448000004,36.41805455150579,33.00326057547059,36.319090256,36.28809506507279
1904,36.831319451,36.851939540000004,36.405228855753606,33.15747804782353,36.34748724867606,36.27751450513195
1905,36.826900860500004,36.840156632,36.411024142805196,33.15591854529412,36.33322620718919,36.28854420255102
1906,36.807753635,36.831319451,36.4040563455946,33.08539437535294,36.326807310330764,36.27413753195831
1907,36.82248227,36.851939540000004,36.4103239385124,33.118837040705884,36.327549230122784,36.29082077605617
1908,36.819536543,36.834265178,36.41409739045454,33.12230260188235,36.3348887276239,36.2765253505079
1909,36.826900860500004,36.8504666765,36.40627782423636,33.056976773705884,36.33198014,36.287813093649554
1910,36.810699362,36.8416294955,36.40414920965717,32.98835866241177,36.32729891272225,36.27811455051339
1911,36.781242092,36.8651953115,36.39531566670762,33.025266888941175,36.31405607960854,36.285054463352274
1912,36.8003893175,36.8563581305,36.40218365571429,33.01296414676471,36.310463034680375,36.28001008915274
1913,36.790079273,36.8416294955,36.393386773281854,33.06823984752941,36.30567751265306,36.27193204101523
1914,36.7562034125,36.801862181000004,36.38162431668649,32.94088047429412,36.291536743105425,36.25858359043332
1915,36.781242092,36.8092264985,36.38774799756464,33.01504348347059,36.303548830699334,36.25984677557532
1916,36.776823501500004,36.810699362,36.39005740822352,33.00395368770588,36.3040186631178,36.26485729509728
1917,36.778296365,36.834265178,36.3909941266281,32.990091443000004,36.29932270043726,36.26488166307087
1918,36.7738777745,36.8062807715,36.37455323709091,32.96912479788235,36.285030367159536,36.247770453838655
1919,36.766513457,36.8062807715,36.39012058359109,33.08106242388235,36.30163684933754,36.26002590567164
1920,36.7532576855,36.8239551335,36.40356888294737,33.05472415894118,36.30115333225275,36.25187675445743
1921,36.775350638,36.816590816,36.38126667281782,33.042421416764704,36.301564046269455,36.2627286794
1922,36.7503119585,36.7974435905,36.37496130316883,33.09873678588235,36.309115423308555,36.25358451075862
1923,36.7532576855,36.838683768500005,36.38265281180861,33.057496607882356,36.30696000604082,36.26313041020548
1924,36.778296365,36.826900860500004,36.39330621125,33.122649158,36.31554768235294,36.26112800481901
1925,36.795970727000004,36.82248227,36.3799450245946,33.087127155941175,36.31893687046126,36.25439666909091
1926,36.7738777745,36.8121722255,36.39245206526316,33.0055131902353,36.31044280491455,36.24872251356296
1927,36.784187819,36.8298465875,36.3598850743409,33.148294310705886,36.32247629615635,36.23317412265193
1928,36.7620948665,36.813645089000005,36.38329869681652,32.975362808,36.3172956058427,36.25106439796954
1929,36.7620948665,36.8239551335,36.379439291444974,33.14777447652941,36.331220641149955,36.25387363560732
1930,36.7473662315,36.810699362,36.37612429149091,33.106014464352945,36.32010389797784,36.239721145247145
1931,36.7738777745,36.8475209495,36.39812513664482,33.124381938588236,36.32500853811476,36.25644798744031
1932,36.7797692285,36.825427997,36.38759824854522,33.13183289511765,36.323711667534,36.253046401688096
1933,36.7414747775,36.8504666765,36.377771716590914,33.10618774241176,36.329285759701776,36.258177950000004
1934,36.787133546,36.88139681,36.39917854708411,33.065987232764705,36.31504901576923,36.25931677782066
1935,36.8180636795,36.807753635,36.36963304587156,33.125594885,36.30686881141715,36.23795595943711
1936,36.810699362,36.7856606825,36.389136100779815,33.139630407764706,36.316260388469026,36.23110550186376
1937,36.7886064095,36.725273279,36.408648164027525,33.160770330941176,36.32477266611314,36.232845651403984
1938,36.7797692285,36.854885267,36.37833032979459,33.03670324082353,36.30269816512259,36.20468963598096
1939,36.82248227,36.7473662315,36.38400812811636,33.05645693952941,36.316024854334806,36.198568388212614
1940,36.8121722255,36.8357380415,36.37763538253915,33.08937977070588,36.315194340995596,36.189407182688456
1941,36.793025,36.8003893175,36.416372118233966,32.910556814,36.3137654490585,36.19635717850848
1942,36.775350638,36.838683768500005,36.38303295080276,33.00048812652941,36.30531277669799,36.21061363807433
1943,36.7797692285,36.843102359,36.37993142047728,33.04848614882353,36.30549491899168,36.23981544484536
1944,36.804807908,36.840156632,36.3853461211405,33.07083901841177,36.29342863059946,36.23594657602779
1945,36.7797692285,36.8416294955,36.377414524742015,33.07880980911765,36.298132024158235,36.22017720838818
1946,36.784187819,36.82248227,36.38541722325489,33.062521671588236,36.29544329049587,36.235129013419964
1947,36.790079273,36.8180636795,36.365894585,33.066853623058826,36.289738529888346,36.22808180873977
1948,36.740001914000004,36.82248227,36.35915855193007,33.125594885,36.28528489267363,36.22456485255814
1949,36.6913974185,36.8357380415,36.35656834507722,32.98038787170589,36.27474077056014,36.17097005410734
1950,36.740001914000004,36.826900860500004,36.370786595910715,32.78752939223529,36.289541086669544,36.15123122432924
1951,36.781242092,36.8534124035,36.36887789703349,32.90778436505882,36.2893158934922,36.148611546598495
1952,36.784187819,36.843102359,36.37934862658654,32.86238551364706,36.30011170455243,36.11661759026911
1953,36.804807908,36.8445752225,36.39514251800483,33.00585974635294,36.30281926942808,36.196914501557096
1954,36.7473662315,36.825427997,36.381556486042626,33.10220234705882,36.30476814751767,36.188175724312394
1955,36.719381825,36.8416294955,36.388009261150444,33.07725030658823,36.300280583809936,36.211979522727276
1956,36.707598917,36.837210905,36.37241588471025,33.044154197352945,36.29901548076249,36.20897058470652
1957,36.710544644,36.834265178,36.377782697535714,33.12646127529412,36.299779527571495,36.20967712757559
1958,36.710544644,36.828373724,36.37280821267475,32.97068430041177,36.28941717198359,36.212074479624064
1959,36.737056187,36.734110460000004,36.383658211454545,33.02699966952942,36.29906615156717,36.22099534563396
1960,36.7414747775,36.8327923145,36.379251180606914,33.017122820176475,36.28508016449438,36.23336949156146
1961,36.7414747775,36.840156632,36.37966376629938,32.98766555017647,36.28362087559835,36.24343558359255
1962,36.70465319,36.848993813,36.36861371761539,33.04744648047059,36.28357470720222,36.23804150911519
1963,36.672250193,36.8534124035,36.360731197485315,33.02561344505882,36.28480856709319,36.25184228455987
1964,36.6972888725,36.8534124035,36.35567742378379,33.14170974447059,36.27836578202885,36.25679665308212
1965,36.713490371,36.843102359,36.35848563527273,33.177924858764705,36.28202393108499,36.247054878751406
1966,36.692870282,36.8357380415,36.357280565136364,33.05247154417647,36.27277315003258,36.23742218481752
1967,36.703180326500004,36.8622495845,36.35609280244418,33.10150923482353,36.277699247124424,36.256652204845665
1968,36.710544644,36.8651953115,36.35782088417879,33.02076165941177,36.282117461410905,36.23791622509371
1969,36.725273279,36.8651953115,36.35681021012587,32.998235511764705,36.28104105929155,36.241344359334065
1970,36.720854688500005,36.840156632,36.346774138836366,32.99771567758824,36.2663823072369,36.23414010106845
1971,36.7503119585,36.857830994000004,36.367651211192666,33.11138608417647,36.28778082019257,36.24430604125967
1972,36.7385290505,36.837210905,36.37861476977273,33.049005983,36.29472635871233,36.23607068583196
1973,36.751784822000005,36.8504666765,36.38418603605534,33.09128582935294,36.29899970094107,36.2620175552906
1974,36.772404911,36.82248227,36.36996455276331,32.95664877764706,36.26830661157895,36.26191330156412
1975,36.714963234500004,36.8416294955,36.366686662716134,33.08764699011765,36.270458650841285,36.24851182727273
1976,36.7355833235,36.8151179525,36.37143584767832,32.943826201294115,36.27863536973022,36.22705482236464
1977,36.6972888725,36.8327923145,36.35184783125,33.011577922294116,36.27578461310559,36.22719337518717
1978,36.728219006,36.807753635,36.35565846801158,33.143095968941175,36.28757796446742,36.18708242386484
1979,36.703180326500004,36.8239551335,36.35130480581818,33.126287997235295,36.27535230918432,36.2120841416443
1980,36.725273279,36.8092264985,36.35048616684615,33.131313060941174,36.283398277409745,36.22506015918142
1981,36.737056187,36.834265178,36.344429360187114,33.16146344317647,36.29393087426244,36.22232856124386
1982,36.7473662315,36.804807908,36.35504359790546,33.01989526911765,36.28949185400269,36.221123669093906
1983,36.728219006,36.8475209495,36.35227644232143,33.10584118629412,36.296474721968536,36.223735982
1984,36.7238004155,36.8298465875,36.362895781837835,33.12403538247059,36.29708219224599,36.22310469719159
1985,36.745893368000004,36.8504666765,36.365112628378185,33.13581829047059,36.284122012375285,36.24264193268293
1986,36.7296918695,36.8416294955,36.34745804188811,33.14846758876471,36.292739069503355,36.22104180911917
1987,36.710544644,36.838683768500005,36.34718523783784,33.10462823988235,36.29647435050417,36.19343122025415
1988,36.7385290505,36.826900860500004,36.35341541425455,33.10428168376471,36.29280521722471,36.2238001000115
1989,36.6884516915,36.840156632,36.348438425,33.060962169058826,36.292331024243246,36.215763216615386
1990,36.698761736,36.825427997,36.34367615920053,33.03566357247059,36.29607754529438,36.2060784246564
1991,36.7503119585,36.8357380415,36.35237385392857,33.08851338041177,36.284993821739135,36.1947764853125
1992,36.713490371,36.826900860500004,36.34171053,33.13824418329412,36.26983327984416,36.1850785715453
1993,36.734110460000004,36.831319451,36.356153424285715,33.169780790000004,36.30713841741935,36.20483268123427
1994,36.6943431455,36.8357380415,36.35854939559741,33.17688519041177,36.303102707233855,36.172529631577106
1995,36.698761736,36.82248227,36.358596612702705,33.139976963882354,36.3071750401677,36.207976191467296
1996,36.7002345995,36.825427997,36.362789629513514,33.14708136429412,36.285672055134896,36.20735105164873
1997,36.714963234500004,36.828373724,36.36028306495205,33.15591854529412,36.296508392818915,36.209164723841496
1998,36.6796145105,36.816590816,36.349530861778554,33.15747804782353,36.28266518379447,36.21799877424138
1999,36.6825602375,36.816590816,36.35757047356757,33.17515240982353,36.30627993947982,36.21233895222475
2000,36.7120175075,36.837210905,36.34739096371849,32.854241444882355,36.28356202499135,36.20566769174255
2001,36.728219006,36.843102359,36.354476849768595,33.21188735829412,36.29523944546679,36.23818553
2002,36.722327552,36.8121722255,36.34451484342905,33.076557194352944,36.294050628007135,36.21845672224148
2003,36.725273279,36.793025,36.342905972263516,33.10445496182353,36.29310889902398,36.21388337507837
2004,36.7120175075,36.787133546,36.33919164614251,33.07170540870588,36.2958050267521,36.2176681093617
2005,36.709071780500004,36.801862181000004,36.33515375370533,33.21725897811765,36.265097329480234,36.22610830028802
2006,36.678141647000004,36.804807908,36.31911713131965,33.18537581529412,36.28001893230701,36.20299673081268
2007,36.709071780500004,36.8033350445,36.32245255045454,32.97848181305883,36.2609270410878,36.21572009093464
2008,36.672250193,36.698761736,36.32072791808996,32.902759301352944,36.28423383196885,36.16663562022444
2009,36.6855059645,36.707598917,36.31750314522642,32.899986852411764,36.28156359574649,36.129714397430384
2010,36.678141647000004,36.722327552,36.307713067343755,33.07413130152941,36.282857605426756,36.035613404740026
2011,36.678141647000004,36.713490371,36.32024145965517,33.12819405588235,36.27939548804124,36.064473069725004
2012,36.6589944215,36.707598917,36.300927850394935,33.0365299627647,36.27101305152912,36.08477822039592
2013,36.666358739,36.695816009,36.29858334654206,32.843671483294116,36.272824179237944,36.084015354234666
2014,36.686978828,36.695816009,36.29353059420183,32.93932097176471,36.28874400815987,36.11162178971732
2015,36.678141647000004,36.701707463000005,36.311344085,32.91540859964706,36.27797929060359,36.05988411667575
2016,36.669304466,36.722327552,36.309580285500004,32.97744214470588,36.27628507457983,36.044844594639535
2017,36.6707773295,36.716436098,36.31014021189655,33.126287997235295,36.274727148738855,36.07246594411009
2018,36.6501572405,36.692870282,36.32563759369551,33.07205196482353,36.266794824593426,36.09896639992308
2019,36.669304466,36.76356773,36.31955496450472,33.10254890317647,36.293457413214284,36.129988653570095
2020,36.6589944215,36.7620948665,36.30904480691589,33.03410406994118,36.30295494798426,36.105228619334156
2021,36.663413012,36.784187819,36.30170343121495,33.09527122470588,36.28424988724064,36.090914690277266
2022,36.642792923,36.781242092,36.29811877511098,33.120049987117646,36.28817945141732,36.1113650859605
2023,36.6413200595,36.7385290505,36.2787842553125,33.12022326517647,36.27714029448276,36.078325163898405
2024,36.6413200595,36.7414747775,36.27921543116638,33.01920215688236,36.27135687438509,36.10727416774312
2025,36.648684377,36.748839095,36.29096093380257,32.95041076752941,36.281460879113006,36.106506024481185
2026,36.639847196000005,36.7827149555,36.2955585340625,32.98991816494118,36.2729775132715,36.01684326330589
2027,36.6413200595,36.795970727000004,36.292439766188494,33.04259469482353,36.28947386464533,36.062343066296506
2028,36.651630104,36.757676276,36.320586498285714,32.999101902058825,36.26673734126817,36.100028486432336
2029,36.663413012,36.7503119585,36.31328156827586,33.08348831670588,36.25887884951055,36.12987066241066
2030,36.642792923,36.745893368000004,36.28651865926883,32.95612894347059,36.26300167690885,36.108415574815254
2031,36.651630104,36.7296918695,36.30707922772727,32.99251733582353,36.283544570902656,36.14551727595782
2032,36.6442657865,36.734110460000004,36.30598486695946,33.09509794664706,36.27434502155822,36.21848515448468
2033,36.6442657865,36.757676276,36.31067642057915,33.13789762717647,36.25010054955958,36.23038118
2034,36.660467285,36.754730549,36.31000534916162,32.909343867588234,36.231786487368424,36.22472974850901
2035,36.672250193,36.692870282,36.32004524863487,32.93949424982353,36.26374990832779,36.213571885356544
2036,36.664885875500005,36.737056187,36.30266385631579,33.14084335417647,36.26492614989144,36.11387794687245
2037,36.669304466,36.722327552,36.29236427310345,32.98853194047059,36.27133638115497,36.13497474113049
2038,36.666358739,36.678141647000004,36.302306580620055,33.1115593622353,36.297148334061696,36.13903197028269
2039,36.684033101000004,36.669304466,36.305135524355144,33.09371172217647,36.274572150698255,36.197542038305286
2040,36.6619401485,36.642792923,36.29936057193549,32.961847119411765,36.263012342,36.1895727874821
2041,36.681087374,36.6737230565,36.30879858054592,32.783370718823534,36.26373043464548,36.2417485571
2042,36.686978828,36.678141647000004,36.31606487561505,33.01764265435294,36.24641266566085,36.25475732
2043,36.67519592,36.734110460000004,36.32786551481081,32.892189339764705,36.24103661599508,36.24471079008606
2044,36.707598917,36.684033101000004,36.33430675773585,32.85112243982353,36.21011223715458,36.23943330560288
2045,36.664885875500005,36.6825602375,36.30063890025729,33.002220907117646,36.24803857879342,36.245314390594594
2046,36.619227107,36.654575831,36.2803048505,32.85025604952941,36.24066152331239,36.28395284614652
2047,36.625118561,36.689924555000005,36.298651671390914,33.17844469294118,36.236719772031805,36.260639551108575
2048,36.601552745,36.678141647000004,36.295385584181815,32.92580528317647,36.213360375184436,36.22585383921067
2049,36.64573865,36.6707773295,36.29618520216928,33.04987237329412,36.2510307159322,36.18568589028636
2050,36.639847196000005,36.6619401485,36.29337441442815,32.86567779676471,36.25985086572856,36.173642531928685
2051,36.701707463000005,36.636901469,36.28487458091743,32.72237684211765,36.26404503156536,36.21434885045841
2052,36.647211513500004,36.6501572405,36.280927034976415,32.872608919117646,36.24697570347364,36.22725672174377
2053,36.654575831,36.6737230565,36.297516719130435,32.95890139241177,36.22571684703125,36.23126388648137
2054,36.64573865,36.67519592,36.298731585859095,32.91506204352941,36.25250327513247,36.198972934498535
2055,36.6442657865,36.67519592,36.296145187068966,33.060095778764705,36.243173447248445,36.18702293696246
2056,36.6354286055,36.678141647000004,36.293184209020424,33.06182855935294,36.23950058631579,36.15751729876289
2057,36.660467285,36.686978828,36.321272276,33.09994973229412,36.223621548454425,36.206074523725604
2058,36.657521558,36.701707463000005,36.30150656577703,32.851468995941175,36.221029464024845,36.152745603614996
2059,36.654575831,36.678141647000004,36.3080213030599,32.87832709505882,36.24959884692659,36.166975637583896
2060,36.664885875500005,36.725273279,36.29243503973507,33.040515358117645,36.23405827253061,36.189253484501165
2061,36.648684377,36.684033101000004,36.304605428336735,32.95456944094118,36.23810707899833,36.12074010785467
2062,36.678141647000004,36.695816009,36.31142201428572,32.94677192829412,36.23053842935,36.13208277363481
2063,36.6796145105,36.701707463000005,36.30736364089926,32.99528978476471,36.221138865735476,36.15008509534183
2064,36.657521558,36.692870282,36.30973170738938,32.92424578064706,36.23553087912088,36.093231239556786
2065,36.660467285,36.695816009,36.301924382589284,32.913329262941176,36.2296132351189,36.163097834847264
2066,36.653102967500004,36.698761736,36.292760654258586,33.00620630247059,36.23476609778446,36.140659894064086
2067,36.653102967500004,36.676668783500006,36.27437312379801,32.990091443000004,36.24181868166457,36.13814674072333
2068,36.628064288000004,36.707598917,36.252429035182246,32.85684061576471,36.22134508088851,36.105410744221544
2069,36.660467285,36.6560486945,36.24909086599029,32.91194303847059,36.253862417086154,36.082070271520095
2070,36.660467285,36.716436098,36.25507040098131,32.92095349752941,36.237169508965806,36.08108521806336
2071,36.6707773295,36.713490371,36.251374337374735,32.99026472105882,36.23645277325468,36.01947641494846
2072,36.664885875500005,36.707598917,36.24815007132536,33.00395368770588,36.2441613829232,36.014366658830276
2073,36.689924555000005,36.707598917,36.26702662370062,32.99684928729412,36.23654887066073,36.03366295527697
2074,36.676668783500006,36.6884516915,36.26806401857798,33.005339912176474,36.24202410023559,36.04891241455587
2075,36.633955742,36.707598917,36.26591241134792,32.99650273117647,36.24131613050917,36.01268210189938
2076,36.631010015,36.695816009,36.25621112270995,32.998235511764705,36.24004958678631,36.04955093843271
2077,36.6265914245,36.740001914000004,36.269343419901624,33.08106242388235,36.24243339884363,36.121278137932286
2078,36.628064288000004,36.728219006,36.25697542,33.04709992435294,36.22566794569343,36.06050789622369
2079,36.633955742,36.709071780500004,36.278368438253594,33.10116267870588,36.2478028368682,36.047630974136126
2080,36.6118627895,36.710544644,36.264388693076924,33.16059705288235,36.2087953205283,36.046877157447554
2081,36.6118627895,36.722327552,36.26737928490909,33.05143187582353,36.20707504511852,35.988184793885274
2082,36.603025608500005,36.716436098,36.26259500828586,33.13252600735294,36.21214185550562,36.048455388524594
2083,36.580932656,36.654575831,36.267571335263156,33.14794775458824,36.22660308009975,36.08427717264214
2084,36.5765140655,36.701707463000005,36.293552582236586,32.91315598488235,36.19624079961142,36.07050321775664
2085,36.5558939765,36.7444205045,36.32016120615385,33.04034208005883,36.20744220814124,36.04031071055023
2086,36.628064288000004,36.781242092,36.32060350103896,32.81282798882353,36.211376499320785,36.0793216274015
2087,36.64573865,36.778296365,36.33245773284645,32.86567779676471,36.19538884192929,36.114709335440466
2088,36.651630104,36.7827149555,36.314874370198865,33.08036931164706,36.22131254702128,36.07466344830189
2089,36.653102967500004,36.757676276,36.34442023517,32.84817671282353,36.233993598759625,36.05860915866313
2090,36.636901469,36.775350638,36.33565592380699,32.833101521705885,36.229898416101086,36.081820758153846
2091,36.628064288000004,36.686978828,36.32112623274345,32.91228959458824,36.22095309231344,36.09358934739337
2092,36.577986929,36.678141647000004,36.28527435126467,33.08262192641177,36.22140571924513,36.08408240009858
2093,36.604498472,36.647211513500004,36.27985707998391,33.059402666529415,36.22811255816819,36.08835262915795
2094,36.6707773295,36.6589944215,36.264893776040935,33.083141760588234,36.227232675765286,36.025855229130435
2095,36.657521558,36.663413012,36.26551643347864,33.10220234705882,36.22163819247816,35.971488969109245
2096,36.639847196000005,36.676668783500006,36.267290003147856,33.17584552205882,36.20282588207472,36.02447510326578
2097,36.666358739,36.689924555000005,36.271335368209265,33.23545317429412,36.2403322216945,35.99359951497537
2098,36.648684377,36.692870282,36.270725235088804,33.244117077235295,36.23529243666387,36.03066557450168
2099,36.6442657865,36.684033101000004,36.28428998567568,33.170127346117646,36.22860245506212,36.04375551056995
2100,36.6295371515,36.681087374,36.268287574336284,33.039822245882355,36.21529473989461,36.0834403821519
2101,36.631010015,36.678141647000004,36.277729492684216,33.127154387529416,36.210050490553364,36.08959073612245
2102,36.6177542435,36.692870282,36.26780450601339,33.06772001335294,36.1900910906383,36.08587985215527
2103,36.5971341545,36.6383743325,36.27335404527232,32.961500563294116,36.207420651415894,36.08281123257732
2104,36.591242700500004,36.664885875500005,36.25997272295875,32.93897441564706,36.20017626202958,36.08151863230769
2105,36.6089170625,36.6619401485,36.28458650811225,32.94088047429412,36.20448027842578,36.12512851454546
2106,36.604498472,36.64573865,36.2957862824,32.99494322864706,36.201404835782256,36.125706469607735
2107,36.6265914245,36.660467285,36.29156508031687,32.707821485176474,36.21369452760492,36.12379467035165
2108,36.6413200595,36.6737230565,36.27655022388019,32.91991382917647,36.2006930579934,36.11651606938389
2109,36.639847196000005,36.6265914245,36.273270216385455,32.88525821741177,36.19402725313294,36.12991018294976
2110,36.6295371515,36.647211513500004,36.29287269060364,32.95075732364706,36.21588453475022,36.12981560685714
2111,36.622172834,36.6678316025,36.274577048,32.80797620317647,36.20021335377701,36.12786917867252
2112,36.625118561,36.6501572405,36.26225855327273,32.89860062794118,36.20288680509091,36.128293006007866
2113,36.6177542435,36.686978828,36.266821752189095,32.84505770776471,36.19947310824903,36.11534958769066
2114,36.575041202,36.678141647000004,36.26128351076923,32.887857388294115,36.193560503661104,36.102174499368424
2115,36.607444199,36.651630104,36.26232282368,32.821318613705884,36.192163204290054,36.101211151488656
2116,36.6177542435,36.6501572405,36.252115216172974,32.85129571788235,36.196541122210526,36.09456789757774
2117,36.607444199,36.64573865,36.258769197702705,32.929444122411766,36.20416647912351,36.10963607286432
2118,36.6059713355,36.651630104,36.256828379372976,32.88456510517647,36.20473193661552,36.09918266593663
2119,36.6000798815,36.664885875500005,36.271466525083916,32.892882452,36.20177550928572,36.11441557246265
2120,36.5882969735,36.642792923,36.26256460283117,32.89201606170588,36.21450435892308,36.10242117089076
2121,36.598607018,36.664885875500005,36.2654993994898,32.87139597270588,36.22492770061539,36.08923243001114
2122,36.592715564,36.657521558,36.26766928378378,33.0438076412353,36.219031250626635,36.103151438041714
2123,36.603025608500005,36.666358739,36.263381768938224,32.990437999117646,36.22168557135348,36.089689648514195
2124,36.598607018,36.648684377,36.26344284864865,33.04709992435294,36.21085110988794,36.09695561823496
2125,36.5882969735,36.657521558,36.27184924468112,32.981254262,36.2043023721317,36.10053824670051
2126,36.5941884275,36.6560486945,36.26698532659832,32.941573586529415,36.18908163894737,36.073750760399776
2127,36.595661291,36.657521558,36.26849322732988,33.00516663411765,36.188551436005035,36.07442524287625
2128,36.580932656,36.6442657865,36.262508345280665,32.948851265,36.17209244759299,36.07436302016195
2129,36.577986929,36.6501572405,36.262139534,32.93897441564706,36.18116769114065,36.08570477739437
2130,36.5676768845,36.660467285,36.26649116922647,32.91696810217647,36.18046126105309,36.08011907875566
2131,36.577986929,36.6678316025,36.268650836159296,33.03618340664706,36.18856634568502,36.0730846427907
2132,36.572095475,36.6619401485,36.25703196555486,32.95890139241177,36.16339499842288,36.07138299966805
2133,36.583878383,36.669304466,36.270301833592924,32.913675819058824,36.193787757500004,36.08471383162791
2134,36.585351246500004,36.6589944215,36.27553241891892,33.012790868705885,36.202208624649764,36.09544318094857
2135,36.6089170625,36.6943431455,36.28113237889779,32.96375317805882,36.20829755206762,36.114500129680735
2136,36.595661291,36.684033101000004,36.27539955618831,32.91436893129412,36.18682605788387,36.11142199416108
2137,36.598607018,36.648684377,36.274414028359075,32.90691797476471,36.19738879328298,36.11303911731597
2138,36.604498472,36.653102967500004,36.27203797018182,32.82651695547059,36.17569181656992,36.12286367185567
2139,36.6177542435,36.639847196000005,36.2799680696139,32.85372161070588,36.19372373052116,36.12414438970175
2140,36.6000798815,36.6589944215,36.277850935937096,32.88889705664706,36.16877877066249,36.099502197415184
2141,36.6000798815,36.6589944215,36.27393802785714,32.85060260564706,36.174932854610056,36.125776693061454
2142,36.598607018,36.651630104,36.259209392857144,32.84193870270588,36.18127255330369,36.10842313012658
2143,36.6177542435,36.6972888725,36.26052819615385,32.99615617505882,36.19541846925532,36.12164804389822
2144,36.613335653,36.6707773295,36.25311142625,33.02596000117647,36.18494278357143,36.08991785878243
2145,36.601552745,36.660467285,36.280713806012706,33.178617971,36.18802006432358,36.122937977960646
2146,36.5794597925,36.651630104,36.259972009937066,32.846790488352944,36.18075870500637,36.07643181959184
2147,36.577986929,36.6943431455,36.25452650704782,33.05177843194118,36.20605385825701,36.09198265147296
2148,36.5765140655,36.6737230565,36.25542245081081,32.98177409617647,36.19538764106929,36.09384399353147
2149,36.58682411,36.707598917,36.26706544415,33.02006854717647,36.20818916118266,36.08512740465585
2150,36.585351246500004,36.710544644,36.260690049285714,32.97501625188235,36.210886610553885,36.08354138286201
2151,36.585351246500004,36.6943431455,36.26512968069286,33.059749222647056,36.2065975379174,36.08671622101695
2152,36.585351246500004,36.6678316025,36.268064313396366,32.88248576847059,36.199809330628874,36.08021973314646
2153,36.583878383,36.716436098,36.27302722406487,32.91228959458824,36.19121232362914,36.08800065285715
2154,36.5794597925,36.701707463000005,36.266213287410714,32.97033774429412,36.203022377857145,36.07303567220911
2155,36.5824055195,36.67519592,36.263600897664865,32.96132728523529,36.203493696899564,36.09079275970623
2156,36.5824055195,36.7179089615,36.27417602810811,32.962713509705885,36.19087955644835,36.084173173707995
2157,36.6089170625,36.6943431455,36.27994623662627,32.92441905870589,36.205623696090555,36.09293227538462
2158,36.6000798815,36.728219006,36.27853724730868,33.043287807058825,36.20200681992053,36.08879298215772
2159,36.6148085165,36.737056187,36.28029031774131,33.02821261594118,36.21404352195786,36.11383136
2160,36.591242700500004,36.6972888725,36.26781014197066,33.007765805,36.197855138406375,36.08575676329086
2161,36.595661291,36.6855059645,36.27293019238324,32.94521242576471,36.21028904151865,36.102483155154644
2162,36.595661291,36.686978828,36.279629898637836,33.038609299470586,36.213291366760814,36.10659099475676
2163,36.591242700500004,36.686978828,36.275182493865614,33.02422722058824,36.19169038482759,36.120726129232544
2164,36.577986929,36.6884516915,36.24633590382569,32.95214354811765,36.20880475918219,36.12624236081865
2165,36.580932656,36.686978828,36.264341390545454,32.978655091117645,36.22073540531993,36.1493291
2166,36.598607018,36.681087374,36.30775622068572,32.94850470888235,36.19801943812651,36.15011793521866
2167,36.604498472,36.681087374,36.28138134706422,32.87607448029412,36.195448038293456,36.15864459985418
2168,36.592715564,36.6560486945,36.27038817015597,32.937068357,36.19566453101986,36.142156421316685
2169,36.5735683385,36.681087374,36.26476554030888,32.96808512952941,36.205091616475855,36.142548576845755
2170,36.577986929,36.663413012,36.263656627635136,32.927884619882356,36.193253941892856,36.121674064011664
2171,36.5765140655,36.666358739,36.271449221512725,32.78718283611765,36.188423625,36.08035894856815
2172,36.5706226115,36.6501572405,36.28089697138182,32.91384909711765,36.19789896103295,36.07567144801807
2173,36.5735683385,36.651630104,36.27141370873514,32.93273640552941,36.20367077575543,36.05714193023283
2174,36.5765140655,36.653102967500004,36.26770859945946,32.95942122658823,36.2038273244543,36.05713783818487
2175,36.5735683385,36.654575831,36.267676219013985,33.02440049864706,36.198845513805075,36.06019319839013
2176,36.575041202,36.651630104,36.25656789790021,32.99303717,36.19561498335092,36.06062986344281
2177,36.583878383,36.6236456975,36.26408302549047,32.999101902058825,36.18949349139535,36.0634433826082
2178,36.5824055195,36.6619401485,36.26502218078546,33.02977211847059,36.201779213670775,36.063266636109844
2179,36.591242700500004,36.669304466,36.267758735963305,32.897387681529416,36.1919987588189,36.07756682624
2180,36.5824055195,36.64573865,36.26185999954595,32.92493889288235,36.19386934187611,36.05740698674033
2181,36.595661291,36.6619401485,36.27209308361081,32.97259035905883,36.19539279181498,36.08394396259086
2182,36.585351246500004,36.6619401485,36.26553634404364,32.93689507894118,36.19293387125331,36.07650608986014
2183,36.595661291,36.666358739,36.26926402766546,32.92961740047059,36.1832903563089,36.08583821535135
2184,36.598607018,36.660467285,36.26635043586909,32.94711848441177,36.1923230838874,36.07554454411697
2185,36.604498472,36.651630104,36.27307740516364,32.94729176247059,36.213720617400625,36.08089162858144
2186,36.598607018,36.660467285,36.27814199689189,33.041728304529414,36.21283674273303,36.09547549514908
2187,36.595661291,36.672250193,36.280615788350005,32.97674903247059,36.20111512844622,36.090631275947786
2188,36.592715564,36.6589944215,36.284993821739135,33.02318755223529,36.20702310591374,36.08581752464407
2189,36.6089170625,36.633955742,36.27995502665138,32.963406621941175,36.188330855400636,36.09093480147513
2190,36.6089170625,36.631010015,36.28314643563637,33.01417709317647,36.19141842554217,36.084262163402066
2191,36.610389926,36.6324828785,36.26928812906819,32.99407683835294,36.18776576398001,36.07219425383554
2192,36.591242700500004,36.6295371515,36.26570773179637,33.08816682429412,36.17999821814798,36.07429495053364
2193,36.5971341545,36.6295371515,36.27334568103784,33.035836850529414,36.18945808975521,36.0773363624014
2194,36.58682411,36.6295371515,36.27161072151049,32.96687218311765,36.1847231773149,36.072740698463306
2195,36.580932656,36.6354286055,36.265426717643244,33.04155502647059,36.17954533347826,36.06952652091422
2196,36.55736684,36.6295371515,36.256425000540546,33.017815932411764,36.17432990467952,36.052110981516
2197,36.5794597925,36.642792923,36.27700778776224,33.05455088088235,36.17417346911516,36.08096931258741
2198,36.577986929,36.6383743325,36.28722475658716,33.058536276235294,36.19194589573698,36.07046926254257
2199,36.589769837,36.639847196000005,36.284382405006994,33.01642970794118,36.192205171205615,36.073701189368364
2200,36.5882969735,36.6324828785,36.27410325974126,33.05212498805882,36.192819830758125,36.06193045571429
2201,36.5971341545,36.6295371515,36.27618380818182,33.02041510329412,36.194733645316234,36.06344808641509
2202,36.58682411,36.6324828785,36.2779141653007,33.10029628841177,36.19692478420237,36.07125191523753
2203,36.591242700500004,36.642792923,36.27612200971329,33.03756963111765,36.186161136406874,36.06738018153582
2204,36.575041202,36.636901469,36.26400950988112,33.03185145517647,36.172441133079644,36.05659325
2205,36.58682411,36.642792923,36.26891218838462,33.06217511547059,36.182319164285715,36.07208145301719
2206,36.575041202,36.6383743325,36.26718183126574,33.057843164000005,36.183939294153845,36.060065786141465
2207,36.577986929,36.636901469,36.25902519636364,33.089899604882355,36.171501489088485,36.04712666931095
2208,36.5500025225,36.639847196000005,36.25607796409564,33.03601012858824,36.181267491958224,36.04753333921546
2209,36.5647311575,36.6413200595,36.26973416471193,33.04658009017647,36.197580729708825,36.072885452703815
2210,36.5588397035,36.6413200595,36.26384388998545,33.04935253911765,36.1875130113055,36.05626521804009
2211,36.563258294,36.6442657865,36.264194905286715,32.96981791011765,36.193267664223605,36.06821974771682
2212,36.55736684,36.633955742,36.256388522741815,33.030465230705886,36.19065550298387,36.04587999130336
2213,36.566204021000004,36.6354286055,36.26058999462238,33.01105808811765,36.190534463748314,36.05717895010527
2214,36.5706226115,36.5882969735,36.261993398715596,33.031331621,36.199148663114464,36.03923716576252
2215,36.5706226115,36.628064288000004,36.26660275672727,32.95543583123529,36.200305125508514,36.05220529241147
2216,36.566204021000004,36.636901469,36.26227365816514,33.08608748758824,36.20053429488959,36.04187318314136
2217,36.563258294,36.6324828785,36.26626450444907,33.09561778082353,36.20553067474199,36.05094185524618
2218,36.529382433500004,36.5971341545,36.257469210458716,33.064081174117646,36.19939950530989,36.039154677153974
2219,36.524963843,36.604498472,36.263136915505456,33.097350561411766,36.201708367514605,36.056978083693586
2220,36.524963843,36.5941884275,36.25541494509091,33.01920215688236,36.19415558921655,36.037462266175275
2221,36.52790957,36.589769837,36.25377194156669,33.00984514170588,36.187692554219446,36.023647186011175
2222,36.516126662000005,36.5882969735,36.24430716365517,33.01902887882353,36.18905059951448,36.01307757145394
2223,36.551475386,36.5941884275,36.235720264791404,33.12576816305882,36.18706143546713,35.993859043246886
2224,36.5264367065,36.6295371515,36.26930176441835,33.14257613476471,36.21236523333334,36.02626293248079
2225,36.413026217,36.577986929,36.305034753584906,33.129753558411764,36.18670432473261,36.03411718271676
2226,36.545583932,36.6265914245,36.28937325702634,33.08626076564706,36.18389313031378,36.04203808742569
2227,36.535273887500004,36.6413200595,36.2616158492,32.98627932570588,36.19619962240389,36.044367776728826
2228,36.533801024,36.616281380000004,36.25670099658379,33.017469376294116,36.19395521144772,36.04714163282333
2229,36.5529482495,36.6177542435,36.24043580668919,33.113811977,36.17950298514745,36.03471393123153
2230,36.530855297,36.604498472,36.243089011659094,33.145002027588234,36.178092976864676,36.022226435
2231,36.5441110685,36.6295371515,36.24474719592885,32.917661214411766,36.18103679036016,36.03909292438731
2232,36.541165341500005,36.631010015,36.24286645366094,33.149333979058824,36.1900297933782,36.027516687851374
2233,36.5470567955,36.6265914245,36.25273442407905,33.03358423576471,36.18933481758668,36.049636674372884
2234,36.52790957,36.6059713355,36.23536763634091,33.146734808176475,36.17010296808455,36.021882454140126
2235,36.545583932,36.604498472,36.243835334875676,33.20045100641177,36.19232257922425,36.04051840660898
2236,36.541165341500005,36.598607018,36.23825029606324,33.21777881229412,36.196992786191785,36.028430458102896
2237,36.539692478,36.613335653,36.24451747894242,33.089033214588234,36.19014962862146,36.03639765441048
2238,36.524963843,36.6118627895,36.23222412971841,33.04935253911765,36.183093961668156,36.00907050988409
2239,36.554421113000004,36.622172834,36.23594675175137,32.99979501429412,36.17429458815265,36.02576659819334
2240,36.5500025225,36.6265914245,36.24746155303572,33.15782460394118,36.185283164752306,36.02457175904459
2241,36.55736684,36.628064288000004,36.24513610912682,33.050045651352946,36.199809236985196,36.041841149304304
2242,36.551475386,36.628064288000004,36.2300081383322,33.21847192452941,36.19248175435294,36.0202260645487
2243,36.55736684,36.6324828785,36.243735257345136,33.18139041994118,36.19336658137809,36.03790963208618
2244,36.548529659,36.6265914245,36.24272148699115,33.33872689735294,36.1969256678982,36.03176722993583
2245,36.55736684,36.628064288000004,36.246108700635716,33.22003142705883,36.187574545938205,36.041601176
2246,36.551475386,36.6265914245,36.25013286976727,33.23805234517647,36.18433620717859,36.047887386494224
2247,36.55736684,36.6265914245,36.246325583832416,33.24515674558824,36.18928223625669,36.03941117444384
2248,36.5323281605,36.6265914245,36.248705880434784,33.37511528970588,36.18759098577717,36.04086462712313
2249,36.541165341500005,36.628064288000004,36.22978076713514,33.30060572441177,36.1714515161273,36.04908318931316
2250,36.510235208000005,36.601552745,36.2349397700973,33.177231746529415,36.17337352170549,36.03174327347754
2251,36.523490979500004,36.58682411,36.23793112311927,33.16804800941176,36.184678815827276,36.050373189003984
2252,36.516126662000005,36.572095475,36.22783457626422,33.041381748411766,36.170763041801244,36.03791794541619
2253,36.5087623445,36.577986929,36.22094562752599,33.09631089305883,36.168938263776596,36.0247431830955
2254,36.501398027,36.575041202,36.220322679285715,33.05680349564706,36.159940331653075,36.01045107185511
2255,36.501398027,36.577986929,36.22306153945455,33.1056679082353,36.15444796950645,36.00092304494247
2256,36.501398027,36.577986929,36.21966484378378,33.11051969388235,36.164535463710095,36.006397292633295
2257,36.5087623445,36.5706226115,36.221739357405596,33.09163238547059,36.16145500490468,36.005747650552216
2258,36.5087623445,36.5706226115,36.22757931268182,33.102375625117645,36.175611071272726,36.02144406997224
2259,36.5087623445,36.580932656,36.21408443996429,33.05143187582353,36.15930255580322,35.98423491337234
2260,36.5117080715,36.577986929,36.20699393763636,33.12992683647059,36.14789136462418,35.986134220798725
2261,36.519072389,36.566204021000004,36.209206874054054,33.073438189294116,36.161307261498685,35.99474724418505
2262,36.5117080715,36.566204021000004,36.220504212014546,33.14344252505882,36.15991705520963,35.984083046923075
2263,36.516126662000005,36.5765140655,36.22284237343551,33.05992250070588,36.14681673434263,35.99890677851028
2264,36.519072389,36.575041202,36.226622962307694,33.155052155,36.15151112,35.991850775719676
2265,36.5264367065,36.560312567000004,36.225678819038464,33.058189720117646,36.15282736762204,35.998999592447326
2266,36.491087982500005,36.5735683385,36.21733419842071,33.16042377482353,36.14890150235875,35.98407445915539
2267,36.5117080715,36.577986929,36.213255202519406,33.063734618,36.15551132477056,35.99897371519199
2268,36.510235208000005,36.577986929,36.20439535018182,33.09041943905883,36.14992962007172,35.988348713817004
2269,36.513180935,36.585351246500004,36.20304554602317,33.09163238547059,36.15380747319716,35.984885107394135
2270,36.510235208000005,36.5794597925,36.20530783127273,33.02942556235294,36.16368733037037,36.00056412050913
2271,36.513180935,36.5824055195,36.20923546727273,33.175672244,36.166239755,36.00803290027248
2272,36.516126662000005,36.5824055195,36.21143961265035,33.11433181117647,36.1668302501031,36.006171333146625
2273,36.513180935,36.589769837,36.20259022454545,33.11918359682353,36.15916322837706,35.98206873888949
2274,36.5058166175,36.585351246500004,36.20713999281853,33.060788891,36.16334746522449,36.012688362727275
2275,36.498452300000004,36.589769837,36.2064339366993,33.11086625,36.15341916439462,36.01341936364566
2276,36.5117080715,36.580932656,36.20543873567396,33.10809380105883,36.151548411314636,36.0071799946317
2277,36.5087623445,36.577986929,36.20166177465251,33.09180566352941,36.14555677808734,35.9934052854485
2278,36.491087982500005,36.5824055195,36.20027042097298,33.193173327941174,36.147139223942396,35.99997537850847
2279,36.5058166175,36.5824055195,36.21137949247944,33.08262192641177,36.15142545405235,36.0200221494898
2280,36.498452300000004,36.5765140655,36.195136021540186,33.05212498805882,36.144465561445784,36.017030683340806
2281,36.513180935,36.583878383,36.1939295888,33.06234839352941,36.13200489388256,36.01938494226991
2282,36.513180935,36.5706226115,36.197345441927276,33.04259469482353,36.13765315757118,36.00880266245847
2283,36.522018116,36.563258294,36.20128101254546,33.07049246229412,36.14334000920315,36.01043758258668
2284,36.5117080715,36.563258294,36.19238508485315,33.09249877576471,36.13740925077126,35.998378137172836
2285,36.5146537985,36.5676768845,36.19320067617298,33.10722741076471,36.14606528706981,35.99563105083744
2286,36.716436098,36.831319451,36.37186255138961,33.34687096611765,36.32950543332165,36.191593148923076
2287,36.7503119585,36.82248227,36.36873135015944,33.35813403994118,36.34504780253607,36.19308356849916
2288,36.676668783500006,36.793025,36.38280676588811,33.38291280235294,36.32625032627907,36.19549257948867
2289,36.731164733,36.8033350445,36.38177679141259,33.34704424417647,36.32866100770979,36.1880940490625
2290,36.6796145105,36.804807908,36.36812619636364,33.31082912988235,36.325778171927766,36.17213065141397
2291,36.7296918695,36.813645089000005,36.3651294611039,33.33352855558824,36.311502395046524,36.163220748390074
2292,36.7296918695,36.813645089000005,36.36246867679624,33.301645392764705,36.31658906624614,36.16541106779838
2293,36.745893368000004,36.8239551335,36.36388653686487,33.32191892564706,36.33004711357143,36.172618823673474
2294,36.7238004155,36.825427997,36.36073263705956,33.48150801782353,36.34017602,36.162915583906255
2295,36.7473662315,36.828373724,36.34855942792727,33.36385221588235,36.30817142792,36.1602280672449
2296,36.7238004155,36.8298465875,36.363193693199655,33.395215544529414,36.3368949662407,36.15179235265121
2297,36.748839095,36.8062807715,36.3581519333871,33.39694832511765,36.3192713791904,36.13753223722093
2298,36.731164733,36.807753635,36.346849751080214,33.15349265247059,36.31816682365792,36.09665445963197
2299,36.7385290505,36.8121722255,36.368191115966944,33.13911057358823,36.33757321576045,36.07582044998869
2300,36.7385290505,36.8121722255,36.35917420623212,33.29523410458824,36.34278888255518,36.093627188062285
2301,36.7591491395,36.7856606825,36.36992636286364,33.29176854341176,36.3512916209471,36.08865915690627
2302,36.7503119585,36.7915521365,36.35561459893878,33.315334359411764,36.34753217909284,36.07385658032558
2303,36.7591491395,36.795970727000004,36.366881594825976,33.31983958894118,36.35105299072007,36.140055515
2304,36.7385290505,36.7944978635,36.36362216702857,33.310309295705885,36.33828159625217,36.12891604418739
2305,36.7532576855,36.793025,36.36651943618182,33.312735188529416,36.34637584335467,36.13088111272727
2306,36.772404911,36.7856606825,36.35749085932433,33.28067874764706,36.34842865892583,36.11552449860465
2307,36.765040593500004,36.7944978635,36.36550422362385,33.23302728147059,36.34756687103449,36.135708005454546
2308,36.7444205045,36.7886064095,36.36057916346582,33.252261146,36.33340605877882,36.12614698458239
2309,36.731164733,36.7886064095,36.34645733618533,33.30199194888235,36.33540097181237,36.1271245026943
2310,36.728219006,36.757676276,36.338751332196104,33.20703557264706,36.32214834074627,36.129446777902096
2311,36.734110460000004,36.775350638,36.33858623984611,33.25382064852941,36.32176049577836,36.14924653708108
2312,36.719381825,36.775350638,36.35485224136364,33.217085700058824,36.32120791892903,36.129983355670106
2313,36.737056187,36.7944978635,36.34943798670559,33.22921516417647,36.32131558882402,36.13059403725579
2314,36.728219006,36.7944978635,36.34606395411176,33.241344628294115,36.324024978153844,36.12654796478038
2315,36.769459184,36.7944978635,36.35508457766055,33.21327358276471,36.3354971893617,36.143270165293444
2316,36.760622003,36.795970727000004,36.34671910607173,33.25122147764706,36.32602193239949,36.133677851370095
2317,36.754730549,36.7974435905,36.34345382280098,33.252434424058826,36.328579106920124,36.151772054800695
2318,36.731164733,36.7944978635,36.342730459045455,33.293501324000005,36.34096725600516,36.151379823667625
2319,36.754730549,36.795970727000004,36.349705258925624,33.289169372529415,36.34350175673382,36.160351446365176
2320,36.748839095,36.798916454,36.337981064978614,33.18676203976471,36.332793818143635,36.14866975839733
2321,36.751784822000005,36.8003893175,36.33592665798526,33.331795775,36.33518407815502,36.14269151231544
2322,36.734110460000004,36.795970727000004,36.325422718912336,33.33196905305883,36.31858981939975,36.12255404727575
2323,36.657521558,36.8003893175,36.343391303958946,33.290555597,36.32215955658163,36.13736318387097
2324,36.657521558,36.798916454,36.33311201302212,33.340632956,36.32955218254281,36.14022717741259
2325,36.647211513500004,36.798916454,36.33728321633446,33.393656042,36.33208753809687,36.12973883597973
2326,36.740001914000004,36.7061260535,36.32857985123884,33.37476873358823,36.33175034745423,36.14448102035212
2327,36.757676276,36.798916454,36.349476886353216,33.357614205764705,36.349049804116355,36.206068264397075
2328,36.748839095,36.798916454,36.33736912660204,33.262137995352944,36.33736821574026,36.17079835434537
2329,36.769459184,36.798916454,36.3539275690625,33.200970840588234,36.33741581311333,36.159448921123214
2330,36.757676276,36.798916454,36.34480740734375,33.22661599329412,36.32198946853553,36.16794615004039
2331,36.754730549,36.798916454,36.341413205202706,33.37494201164706,36.33606030215871,36.17005767534648
2332,36.731164733,36.8003893175,36.34795569825632,33.357614205764705,36.32552256844975,36.15829921919328
2333,36.710544644,36.798916454,36.34636341339146,33.434722941941175,36.313159076569924,36.15409698407172
2334,36.731164733,36.7974435905,36.336420346526495,33.29956605605882,36.33399112562063,36.114776638786545
2335,36.751784822000005,36.776823501500004,36.341415345370535,33.29783327547059,36.34352888,36.17438926909091
2336,36.740001914000004,36.7886064095,36.33984303540541,33.28119858182353,36.32766773674458,36.14273344863636
2337,36.725273279,36.7944978635,36.336998405857145,33.33595444841177,36.32235554572635,36.11747817595318
2338,36.6560486945,36.7915521365,36.33187279562788,33.228002217764704,36.325455715633865,36.1320310573913
2339,36.686978828,36.7944978635,36.32642535001786,33.289169372529415,36.33154454043553,36.1465356870185
2340,36.710544644,36.722327552,36.3370455287221,33.302858339176474,36.33624008489849,36.159406507130925
2341,36.710544644,36.793025,36.35455002923214,33.38343263652941,36.34186162225426,36.17996703545808
2342,36.710544644,36.766513457,36.36227937459091,33.29280821176471,36.32515059555651,36.15590369059623
2343,36.757676276,36.7797692285,36.37949359017699,33.18104386382353,36.34318340140931,36.15431414152966
2344,36.716436098,36.8180636795,36.38707423738657,33.24775591647059,36.33501776491932,36.16768603957632
2345,36.757676276,36.8534124035,36.39815594210526,33.12160948964706,36.31585573223529,36.197216841437324
2346,36.7385290505,36.8298465875,36.39446132974359,33.11034641582353,36.32952829252918,36.18291760958946
2347,36.751784822000005,36.795970727000004,36.40823051652174,33.09873678588235,36.33178852946452,36.209405765119236
2348,36.7444205045,36.8151179525,36.398232504210526,33.12403538247059,36.320658007472815,36.20493164535714
2349,36.748839095,36.8327923145,36.398658283265306,33.269588951882355,36.324516500759174,36.21223739073876
2350,36.710544644,36.7827149555,36.38559985195031,33.202183787,36.32117791837838,36.19130164074855
2351,36.731164733,36.8327923145,36.39367739182609,33.118490484588236,36.31483318704555,36.2098028996973
2352,36.760622003,36.7856606825,36.38812012667684,33.28119858182353,36.33594463178697,36.19186433574468
2353,36.742947641,36.810699362,36.39000783699115,33.338900175411766,36.334170880052014,36.19695214879238
2354,36.728219006,36.7856606825,36.38933750720607,33.36749105511765,36.3343732675346,36.19378717344754
2355,36.713490371,36.7974435905,36.38552650282526,33.505593668,36.331065090366494,36.19271216969305
2356,36.719381825,36.8121722255,36.391864519464285,33.51009889752941,36.35690437922078,36.162408132639044
2357,36.754730549,36.7974435905,36.38804749477522,33.43922817147059,36.34918958364217,36.20221694258786
2358,36.716436098,36.720854688500005,36.37540954389381,33.39885438376471,36.332132438226104,36.17807121033493
2359,36.731164733,36.781242092,36.38683618402655,33.51339118064706,36.3428755805988,36.19261883901762
2360,36.713490371,36.7414747775,36.39024327439189,33.477002788294115,36.34596599409409,36.18581289627283
2361,36.707598917,36.804807908,36.38735980981289,33.47215100264706,36.333701804565415,36.19596669902935
2362,36.707598917,36.804807908,36.3762437320708,33.36887727958823,36.31801481061336,36.19844684009939
2363,36.7120175075,36.8092264985,36.377866861164286,33.45880859211765,36.32283861988403,36.201997561072446
2364,36.716436098,36.8033350445,36.380685784113275,33.42883148794118,36.32036191104437,36.21080880873551
2365,36.7179089615,36.784187819,36.39132168336991,33.41254335041177,36.32783410963856,36.217295119897784
2366,36.713490371,36.757676276,36.38288916384616,33.376848070294116,36.32845159189408,36.20277839364486
2367,36.737056187,36.813645089000005,36.3862496454646,33.39712160317647,36.33672105402802,36.200289153736094
2368,36.714963234500004,36.793025,36.38584918058212,33.41704857994118,36.33233967282778,36.19424360437933
2369,36.725273279,36.7562034125,36.37950805192143,33.446505849941175,36.32593194451613,36.200223052841096
2370,36.710544644,36.751784822000005,36.36143391268571,33.44615929382353,36.31843124484522,36.17844137967897
2371,36.709071780500004,36.7797692285,36.38176425259289,33.485666691235295,36.32125935421265,36.200138994285716
2372,36.684033101000004,36.813645089000005,36.378436240863635,33.36558499647059,36.32095301938617,36.20296670175983
2373,36.698761736,36.7414747775,36.365801036859565,33.34739080029412,36.318627486744816,36.18771834367213
2374,36.67519592,36.787133546,36.335205465527274,33.300085890235295,36.30649661059081,36.15590543348986
2375,36.698761736,36.776823501500004,36.346204156631195,33.225749603000004,36.316068997538466,36.14542058479382
2376,36.698761736,36.8121722255,36.336924373035714,33.37234284076471,36.31429918263804,36.159087578333335
2377,36.70465319,36.8210094065,36.35154927783784,33.39469571035294,36.31500849242115,36.185376210497594
2378,36.695816009,36.804807908,36.34927226835714,33.35796076188235,36.31259898681057,36.18494162938014
2379,36.686978828,36.813645089000005,36.362379108333336,33.24446363335294,36.30512763092349,36.20629747996532
2380,36.684033101000004,36.807753635,36.335901819266056,33.27080189829412,36.293271631100396,36.1865498634429
2381,36.7120175075,36.8092264985,36.3337970708,33.24671624811765,36.28604078016253,36.18853933818182
2382,36.7179089615,36.801862181000004,36.33263976096154,33.246369692,36.29999492,36.193381977795546
2383,36.701707463000005,36.8092264985,36.339960368125,33.29402115817647,36.318523386833256,36.193400082045585
2384,36.695816009,36.754730549,36.339596698125,33.27755974258824,36.298953468732016,36.18984455722992
2385,36.660467285,36.713490371,36.333425178695656,33.296620329058825,36.297523553928414,36.19772332290718
2386,36.651630104,36.725273279,36.32604900239131,33.26733633711765,36.289775675397756,36.19227522090909
2387,36.664885875500005,36.737056187,36.33100646558545,33.20859507517647,36.293446325714285,36.19422750132653
2388,36.657521558,36.7326375965,36.315727961545456,33.336474282588235,36.28782694631812,36.190141534718855
2389,36.642792923,36.719381825,36.330080995869565,33.25555342911765,36.281052339783784,36.19156413118644
2390,36.5971341545,36.7355833235,36.30065266570403,33.33006299441177,36.29048900923077,36.17904243575084
2391,36.653102967500004,36.731164733,36.30333166752294,33.27721318647059,36.28433079513489,36.191534645281095
2392,36.628064288000004,36.734110460000004,36.33517092769159,33.320532701176475,36.2710984392562,36.19214617031794
2393,36.653102967500004,36.681087374,36.31182202745413,33.287609870000004,36.286018802761696,36.17980562624259
2394,36.6442657865,36.7179089615,36.297756051363635,33.19542594270588,36.26845184830478,36.18077259926637
2395,36.6707773295,36.676668783500006,36.302187294613425,33.231987613117646,36.272657902838944,36.20450529941867
2396,36.654575831,36.698761736,36.3272147117757,33.333008721411765,36.28306403767832,36.2056460548362
2397,36.734110460000004,36.707598917,36.30266495301622,33.11918359682353,36.27813268323348,36.18122257211702
2398,36.714963234500004,36.716436098,36.311430754018694,33.23891873547059,36.27374507746491,36.180588548123644
2399,36.726746142500005,36.7326375965,36.2932992970751,33.239092013529415,36.28608949514076,36.17617367277986
2400,36.722327552,36.742947641,36.3116277476,33.21258047052941,36.278407814053814,36.17823556883495
2401,36.666358739,36.70465319,36.315470948913045,33.25104819958824,36.281955279190285,36.17160467808696
2402,36.672250193,36.7238004155,36.30254181632,33.19022760094118,36.27279410797369,36.168774086485605
2403,36.6177542435,36.6884516915,36.30826667087356,33.338033785117645,36.27367763,36.16794980108493
2404,36.6177542435,36.7326375965,36.30229070385321,33.250874921529416,36.283982239139014,36.15807903662771
2405,36.598607018,36.7326375965,36.321139457391304,33.435589332235296,36.28560491406137,36.17774121681261
2406,36.5971341545,36.7238004155,36.305583552200005,33.31290846658824,36.29225141,36.17481784500876
2407,36.607444199,36.7503119585,36.31536477382365,33.33266216529412,36.27576291971508,36.19451901208005
2408,36.631010015,36.737056187,36.33494676703259,33.29436771429412,36.28114365198288,36.19856970583691
2409,36.631010015,36.6796145105,36.3150098786,33.189707766764705,36.27605190815183,36.20901910026932
2410,36.619227107,36.669304466,36.31748694565218,33.29367460205882,36.26055106347707,36.210492456530616
2411,36.625118561,36.6913974185,36.31558953695652,33.230774666705884,36.26233889128182,36.221436913245036
2412,36.6177542435,36.692870282,36.309639381875,33.23181433505882,36.263382750299726,36.21291684208431
2413,36.622172834,36.678141647000004,36.30323339472894,33.383086080411765,36.26907214356445,36.20906969042857
2414,36.607444199,36.664885875500005,36.30234075018349,33.20946146547059,36.252466704741146,36.1838741366803
2415,36.625118561,36.6972888725,36.307925920642205,33.26040521476471,36.265013881090425,36.18161030694413
2416,36.6295371515,36.689924555000005,36.3078201705704,33.23060138864706,36.25478091065522,36.17768780103926
2417,36.6177542435,36.714963234500004,36.316395935652174,33.27374762529412,36.27118299840336,36.18402037413507
2418,36.6177542435,36.707598917,36.31172729099174,33.27478729364706,36.27692941011638,36.15986221485126
2419,36.5676768845,36.7915521365,36.35909964124044,33.378754128941175,36.27862654382817,36.17585366705459
2420,36.628064288000004,36.725273279,36.32864649262548,33.30060572441177,36.27620621273448,36.159139481824404
2421,36.6148085165,36.7562034125,36.331028229650244,33.38325935847059,36.28088059852332,36.14325301353846
2422,36.625118561,36.7562034125,36.31763226990909,33.458462036,36.28770863310616,36.145516952646375
2423,36.6442657865,36.790079273,36.293901358488654,33.384645582941175,36.289989512482144,36.17600103874543
2424,36.6295371515,36.793025,36.29263647235294,33.36523844035294,36.26859968238622,36.17280919378572
2425,36.6501572405,36.765040593500004,36.29553883485432,33.420687419176474,36.2756282732265,36.13340206178206
2426,36.633955742,36.754730549,36.28039984465594,33.303204895294115,36.25116963189072,36.152142465888325
2427,36.642792923,36.769459184,36.29144065944954,33.31914647670588,36.25672644592308,36.117469251889624
2428,36.613335653,36.7385290505,36.282309581375,33.20963474352941,36.25589121586656,36.08788498471856
2429,36.664885875500005,36.684033101000004,36.29345707259956,33.46677938282353,36.28180840261914,35.990911499324326
2430,36.692870282,36.7355833235,36.291433402197136,33.43732211282353,36.27723488143081,36.01167957715294
2431,36.70465319,36.707598917,36.28795224086487,33.56208231517647,36.28426564377497,36.01403631845622
2432,36.6972888725,36.689924555000005,36.282164526636365,33.33820706317647,36.27465887375,35.936862042617804
2433,36.6943431455,36.6884516915,36.29643244187097,33.38863097829412,36.26247541797753,36.0604355026087
2434,36.6913974185,36.681087374,36.27902911267046,33.337340672882355,36.25781020795455,36.05307232186982
2435,36.67519592,36.710544644,36.27718240738446,33.164582448235294,36.273768657222455,35.99789348538418
2436,36.6678316025,36.6913974185,36.2780341859375,33.40959762341176,36.26733178125264,36.09838654783199
2437,36.6413200595,36.648684377,36.289991166641514,33.30025916829412,36.26018730194691,36.09865394417817
2438,36.6265914245,36.6707773295,36.27712604409091,33.29558066070588,36.2770394519171,36.04807044948797
2439,36.631010015,36.619227107,36.278004552780374,33.25728620970588,36.279461767053185,36.106877359961366
2440,36.639847196000005,36.6383743325,36.26065650413414,33.20547607011765,36.247425129565215,36.103852305305345
2441,36.639847196000005,36.686978828,36.275152461931185,33.240998072176474,36.243617522545456,36.11295842424511
2442,36.6324828785,36.7620948665,36.281923831410715,33.31256191047059,36.23811088882458,36.12339241254076
2443,36.648684377,36.7738777745,36.28071787571429,33.24186446247059,36.26125486419722,36.07964519224816
2444,36.6295371515,36.7002345995,36.27439382096173,33.28968920670589,36.26792252931035,36.09459838852679
2445,36.633955742,36.725273279,36.292767428243245,33.187281873941174,36.25177009639687,36.13926928893238
2446,36.622172834,36.686978828,36.27262271246258,33.295753938764705,36.25408997516879,36.13035266
2447,36.636901469,36.6855059645,36.28662248474967,33.23891873547059,36.262406544342106,36.14639618242915
2448,36.6236456975,36.734110460000004,36.28055776645455,33.194039718235295,36.251509897827226,36.171210579196035
2449,36.636901469,36.751784822000005,36.292888323945945,33.22765566164706,36.264181288209684,36.18149273713322
2450,36.633955742,36.731164733,36.283414229,33.30632390035294,36.25469979450435,36.17849064064183
2451,36.6295371515,36.742947641,36.28840679056133,33.34115279017647,36.25734972723188,36.16287784079872
2452,36.6295371515,36.740001914000004,36.280721561558885,33.24827575064706,36.254834790764555,36.16318162090909
2453,36.631010015,36.757676276,36.27819225840909,33.248102472588236,36.25399232344153,36.17425609258465
2454,36.6324828785,36.740001914000004,36.27669435652301,33.240478238,36.255909041035856,36.17469012336364
2455,36.648684377,36.742947641,36.27833592902287,33.29731344129412,36.24983555381819,36.1793646053
2456,36.642792923,36.731164733,36.27181708756757,33.30459111976471,36.26308540289438,36.18102769745187
2457,36.64573865,36.731164733,36.275790627275384,33.38412574876471,36.254311068850726,36.16743002853884
2458,36.631010015,36.731164733,36.27812725351352,33.42588576094118,36.26440610005296,36.19100580747556
2459,36.6177542435,36.664885875500005,36.296081906608876,33.44217389847059,36.26437294995769,36.20053218295455
2460,36.639847196000005,36.672250193,36.291232774693015,32.990784555235294,36.23925416371053,36.1901889177286
2461,36.648684377,36.676668783500006,36.291831625808356,33.16492900435294,36.275183783634795,36.206010263616534
2462,36.642792923,36.6913974185,36.292716524789476,33.404226003588235,36.27002695183036,36.20919048518477
2463,36.6295371515,36.686978828,36.29610890964286,33.399547496000004,36.263179202352944,36.1522795062754
2464,36.6442657865,36.6354286055,36.29898865832607,33.295753938764705,36.26156161824268,36.11084079492334
2465,36.648684377,36.70465319,36.302971186388206,33.31672058388236,36.24713269145,36.113562176570106
2466,36.647211513500004,36.695816009,36.29299001411505,33.34115279017647,36.25417974507563,36.13435698740176
2467,36.660467285,36.70465319,36.294536580036365,33.52811981564706,36.266177152717994,36.115575978125
2468,36.647211513500004,36.70465319,36.28970092389335,33.201837230882354,36.264021004623885,36.11534383487941
2469,36.6177542435,36.710544644,36.28546239781485,33.2853572552353,36.25754382966581,36.114698029981675
2470,36.610389926,36.6913974185,36.269757056492175,33.27426745947059,36.23305897122641,36.13465760098303
2471,36.625118561,36.7002345995,36.28390665783784,33.27097517635294,36.228760357592996,36.149746529913045
2472,36.6118627895,36.6825602375,36.284717543648654,33.247236082294116,36.238154826958784,36.15204564588844
2473,36.591242700500004,36.710544644,36.30930949878378,33.31134896405882,36.20658499349978,36.1954844637831
2474,36.604498472,36.686978828,36.27236422915311,33.183123200529415,36.231609935993255,36.15803050804424
2475,36.631010015,36.6825602375,36.292206777772726,33.31585419358824,36.24222242508211,36.16425974951749
2476,36.603025608500005,36.631010015,36.30542160227523,33.29904622188236,36.21189924443172,36.1297063679292
2477,36.5824055195,36.653102967500004,36.302677084710425,33.36021337664706,36.224785605512025,36.13546271483871
2478,36.595661291,36.6619401485,36.30314943558103,33.23891873547059,36.207558474041036,36.15904020607508
2479,36.6089170625,36.657521558,36.32870920611482,33.287263313882356,36.21903615223056,36.183392266053595
2480,36.6089170625,36.631010015,36.31563448539974,33.19265349376471,36.19877048,36.161783224532876
2481,36.592715564,36.6383743325,36.31836272534731,33.129407002294116,36.20725533080491,36.183595191042045
2482,36.598607018,36.628064288000004,36.319500683571434,33.122822436058826,36.215002188856225,36.179262236063835
2483,36.6000798815,36.647211513500004,36.3072527975,33.12992683647059,36.21896479413408,36.17064226413873
2484,36.5971341545,36.6383743325,36.28693991394737,33.19421299629412,36.21493115508966,36.170727459539705
2485,36.5971341545,36.639847196000005,36.29716996333945,33.185029259176474,36.214319127005496,36.18267442400689
2486,36.5794597925,36.6295371515,36.285869001500004,33.33075610664706,36.215842657572864,36.153633962308135
2487,36.589769837,36.6383743325,36.30503326947931,33.21292702664706,36.20729216603337,36.15671289982143
2488,36.610389926,36.6354286055,36.290391733863636,33.15470559888235,36.2164677181139,36.14775061744681
2489,36.613335653,36.6501572405,36.292725762173916,33.21154080217647,36.227320470456434,36.16296768483285
2490,36.5971341545,36.6206999705,36.29125031331351,33.262831107588234,36.21986564038763,36.1373620840625
2491,36.589769837,36.622172834,36.26945878804348,33.17237996088235,36.22430260174225,36.131253666767265
2492,36.583878383,36.598607018,36.28274761188074,33.200277728352944,36.23827990439291,36.1450336450291
2493,36.595661291,36.613335653,36.2824166533227,33.31446796911765,36.248636171669744,36.149318861782994
2494,36.5824055195,36.6118627895,36.24941675591743,33.187281873941174,36.217916999422386,36.1170779341715
2495,36.580932656,36.628064288000004,36.25658919578716,33.264044054,36.23036016370371,36.120695992615566
2496,36.5941884275,36.625118561,36.27394877672414,33.18849482035294,36.23799917172662,36.09667875550112
2497,36.58682411,36.647211513500004,36.270394843000005,33.16440917017647,36.2451409512399,36.08107594791391
2498,36.575041202,36.6383743325,36.264111586037735,33.177924858764705,36.238591706707034,36.114039458387694
2499,36.580932656,36.6265914245,36.280268053121304,33.260231936705885,36.245249944610954,36.1324691500811
2500,36.575041202,36.6678316025,36.27689768704244,33.11121280611765,36.23616192866506,36.102513458242534
2501,36.610389926,36.710544644,36.28613396107143,33.23770578905882,36.26231035271898,36.146527876298585
2502,36.5882969735,36.669304466,36.2745224975,33.26352421982353,36.25935126131837,36.13782806272569
2503,36.592715564,36.6825602375,36.27362278528314,33.150200369352945,36.24845909721519,36.144459500446224
2504,36.589769837,36.684033101000004,36.27482583906542,33.208075241,36.24767520644352,36.16827426094374
2505,36.591242700500004,36.698761736,36.278676727884616,33.18554909335294,36.22726054342409,36.139615348896555
2506,36.5824055195,36.684033101000004,36.291271336343925,33.20755540682353,36.216184361734264,36.15458660617752
2507,36.577986929,36.686978828,36.27557454285714,33.161983277352945,36.22517904380908,36.15456620290888
2508,36.5647311575,36.669304466,36.26322281270484,33.06460100829412,36.21163292516393,36.14131877328367
2509,36.583878383,36.695816009,36.28209772453474,33.22315043211765,36.22684674630947,36.16856563384071
2510,36.5824055195,36.7002345995,36.279972588363634,33.14257613476471,36.203466526976335,36.15398154612174
2511,36.5794597925,36.6884516915,36.295656562311926,33.300952280529415,36.22045775195234,36.15930115895713
2512,36.5765140655,36.698761736,36.26955361386834,33.25832587805883,36.19993227211486,36.151918345825585
2513,36.5794597925,36.676668783500006,36.27907215088961,33.3030316172353,36.21347714013538,36.16264624871379
2514,36.577986929,36.686978828,36.28911850972477,33.294194436235294,36.20907404437247,36.187123759451886
2515,36.58682411,36.6913974185,36.288617071493505,33.274614015588234,36.21679128183462,36.17020925533721
2516,36.575041202,36.651630104,36.2758093888367,33.14344252505882,36.19928781041933,36.16824297419547
2517,36.560312567000004,36.6413200595,36.287246376601836,33.167874731352946,36.21468814190692,36.16815735442075
2518,36.591242700500004,36.6413200595,36.290287592,33.25035508735294,36.218039432648794,36.182883093364595
2519,36.585351246500004,36.660467285,36.28749084907551,33.1557452672353,36.20574482740841,36.18893575992987
2520,36.5794597925,36.6619401485,36.2852907662,33.24584985782353,36.21494285910666,36.1797621232413
2521,36.5824055195,36.669304466,36.283873654311925,33.16995406805882,36.21001386880694,36.171190236134166
2522,36.5205452525,36.67519592,36.304278868920754,33.2470628042353,36.20324964443515,36.17739921039953
2523,36.554421113000004,36.67519592,36.29053606933142,33.189014654529416,36.20841574298592,36.17698305316718
2524,36.5529482495,36.6265914245,36.27301642934783,33.183816312764705,36.192420992220185,36.176433611879155
2525,36.572095475,36.5971341545,36.28254702899533,33.23874545741177,36.20725651110374,36.165213693689154
2526,36.560312567000004,36.647211513500004,36.27044429904023,33.14569513982353,36.191553602702214,36.1674217353283
2527,36.5647311575,36.6383743325,36.292142309,33.26161816117647,36.21430790361314,36.15890074443299
2528,36.5647311575,36.642792923,36.285235715236695,33.222977154058825,36.19887589934247,36.154390035149085
2529,36.551475386,36.642792923,36.3026872247777,33.226442715235294,36.204540966636735,36.16703628884956
2530,36.535273887500004,36.6354286055,36.317549177175906,33.236319564588236,36.197974413006996,36.160046054689
2531,36.5382196145,36.6354286055,36.30339172311927,33.1616367212353,36.19097704915837,36.15364397837089
2532,36.536746751,36.628064288000004,36.282322456055944,33.20322345535294,36.19115553156627,36.13737193171462
2533,36.560312567000004,36.6383743325,36.29103451423077,33.26352421982353,36.20564070722092,36.15809163294737
2534,36.5647311575,36.6295371515,36.287677945356386,33.14361580311765,36.206952240408164,36.14853666894919
2535,36.5529482495,36.636901469,36.27917949388889,33.26352421982353,36.20579486206044,36.155689213947824
2536,36.539692478,36.6413200595,36.268552248333336,33.204609679823534,36.1911045594115,36.138948543580035
2537,36.554421113000004,36.6383743325,36.27616651944954,33.30771012482353,36.20983245111917,36.14168474040089
2538,36.539692478,36.6442657865,36.276373318035716,33.21743225617647,36.19398432354176,36.14388693087368
2539,36.5529482495,36.6089170625,36.2665360656175,33.3089230712353,36.19624959481961,36.133551416923076
2540,36.545583932,36.6059713355,36.2659570680734,33.197158723294116,36.204288161303744,36.125124076075736
2541,36.5558939765,36.666358739,36.269737639357146,33.24792919452941,36.19872227537294,36.13547140269714
2542,36.5470567955,36.6589944215,36.266654856906946,33.28934265058824,36.20220864781336,36.138687556307694
2543,36.545583932,36.631010015,36.27185944127273,33.29003576282353,36.20178231864078,36.13069669484375
2544,36.536746751,36.6442657865,36.26547620625,33.31308174464706,36.19481582461539,36.13198798499121
2545,36.5500025225,36.648684377,36.28333315394495,33.252261146,36.20178647328281,36.14717830747764
2546,36.569149748,36.598607018,36.27519932777778,33.15470559888235,36.190165153549536,36.128141986077985
2547,36.563258294,36.642792923,36.2773482134,33.256766375529416,36.211128531880185,36.12994357494737
2548,36.5617854305,36.6383743325,36.273431487500005,33.164582448235294,36.19131968,36.127019826551724
2549,36.572095475,36.647211513500004,36.29034632300561,33.18988104482353,36.20953624967392,36.138324403757224
2550,36.563258294,36.653102967500004,36.28715989654312,33.26456388817647,36.220361481500696,36.141454062383794
2551,36.569149748,36.651630104,36.28341963400367,33.18260336635294,36.20022765039198,36.134324861428574
2552,36.55736684,36.639847196000005,36.27183712690896,33.31758697417647,36.216656891343014,36.12331472532341
2553,36.5735683385,36.642792923,36.28705660091743,33.21258047052941,36.203434269995554,36.13589863283792
2554,36.5617854305,36.6236456975,36.29324232733945,33.192480215705885,36.227666311851856,36.12142599293984
2555,36.566204021000004,36.651630104,36.27900059763637,33.29523410458824,36.20584069425797,36.13332891419929
2556,36.2200810985,36.676668783500006,36.302349638010035,33.215526197529414,36.15742176235464,36.09107481747316
2557,36.5765140655,36.664885875500005,36.28657615614679,33.2971401632353,36.19439056344538,36.121364486159294
2558,36.5647311575,36.6324828785,36.28987706910223,33.21310030470588,36.206980365263156,36.11431999685484
2559,36.569149748,36.6560486945,36.29487791555556,33.296966885176474,36.21561304616605,36.11932789706052
2560,36.5647311575,36.651630104,36.285806369444444,33.15626510141177,36.194179129879196,36.11819802890293
2561,36.572095475,36.6678316025,36.29695114538462,33.280158913470586,36.213657259240506,36.12884989275311
2562,36.560312567000004,36.664885875500005,36.293732381005505,33.26231127341177,36.20664080421812,36.125740315368425
2563,36.560312567000004,36.676668783500006,36.29166933268172,33.252261146,36.20264068126175,36.12338550563429
2564,36.5470567955,36.6589944215,36.284933035031194,33.212753748588234,36.191142033831696,36.12170475251621
2565,36.566204021000004,36.6442657865,36.291397419420186,33.251914589882354,36.19993928251845,36.12485203626943
2566,36.5765140655,36.642792923,36.28303047373945,33.17688519041177,36.19844339471818,36.12738487754885
2567,36.569149748,36.64573865,36.27838549673959,33.16596867270589,36.19401252688583,36.129557170963224
2568,36.563258294,36.6295371515,36.27792815027523,33.20131739670588,36.20953232251514,36.12339751494737
2569,36.5824055195,36.6265914245,36.2784686506422,33.163542779882356,36.2018124231579,36.1275871447889
2570,36.5735683385,36.622172834,36.2742061046,33.183816312764705,36.18758063259191,36.12576067860299
2571,36.580932656,36.6265914245,36.28281427359266,33.22332371017647,36.20693623132232,36.124296239634916
2572,36.580932656,36.6265914245,36.28257918673077,33.194906108529416,36.201569746471385,36.12948239931741
2573,36.580932656,36.631010015,36.27704074694545,33.29280821176471,36.2085927632,36.139929921988376
2574,36.577986929,36.631010015,36.28486611153846,33.222977154058825,36.2024279632636,36.13256739158261
2575,36.577986929,36.631010015,36.27950641134679,33.28154513794118,36.20205860512728,36.14521713932763
2576,36.572095475,36.613335653,36.275852628866055,33.23857217935294,36.211200182402926,36.12774492978136
2577,36.577986929,36.6089170625,36.28817513639908,33.23354711564706,36.215602668670364,36.14238046780048
2578,36.5529482495,36.6265914245,36.274490567941285,33.20564934817647,36.193011612594255,36.129668931653825
2579,36.5588397035,36.6295371515,36.285182574375,33.20166395282353,36.19254256115367,36.137859609418186
2580,36.554421113000004,36.6295371515,36.27372903568182,33.296447051,36.19747173126205,36.129129341791945
2581,36.55736684,36.6295371515,36.290505794,33.259365546411765,36.20687156648199,36.128665835959715
2582,36.563258294,36.6324828785,36.28020275598624,33.24983525317647,36.19869941493394,36.127619141428575
2583,36.418917671,36.651630104,36.309481133962265,33.199931172235296,36.17657637538461,36.13434884830259
2584,36.575041202,36.631010015,36.282706173519266,33.19941133805882,36.186734026708976,36.1338868018619
2585,36.577986929,36.6383743325,36.285596249,33.32174564758824,36.192993812200555,36.12296510248948
2586,36.5500025225,36.6324828785,36.28283095826923,33.18260336635294,36.17381085237365,36.12149074806452
2587,36.560312567000004,36.6324828785,36.28788737,33.152452984117645,36.17426121457612,36.125420955113775
2588,36.5735683385,36.6324828785,36.27262751231273,33.143095968941175,36.16453357018182,36.12551214584906
2589,36.548529659,36.6295371515,36.27418788773578,33.109133469411766,36.17389394847534,36.12977588361062
2590,36.536746751,36.601552745,36.26310596713479,33.172899795058825,36.1617786314975,36.120522885938406
2591,36.52790957,36.6236456975,36.27183712690896,33.13096650482353,36.168197097580936,36.114443069397595
2592,36.5588397035,36.633955742,36.275136190625005,33.14101663223529,36.16028965132948,36.11974574629717
2593,36.5117080715,36.628064288000004,36.3020705,33.24429035529412,36.15530985445554,36.10636338593865
2594,36.5617854305,36.585351246500004,36.28812161626471,33.16995406805882,36.19401377266119,36.0399109075106
2595,36.5529482495,36.628064288000004,36.28043933638614,33.283971030764704,36.2092283859145,36.041538165462846
2596,36.536746751,36.625118561,36.28807235093426,33.190400879,36.19980942189768,36.01235998604502
2597,36.554421113000004,36.6354286055,36.274198107390774,33.207382128764706,36.1914859925,36.013978521908925
2598,36.4969794365,36.619227107,36.26953781690566,33.52673359117647,36.19222198413315,36.037266407000004
2599,36.5824055195,36.6265914245,36.29841149948113,33.41739513605882,36.210379168096594,36.05802749910112
2600,36.5529482495,36.6236456975,36.27429220175708,33.33231560917647,36.206942265122876,36.049126464682395
2601,36.548529659,36.6324828785,36.285143051896725,33.22089781735294,36.20374360152355,36.074042236592945
2602,36.563258294,36.6295371515,36.27545801308411,33.29592721682353,36.204995302605084,36.05347589324614
2603,36.5706226115,36.6118627895,36.271864602872604,33.30077900247059,36.20020588269601,36.06106619299456
2604,36.5500025225,36.6059713355,36.273168663030006,33.181910254117646,36.192144698415575,36.050430924551726
2605,36.5706226115,36.598607018,36.28251032667329,33.235106618176474,36.19351172945035,36.06550703382979
2606,36.563258294,36.592715564,36.26422967947369,33.22176420764706,36.177639234034295,36.047197101012806
2607,36.560312567000004,36.613335653,36.2763665083271,33.23961184770588,36.18789043651259,36.062667275876045
2608,36.548529659,36.601552745,36.26450098326413,33.26040521476471,36.18370412369357,36.05521216731157
2609,36.563258294,36.6059713355,36.259377556052634,33.354495200705884,36.17700774865546,36.050600717132355
2610,36.551475386,36.577986929,36.253411454,33.36645138676471,36.17804468570766,36.051632595223516
2611,36.5441110685,36.5765140655,36.252930008302755,33.2588457122353,36.18425926477965,36.051958733146606
2612,36.5382196145,36.5706226115,36.2532710382962,33.23354711564706,36.17306068960183,36.05393415294256
2613,36.5500025225,36.591242700500004,36.27337197786364,33.313774856882354,36.191120689902824,36.074990750758126
2614,36.4616307125,36.58682411,36.27458743857143,33.3972948812353,36.189869435,36.07706478450184
2615,36.5382196145,36.583878383,36.272743112142855,33.357614205764705,36.185741430937206,36.04873001811234
2616,36.5323281605,36.607444199,36.266729538126484,33.24671624811765,36.17517135905687,36.04549851753846
2617,36.530855297,36.601552745,36.2781437660973,33.35466847876471,36.18304559036536,36.04727305140878
2618,36.524963843,36.6059713355,36.273835466377626,33.364198772,36.18224030855952,36.04655376695806
2619,36.5323281605,36.583878383,36.267825760172975,33.23857217935294,36.196719174913184,36.043232087321115
2620,36.5382196145,36.589769837,36.28005033051213,33.19022760094118,36.18085489223993,36.069317613820225
2621,36.533801024,36.5706226115,36.265579544310064,33.07759686270588,36.16946337512351,36.09185648736397
2622,36.473413620500004,36.58682411,36.264540932291105,33.25832587805883,36.147364669073035,36.107961473092224
2623,36.5146537985,36.6206999705,36.28658655038462,33.20946146547059,36.17356601401163,36.15248606510639
2624,36.5264367065,36.58682411,36.27550119764706,33.25971210252941,36.14482178534047,36.14124340252682
2625,36.5323281605,36.622172834,36.27242440134616,33.223843544352945,36.14042875526316,36.16051592462379
2626,36.519072389,36.589769837,36.26336612582524,33.18537581529412,36.13356224580645,36.15086006520796
2627,36.513180935,36.631010015,36.24882081961539,33.17515240982353,36.14191977562624,36.152217729266226
2628,36.489615119,36.604498472,36.2474322349792,33.16180999929412,36.15155828181556,36.101240533927715
2629,36.486669392,36.5529482495,36.26537916573469,33.13391223182353,36.20437293462318,35.95272578972973
2630,36.5058166175,36.572095475,36.25050983165958,33.235626452352946,36.21646577181068,35.78591488573978
2631,36.5323281605,36.5794597925,36.24137067090909,33.26889583964706,36.22452793921535,35.852008787812274
2632,36.523490979500004,36.55736684,36.24148110116214,33.25330081435294,36.226181634069405,35.852098218855936
2633,36.5028708905,36.551475386,36.24570111440354,33.22159092958824,36.214539812230875,35.909798879457206
2634,36.5058166175,36.522018116,36.253437124823535,33.139976963882354,36.192852077304636,36.001043568496996
2635,36.5117080715,36.55736684,36.2329972159434,33.19265349376471,36.166396291217396,36.09121373017659
2636,36.504343754000004,36.5647311575,36.217461902558966,33.404226003588235,36.14143648862032,36.1336526380505
2637,36.55736684,36.5824055195,36.234247482947524,33.43680227864706,36.083397586293245,36.21648984695357
2638,36.5441110685,36.563258294,36.22092812989011,33.46625954864706,36.06039418806452,36.1889389248505
2639,36.5146537985,36.530855297,,33.56676082276471,35.97177391759872,36.195049656658476
2640,36.563258294,36.591242700500004,,33.354148644588236,36.05297569052632,36.22278786534513
2641,36.569149748,36.6000798815,,33.309442905411764,36.083848361375175,36.15279338003743
2642,36.577986929,36.563258294,,33.4267521512353,36.09975770604027,36.08191337471978
2643,36.583878383,36.5794597925,,33.37615495805883,36.07756999652915,36.073167980940056
2644,36.572095475,36.575041202,,33.33976656570589,36.08955609209592,36.06708678254546
2645,36.5794597925,36.5617854305,,33.309096349294116,36.09961690461468,36.04922382902287
2646,36.5676768845,36.566204021000004,,33.22401682241177,36.081909135102045,36.02400666661473
2647,36.5146537985,36.524963843,36.14015570979592,33.39157670529412,36.09216503573274,35.958395410713784
2648,36.52790957,36.5441110685,36.11521024181818,33.53522421605882,36.14112000241787,35.859133135389094
2649,36.523490979500004,36.4439563505,36.12195466727273,33.393309485882355,36.1329854339298,35.8724698952268
2650,36.516126662000005,36.519072389,36.123099869896905,33.39746815929412,36.14740185269281,35.89198162927579
2651,36.5205452525,36.5323281605,36.12572361090909,33.25832587805883,36.16434251898073,35.87394123436377
2652,36.5323281605,36.4822508015,,33.409424345352946,36.179537664311376,35.89980595430045
2653,36.530855297,36.4645764395,36.15071765818182,33.47596311994118,36.17522885238592,35.880602737706354
2654,36.5087623445,36.533801024,36.143786769200005,33.434029829705885,36.17831812936007,35.80437433153579
2655,36.5175995255,36.5028708905,36.13090590840909,33.13165961705882,36.16363427833262,35.89472877659854
2656,36.5058166175,36.4645764395,36.15598207898,33.356054703235294,36.152613094924625,35.91403310099585
2657,36.5028708905,36.477832211,36.16234099867647,33.360040098588236,36.15645440757732,35.866086970385396
2658,36.5087623445,36.466049303,36.17395025836539,33.14968053517647,36.161575754707336,35.882288496846655
2659,36.4999251635,36.4851965285,36.15716878614286,33.41531579935294,36.14920281525424,35.83240410905738
2660,36.4999251635,36.4527935315,36.168390603285715,33.35068308341177,36.16121175258065,35.800871247759005
2661,36.5058166175,36.524963843,36.165461263285046,33.156784935588234,36.16086595042553,35.72719657089069
2662,36.483723665,36.5058166175,36.1951128909378,33.21448652917647,36.16589974120389,35.81904628824011
2663,36.498452300000004,36.566204021000004,36.20427746442598,33.25572670717647,36.18243798909296,35.67974724190415
2664,36.522018116,36.5971341545,36.234419945381816,33.31602747164706,36.18962459169412,35.58623387521187
2665,36.55736684,36.580932656,36.23586939547511,33.21188735829412,36.20421396174802,35.77794449375516
2666,36.516126662000005,36.5529482495,36.2250888344,33.20062428447059,36.17407164821429,35.872389278160604
2667,36.519072389,36.5794597925,36.211345520245274,33.18606892752941,36.17480120163987,35.797224626489715
2668,36.504343754000004,36.5706226115,36.2213879038603,33.20599590429412,36.18331801956222,35.75802701406712
2669,36.519072389,36.5558939765,36.24175323285714,33.154878876941176,36.1742591963845,35.593293170688526
2670,36.483723665,36.5676768845,36.218161912727275,33.41150368205882,36.16828637830806,35.74846351096591
2671,36.5028708905,36.504343754000004,36.22191621968932,33.22817549582353,36.165833171638326,35.62141843540897
2672,36.473413620500004,36.529382433500004,36.22151357884235,33.32815693576471,36.15713631143087,35.71428347213439
2673,36.483723665,36.5323281605,36.212993240815536,33.28899609447059,36.17639075249707,35.64842666157895
2674,36.483723665,36.5470567955,36.23245929492552,33.431950493,36.17343807754177,35.453204556704776
2675,36.4999251635,36.563258294,36.2213061905701,33.33872689735294,36.179501169655175,35.36230719559772
2676,36.491087982500005,36.548529659,36.22054518699912,33.358827152176474,36.171177231210244,35.546777914625004
2677,36.495506573,36.5706226115,36.2232819871012,33.36957039182353,36.17506013777065,35.499632645
2678,36.483723665,36.5676768845,36.23140193167647,33.45309041617647,36.16106420402827,35.35446882657163
2679,36.4999251635,36.5647311575,36.223025574129146,33.29211509952941,36.174010979449186,35.037655633493976
2680,36.498452300000004,36.563258294,36.214353296,33.35345553235294,36.169842118573094,35.21155346344193
2681,36.4999251635,36.5617854305,36.2276090675,33.31602747164706,36.18640099833861,35.312874810583274
2682,36.4763593475,36.536746751,36.228880788429095,33.381526577882354,36.180798464321086,35.49698593555556
2683,36.5146537985,36.542638205,36.23692817722787,33.38915081247059,36.19373705762353,35.563099444483456
2684,36.507289481,36.548529659,36.20616171266055,33.34305884882353,36.1688350105045,35.429706985555555
2685,36.507289481,36.535273887500004,36.22348207421818,33.31862664252941,36.17093612409849,35.436673385
2686,36.507289481,36.5117080715,36.21908643743507,33.37667479223529,36.16648624871895,35.574762209645776
2687,36.4233362615,36.536746751,36.23442648840562,33.34097951211765,36.1700274953629,35.49541310221766
2688,36.507289481,36.5500025225,36.2204511572973,33.42449953647059,36.15290613773289,35.744429754723406
2689,36.516126662000005,36.5558939765,36.215276885556364,33.60488199570588,36.13673469411208,35.78945765732681
2690,36.529382433500004,36.519072389,36.22103979874182,33.424672814529416,36.13995004038103,35.79655600134802
2691,36.523490979500004,36.548529659,36.208767603318705,33.491904701352944,36.15511693255206,35.66133024527273
2692,36.5146537985,36.5117080715,36.22164854956422,33.47371050517647,36.166790784101266,35.76799519526316
2693,36.5117080715,36.545583932,36.204701160557796,33.559656422352944,36.14736735517815,35.6256540287516
2694,36.529382433500004,36.535273887500004,36.20357060765734,33.52517408864706,36.156048461227435,35.61165042006087
2695,36.4940337095,36.5382196145,36.21765953065218,33.38412574876471,36.163754531140455,35.511643012470145
2696,36.513180935,36.539692478,36.21198710550459,33.448411908588234,36.164216475200966,35.507620296619535
2697,36.4881422555,36.5470567955,36.2252852162,33.38707147576471,36.15404353737226,35.72812534989634
2698,36.5146537985,36.52790957,36.20715739077091,33.33040955052941,36.14740735223309,35.51944975064
2699,36.5146537985,36.52790957,36.2110574448734,33.37494201164706,36.15679079763328,35.63048287638835
2700,36.4704678935,36.5175995255,36.20365935872897,33.39694832511765,36.13622722696465,35.34191971079546
2701,36.507289481,36.5323281605,36.23177903360577,33.39123014917647,36.16204907180368,35.37489355738931
2702,36.471940757,36.52790957,36.212312198125,33.47371050517647,36.152556764825036,35.517011889978306
2703,36.492560846,36.554421113000004,36.250623063540644,33.18936121064706,36.14847342475518,35.89055415611036
2704,36.4999251635,36.572095475,36.25459444939662,33.155052155,36.120911715902295,36.0441930061175
2705,36.495506573,36.5617854305,36.26282207482219,33.23718595488236,36.09544388721678,36.04352927644963
2706,36.4410106235,36.5617854305,36.24554116404858,33.04450075347059,36.082978772593584,35.98316614299511
2707,36.495506573,36.530855297,36.23832697703185,33.239438569647064,36.09305174219975,35.9599365828125
2708,36.501398027,36.572095475,36.23749477669469,33.272014844705886,36.12625287959075,35.93803683
2709,36.495506573,36.5588397035,36.2442655372226,33.077770140764706,36.11572392016401,35.93294122127907
2710,36.4969794365,36.52790957,36.215673780813205,33.30805668094118,36.12706666025909,35.888370327933885
2711,36.491087982500005,36.560312567000004,36.21868505576103,33.284490864941176,36.118141556328126,35.90588509590909
2712,36.492560846,36.5617854305,36.226690656083235,33.11121280611765,36.114349015403725,35.9180321202097
2713,36.5028708905,36.563258294,36.2376331701534,33.179484361294115,36.14126605977547,35.93147461714467
2714,36.504343754000004,36.563258294,36.229953264662164,33.14465547147059,36.12954933854962,35.92486786572482
2715,36.524963843,36.569149748,36.22657664302987,33.10705413270588,36.13219767926893,35.93172766851411
2716,36.5205452525,36.55736684,36.23951426453297,33.20703557264706,36.14491487725724,35.93461753418647
2717,36.498452300000004,36.542638205,36.219006306216215,33.34461835135294,36.14170309688081,35.92039839041565
2718,36.495506573,36.55736684,36.216933268049814,33.22488321270588,36.12630961482759,35.90978349553205
2719,36.501398027,36.5676768845,36.21748385840683,33.14067007611765,36.131410172262214,35.92619695078638
2720,36.498452300000004,36.5441110685,36.21351041836283,33.269935508,36.12930228915726,35.90225952781013
2721,36.473413620500004,36.592715564,36.21747526307692,33.25797932194118,36.128464757953324,35.88696398372063
2722,36.498452300000004,36.563258294,36.21129906215113,33.33699411676471,36.12837892835669,35.83966327008425
2723,36.498452300000004,36.569149748,36.21123099764474,33.30337817335294,36.127960863395586,35.838993260078176
2724,36.498452300000004,36.5617854305,36.20564177597321,33.340806234058824,36.12314391253148,35.821749664025724
2725,36.501398027,36.5647311575,36.21203527905183,33.36853072347059,36.13406424124203,35.78936564699104
2726,36.473413620500004,36.5647311575,36.22176819669091,33.23995840382353,36.11629230492268,35.84900884829746
2727,36.5028708905,36.5647311575,36.21128047681416,33.37338250911765,36.14632637157895,35.81212632437299
2728,36.5205452525,36.5470567955,36.203478161640035,33.31013601764706,36.12896111025467,35.85733255450262
2729,36.5117080715,36.563258294,36.202722350107145,33.40283977911765,36.13230232264851,35.76091685383721
2730,36.5087623445,36.5647311575,36.195978875439074,33.24013168188235,36.121472581601665,35.70393012360442
2731,36.5028708905,36.5706226115,36.19700084189561,33.360386654705884,36.13900825710751,35.753457607042435
2732,36.5028708905,36.5647311575,36.18920109650102,33.27755974258824,36.13138642698121,35.593951575536266
2733,36.507289481,36.566204021000004,36.200567078807914,33.31672058388236,36.14127985057995,35.65168762950128
2734,36.5028708905,36.569149748,36.20246889147938,33.26854928352941,36.13884343281796,35.69904165249367
2735,36.622172834,36.6236456975,36.32830978641364,33.53366471352941,36.31688570128463,35.88438295274224
2736,36.58682411,36.67519592,36.33555236208198,33.338033785117645,36.311072049640664,35.944623735209746
2737,36.6236456975,36.6501572405,36.346375885077435,33.54891318270588,36.308921027906976,35.930394110757284
2738,36.592715564,36.510235208000005,36.31837800003977,33.20634246041177,36.295044666658384,35.97587957196912
2739,36.5971341545,36.613335653,36.29650170834029,33.41566235547059,36.282915494570474,35.908551585384615
2740,36.5882969735,36.6354286055,36.3281519506281,33.399200939882355,36.283959734,35.945988785
2741,36.5617854305,36.636901469,36.32742792469831,33.320012867,36.28545170034812,35.91008895141593
2742,36.610389926,36.58682411,36.335447324444445,33.27253467888235,36.3027344696749,35.99470073743722
2743,36.58682411,36.6295371515,36.32433640238068,33.19369316211765,36.28355121085882,36.007811709526855
2744,36.6089170625,36.6265914245,36.313942672454544,33.42709870735294,36.296286821516546,35.96192888138663
2745,36.6177542435,36.619227107,36.306930730373885,33.39382932005883,36.304814256067274,35.97087492506391
2746,36.610389926,36.651630104,36.29191405448725,33.39123014917647,36.28647812975345,35.90454828133816
2747,36.592715564,36.6089170625,36.29787599194381,33.408557955058825,36.25883625263158,36.00319709039578
2748,36.6206999705,36.6442657865,36.300717087483264,33.328676769941175,36.28004660759591,35.90955897932763
2749,36.6206999705,36.6442657865,36.305235330661155,33.398334549588235,36.26380040705165,35.97672841601013
2750,36.6118627895,36.6383743325,36.29810141978896,33.5151239612353,36.29408938468803,35.955672041811226
2751,36.616281380000004,36.6560486945,36.31705069846281,33.46348709970589,36.30501294850585,35.980753196887164
2752,36.610389926,36.657521558,36.30485951607701,33.49398403805883,36.28596669460076,35.962196089318184
2753,36.616281380000004,36.669304466,36.31090877688058,33.44546618158824,36.29469275715608,35.96986521917565
2754,36.598607018,36.654575831,36.29187333119978,33.444946347411765,36.28169680764045,35.95250597723231
2755,36.616281380000004,36.6619401485,36.30650333694754,33.43368327358824,36.29100363527409,35.98287512011451
2756,36.616281380000004,36.6737230565,36.310870553306515,33.458288757941176,36.297690053834586,35.96881354592965
2757,36.616281380000004,36.689924555000005,36.31588955411831,33.479775237235295,36.30979860072229,35.98349979239382
2758,36.616281380000004,36.669304466,36.305769245050676,33.43922817147059,36.30956617656355,35.947445913667956
2759,36.616281380000004,36.654575831,36.31859045547297,33.402319944941176,36.297917712891724,35.97442490246729
2760,36.616281380000004,36.6678316025,36.31398272190848,33.337340672882355,36.30473751558836,35.98320215432763
2761,36.616281380000004,36.669304466,36.32049788005068,33.46903199758824,36.304645999016394,35.995667720644754
2762,36.616281380000004,36.657521558,36.313374508186385,33.37823429476471,36.29893333162264,35.95676074949658
2763,36.616281380000004,36.6707773295,36.32539184398034,33.41115712594118,36.30286296123582,36.00363636011236
2764,36.616281380000004,36.654575831,36.31622297352067,33.489132252411764,36.30035777134632,36.01161589803408
2765,36.616281380000004,36.653102967500004,36.31939305503209,33.464180211941176,36.29537644212174,36.01021731822591
2766,36.616281380000004,36.657521558,36.301662433922075,33.37944724117647,36.28381529042254,36.00577136659341
2767,36.616281380000004,36.663413012,36.299684421205455,33.369743669882354,36.272312435383974,36.00218393952942
2768,36.604498472,36.657521558,36.29582282713346,33.375288567764706,36.27070031363712,35.98783643442739
2769,36.616281380000004,36.663413012,36.29504072671681,33.348257190588235,36.266710209549856,35.99701162045292
2770,36.604498472,36.6501572405,36.284023875796706,33.34964341505882,36.245821665628895,35.988558867205796
2771,36.604498472,36.651630104,36.292341848986844,33.40093372047059,36.269604219883576,35.99246772789058
2772,36.616281380000004,36.6413200595,36.29153294,33.4650466022353,36.28420651114795,35.97668676366492
2773,36.616281380000004,36.642792923,36.30169476951531,33.53713027470588,36.27190618858117,35.98656840673043
2774,36.616281380000004,36.660467285,36.28976537663717,33.48237440811765,36.27663717263966,35.99995518699593
2775,36.6206999705,36.6560486945,36.29890671105263,33.509232507235296,36.274795250000004,36.03330965934132
2776,36.610389926,36.6383743325,36.288775625929205,33.47838901276471,36.253663011719745,36.04712226954768
2777,36.589769837,36.6413200595,36.293805783320465,33.53089226458824,36.24863247555176,36.05769514289277
2778,36.64573865,36.6354286055,36.29175144716055,33.48583996929412,36.234674066478625,36.06479841178168
2779,36.5882969735,36.628064288000004,36.2791037385734,33.321225813411765,36.226168177043704,36.05862296003595
2780,36.601552745,36.619227107,36.26129618184011,33.33595444841177,36.198712106695616,36.069810567868856
2781,36.551475386,36.625118561,36.26956728522362,33.404226003588235,36.19416332769634,36.06413651353271
2782,36.5529482495,36.6295371515,36.27398419728302,33.39400259811765,36.201546091295064,36.08180118276284
2783,36.5735683385,36.619227107,36.272395028000005,33.390537036941176,36.19821220577181,36.06379232811401
2784,36.5706226115,36.657521558,36.31131584139793,33.44789207441177,36.17461308012951,36.10434833580464
2785,36.566204021000004,36.64573865,36.284510434285714,33.36402549394118,36.18569103495822,36.08929948360294
2786,36.530855297,36.6236456975,36.27037552221424,33.39192326141177,36.20278555097493,36.082830346385094
2787,36.548529659,36.625118561,36.287211273220706,33.44997141111765,36.194874598517835,36.08485178010772
2788,36.504343754000004,36.639847196000005,36.30325067908654,33.41704857994118,36.160299371814226,36.09858098409668
2789,36.5558939765,36.651630104,36.28423204539084,33.61267950835294,36.14183356643243,36.12709294811906
2790,36.566204021000004,36.6148085165,36.30016348665289,33.64092383194118,36.19134344673973,36.11331265689904
2791,36.560312567000004,36.6295371515,36.31769612214054,33.35085636147059,36.21598567874619,36.11768272133491
2792,36.563258294,36.6324828785,36.31765456080678,33.309096349294116,36.22045162632064,36.06649739979426
2793,36.631010015,36.6560486945,36.32816535793748,33.100123010352945,36.2213095033278,36.02526030831942
2794,36.6236456975,36.657521558,36.33077245538462,33.29887294382353,36.22912868857143,36.08301102122942
2795,36.631010015,36.669304466,36.34110603505017,33.22055126123529,36.22998226039536,36.11301141118644
2796,36.610389926,36.591242700500004,36.320276729375,33.08660732176471,36.24450116205498,36.15485959855104
2797,36.610389926,36.633955742,36.310597604473685,33.28709003582353,36.23837110856651,36.19444764258065
2798,36.598607018,36.6354286055,36.32001024281081,33.156784935588234,36.22845494251839,36.19243274641711
2799,36.5529482495,36.6059713355,36.33221835341406,33.1557452672353,36.233440138255915,36.19231953659575
2800,36.523490979500004,36.5824055195,36.314048570037265,33.185029259176474,36.218147576086224,36.148283194667464
2801,36.5735683385,36.5882969735,36.321050008124224,33.30268506111765,36.218325595948826,36.10751496982931
2802,36.583878383,36.577986929,36.32694260565179,33.27530712782353,36.20862747887348,36.127675712873
2803,36.580932656,36.6089170625,36.328927038054054,33.19230693764706,36.19708691132092,36.131667406125594
2804,36.580932656,36.598607018,36.31690776497572,33.296620329058825,36.20265719637348,36.16235142696439
2805,36.601552745,36.6177542435,36.32032743001914,33.15262626217647,36.196270026201624,36.143009691124774
2806,36.583878383,36.6000798815,36.316112911494876,32.99979501429412,36.20435879643922,36.163100800927715
2807,36.5735683385,36.6118627895,36.31835421576076,33.13010011452941,36.20847311807797,36.144965060000004
2808,36.585351246500004,36.6059713355,36.32531684321531,33.10393512764706,36.22297075548747,36.16448298170239
2809,36.591242700500004,36.6059713355,36.338252358909095,33.020588381352944,36.2161534625,36.159190679904135
2810,36.5470567955,36.5824055195,36.34647220917583,32.90310585747059,36.23533442447559,36.148868819793314
2811,36.535273887500004,36.5765140655,36.35370536982759,33.087993546235296,36.23972676477128,36.155368468421734
2812,36.6148085165,36.5882969735,36.34154724959184,32.93689507894118,36.225661287803064,36.13855732569298
2813,36.5735683385,36.542638205,36.3330629079646,32.87139597270588,36.25695652805195,36.11793578316364
2814,36.55736684,36.5824055195,36.31049899455135,33.278945967058824,36.246772055467424,36.122336856353385
2815,36.569149748,36.5323281605,36.291308196921186,33.20720885070588,36.239205697196354,36.10013183991572
2816,36.569149748,36.554421113000004,36.306336250810816,33.37546184582353,36.249045547252855,36.137348599397875
2817,36.5617854305,36.5264367065,36.32879524036697,33.15782460394118,36.233685064680856,36.23220514173436
2818,36.529382433500004,36.6059713355,36.275160885783784,33.010711532,36.17954818339119,36.234551602783505
2819,36.5205452525,36.591242700500004,36.30225422517672,33.197505279411764,36.19004702886886,36.214544205606536
2820,36.5588397035,36.52790957,36.296985461238016,32.76292390788235,36.21622048700512,36.196460732
2821,36.5117080715,36.542638205,36.255702575,33.32815693576471,36.20975123413793,36.22934829747532
2822,36.539692478,36.551475386,36.227166875569,33.22401682241177,36.21817262599229,36.1920292165068
2823,36.536746751,36.460157849,36.250060587236916,33.41375629682353,36.24795494810676,36.16778378603722
2824,36.513180935,36.539692478,36.24965656125,33.63624532435294,36.23836977040201,36.15283825471969
2825,36.5617854305,36.539692478,36.255927643496506,33.63849793911765,36.23439558794926,36.15575222929578
2826,36.563258294,36.5470567955,36.261097716861606,33.32607759905883,36.23263965650888,36.1783573211236
2827,36.563258294,36.5588397035,36.26831126738265,33.16874112164706,36.225142370115734,36.153317783062384
2828,36.566204021000004,36.5735683385,36.27491668836364,33.268722561588234,36.226600467634455,36.15930728175717
2829,36.5500025225,36.560312567000004,36.29860940115886,33.0555905492353,36.209823190761064,36.17333132
2830,36.5441110685,36.5588397035,36.28749496931393,33.099256620058824,36.23720345466322,36.17626923926536
2831,36.5382196145,36.595661291,36.292855098812296,33.12299571411765,36.223173103039386,36.17228883013977
2832,36.5971341545,36.6000798815,36.30828346402655,33.02128149358823,36.22217939813893,36.16818520395408
2833,36.598607018,36.5706226115,36.31161553779442,32.97674903247059,36.24502667337138,36.17471290726264
2834,36.585351246500004,36.5824055195,36.302044660289475,33.04103519229412,36.23907016416108,36.159192100619194
2835,36.604498472,36.613335653,36.29388634535232,33.225749603000004,36.215090571314434,36.16163823381178
2836,36.5971341545,36.589769837,36.30180511918919,33.39157670529412,36.23264345562337,36.16432154479509
2837,36.585351246500004,36.616281380000004,36.28123261915414,33.31862664252941,36.22501362434894,36.11359685326806
2838,36.580932656,36.560312567000004,36.304624836699304,33.41375629682353,36.24991776178665,36.14576274235977
2839,36.595661291,36.598607018,36.28725260054546,33.30199194888235,36.224426955,36.13810590965387
2840,36.589769837,36.628064288000004,36.285610134581816,33.478215734705884,36.21689093883404,36.152697593375
2841,36.589769837,36.625118561,36.30863867506757,33.48930553047059,36.21746538537925,36.175210358878985
2842,36.569149748,36.625118561,36.30384580201835,33.452570582,36.21051010650356,36.16502515402344
2843,36.58682411,36.604498472,36.32310679290884,33.29540738264706,36.20861870355631,36.18652085160714
2844,36.5617854305,36.633955742,36.31660241107143,33.3707833382353,36.22031840054005,36.17471580217933
2845,36.5882969735,36.6324828785,36.31780546842861,33.33439494588235,36.21055268192239,36.20161935664151
2846,36.5824055195,36.642792923,36.32015947338559,33.40457255970588,36.22520002446175,36.196365753210664
2847,36.6059713355,36.6295371515,36.31476704267004,33.405438950000004,36.23103723182156,36.161886930990654
2848,36.595661291,36.639847196000005,36.31874792378061,33.41618218964706,36.23642875902672,36.17860997118975
2849,36.595661291,36.64573865,36.3178750946278,33.42865820988236,36.214875543421776,36.18098020599278
2850,36.5735683385,36.636901469,36.31149108797078,33.46487332417647,36.221113656176065,36.21475667911622
2851,36.5617854305,36.6295371515,36.31521954226087,33.49225125747059,36.23404813893394,36.23625956966927
2852,36.603025608500005,36.5882969735,36.31945992681366,33.45482319676471,36.23507594588556,36.18475150259741
2853,36.5971341545,36.607444199,36.315576143483376,33.496583208941175,36.2461597666451,36.207544307760664
2854,36.5765140655,36.591242700500004,36.30602070862069,33.46227415329412,36.223652104076606,36.22108291874855
2855,36.5382196145,36.648684377,36.32738081157895,33.43229704911765,36.22294785741269,36.15151112
2856,36.560312567000004,36.6118627895,36.30061845823103,33.40717173058824,36.18539993133813,36.135846933021135
2857,36.601552745,36.6236456975,36.30829032412669,33.507673004705886,36.13691958770944,36.28642451987945
2858,36.595661291,36.625118561,36.324755983793104,33.22765566164706,36.121920996383764,36.254616108350916
2859,36.572095475,36.628064288000004,36.29373554541454,33.106707576588235,36.130263253114755,36.20474354700508
2860,36.595661291,36.636901469,36.29481105072363,33.437841947,36.16058940074074,36.19952222876528
2861,36.595661291,36.636901469,36.29013578370066,33.575424725705886,36.17598348853171,36.13791376718121
2862,36.595661291,36.639847196000005,36.30649785754464,33.358827152176474,36.19838526155125,36.13557613965715
2863,36.601552745,36.6678316025,36.296242993855046,33.36991694794118,36.159680649264835,36.0822403056986
2864,36.603025608500005,36.6501572405,36.29838310347084,33.27374762529412,36.184528108759125,36.065413204526315
2865,36.595661291,36.6825602375,36.3102079238834,33.21847192452941,36.19417729698079,36.04819449459654
2866,36.5941884275,36.6678316025,36.306525823218024,33.3707833382353,36.198043206317756,36.015750993846154
2867,36.583878383,36.663413012,36.32289887272727,33.437495390882354,36.18057514240296,36.02891677214106
2868,36.604498472,36.642792923,36.30364482572619,33.24186446247059,36.16708331943299,36.04327995190329
2869,36.589769837,36.6324828785,36.301933514927455,33.277386464529414,36.19333203908485,36.03580304302736
2870,36.5941884275,36.633955742,36.29691821832536,33.280158913470586,36.191795232509925,36.04346872376238
2871,36.603025608500005,36.6089170625,36.299196739001246,33.263697497882355,36.19660493506087,36.02789706037581
2872,36.577986929,36.5735683385,36.28035872335404,33.26595011264706,36.166499519285715,36.01289371114019
2873,36.572095475,36.548529659,36.29577212875676,33.410983847882356,36.19503718680284,36.009421688244
2874,36.563258294,36.6148085165,36.290644649818184,33.320879257294116,36.18412954605609,36.03259309240076
2875,36.572095475,36.6118627895,36.28427112189552,33.314121413,36.1863277546745,36.023497905066165
2876,36.5735683385,36.5824055195,36.266213287410714,33.39746815929412,36.1743585420615,36.021054238378724
2877,36.563258294,36.6059713355,36.27963589372486,33.32157236952941,36.15831034254144,36.004482021451025
2878,36.5735683385,36.5824055195,36.27388393576471,33.193346606,36.15756854582986,35.968969086446705
2879,36.5735683385,36.536746751,36.28112459574091,33.16215655541177,36.16128664221298,35.87952725221614
2880,36.583878383,36.5382196145,36.290627305546224,32.907091252823534,36.21053532337629,35.6220698625681
2881,36.535273887500004,36.5441110685,36.29391233824526,33.10844035717647,36.188298053552295,35.941912717547545
2882,36.5735683385,36.519072389,36.29607094592661,33.11779737235294,36.178241103107815,35.928658960821195
2883,36.5087623445,36.595661291,36.291473712677806,33.296447051,36.19771136628188,35.939968341500915
2884,36.5470567955,36.6206999705,36.2767372478,32.92736478570588,36.16585635996354,35.983247350201836
2885,36.5470567955,36.619227107,36.27672239539496,33.065987232764705,36.16346517835579,35.96681115777379
2886,36.5470567955,36.622172834,36.28553223105785,33.12698110947059,36.17206365179715,35.9695369728787
2887,36.5470567955,36.6295371515,36.289662840111234,33.094231556352945,36.173684580840785,35.964635034787236
2888,36.55736684,36.5824055195,36.27648421740385,33.017815932411764,36.16279410319669,35.99832159390039
2889,36.5706226115,36.6236456975,36.298977052176994,33.26387077594118,36.192771867874306,36.042232393043996
2890,36.572095475,36.6206999705,36.285990249372475,33.26629666876471,36.18462317485533,36.021543044636
2891,36.575041202,36.610389926,36.28940758666935,33.29159526535294,36.186014008056915,36.039486821428575
2892,36.554421113000004,36.5882969735,36.27146090704132,33.284837421058825,36.19238218096035,36.02442529353524
2893,36.5500025225,36.591242700500004,36.27153889674175,33.22003142705883,36.18561712437828,36.0255560310727
2894,36.5617854305,36.575041202,36.27111232324216,33.201837230882354,36.17435865237354,36.01596253275862
2895,36.566204021000004,36.5824055195,36.27127426318182,33.178791249058825,36.178475851769235,36.021581279705366
2896,36.5500025225,36.583878383,36.27153266028708,33.213620138882355,36.18976385169514,36.010523449825584
2897,36.5617854305,36.580932656,36.287384556695656,33.21050113382353,36.18562402980444,36.02391737092637
2898,36.548529659,36.575041202,36.261588286842105,33.17307307311765,36.15724546856,35.98784791667461
2899,36.5558939765,36.5765140655,36.27466389990172,33.379967075352944,36.19072294533219,36.012132457772424
2900,36.533801024,36.583878383,36.275473800290264,33.351722751764704,36.176384492166946,35.96018763909091
2901,36.535273887500004,36.5706226115,36.293351825258625,33.22488321270588,36.206310155013455,35.97618925171347
2902,36.5558939765,36.589769837,36.2799775475,33.13616484658824,36.18391274753138,35.941891732
2903,36.566204021000004,36.58682411,36.278114007101536,33.088340102352944,36.15895352846473,35.95269410934111
2904,36.572095475,36.566204021000004,36.27071379947541,32.975189529941176,36.141968522140644,35.92870646298907
2905,36.5735683385,36.572095475,36.27779872132319,32.98212065229412,36.152754116308785,35.9581401898301
2906,36.55736684,36.5706226115,36.26107899087055,32.90033340852941,36.1392350870557,35.96501589515464
2907,36.583878383,36.603025608500005,36.27837756185268,33.23995840382353,36.188286902669056,36.01580119154362
2908,36.575041202,36.6324828785,36.26533676751579,33.383086080411765,36.182311505896415,36.01208897860069
2909,36.5794597925,36.642792923,36.26880381715719,33.36662466482353,36.18701713448763,36.00331298392878
2910,36.569149748,36.6059713355,36.24388973663717,33.276173518117645,36.161553145232105,35.9986561251373
2911,36.5676768845,36.6354286055,36.26918971586207,33.338033785117645,36.18920938620538,36.02148932325762
2912,36.572095475,36.6236456975,36.27273249020243,33.356054703235294,36.15791499798436,36.004014676858105
2913,36.5706226115,36.6236456975,36.272668600808274,33.31082912988235,36.16110890192171,36.003570164
2914,36.563258294,36.607444199,36.25941652069549,33.28864953835294,36.1368198282953,36.001881928950475
2915,36.563258294,36.607444199,36.268172627894735,33.24238429664706,36.14992490323385,35.998991422566846
2916,36.516126662000005,36.607444199,36.259734718273684,33.293501324000005,36.16071449148515,35.98271980682108
2917,36.5647311575,36.607444199,36.25884377771954,33.25035508735294,36.160441274870884,36.00714590197688
2918,36.572095475,36.619227107,36.27337808543158,33.30996273958824,36.170592752388664,36.00877609167051
2919,36.5647311575,36.631010015,36.282154046194336,33.281371859882356,36.16507205596817,35.997525729371034
2920,36.5647311575,36.607444199,36.27256495522124,33.23025483252941,36.165678452570134,36.00812467167731
2921,36.5617854305,36.6118627895,36.279019100042476,33.26508372235294,36.179672537306125,36.00702804190198
2922,36.530855297,36.592715564,36.26732125728421,33.26231127341177,36.168039260726786,35.98957231925751
2923,36.5617854305,36.604498472,36.26393342477876,33.33907345347059,36.17380397730237,36.003088536787565
2924,36.5647311575,36.592715564,36.27364681842106,33.36679794288236,36.175760706184384,36.00968991610179
2925,36.5647311575,36.5882969735,36.267770676842105,33.363505659764705,36.17142276464752,36.009451626840026
2926,36.529382433500004,36.575041202,36.257253706608694,33.282931362411766,36.16854123915567,35.994135853698474
2927,36.533801024,36.58682411,36.26361718263158,33.28189169405883,36.16743948285338,36.00707996638298
2928,36.563258294,36.583878383,36.275001657297295,33.474750173529415,36.18985104637112,36.01883714983607
2929,36.554421113000004,36.585351246500004,36.27250456022925,33.43940144952941,36.181588326561936,36.04356744884386
2930,36.5588397035,36.575041202,36.26136063902673,33.43506949805882,36.17519007777778,36.02297769795596
2931,36.5706226115,36.5794597925,36.275197201052634,33.37424889941177,36.182346266965034,36.0566794327677
2932,36.5676768845,36.5765140655,36.26543123942942,33.37182300658824,36.16979102246801,36.05987762499134
2933,36.5676768845,36.5765140655,36.26711814293578,33.43385655164706,36.18783701390939,36.07057127506229
2934,36.5617854305,36.566204021000004,36.2609023887156,33.414276131,36.179907107792914,36.06392035309377
2935,36.5676768845,36.583878383,36.265209947857144,33.378754128941175,36.18218563256198,36.088478594917
2936,36.5647311575,36.569149748,36.2513447105283,33.348603746705884,36.17890466005584,36.07169262867277
2937,36.566204021000004,36.598607018,36.250974865,33.36801088929412,36.19164951259259,36.07903464708134
2938,36.5647311575,36.585351246500004,36.24513700447368,33.45222402588235,36.1608829636646,36.076392398688526
2939,36.5647311575,36.6000798815,36.24825821611215,33.40803812088235,36.15573156775456,36.08446523034596
2940,36.563258294,36.5794597925,36.27447004509615,33.37858085088236,36.164713519196546,36.0623068736389
2941,36.563258294,36.589769837,36.24028612934783,33.39382932005883,36.16366848600085,36.03688241288584
2942,36.5794597925,36.580932656,36.24309985091429,33.381526577882354,36.1713287691171,36.06411206367133
2943,36.5676768845,36.5588397035,36.27372903568182,33.36818416735294,36.16958217786219,36.118763345200215
2944,36.5706226115,36.5558939765,36.24142317941177,33.45413008452941,36.15974194041179,36.15139326949264
2945,36.5647311575,36.5588397035,,33.43299016135294,36.1657732936225,36.14022308479878
2946,36.5647311575,36.5617854305,36.263377452277226,33.55601758311765,36.15055745542132,36.13846713279412
2947,36.55736684,36.5765140655,36.25008708235294,33.32607759905883,36.13575795049302,36.16263002574163
2948,36.5028708905,36.572095475,36.25326384676471,33.435935888352944,36.123447947770764,36.159006867461144
2949,36.5205452525,36.560312567000004,36.267662428319326,33.21743225617647,36.14544153344434,36.14315023674843
2950,36.5205452525,36.563258294,36.248065505,33.267163059058824,36.1477508130618,36.12978650127954
2951,36.523490979500004,36.560312567000004,36.257318109038465,33.364372050058826,36.1571318864207,36.10735219563389
2952,36.510235208000005,36.5735683385,36.25431835004413,33.30701701258823,36.138630163225805,36.13143825509285
2953,36.5117080715,36.569149748,36.250782437669905,33.324691374588234,36.149185299255016,36.1137486321897
2954,36.516126662000005,36.5676768845,36.26320220607792,33.28691675776471,36.15360910071527,36.10187232847592
2955,36.5175995255,36.5882969735,36.281282181835664,33.351029639529415,36.15816493407407,36.09211323719767
2956,36.519072389,36.591242700500004,36.25779196207547,33.309096349294116,36.158961029288704,36.098592740828536
2957,36.513180935,36.572095475,36.254271910943395,33.334568223941176,36.154788801392705,36.082219521792624
2958,36.5087623445,36.575041202,36.22529918239478,33.240998072176474,36.12881411745538,36.06045507904762
2959,36.5175995255,36.577986929,36.23852431377359,33.287263313882356,36.14378292037331,36.06894515865627
2960,36.5175995255,36.572095475,36.24255384599057,33.321225813411765,36.14768377435164,36.0793448
2961,36.510235208000005,36.5794597925,36.239236874731496,33.253127536294116,36.146724106899406,36.08273325986487
2962,36.513180935,36.5735683385,36.229740787688314,33.33716739482353,36.13270730191191,36.06323314053963
2963,36.5175995255,36.577986929,36.227100129318686,33.23805234517647,36.13019098628471,36.07679975555301
2964,36.533801024,36.5588397035,36.22527118892857,33.281371859882356,36.13565570418033,36.07063108046323
2965,36.5146537985,36.560312567000004,36.252306057054945,33.355015034882356,36.136042026469184,36.075959181663585
2966,36.530855297,36.519072389,36.24122721017857,33.269935508,36.13301462250237,36.05314392096019
2967,36.5264367065,36.491087982500005,36.234556993609466,33.255206873,36.13548487515858,36.039477761106724
2968,36.545583932,36.5205452525,36.22341191380054,33.32833021382353,36.1284122037012,36.055460948078064
2969,36.5323281605,36.533801024,36.23560281384616,33.20114411864706,36.1191220122417,36.047253975916234
2970,36.5323281605,36.5382196145,36.22179710137143,33.23614628652941,36.1174376566424,36.04726707495722
2971,36.5117080715,36.541165341500005,36.20848054502857,33.20547607011765,36.12130731676916,36.03083526506977
2972,36.489615119,36.535273887500004,36.223819905846156,33.315334359411764,36.13903142375179,36.03846170285715
2973,36.522018116,36.545583932,36.211815903325245,33.259365546411765,36.129820967597816,36.03451242981878
2974,36.5264367065,36.52790957,36.19873172757282,33.282931362411766,36.12625411700668,36.02005317934626
2975,36.5146537985,36.523490979500004,36.20337605692308,33.32936988217647,36.13193588288462,36.03412017674419
2976,36.4969794365,36.519072389,36.20001694327206,33.23337383758824,36.105344170526315,36.03046180080645
2977,36.513180935,36.519072389,36.193955305464286,33.22419010047059,36.115904431876125,36.02797028176471
2978,36.492560846,36.504343754000004,36.213778845836735,33.308403237058826,36.11851024542039,36.00477883673767
2979,36.5146537985,36.533801024,36.198761832089936,33.19577249882353,36.093082255419354,36.0088905787234
2980,36.5087623445,36.4999251635,36.190850422884616,33.36246599141177,36.110600485778185,36.01511875280682
2981,36.4940337095,36.530855297,36.18781635077611,33.27028206411765,36.10841871134913,36.03401501877457
2982,36.5028708905,36.4763593475,36.18824640263685,33.184682703058826,36.11482396051786,36.017716504127904
2983,36.5087623445,36.477832211,36.191268745309046,33.266123390705886,36.12416061074463,36.01761688569918
2984,36.5028708905,36.4999251635,36.190148933259344,33.23545317429412,36.10779873182345,36.00109582341464
2985,36.507289481,36.5264367065,36.17971783703134,33.37476873358823,36.11918011217275,35.98563426549066
2986,36.501398027,36.523490979500004,36.176907408333335,33.26941567382353,36.10417400629596,35.99577765692686
2987,36.442483487000004,36.523490979500004,36.17139174666667,33.343925239117645,36.11814915649522,35.97074634885715
2988,36.442483487000004,36.5058166175,36.174537173157894,33.300952280529415,36.10068767279503,35.956824498702105
2989,36.448374941000004,36.5058166175,36.16376570789983,33.28657020164706,36.1261642002022,35.96983914448276
2990,36.486669392,36.5558939765,36.15149553414286,33.34635113194118,36.13484033414292,35.97942103572277
2991,36.4881422555,36.539692478,36.15463994440587,33.31724041805882,36.143029523807385,35.95431659466503
2992,36.5058166175,36.5264367065,36.14259440742991,33.292634933705884,36.13358503118117,35.891015743176894
2993,36.507289481,36.5146537985,36.13694892550303,33.38204641205883,36.14433270357782,35.891422763838264
2994,36.501398027,36.5087623445,36.12544589927273,33.314121413,36.13284462078125,35.74733455725536
2995,36.5117080715,36.504343754000004,36.16030804448128,33.39608193482353,36.14631762339073,35.92974592776596
2996,36.501398027,36.5087623445,36.1541059545946,33.34305884882353,36.13293743406982,35.93750531230769
2997,36.5058166175,36.535273887500004,36.16551732945946,33.34375196105883,36.11926163679646,35.973773973145654
2998,36.498452300000004,36.535273887500004,36.158714407919895,33.358307318,36.11866392607143,35.97128952515809
2999,36.4969794365,36.541165341500005,36.15772332220027,33.40024060823529,36.129419274749665,35.97842034261256
3000,36.524963843,36.501398027,36.1705528132243,33.35224258594118,36.12137855408253,35.96334389985658
3001,36.5323281605,36.501398027,36.172579407702706,33.34877702476471,36.11701177033451,35.96685648196619
3002,36.524963843,36.55736684,36.17002711828572,33.375635123882354,36.151563072857144,35.96509105548657
3003,36.516126662000005,36.513180935,36.1709106415625,33.40128027658824,36.143445698808364,35.96976025261194
3004,36.519072389,36.55736684,36.17348474328125,33.21847192452941,36.15953503824955,35.96033437518057
3005,36.5087623445,36.5175995255,36.139967277311285,33.51841624435294,36.15385103682651,36.00657495319549
3006,36.5087623445,36.524963843,36.1382553485,33.40474583776471,36.1182362961241,36.00372500822278
3007,36.5087623445,36.504343754000004,36.15071588253197,33.40491911582353,36.12153461987627,35.97095988214332
3008,36.5087623445,36.536746751,36.14304131991837,33.31654730582353,36.11968273436595,35.98255100045369
3009,36.522018116,36.5117080715,36.15367164226601,33.325557764882355,36.09401335093639,35.98846503595376
3010,36.5146537985,36.4999251635,36.14791345120892,33.33110266276471,36.0892819010882,35.987518416100386
3011,36.5146537985,36.5028708905,36.16025624703125,33.3707833382353,36.104912590754886,36.026762630570346
3012,36.510235208000005,36.513180935,36.18395986903226,33.357267649647056,36.10263173085638,36.00656149048916
3013,36.513180935,36.513180935,36.165684240733945,33.392443095588234,36.11292978813861,35.9861583840678
3014,36.4851965285,36.4999251635,36.15434354980769,33.239092013529415,36.088566633930036,35.96167538
3015,36.507289481,36.4999251635,36.151974661991375,33.32781037964706,36.1025465912,35.959724870381194
3016,36.5117080715,36.5323281605,36.154659608805076,33.33318199947059,36.10316328656475,35.9630396640153
3017,36.519072389,36.5441110685,36.16011908880734,33.28223825017647,36.12168285885339,35.956504852307695
3018,36.5205452525,36.5028708905,36.170545348035716,33.33664756064706,36.11391621031001,35.951221224477614
3019,36.5117080715,36.5058166175,36.16233753956816,33.28622364552941,36.096957671324326,35.95128858222918
3020,36.516126662000005,36.519072389,36.173977691962264,33.477002788294115,36.097710689375,35.947018263650385
3021,36.5175995255,36.5058166175,36.173949559,33.36142632305882,36.08420211861246,35.954616982833116
3022,36.504343754000004,36.4822508015,36.1644327696875,33.330236272470586,36.07796115049007,35.9543215261509
3023,36.4999251635,36.498452300000004,36.162762160625,33.40751828670589,36.0759763887013,35.95772879379484
3024,36.492560846,36.498452300000004,36.16129000078624,33.354495200705884,36.08867455090364,35.9508979796489
3025,36.486669392,36.498452300000004,36.15602827333523,33.362812547529415,36.09547583019405,35.942678330018715
3026,36.492560846,36.523490979500004,36.1566934175,33.35362881041176,36.088520458790825,35.94568022469565
3027,36.4999251635,36.523490979500004,36.162080279375004,33.36246599141177,36.074939444473685,35.96040159770619
3028,36.492560846,36.523490979500004,36.155030774339956,33.38412574876471,36.08419638332447,35.95290885030837
3029,36.4999251635,36.524963843,36.15805718,33.34288557076471,36.07733780633803,35.94735826631579
3030,36.498452300000004,36.501398027,36.147231674442146,33.376848070294116,36.090630726352735,35.921177467575944
3031,36.4999251635,36.501398027,36.14295660977273,33.35068308341177,36.07731101581152,35.91652393115
3032,36.489615119,36.498452300000004,36.138799977689224,33.36177287917647,36.08088576517181,35.90366574873811
3033,36.495506573,36.498452300000004,36.14037080688074,33.34496490747059,36.08491057287599,35.905659632204674
3034,36.489615119,36.498452300000004,36.13964723380882,33.372862674941175,36.08534760679629,35.90584133882353
3035,36.489615119,36.498452300000004,36.13836785890625,33.341672624352945,36.083026587858406,35.90185836540026
3036,36.486669392,36.498452300000004,36.13234307699331,33.35154947370589,36.08172049812918,35.893751027269204
3037,36.504343754000004,36.498452300000004,36.1331648750088,33.41306318458824,36.11718548882119,35.84500426729242
3038,36.495506573,36.498452300000004,36.12391650161818,33.36298582558824,36.11006992125984,35.82744411154259
3039,36.513180935,36.5058166175,36.134138556870134,33.42553920482353,36.11773998785808,35.8157980295
3040,36.5087623445,36.510235208000005,36.11495039899656,33.52066885911765,36.095547038055194,35.81036380100177
3041,36.5028708905,36.5087623445,36.12735520933413,33.44234717652941,36.101606606404495,35.79854894453162
3042,36.4763593475,36.498452300000004,36.1213812273211,33.41704857994118,36.100608654327694,35.771018531428574
3043,36.4999251635,36.5087623445,36.1158412685283,33.31152224211765,36.11177148185662,35.881937429362715
3044,36.504343754000004,36.5087623445,36.13041916240695,33.44598601576471,36.096891223634714,35.89310817525424
3045,36.510235208000005,36.504343754000004,36.15132032438101,33.47267083682353,36.11966566673104,35.92843346408818
3046,36.501398027,36.513180935,36.147051616625,33.53557077217647,36.113006083210315,35.956509041422876
3047,36.501398027,36.513180935,36.14441574027972,33.43801522505883,36.081906846311995,36.00696375802225
3048,36.4881422555,36.498452300000004,36.125695095875,33.426578873176474,36.079993401212654,36.00456506612476
3049,36.504343754000004,36.516126662000005,36.130444708727275,33.33993984376471,36.093470159372515,36.007309333781194
3050,36.5028708905,36.516126662000005,36.12055760771429,33.361253045,36.09024186121832,35.99474622647399
3051,36.5058166175,36.5117080715,36.12755604650639,33.439921283705885,36.07700879272004,35.98988820611077
3052,36.5146537985,36.510235208000005,36.121839726542056,33.319319754764706,36.050141917002165,35.96436305702771
3053,36.513180935,36.510235208000005,36.14152751043193,33.42242019976471,36.07670217975392,35.958852079312976
3054,36.5058166175,36.516126662000005,36.13758558958334,33.43021771241177,36.08477952104061,35.971866777162504
3055,36.5028708905,36.519072389,36.1277035761779,33.50282121905882,36.05797264951423,35.9758015273121
3056,36.5028708905,36.5205452525,36.1195451639533,33.358480596058826,36.102801464410646,35.9216351707562
3057,36.492560846,36.52790957,36.128096580832626,33.440614395941175,36.097631146317596,35.914453709256506
3058,36.501398027,36.5146537985,36.13139343573125,33.50507383382353,36.08175148836788,35.90780220644401
3059,36.4999251635,36.4851965285,36.13258312575472,33.44875846470588,36.07752273133275,35.94273385248111
3060,36.471940757,36.507289481,36.121273828831775,33.38967064664706,36.06005200409428,35.93329538796728
3061,36.491087982500005,36.507289481,36.12732186971429,33.42519264870588,36.07180915788267,35.937884848507466
3062,36.4940337095,36.507289481,36.13068841485715,33.420687419176474,36.0706515310013,35.94264012657895
3063,36.5028708905,36.507289481,36.136991060441176,33.40526567194118,36.07228715889434,35.94130711013233
3064,36.489615119,36.510235208000005,36.13508659122595,33.38135329982353,36.07354323154357,35.94386400744186
3065,36.5058166175,36.5117080715,36.14228086950935,33.35137619564706,36.07383620118078,35.972229231836735
3066,36.491087982500005,36.510235208000005,36.14358855205607,33.24515674558824,36.02937566116829,35.9897422274812
3067,36.492560846,36.504343754000004,36.147788613990784,33.35137619564706,36.074613690986695,35.944827255972136
3068,36.4969794365,36.498452300000004,36.139626035077185,33.31845336447059,36.066557871412385,35.92326034368421
3069,36.4763593475,36.477832211,36.11950352371749,33.160250496764704,36.05423147769163,35.93582958698613
3070,36.4616307125,36.448374941000004,36.12208208098652,33.17584552205882,36.070033129437505,35.93456679263158
3071,36.4557392585,36.471940757,36.11629928206776,33.038262743352945,36.060325757319966,35.925019726182455
3072,36.467522166500004,36.46899503,36.13403770462976,33.22176420764706,36.05158907907665,35.95920604775801
3073,36.473413620500004,36.477832211,36.14395195015327,33.204263123705886,36.0689854407099,35.98179755704251
3074,36.477832211,36.5087623445,36.138273113687994,33.25451376076471,36.0567094777203,35.972679466891734
3075,36.479305074500004,36.5058166175,36.14566081266286,33.24983525317647,36.05625376018617,35.98603365621921
3076,36.471940757,36.46899503,36.132709041121494,33.199064781941175,36.06283453392712,35.96086600587455
3077,36.473413620500004,36.486669392,36.14051502906404,33.26889583964706,36.06877400827012,35.95746953645
3078,36.46899503,36.501398027,36.128152184198115,33.29367460205882,36.05959288753637,35.955542244007425
3079,36.471940757,36.507289481,36.142136515555556,33.24515674558824,36.06291228770786,35.95760117187856
3080,36.424809125,36.513180935,36.14854525127692,33.30424456364706,36.04631099537736,35.9239087201845
3081,36.4233362615,36.516126662000005,36.13352845662555,33.25486031688236,36.034046539917846,35.946646031411994
3082,36.492560846,36.513180935,36.14939006354862,33.20287689923529,36.06614621513084,35.95393010496526
3083,36.46899503,36.501398027,36.14322202627219,33.22419010047059,36.05902625830145,35.93892935095327
3084,36.473413620500004,36.510235208000005,36.13733773116071,33.246889526176474,36.059263751813134,35.93962396341371
3085,36.46899503,36.529382433500004,36.12915432120408,33.25018180929412,36.06002529360324,35.93544582429201
3086,36.477832211,36.519072389,36.128007647428575,33.321225813411765,36.05457416340445,35.98508185111842
3087,36.471940757,36.5205452525,36.12100480192308,33.29246165564706,36.056953298116795,35.9586814120423
3088,36.479305074500004,36.5146537985,36.10962916209724,33.29800655352941,36.066012270788306,35.957911395500005
3089,36.467522166500004,36.501398027,36.13202652063846,33.27374762529412,36.05168598321114,35.97651339646529
3090,36.4704678935,36.5028708905,36.13797480307143,33.23683939876471,36.05505282395413,35.95934234050453
3091,36.4586849855,36.4851965285,36.14511955617133,33.23337383758824,36.05910143760644,35.953951879337666
3092,36.4557392585,36.4822508015,36.14595025297659,33.27080189829412,36.04596185346364,35.907449890395554
3093,36.4557392585,36.4822508015,36.14341336013594,33.27184156664706,36.05764135511236,35.89356280694326
3094,36.467522166500004,36.492560846,36.15371297654546,33.24775591647059,36.07004405821918,35.91725717528963
3095,36.460157849,36.495506573,36.14162279282692,33.298526387705884,36.04607764233072,35.95419948193182
3096,36.4645764395,36.4822508015,36.12922721366435,33.34461835135294,36.03902296761506,35.99978002120211
3097,36.445429214,36.498452300000004,36.16493369014423,33.33214233111765,36.039713241348316,35.98118119481618
3098,36.473413620500004,36.4645764395,36.16256290961039,33.09856350782353,36.0478801564011,35.95085193061372
3099,36.4763593475,36.498452300000004,36.149964879519096,33.213966695,36.04946582662937,36.01248025903465
3100,36.471940757,36.498452300000004,36.14786043269231,33.16770145329412,36.05606223659393,36.012566477911164
3101,36.4822508015,36.498452300000004,36.155397843125,33.196812167176475,36.053810549875955,36.023571881996375
3102,36.467522166500004,36.4999251635,36.14841118293269,33.213966695,36.03229030946378,36.014110178843865
3103,36.463103576,36.4940337095,36.14840632985981,33.24879558482353,36.04510301772769,35.991279431193945
3104,36.4321734425,36.4616307125,36.147972905549395,33.293501324000005,36.012510246502096,35.96799912098113
3105,36.4380648965,36.471940757,36.12701298636364,33.15453232082353,35.999642528,35.945480001158025
3106,36.4321734425,36.466049303,36.11217470440367,33.09804367364706,36.006125817561646,35.905421204836685
3107,36.436592033000004,36.43953776,36.077444622495435,33.3590004302353,36.03967568987342,35.77629996641142
3108,36.457212122,36.421863398,36.06339647664286,33.314987803294116,36.02687494969429,35.81494816341661
3109,36.4439563505,36.4763593475,36.06274366901099,33.260925048941175,36.00717320198347,35.87220666264865
3110,36.454266395000005,36.467522166500004,36.05419220459623,33.284837421058825,36.02174275707062,35.8476430148
3111,36.473413620500004,36.479305074500004,36.064741932677514,33.27530712782353,36.02584625714536,35.850243020228135
3112,36.4557392585,36.483723665,36.06908840226415,33.334568223941176,36.03223384831401,35.836332340077824
3113,36.46899503,36.4940337095,36.089923605500005,33.194386274352944,36.018279875700216,35.865810968532166
3114,36.486669392,36.483723665,36.09905740484375,33.23181433505882,36.021770641697614,35.89720514332103
3115,36.4999251635,36.479305074500004,36.09217942911765,33.26543027847059,36.02177073292469,35.89412096115993
3116,36.486669392,36.491087982500005,36.09530757454546,33.289862484764704,36.01108993578712,35.91260911625478
3117,36.486669392,36.4940337095,36.08565843828125,33.33872689735294,36.016871569797935,35.89689042401731
3118,36.460157849,36.498452300000004,36.09490518777658,33.233893671764704,36.0127095382248,35.90467951275862
3119,36.466049303,36.498452300000004,36.09969880482583,33.301298836647064,36.019499892007204,35.900688980233014
3120,36.457212122,36.498452300000004,36.090193440860965,33.236666120705884,36.02078970998205,35.866063105281825
3121,36.467522166500004,36.501398027,36.08849041509091,33.349470137,36.03895025332742,35.8837236630273
3122,36.46899503,36.5028708905,36.09677755702338,33.2971401632353,36.024609582838195,35.8713310027096
3123,36.473413620500004,36.504343754000004,36.09677755702338,33.34964341505882,36.04758183006469,35.872112491185234
3124,36.4557392585,36.501398027,36.09698063853211,33.18087058576471,36.03712284222122,35.884980433422655
3125,36.460157849,36.5028708905,36.10198797676668,33.219511592882355,36.03164555311549,35.90170273138722
3126,36.451320668,36.477832211,36.090462171643935,33.37632823611765,36.02153383847322,35.8974950946168
3127,36.445429214,36.501398027,36.095442052027025,33.23424022788235,36.001275542433156,35.90404924545233
3128,36.4203905345,36.491087982500005,36.096948176047604,33.26300438564706,36.01494587614173,35.90872824276243
3129,36.4439563505,36.516126662000005,36.11397122467103,33.32486465264706,36.00885397924664,35.906348847782425
3130,36.418917671,36.5028708905,36.09766656764706,33.17082045835294,36.004480613315366,35.91086020237288
3131,36.4321734425,36.516126662000005,36.108057440753505,33.203396733411765,35.991092572081634,35.89583349508277
3132,36.427754852,36.5028708905,36.11818739213084,33.18832154229412,36.00836276253483,35.9099562948071
3133,36.4586849855,36.5028708905,36.104367252373834,33.2735743472353,35.997325505323744,35.884247279312795
3134,36.4498478045,36.4999251635,36.111085303035715,33.252780980176475,36.00245959106207,35.89974447922189
3135,36.401243309,36.501398027,36.11133893736983,33.28119858182353,36.00913659109875,35.89367651183674
3136,36.4410106235,36.4940337095,36.11748000038462,33.22852205194118,36.015055113406895,35.896088438673104
3137,36.4557392585,36.501398027,36.13109489401143,33.20755540682353,36.00159067969029,35.90151870337761
3138,36.451320668,36.4999251635,36.12471843211539,33.22921516417647,36.033193390450705,35.91938254579573
3139,36.451320668,36.4999251635,36.1349059634867,33.216046031705886,36.03607075624825,35.927437279662925
3140,36.4498478045,36.498452300000004,36.12728160625,33.28310464047059,36.03201730922414,35.9381127807371
3141,36.454266395000005,36.498452300000004,36.13660012710999,33.249315419,36.05082956916549,35.95169094520998
3142,36.4616307125,36.498452300000004,36.1273447480367,33.26127160505882,36.04235466200554,35.92865839124088
3143,36.457212122,36.492560846,36.1340986004,33.21292702664706,36.04302920474419,35.942073770167596
3144,36.454266395000005,36.486669392,36.12494304640607,33.218298646470586,36.03554454270621,35.92666818956522
3145,36.4557392585,36.477832211,36.15178864090035,33.301645392764705,36.000197040361506,35.92269656818182
3146,36.4527935315,36.4469020775,36.13275049152174,33.292288377588235,36.011399486540824,35.92043113612422
3147,36.4586849855,36.4940337095,36.133077596875,33.24030495994118,36.03353677375867,35.917395287086336
3148,36.4527935315,36.498452300000004,36.120394814151375,33.231987613117646,36.03641495080395,35.91966469319202
3149,36.4527935315,36.491087982500005,36.1241049488,33.282064972117645,36.04677416,35.920869898217944
3150,36.4557392585,36.4851965285,36.1222284116,33.21067441188235,36.030066501464105,35.91004685534689
3151,36.4557392585,36.4763593475,36.12662769961538,33.16371605794118,36.03428046712687,35.92771081977598
3152,36.451320668,36.457212122,36.115734384384616,33.1557452672353,36.02239761857741,35.905548682077765
3153,36.454266395000005,36.4616307125,36.123018974230774,33.121956045764705,36.02651582694737,35.91740902404481
3154,36.4439563505,36.457212122,36.11894396168224,33.064427730235295,36.00844699405913,35.89269552205505
3155,36.442483487000004,36.457212122,36.114668551538465,33.09717728335294,35.99763724035664,35.88799054825455
3156,36.4262819885,36.454266395000005,36.10717161126323,33.08175553611765,35.98346036942573,35.88508455833431
3157,36.43953776,36.463103576,36.110172522216786,33.10410840570589,35.9983247630518,35.89186904334332
3158,36.436592033000004,36.4616307125,36.108374263076925,33.143962359235296,35.994237111931334,35.88971781545
3159,36.433646306,36.4616307125,36.10713003431193,33.15401248664706,36.00356455843007,35.884959381643334
3160,36.43953776,36.4616307125,36.09906939737063,33.144308915352944,35.99680125940426,35.89328849475812
3161,36.4380648965,36.4616307125,36.10445327994909,33.15626510141177,35.9921589390678,35.879742512654545
3162,36.4321734425,36.460157849,36.101205318750885,33.14361580311765,35.98999843168317,35.89455059693175
3163,36.433646306,36.460157849,36.09877306709951,33.20235706505883,35.99420985769231,35.88802612130112
3164,36.3968247185,36.463103576,36.1006482338,33.139976963882354,35.98936103807692,35.871938655256486
3165,36.398297582,36.460157849,36.09678285403497,33.238225623235294,35.99444287352273,35.88149720933006
3166,36.405661899500004,36.4439563505,36.10039456820042,33.16926095582353,35.99588072151446,35.88900597502664
3167,36.405661899500004,36.4439563505,36.09223952218182,33.18832154229412,35.99115192928863,35.87952749703524
3168,36.395351855,36.451320668,36.08480937100917,33.16718161911765,35.97854723338912,35.87191748256228
3169,36.404189036000005,36.4557392585,36.098587216727275,33.239785125764705,36.007705563633856,35.89046516994206
3170,36.411553353500004,36.451320668,36.09959888054546,33.199064781941175,36.0201969163978,35.89734420584507
3171,36.4144990805,36.4557392585,36.09902362072727,33.23839890129412,36.01829347218806,35.88702403673353
3172,36.4027161725,36.4469020775,36.103697092122644,33.28345119658824,36.001640302507205,35.866672338215615
3173,36.415971944,36.448374941000004,36.10413192791273,33.251568033764705,36.016210706008344,35.880129177046264
3174,36.405661899500004,36.4469020775,36.10055754984954,33.22176420764706,36.00721805384615,35.88102205865672
3175,36.4144990805,36.448374941000004,36.100451852,33.20720885070588,35.9949555367527,35.8632409447338
3176,36.415971944,36.4439563505,36.090442085481655,33.22367026629412,36.00202348156564,35.85253336458646
3177,36.368840312,36.4498478045,36.08827488689485,33.222630597941176,35.96993712881165,35.84762162668317
3178,36.371786039,36.448374941000004,36.08218053737248,33.21067441188235,35.9755652821038,35.84531855513011
3179,36.371786039,36.451320668,36.0881888996,33.16874112164706,35.97933525120308,35.86815363889673
3180,36.3408559055,36.4498478045,36.0831702536,33.222630597941176,35.97010937059378,35.85183380734003
3181,36.3791503565,36.4262819885,36.08107391435658,33.25018180929412,36.007902521274005,35.82857619330869
3182,36.365894585,36.4351191695,36.06933658557516,33.203396733411765,35.977033680696145,35.830037367891755
3183,36.365894585,36.433646306,36.07463532277778,33.210154577705886,35.97652595750356,35.84068751538273
3184,36.566204021000004,36.5558939765,36.27199125233645,33.32261203788235,36.205275297530754,36.02803315573604
3185,36.5765140655,36.592715564,36.27576503666667,33.34375196105883,36.20032763543971,36.023567608603216
3186,36.536746751,36.575041202,36.261774504485984,33.37858085088236,36.19681531025,35.998855552378615
3187,36.5470567955,36.5882969735,36.26779035401869,33.41254335041177,36.2078126237037,36.01702378283582
3188,36.536746751,36.5941884275,36.268949083207545,33.410464013705884,36.194078559797795,36.01881949902561
3189,36.5558939765,36.595661291,36.27406791,33.40647861835294,36.228026684398344,36.03010524384757
3190,36.5735683385,36.601552745,36.271688705292206,33.41583563352941,36.21437571193892,36.03685833019705
3191,36.5706226115,36.5941884275,36.28863085750965,33.29159526535294,36.202535746441605,36.0560235835184
3192,36.545583932,36.591242700500004,36.29064016936294,33.17775158070588,36.21261066497948,36.04426392890606
3193,36.448374941000004,36.516126662000005,36.318856874730436,33.28691675776471,36.19993261603941,36.05221959431864
3194,36.541165341500005,36.589769837,36.3134933747,33.169780790000004,36.20068803633968,36.02691352106986
3195,36.589769837,36.5765140655,36.31160214591335,33.11901031876471,36.197428457870004,36.012878951539406
3196,36.583878383,36.5647311575,36.31366586247934,33.15262626217647,36.19940725535766,36.010661729
3197,36.595661291,36.5765140655,36.31092377786885,33.16406261405883,36.208808360440315,36.03094029567536
3198,36.5264367065,36.5441110685,36.300686229793236,33.228002217764704,36.19483756028777,36.04143872675904
3199,36.535273887500004,36.523490979500004,36.29182102780844,33.56606771052941,36.22394030398503,36.091654839130946
3200,36.5028708905,36.604498472,36.286181665447266,33.416355467705884,36.19916868009519,36.082433274686935
3201,36.5676768845,36.601552745,36.26677945823765,33.380660187588234,36.17639869635783,36.08605052
3202,36.5676768845,36.58682411,36.25411610633027,33.49259781358823,36.19294098328977,36.05636891226714
3203,36.566204021000004,36.585351246500004,36.26680020154345,33.55237874388236,36.215974994814815,36.08294612386417
3204,36.52790957,36.5824055195,36.27013356603573,33.49329092582353,36.195525236132596,36.074691851428575
3205,36.5617854305,36.598607018,36.26532329954546,33.566240988588234,36.20303718729705,36.07896121850622
3206,36.5706226115,36.58682411,36.26558482873684,33.44269373264706,36.199205568228784,36.07698939484211
3207,36.5676768845,36.598607018,36.25149044117703,33.43385655164706,36.19728288773783,36.06135890446659
3208,36.55736684,36.585351246500004,36.25681811967464,33.47804245664706,36.20270349729805,36.05111733190675
3209,36.551475386,36.592715564,36.271577762327276,33.46937855370588,36.219481043,36.054981501816066
3210,36.533801024,36.575041202,36.2764868159633,33.46348709970589,36.20755155886427,36.064328620841735
3211,36.575041202,36.603025608500005,36.27764503103539,33.46781905117647,36.205414393775136,36.0405462843035
3212,36.5647311575,36.6000798815,36.27322579708257,33.41808824829412,36.200423494652114,36.05904506137515
3213,36.5735683385,36.592715564,36.27161412326105,33.39868110570588,36.210475900641086,36.06396188168717
3214,36.5735683385,36.592715564,36.263865313454545,33.437841947,36.20433034130513,36.06044631063291
3215,36.554421113000004,36.595661291,36.260144544285716,33.466086270588235,36.20444660519707,36.04135072412774
3216,36.541165341500005,36.55736684,36.2427741065,33.46920527564706,36.196668290000005,36.01991920177447
3217,36.529382433500004,36.5706226115,36.245523866369595,33.421900365588236,36.18969062008043,36.04165370375895
3218,36.542638205,36.580932656,36.25557269285714,33.49294436970588,36.19962168551818,36.04834663317279
3219,36.5264367065,36.569149748,36.2810685575,33.38135329982353,36.199822200316426,36.03563981083141
3220,36.542638205,36.5794597925,36.25440328127273,33.381873134,36.20561400000935,36.03310421835308
3221,36.5382196145,36.5765140655,36.26428814508134,33.487572749882354,36.20469975600928,36.020367369308325
3222,36.5500025225,36.5735683385,36.264603554619164,33.36731777705882,36.19820409215226,36.063894624615386
3223,36.545583932,36.5706226115,36.264834470389616,33.406132062235294,36.18503638191281,36.06543912046018
3224,36.536746751,36.5617854305,36.24407410867533,33.3959086567647,36.17036534071856,36.05687049489412
3225,36.577986929,36.577986929,36.24514631608108,33.370090226,36.186278239036255,36.0635450252801
3226,36.5706226115,36.5765140655,36.25025654161157,33.385511973235296,36.191763779823994,36.04774767661539
3227,36.577986929,36.577986929,36.25854735140236,33.41323646264706,36.18736608878816,36.06489131056799
3228,36.569149748,36.575041202,36.241236774227275,33.33162249694118,36.17814809555661,36.07429511003501
3229,36.575041202,36.575041202,36.23915559,33.39694832511765,36.18007464749078,36.07355454529965
3230,36.5706226115,36.560312567000004,36.253914491114024,33.41392957488235,36.18610483090742,36.070207662021275
3231,36.577986929,36.5706226115,36.2524649674026,33.32105253535294,36.19157032663564,36.08426739227603
3232,36.5765140655,36.5706226115,36.26731825096525,33.40058716435294,36.191841250728785,36.08860897414634
3233,36.595661291,36.5706226115,36.27153906957529,33.379620519235296,36.19283312375,36.093745768484126
3234,36.5971341545,36.5647311575,36.26703420159091,33.33716739482353,36.19137842259656,36.091412801485035
3235,36.5735683385,36.560312567000004,36.28796671618182,33.43541605417647,36.193658011553865,36.089625346341464
3236,36.583878383,36.5588397035,36.2613212765,33.38828442217647,36.19696783832403,36.09663418659718
3237,36.5941884275,36.5617854305,36.26779855543479,33.34704424417647,36.182863938061836,36.08465361330172
3238,36.591242700500004,36.5617854305,36.26089673130435,33.380660187588234,36.173083977668654,36.08453264988616
3239,36.595661291,36.5588397035,36.25407118813161,33.37979379729412,36.176469450749096,36.09883682170314
3240,36.595661291,36.55736684,36.25458992513223,33.37182300658824,36.17652642071429,36.101158665840494
3241,36.591242700500004,36.55736684,36.26889728997706,33.365065162294115,36.17813680330716,36.109755561902986
3242,36.575041202,36.55736684,36.258477535217395,33.39400259811765,36.17606883781118,36.07983428519265
3243,36.58682411,36.55736684,36.25792963669725,33.36402549394118,36.16864902731085,36.08208273378232
3244,36.5558939765,36.55736684,36.24704302124793,33.34409851717647,36.17825618817416,36.09036312280397
3245,36.5323281605,36.566204021000004,36.24053535216014,33.365931552588236,36.17333654264242,36.064198053530504
3246,36.529382433500004,36.5647311575,36.25580473320909,33.32850349188235,36.161524527179964,36.06717945640625
3247,36.5588397035,36.566204021000004,36.262579905309096,33.37736790447059,36.169859288175985,36.084988358822116
3248,36.541165341500005,36.575041202,36.24853522555701,33.325211208764706,36.17335563220056,36.083770876372434
3249,36.5441110685,36.560312567000004,36.246579128990824,33.361253045,36.17418930366682,36.0731932880353
3250,36.536746751,36.535273887500004,36.23403313274545,33.333875111705886,36.18816357047486,36.059881828836104
3251,36.5500025225,36.545583932,36.25847013706422,33.370263504058826,36.19119452038979,36.063620405975904
3252,36.5588397035,36.533801024,36.25427387142857,33.35744092770588,36.196105196499765,36.067701834951805
3253,36.541165341500005,36.533801024,36.254264425454544,33.371303172411764,36.20013000244506,36.054156395547444
3254,36.5382196145,36.539692478,36.24347515024787,33.400760442411766,36.196311304269344,36.035435800806745
3255,36.542638205,36.5470567955,36.24665215113637,33.38724475382353,36.204768037926485,36.03516646252788
3256,36.5382196145,36.5617854305,36.24536277568182,33.396601769,36.182852581244696,36.053654778485225
3257,36.545583932,36.5588397035,36.25205783725605,33.41462268711765,36.1919911402546,36.05853051360787
3258,36.530855297,36.5382196145,36.24583604978261,33.37390234329412,36.18244342723909,36.03939792612864
3259,36.5500025225,36.5735683385,36.23952716586957,33.420687419176474,36.1814892760095,36.02891072396929
3260,36.5264367065,36.572095475,36.23079908586956,33.390190480823534,36.16227791379674,36.01921223115816
3261,36.536746751,36.566204021000004,36.24870787537383,33.396601769,36.183709418860346,36.042725673661536
3262,36.529382433500004,36.5676768845,36.24213762597527,33.414276131,36.19230417601483,36.030142894207714
3263,36.5323281605,36.5676768845,36.24287134869565,33.459501704352945,36.18627742358153,36.016136765997665
3264,36.5323281605,36.548529659,36.241732903478265,33.45759564570589,36.17851050625475,36.00656320487805
3265,36.516126662000005,36.560312567000004,36.25455903160504,33.453956806470586,36.17447827923077,36.0260456430475
3266,36.5264367065,36.575041202,36.24633066973123,33.45967498241177,36.20099701533085,36.020106601925576
3267,36.5382196145,36.5647311575,36.247045924762304,33.435935888352944,36.17677017543095,36.002434378072145
3268,36.5323281605,36.5647311575,36.251467132309536,33.463660377764704,36.196628158708776,36.01566763239155
3269,36.545583932,36.551475386,36.25770852291076,33.47249755876471,36.206212583604916,36.00388113001721
3270,36.4999251635,36.542638205,36.240461647564636,33.399547496000004,36.189888066842585,36.0074978
3271,36.513180935,36.501398027,36.252722690210284,33.410983847882356,36.19343278469435,36.02847647010239
3272,36.5117080715,36.55736684,36.235440121428,33.35986682052941,36.17352562982281,36.02462972934691
3273,36.5117080715,36.5617854305,36.23632759013477,33.449624855,36.18061415330054,35.901196012140176
3274,36.5117080715,36.5058166175,36.25061969196262,33.53920961141176,36.195187290819675,35.974197258496424
3275,36.516126662000005,36.513180935,36.25094522131093,33.454303362588234,36.207838176598706,35.97703882686622
3276,36.477832211,36.504343754000004,36.26233206517647,33.45066452335294,36.191812766506025,35.98927418783343
3277,36.491087982500005,36.5706226115,36.2597297207033,33.453610250352945,36.15094510729323,36.01374476298439
3278,36.519072389,36.563258294,36.24282663482789,33.388977534411765,36.17311371147779,35.9576996538822
3279,36.524963843,36.5647311575,36.239118203364484,33.544061397058826,36.169069065189504,36.0381310772907
3280,36.519072389,36.5529482495,36.23953004266846,33.49363748194118,36.16282308843166,36.01163572393783
3281,36.541165341500005,36.536746751,36.241519445,33.396428490941176,36.16742784414432,36.03475862031053
3282,36.533801024,36.5647311575,36.24764865683962,33.31706714,36.15353497582841,36.05927419255056
3283,36.516126662000005,36.545583932,36.23979480996154,33.316893861941175,36.15563368897384,36.06479269628866
3284,36.535273887500004,36.5617854305,36.2465926415,33.40977090147059,36.15671200795524,36.04354002848896
3285,36.5146537985,36.5765140655,36.26041375454545,33.43888161535294,36.14724368851908,36.077113121851646
3286,36.405661899500004,36.5676768845,36.249377957623764,33.35674781547059,36.116125774685315,36.122251020481926
3287,36.480777938,36.5205452525,36.24414740209709,33.276173518117645,36.106670609,36.10797925958834
3288,36.4763593475,36.545583932,36.24034713377404,33.2853572552353,36.12269145324675,36.10422665562835
3289,36.5087623445,36.529382433500004,36.24163066446602,33.29679360711765,36.12776883688657,36.082044898447656
3290,36.524963843,36.5441110685,36.2320494019056,33.31862664252941,36.136169368112675,36.05217205879929
3291,36.5205452525,36.5558939765,36.2407011875,33.35553486905882,36.15245205770586,36.050558102000004
3292,36.522018116,36.563258294,36.23632848059813,33.273054513058824,36.1471501532676,36.02973411823599
3293,36.5146537985,36.560312567000004,36.25991094022406,33.32815693576471,36.14137650048921,36.01900482968577
3294,36.516126662000005,36.5264367065,36.23936288551142,33.212753748588234,36.141094559953075,35.994820915149255
3295,36.5117080715,36.513180935,36.198308836818185,33.52240163970588,36.18170033341772,35.865092284210526
3296,36.4851965285,36.489615119,36.14979374190588,33.40717173058824,36.15964137302842,35.86835245071594
3297,36.5028708905,36.467522166500004,36.11381618439604,33.36662466482353,36.16778804049565,35.83899809364318
3298,36.504343754000004,36.477832211,36.08148811454546,33.31516108135294,36.174924662107564,35.80830388719937
3299,36.5058166175,36.3968247185,36.09670279210151,33.44997141111765,36.15200832635506,35.80259805289676
3300,36.507289481,36.4999251635,36.09033433867647,33.354495200705884,36.19069574046112,35.625864361676136
3301,36.507289481,36.5058166175,36.07979325676471,33.366278108705885,36.18406481766187,35.654097262781455
3302,36.491087982500005,36.479305074500004,36.0905254679269,33.38707147576471,36.14105640642355,35.68057245730769
3303,36.498452300000004,36.5087623445,36.10901166527046,33.38863097829412,36.14677739892562,35.895212313507415
3304,36.4940337095,36.4881422555,36.10841914213904,33.42935132211765,36.1367170244,35.93969179571729
3305,36.5058166175,36.471940757,36.12296149697479,33.43766866894118,36.164413891157025,35.95038847680893
3306,36.498452300000004,36.522018116,36.114678410553395,33.425365926764705,36.16142339234876,35.94839520629275
3307,36.504343754000004,36.52790957,36.122641070088235,33.50507383382353,36.167249894986526,35.9546710958
3308,36.504343754000004,36.5205452525,36.125992060667016,33.47007166594118,36.151283969653,35.957099177657916
3309,36.5087623445,36.5175995255,36.129184927868685,33.464526768058825,36.17180809835316,35.954675543706244
3310,36.4969794365,36.5175995255,36.118257135200004,33.47527000770588,36.159030242972975,35.95046013454673
3311,36.4999251635,36.5175995255,36.114857997279415,33.39382932005883,36.171771310269534,35.8944147203919
3312,36.4851965285,36.5087623445,36.090847846828574,33.44407995711765,36.16931815270379,35.88168700498994
3313,36.507289481,36.5117080715,36.09579407853846,33.39937421794118,36.17243912061939,35.87000385769022
3314,36.507289481,36.507289481,36.082876672727274,33.347564078352946,36.17635481047873,35.816357271013516
3315,36.5087623445,36.5175995255,36.08624495742574,33.30563078811765,36.19095881189531,35.86036443865439
3316,36.5087623445,36.530855297,36.092993310909094,33.466086270588235,36.1811262152411,35.873958176
3317,36.4999251635,36.52790957,36.09003648722772,33.41271662847059,36.17611012344673,35.87049942912921
3318,36.4999251635,36.5205452525,36.08664561636364,33.43957472758824,36.166386110000005,35.88578301605694
3319,36.4999251635,36.533801024,36.07876654050909,33.467992329235294,36.16328346983871,35.852556234303535
3320,36.4999251635,36.5323281605,36.08347176909091,33.494330594176475,36.16478128333635,35.90401071921248
3321,36.498452300000004,36.516126662000005,36.0901745378,33.35328225429412,36.15896220574497,35.89749105584906
3322,36.492560846,36.492560846,36.07126297046,33.44598601576471,36.15278534192428,35.8697754987013
3323,36.4969794365,36.495506573,36.076409958909096,33.40526567194118,36.14930474709821,35.89272260544276
3324,36.498452300000004,36.492560846,36.07346423190909,33.41392957488235,36.15590707784575,35.867854564376735
3325,36.498452300000004,36.501398027,36.072991130300004,33.42345986811765,36.15618938649374,35.88290262436975
3326,36.498452300000004,36.5087623445,36.053433288309094,33.43039099047059,36.146908151688656,35.88828735418419
3327,36.498452300000004,36.5028708905,36.06119380265734,33.47561656382353,36.14600661351768,35.86037647672269
3328,36.498452300000004,36.5028708905,36.05418757295,33.47717606635294,36.146968047534,35.85722118717063
3329,36.498452300000004,36.407134763,36.079298007338465,33.481334739764705,36.14163278963801,35.838504319670555
3330,36.498452300000004,36.477832211,36.049258990938775,33.34929685894118,36.15373726172794,35.826140810532294
3331,36.498452300000004,36.483723665,36.05510550909091,33.46227415329412,36.13426295830936,35.83844965524625
3332,36.4999251635,36.4763593475,36.046952688909094,33.426059039,36.12992304978724,35.74148593503185
3333,36.498452300000004,36.501398027,36.0443193875,33.458462036,36.14160531748541,35.82577824257651
3334,36.498452300000004,36.4586849855,36.05488472834,33.43350999552941,36.13194497367263,35.84277114770349
3335,36.4999251635,36.480777938,36.057509698400004,33.43454966388235,36.13095140728156,35.85692409601751
3336,36.501398027,36.467522166500004,36.07526915918,33.508366116941176,36.13590540826206,35.90217603348703
3337,36.501398027,36.4881422555,36.07003647685455,33.470418222058825,36.1321147469657,35.91513500503226
3338,36.4999251635,36.466049303,36.06612669374545,33.499355657882354,36.143278021718125,35.8945888687689
3339,36.4999251635,36.4616307125,36.05659325,33.473190671,36.12259041229508,35.898448789264194
3340,36.4469020775,36.4469020775,36.050404247818186,33.49918237982353,36.10647632754011,35.907652712051835
3341,36.501398027,36.4822508015,36.05889627292727,33.52465425447059,36.141547804757195,35.91849893635704
3342,36.501398027,36.471940757,36.064789349917355,33.47734934441176,36.14121254152866,35.927625573981416
3343,36.501398027,36.463103576,36.06488336741429,33.52863964982353,36.13531665866423,35.91556403045517
3344,36.501398027,36.479305074500004,36.060186716503495,33.55982970041177,36.131303717391305,35.92904161599719
3345,36.4999251635,36.4881422555,36.06294237978675,33.51408429288235,36.137999794187195,35.9212203665374
3346,36.457212122,36.466049303,36.068289182377626,33.485666691235295,36.09975953087093,35.92558981306533
3347,36.454266395000005,36.4881422555,36.06819488249231,33.502647941,36.10679947642068,35.93183554805195
3348,36.451320668,36.4763593475,36.070578014545454,33.48098818364706,36.10684388705882,35.91689532624204
3349,36.4763593475,36.479305074500004,36.06679490194805,33.47249755876471,36.12359514958182,35.931646701131285
3350,36.486669392,36.471940757,36.06921779428571,33.55827019788235,36.13092406691863,35.936537015492156
3351,36.4763593475,36.479305074500004,36.08083237502857,33.49519698447059,36.14399581234326,35.91817755517046
3352,36.4822508015,36.46899503,36.081246719046156,33.47925540305882,36.15295570709937,35.92490669222833
3353,36.4822508015,36.473413620500004,36.081653242833205,33.494677150294116,36.14594081558639,35.932060949895614
3354,36.480777938,36.4645764395,36.065589720121864,33.38533869517647,36.149068425101476,35.91480067060543
3355,36.477832211,36.5087623445,36.074267612,33.46088792882353,36.13661268559034,35.90490905405634
3356,36.498452300000004,36.5117080715,36.074720800769235,33.46158104105882,36.141407165932506,35.902119245359835
3357,36.486669392,36.5087623445,36.082864737562836,33.496236652823534,36.14591274697051,35.929740656588486
3358,36.483723665,36.507289481,36.06733965695354,33.46088792882353,36.13434112655738,35.920486844690835
3359,36.4969794365,36.510235208000005,36.081201400169235,33.48289424229412,36.13199232988434,35.9168192183368
3360,36.4969794365,36.504343754000004,36.072958400000005,33.489998642705885,36.116206593850364,35.92205986997871
3361,36.498452300000004,36.4999251635,36.078938693385716,33.494330594176475,36.131982090166744,35.914360239205024
3362,36.460157849,36.489615119,36.075808453815384,33.53175865488235,36.13565710071233,35.942822166509636
3363,36.4881422555,36.5058166175,36.078497373846155,33.550992519411764,36.13597129105861,35.91983630714894
3364,36.492560846,36.466049303,36.084373721553845,33.50420744352941,36.129486824594224,35.92106479121019
3365,36.4881422555,36.5058166175,36.079589214775325,33.51633690764706,36.13605089301238,35.89610055344966
3366,36.483723665,36.5058166175,36.08491754807692,33.534184547705884,36.129630416762076,35.91368931490526
3367,36.486669392,36.513180935,36.08080070950495,33.51945591270589,36.13116026411291,35.91331469183674
3368,36.4881422555,36.510235208000005,36.08328606850769,33.51841624435294,36.11820261911672,35.918281188180536
3369,36.483723665,36.510235208000005,36.07866354306154,33.573691945117645,36.133411619864134,35.91659402339623
3370,36.463103576,36.5175995255,36.082146814760094,33.51217823423529,36.11815206917415,35.91296309148096
3371,36.473413620500004,36.529382433500004,36.0604681101273,33.493117647764706,36.11761378486878,35.86908331800272
3372,36.46899503,36.519072389,36.036955070000005,33.45655597735294,36.10738519198953,35.89869981603629
3373,36.4851965285,36.519072389,36.0623865131,33.471977724588236,36.127101681626755,35.897548236666665
3374,36.474886484,36.4999251635,36.060654000853006,33.37858085088236,36.12166225533929,35.89841231934567
3375,36.498452300000004,36.4999251635,36.058992484660635,33.34271229270588,36.124621213584575,35.889259316112984
3376,36.4881422555,36.495506573,36.06034311463932,33.36523844035294,36.10597164541198,35.88142399886076
3377,36.501398027,36.495506573,36.06454626859728,33.41808824829412,36.11719709580645,35.87562411906658
3378,36.473413620500004,36.4822508015,36.06681221244344,33.370090226,36.111906593403695,35.90952066828737
3379,36.480777938,36.501398027,36.06875894851382,33.384992139058824,36.1122633704021,35.92210147181818
3380,36.492560846,36.501398027,36.07465165962552,33.43229704911765,36.09926017975138,35.92214231176471
3381,36.489615119,36.480777938,36.077650823207925,33.42363314617647,36.10298845025,35.935733925990206
3382,36.4822508015,36.501398027,36.07551658652301,33.40561222805883,36.10693571097305,35.93878487082221
3383,36.4969794365,36.4969794365,36.077161997352945,33.34340540494118,36.09826745053206,35.9337882797973
3384,36.4940337095,36.4969794365,36.07939317698,33.34149934629412,36.0890724765342,35.93579840404082
3385,36.489615119,36.504343754000004,36.06606165821429,33.314641247176475,36.092548447205886,35.94087394744595
3386,36.427754852,36.4469020775,36.08216586318182,33.356921093529415,36.08075361640367,35.9484482475125
3387,36.433646306,36.448374941000004,36.09782294032043,33.29488754847059,36.058117612223775,35.95619665412317
3388,36.4469020775,36.466049303,36.07834207551402,33.34895030282353,36.053496275403425,35.986260184641765
3389,36.451320668,36.463103576,36.084938924905664,33.34288557076471,36.065478578098066,36.02592902399488
3390,36.429227715500005,36.4969794365,36.11051948224599,33.366278108705885,36.03186256059006,36.00015991133629
3391,36.4321734425,36.522018116,36.0937094102,33.3590004302353,36.0314311640914,36.064650093976645
3392,36.4469020775,36.5117080715,36.08605052,33.261098327,36.02396961821613,36.04873558601705
3393,36.457212122,36.5146537985,36.07596755063649,33.24481018947059,36.02682109737039,36.05440311840149
3394,36.4380648965,36.5087623445,36.07289358752475,33.30199194888235,36.02442909572973,36.04007987220318
3395,36.4439563505,36.5146537985,36.075550899009905,33.24602313588235,36.030454227205105,36.051568400482076
3396,36.3879875375,36.5058166175,36.117979261632655,33.351722751764704,36.017408155462,35.99808783875
3397,36.477832211,36.510235208000005,36.08691691029412,33.34600457582353,36.06253973574468,36.00912912630311
3398,36.4763593475,36.486669392,36.08818246716682,33.34011312182353,36.057268067938246,36.01445725312079
3399,36.480777938,36.483723665,36.0882558771123,33.343578683000004,36.05774487166667,36.005029742501506
3400,36.4616307125,36.4498478045,36.085247998221156,33.27634679617647,36.05716452475386,35.99778231118406
3401,36.4616307125,36.4616307125,36.10203060764706,33.323651706235296,36.05808009871065,36.018033914677126
3402,36.4498478045,36.483723665,36.10249511247573,33.32261203788235,36.059608561102365,36.00782201523585
3403,36.4527935315,36.5028708905,36.09533217460059,33.330236272470586,36.071395161791045,36.009278031614734
3404,36.424809125,36.498452300000004,36.108558895538465,33.29246165564706,36.06208922633761,36.00328379812685
3405,36.463103576,36.498452300000004,36.10824867703572,33.328676769941175,36.08356242479638,36.01075186690614
3406,36.471940757,36.480777938,36.11038783592857,33.324691374588234,36.07434408619071,36.00299979891381
3407,36.463103576,36.498452300000004,36.11299400854568,33.31013601764706,36.05374629491124,35.9921204138142
3408,36.43953776,36.471940757,36.11444146348416,33.279812357352945,36.0605063392,36.004068911428575
3409,36.4410106235,36.471940757,36.08743526346154,33.27790629870589,36.06512111521099,35.99964021354155
3410,36.4410106235,36.466049303,36.08060596048077,33.18953448870588,36.04115250770704,35.994824718442906
3411,36.43953776,36.479305074500004,36.08924073041498,33.27755974258824,36.05861244060282,36.00348167306759
3412,36.43953776,36.457212122,36.08759076941177,33.28223825017647,36.05358105676429,35.983597487527476
3413,36.43953776,36.4586849855,36.09128095029412,33.29592721682353,36.048124284875,35.98506791794118
3414,36.43953776,36.4203905345,36.08026336929755,33.27565368394118,36.05336738181556,35.96975776020408
3415,36.43953776,36.4410106235,36.08773283125072,33.32971643829412,36.04346540162316,35.97398726977583
3416,36.4410106235,36.398297582,36.088271170850945,33.32919660411765,36.06058166179884,35.962725680671646
3417,36.43953776,36.454266395000005,36.0926098311336,33.349816693117646,36.073845789517904,35.97933980221258
3418,36.43953776,36.451320668,36.09890267025241,33.334741502,36.05517293804243,35.979022439000005
3419,36.4410106235,36.4645764395,36.10642751502427,33.32191892564706,36.06641234,35.98397922360825
3420,36.43953776,36.4851965285,36.11011126584008,33.367837611235295,36.07053452785679,35.99625888590582
3421,36.4410106235,36.4822508015,36.11191680851429,33.38672491964706,36.08413120779037,35.9857924431579
3422,36.43953776,36.471940757,36.0990117188,33.37164972852941,36.07202595784645,35.98914772741523
3423,36.4410106235,36.46899503,36.11221507260151,33.43818850311765,36.07336166730659,35.959341749845
3424,36.43953776,36.460157849,36.114308437398215,33.46435349,36.074739861157845,35.94193698694369
3425,36.43953776,36.498452300000004,36.12807023618298,33.411676960117646,36.08334980620983,35.98170562348663
3426,36.4410106235,36.411553353500004,36.12528824118052,33.39105687111765,36.08937244827952,35.9469322171906
3427,36.43953776,36.430700579,36.129685821822434,33.407691564764704,36.10031464200873,35.953926696229246
3428,36.43953776,36.4351191695,36.12050996792453,33.31845336447059,36.09217652837471,35.960143253450525
3429,36.43953776,36.430700579,36.13304320261321,33.36402549394118,36.09617338955736,35.94719182695653
3430,36.43953776,36.474886484,36.116063587547174,33.29298148982353,36.069583723105595,35.99108619870088
3431,36.43953776,36.4586849855,36.10703043900621,33.22124437347059,36.07582686254969,35.970550077944665
3432,36.43953776,36.489615119,36.09999598572899,33.296447051,36.0595488762266,35.977050323177465
3433,36.4439563505,36.479305074500004,36.11667231819407,33.41219679429412,36.08279364513327,35.963949390725126
3434,36.4469020775,36.460157849,36.14532985591332,33.314641247176475,36.071758343797086,35.9260010257581
3435,36.451320668,36.495506573,36.132022917115904,33.25451376076471,36.066264961538465,35.98226324746114
3436,36.454266395000005,36.492560846,36.11939534808163,33.2470628042353,36.0514530552349,35.96259555569395
3437,36.454266395000005,36.4969794365,36.12146158742857,33.313428300764706,36.06120018275069,35.9667887613879
3438,36.4527935315,36.491087982500005,36.123643607428576,33.36298582558824,36.06317618921127,35.961555926350364
3439,36.448374941000004,36.492560846,36.12610617285714,33.311002407941174,36.05903754694168,35.98102894869565
3440,36.4527935315,36.4969794365,36.12356685443396,33.29869966576471,36.06805036330876,35.976119403695655
3441,36.3997704455,36.471940757,36.135668025690045,33.316200749705885,36.056607060253164,35.95909140894737
3442,36.3968247185,36.445429214,36.11314565042453,33.378754128941175,36.04969475847417,35.94396050739156
3443,36.401243309,36.457212122,36.12003320726442,33.32330515011765,36.039704038628955,35.95085097480656
3444,36.41008049,36.4557392585,36.12575306551685,33.358480596058826,36.04008120384292,35.93622060176196
3445,36.411553353500004,36.4586849855,36.12248304921698,33.29090215311765,36.027081805710345,35.95272709614679
3446,36.41008049,36.454266395000005,36.121268504382805,33.217085700058824,36.02542908522408,35.92852350905188
3447,36.427754852,36.457212122,36.11253427312264,33.26317766370588,36.045155337054055,35.893799470238235
3448,36.421863398,36.448374941000004,36.11950300678138,33.26491044429412,36.02641195060537,35.909272406709604
3449,36.4144990805,36.4645764395,36.108915041426464,33.27184156664706,36.042400321975755,35.90847123276596
3450,36.421863398,36.463103576,36.114431466673075,33.28414430882353,36.04689110747595,35.90316996875
3451,36.4380648965,36.467522166500004,36.14484579979757,33.325904321,36.03289935891304,35.925788056126585
3452,36.4321734425,36.489615119,36.120404582935066,33.34739080029412,36.0554476895,35.92573155963636
3453,36.4380648965,36.498452300000004,36.10647289240442,33.244117077235295,36.04856909495723,35.94410742038869
3454,36.430700579,36.498452300000004,36.10154249122345,33.25260770211765,36.04696429452282,35.92347032778781
3455,36.430700579,36.477832211,36.11618217804945,33.28154513794118,36.063991317809354,35.9255580266819
3456,36.43953776,36.4498478045,36.11777373384616,33.28691675776471,36.05427188904891,35.91987705650169
3457,36.43953776,36.43953776,36.12567990748328,33.25070164347059,36.06061015045454,35.91485705157553
3458,36.4351191695,36.445429214,36.113446390981366,33.20946146547059,36.053545946206896,35.90196335045685
3459,36.436592033000004,36.4410106235,36.12247041745455,33.29731344129412,36.053563668512396,35.91879649033557
3460,36.43953776,36.4233362615,36.11528612158027,33.26127160505882,36.049851988488214,35.91355554471154
3461,36.43953776,36.4380648965,36.12740759192857,33.24827575064706,36.05376783952272,35.91128291562733
3462,36.43953776,36.4410106235,36.11406797151442,33.225403046882356,36.03838426369272,35.904349804927364
3463,36.429227715500005,36.4469020775,36.12086254839752,33.38412574876471,36.03821158454165,35.885741084
3464,36.411553353500004,36.4469020775,36.11290636875325,33.364718606176474,36.04717023961538,35.88101829648775
3465,36.421863398,36.445429214,36.111434270377146,33.244117077235295,36.031435299067795,35.90132266084776
3466,36.413026217,36.4410106235,36.095988180143394,33.30580406617647,36.04477625451302,35.8909130747235
3467,36.418917671,36.4469020775,36.10009509648041,33.329023326058824,36.052475258528986,35.9009455133848
3468,36.413026217,36.4469020775,36.10570948114286,33.307883402882354,36.047658677930045,35.90413771560096
3469,36.421863398,36.430700579,36.102557451023046,33.30961618347059,36.05412803165957,35.89226926283848
3470,36.3997704455,36.4262819885,36.07980269748263,33.32729054547059,36.05458322451765,35.844712180952385
3471,36.4586849855,36.445429214,36.07805677365385,33.28691675776471,36.03797493822077,35.86951645151832
3472,36.424809125,36.417444807500004,36.05523666519737,33.324691374588234,36.0496880900435,35.83315346894319
3473,36.407134763,36.448374941000004,36.06415345516894,33.31879992058823,36.04866603351425,35.87222326930061
3474,36.418917671,36.454266395000005,36.075893340329564,33.30268506111765,36.04936943367147,35.87136697568998
3475,36.4380648965,36.466049303,36.100365773352394,33.32729054547059,36.029992769222325,35.919043821882845
3476,36.430700579,36.451320668,36.078439181367926,33.236319564588236,36.03323900555249,35.90315164955224
3477,36.4321734425,36.454266395000005,36.08683295609444,33.26664322488235,36.03751867695964,35.85582728066421
3478,36.427754852,36.457212122,36.06165665538462,33.362812547529415,36.01210243176418,35.854511229213486
3479,36.413026217,36.454266395000005,36.07772088218548,33.275826962000004,36.013219585900735,35.86611260785671
3480,36.404189036000005,36.436592033000004,36.07347841411215,33.322438759823534,36.010960251655455,35.85532369752695
3481,36.415971944,36.4586849855,36.05572339067568,33.35484175682353,36.00949579421687,35.85518186722494
3482,36.4203905345,36.4557392585,36.06201234443188,33.34635113194118,36.01711919020134,35.84797069618497
3483,36.4203905345,36.4616307125,36.05294615942857,33.32105253535294,36.00346328955102,35.85965147537135
3484,36.4144990805,36.466049303,36.06227384533654,33.28119858182353,36.005250378855585,35.891564451855885
3485,36.4086076265,36.457212122,36.07655627207519,33.24792919452941,36.01265359872571,35.88476905336016
3486,36.4321734425,36.4763593475,36.06869484776316,33.27929252317647,36.04758279094118,35.87036719451429
3487,36.415971944,36.471940757,36.07187768254717,33.30147211470588,36.010860805137455,35.89074787877316
3488,36.413026217,36.466049303,36.07142905801975,33.287956426117645,35.99674677436039,35.890702308421055
3489,36.411553353500004,36.466049303,36.06373273786916,33.29679360711765,36.04444228926894,35.85729332686747
3490,36.4321734425,36.457212122,36.04901905060445,33.122822436058826,36.01923994282491,35.83416394232376
3491,36.4527935315,36.4645764395,36.06689621342548,33.27634679617647,36.01556619953489,35.83678427228239
3492,36.4262819885,36.471940757,36.04512992558962,33.340806234058824,36.01943821992238,35.81819258462157
3493,36.451320668,36.4704678935,36.059188295214284,33.28864953835294,36.0267088696058,35.80564957049544
3494,36.429227715500005,36.4645764395,36.0621505821875,33.28518397717647,36.01779867774208,35.80553956984476
3495,36.4498478045,36.4645764395,36.06337997397059,33.29298148982353,36.018475936258355,35.85502270403834
3496,36.451320668,36.442483487000004,36.06681506576363,33.320012867,36.031689392202075,35.84144997446429
3497,36.454266395000005,36.448374941000004,36.077009422952464,33.24602313588235,36.03932610699282,35.85625815116366
3498,36.43953776,36.4469020775,36.072330242727276,33.324691374588234,36.02417836974451,35.851046562171504
3499,36.457212122,36.4498478045,36.077395174,33.28968920670589,36.03617492312329,35.86810099678087
3500,36.3997704455,36.43953776,36.06854801293118,33.24983525317647,36.008900527142856,35.86963676019405
3501,36.41008049,36.457212122,36.070384298281255,33.23060138864706,36.01221992489688,35.87184723157003
3502,36.401243309,36.445429214,36.07170042468458,33.21587275364706,36.002743939544445,35.87356409880937
3503,36.427754852,36.4439563505,36.06104969446846,33.22904188611765,36.0083183367688,35.85583888648438
3504,36.41008049,36.4144990805,36.07771355679245,33.21881848064706,36.012039785481285,35.86628065814011
3505,36.4321734425,36.4469020775,36.08758096458334,33.27010878605883,36.03132510263587,35.94334723333752
3506,36.4262819885,36.4086076265,36.10509360363636,33.06200183741176,36.01728147398558,35.95265910867925
3507,36.401243309,36.460157849,36.097317296346155,33.19525266464706,36.026508649250005,35.97383411857413
3508,36.360003131,36.430700579,36.11995264555556,33.43021771241177,35.99693632516405,35.91867391403315
3509,36.424809125,36.467522166500004,36.11787518160734,33.15817116005883,36.01332058903497,35.94125504209559
3510,36.421863398,36.445429214,36.114345530367345,33.15938410647059,36.03768223164296,35.98293168719101
3511,36.3997704455,36.445429214,36.08936095605714,33.19178710347059,36.03032589040728,35.94650096669104
3512,36.407134763,36.445429214,36.096098192054654,33.19785183552941,36.043166951558376,35.96744721888611
3513,36.395351855,36.442483487000004,36.107401687663554,33.11398525505882,36.02309255924459,35.9507382461239
3514,36.3938789915,36.4439563505,36.11103776617143,33.24290413082353,36.03466426584705,35.93730100219031
3515,36.4027161725,36.433646306,36.09994515312809,33.198718225823534,36.013834484609596,35.92713630026316
3516,36.4233362615,36.489615119,36.10491838410129,33.18052402964706,36.03165522644352,35.93150608904789
3517,36.429227715500005,36.489615119,36.114358001011546,33.170993736411766,36.02540648119319,35.935837492380955
3518,36.404189036000005,36.4645764395,36.09922619126526,33.14448219341177,35.99686619063114,35.93936463852068
3519,36.4086076265,36.460157849,36.10517528352941,33.077077028529416,36.001820926390046,35.92932674074205
3520,36.3997704455,36.463103576,36.096026154040686,33.11207919641176,35.99034605941711,35.9409833082017
3521,36.471940757,36.474886484,36.116793623214285,33.126287997235295,35.9956295086087,35.95880206516814
3522,36.466049303,36.46899503,36.11923724253211,33.10722741076471,36.011109419310344,35.964268597467914
3523,36.463103576,36.4586849855,36.121806828867925,33.10809380105883,36.01601379581309,35.96047501168632
3524,36.4439563505,36.460157849,36.11387513470519,33.152106428,36.00719609611732,35.93673800857143
3525,36.451320668,36.4704678935,36.11920220899001,33.160770330941176,36.01029177742728,35.940781314817
3526,36.463103576,36.4763593475,36.10661502924528,33.20478295788235,36.016443783502055,35.91008520811028
3527,36.474886484,36.474886484,36.1043609614151,33.17393946341176,36.01601072267907,35.913841390729466
3528,36.4527935315,36.46899503,36.1000297228972,33.1793110832353,35.99973133933549,35.903850570973034
3529,36.4616307125,36.492560846,36.105669380590264,33.18676203976471,36.01481380847597,35.92107608300525
3530,36.467522166500004,36.4881422555,36.1086889775,33.20478295788235,36.0287985660173,35.90827572368728
3531,36.471940757,36.4940337095,36.11254065065421,33.249142140941174,36.02979909112546,35.90369599142857
3532,36.467522166500004,36.483723665,36.1013792105,33.195599220764706,36.0224228168,35.90020853005285
3533,36.429227715500005,36.491087982500005,36.10393063371372,33.230774666705884,36.03649139075,35.88755589202718
3534,36.430700579,36.479305074500004,36.101384818495326,33.16995406805882,36.0193007283874,35.896111962303664
3535,36.433646306,36.480777938,36.10931350425234,33.17775158070588,36.03687232485955,35.89777118587413
3536,36.4144990805,36.4763593475,36.109891309523334,33.200277728352944,36.01591018348936,35.90254980768754
3537,36.421863398,36.479305074500004,36.11006097403774,33.21725897811765,36.03313326850299,35.90216574363637
3538,36.3997704455,36.477832211,36.09687879425,33.23839890129412,36.03052060794022,35.89046934469424
3539,36.3997704455,36.4763593475,36.09727233714286,33.20668901652941,36.02784777276952,35.890616770068966
3540,36.3997704455,36.4763593475,36.10091810438679,33.17497913176471,36.024107024956,35.87338925141361
3541,36.401243309,36.4851965285,36.097889007754716,33.216912422,36.02832813304471,35.88321029642608
3542,36.398297582,36.471940757,36.08857939883963,33.22436337852941,36.012619218635734,35.86223565875854
3543,36.398297582,36.471940757,36.10281220392254,33.25070164347059,36.018703767118645,35.8609346050748
3544,36.407134763,36.4851965285,36.08804161325,33.20859507517647,36.02719127285781,35.85256099337423
3545,36.41008049,36.460157849,36.08877652185082,33.250008531235295,36.02073849546061,35.852271921782176
3546,36.41008049,36.460157849,36.09089045510426,33.255206873,36.015561571733215,35.85684120128713
3547,36.401243309,36.457212122,36.094183503636366,33.25797932194118,36.01291428406512,35.86718669865451
3548,36.407134763,36.448374941000004,36.07706567723874,33.172033404764704,35.998905534517164,35.8279393742
3549,36.360003131,36.4586849855,36.082242449232695,33.22072453929412,36.00045307891967,35.84674542730445
3550,36.377677493,36.460157849,36.083647887952424,33.275480405882355,35.99890269628809,35.84751178877765
3551,36.3879875375,36.460157849,36.08985230384513,33.246369692,36.00487080304958,35.856150396090584
3552,36.377677493,36.457212122,36.077616280416315,33.25208786794118,36.000554633042654,35.83517760328894
3553,36.386514674,36.4616307125,36.08104179227273,33.25849915611765,35.99684642955998,35.84369015544954
3554,36.3732589025,36.460157849,36.06847250806542,33.342365736588235,35.99292390710602,35.81278429199029
3555,36.274577048,36.451320668,36.0580150009653,33.28674347970588,35.97777368232151,35.8053628100358
3556,36.339383042,36.463103576,36.052869585434784,33.23995840382353,35.980138626153845,35.81583636987156
3557,36.330545861000004,36.460157849,36.066298693125,33.163542779882356,35.98042771893607,35.8360607979185
3558,36.286359956,36.43953776,36.06838333978058,33.165448838529414,35.9809589689025,35.8010669132973
3559,36.3438016325,36.4380648965,36.0695324246729,33.166835063,35.992333182239385,35.80708221167568
3560,36.3526388135,36.433646306,36.06200086478261,33.160943609,35.98108110048295,35.81753617423077
3561,36.283414229,36.404189036000005,36.065104657453276,33.20564934817647,35.97286453966022,35.80225932700993
3562,36.286359956,36.404189036000005,36.071279991279965,33.154878876941176,35.96063272501385,35.79424983411543
3563,36.2966700005,36.430700579,36.085018139042056,33.16804800941176,35.97414959208433,35.79333071631579
3564,36.286359956,36.427754852,36.07600201200935,33.11121280611765,35.96962220528671,35.80355548042709
3565,36.342328769,36.417444807500004,36.072527705958876,33.129407002294116,35.96935867923729,35.79205050082625
3566,36.3438016325,36.415971944,36.069030764000004,33.18710859588236,35.985606977743934,35.77223898098086
3567,36.3438016325,36.4144990805,36.06858154813945,33.15383920858824,35.980076363892806,35.78922944161002
3568,36.32170868,36.405661899500004,36.06522046739591,33.129060446176474,35.95748195484691,35.801833344845605
3569,36.355584540500004,36.401243309,36.08033281944444,33.14482874952941,35.96200391115384,35.824862726
3570,36.365894585,36.4086076265,36.08321809019231,33.27478729364706,35.97987137111875,35.814325166
3571,36.3879875375,36.386514674,36.084372043076925,33.17965763935294,35.99033624507418,35.833605849823066
3572,36.3820960835,36.413026217,36.06784723978375,33.16371605794118,35.95251865046397,35.88392214779913
3573,36.3820960835,36.418917671,36.069994489500004,33.170473902235294,35.93441754815675,35.88583511580111
3574,36.306980045,36.433646306,36.06819762909091,33.149333979058824,35.95501550222745,35.89028996295255
3575,36.3025614545,36.445429214,36.06171769090909,33.109480025529415,35.96676499717887,35.89380307368421
3576,36.2613212765,36.424809125,36.050261313457945,33.07135885258823,35.947624141924564,35.890673633033295
3577,36.265739867,36.4262819885,36.04516670630966,33.10774724494118,35.940864206589595,35.8962264071048
3578,36.345274496,36.427754852,36.04831800812534,33.100123010352945,35.94036644828452,35.89929003212085
3579,36.3614759945,36.4439563505,36.05614813205073,33.156784935588234,35.96872001156559,35.89049214742102
3580,36.355584540500004,36.4469020775,36.04928059797626,33.19455955241177,35.950040673076565,35.899957651374926
3581,36.3614759945,36.451320668,36.05021642052841,33.189014654529416,35.95461931817577,35.88123585447059
3582,36.348220223,36.4469020775,36.04375539844628,33.21050113382353,35.95828606518238,35.88427348699643
3583,36.348220223,36.4439563505,36.050600054754455,33.218298646470586,35.95528431027855,35.88844422171765
3584,36.349693086500004,36.4557392585,36.04948515454546,33.172726517,35.978859563099526,35.87919882984884
3585,36.349693086500004,36.460157849,36.05340091970757,33.24827575064706,35.9671129820508,35.888862933012895
3586,36.32170868,36.4351191695,36.05506183229358,33.18364303470588,35.953492805,35.86859979128085
3587,36.333491588,36.448374941000004,36.04652643066514,33.19178710347059,35.96950694760446,35.856165567579694
3588,36.339383042,36.405661899500004,36.06602328171698,33.160770330941176,35.940341232256216,35.83646059339818
3589,36.345274496,36.4086076265,36.0598624054454,33.246369692,35.98403577410292,35.831606998048784
3590,36.339383042,36.433646306,36.06047264779521,33.21327358276471,35.977367501134815,35.827261130731706
3591,36.339383042,36.4469020775,36.06068187374371,33.1852025372353,35.981535305883995,35.831899334416875
3592,36.336437315,36.4233362615,36.0576829684818,33.15591854529412,35.97459735193762,35.82420423509792
3593,36.35116595,36.4233362615,36.05769114137041,33.193173327941174,35.960863811253404,35.823008580209425
3594,36.368840312,36.448374941000004,36.06357250514706,33.1969854452353,35.97135809375,35.83034853108141
3595,36.367367448500005,36.4233362615,36.06213322521023,33.227309105529415,35.97584695162598,35.81009720354204
3596,36.306980045,36.4233362615,36.06377279967742,33.20374328952941,35.97373614670992,35.84157418369033
3597,36.333491588,36.41008049,36.05507309271789,33.25919226835294,35.96244765089642,35.82076633415659
3598,36.327600134,36.4086076265,36.04559791484375,33.18710859588236,35.95313998189761,35.8410527055929
3599,36.330545861000004,36.404189036000005,36.05524199908257,33.179137805176474,35.951263680111424,35.8625778566809
3600,36.32170868,36.4203905345,36.04961033396863,33.186588761705885,35.970714297827925,35.85837365240642
