frame,left_eye_temp,right_eye_temp,forehead_temp,nose_temp,left_cheek_temp,right_cheek_temp
0,37.391007581000004,37.4425578035,36.18102351668284,36.33245191964706,35.15275923842746,35.55140259262668
1,37.396899035000004,37.4602321655,36.19125272818031,36.318416396882355,35.186770595793796,35.33096197419562
2,37.391007581000004,37.435193486,36.180548680334056,36.33765026141177,35.12674445452907,35.35413656892228
3,37.4042633525,37.4484492575,36.18153270551724,36.32413457282353,35.166007565550025,35.370053630730226
4,37.4042633525,37.4425578035,36.18170729063039,36.32222851417647,35.15730746042068,35.32918658021095
5,37.414573397,37.44108494,36.184849822667026,36.35844362847059,35.167784727026316,35.38566914560575
6,37.408681943000005,37.44108494,36.178006547911714,36.37074637064706,35.14479828257294,35.422800071428576
7,37.4101548065,37.4425578035,36.18902399400862,36.365894585,35.146230775809016,35.40929566170807
8,37.4042633525,37.4631778925,36.17843998821732,36.35809707235294,35.14896216828496,35.41046868159338
9,37.4131005335,37.464650756000005,36.190880944757545,36.36450836052941,35.155269262655345,35.359917571267175
10,37.408681943000005,37.470542210000005,36.180473877858695,36.35861690652941,35.152951658936075,35.35626452477027
11,37.4131005335,37.485270845,36.192329580673075,36.33435797829412,35.19108721381308,35.34915023466393
12,37.4131005335,37.4661236195,36.18737337112069,36.35653756982353,35.1554995539057,35.351870762421754
13,37.41162767,37.461705029,36.18129884014423,36.37334554152941,35.10955894896552,35.32984326006993
14,37.3748060825,37.427829168500004,36.1637250239763,36.35567117952941,35.11439380514706,35.38893740810549
15,37.3954261715,37.4366663495,36.141037424000004,36.36242902382353,35.07279613677834,35.37929622247731
16,37.388061854,37.4248834415,36.14279244525862,36.35740396011765,35.09430896074074,35.40643149397838
17,37.383643263500005,37.371860355500004,36.17070474584041,36.32794669011765,35.12085991685625,35.25359087080824
18,37.3306201775,37.3541859935,36.08995901834333,36.22120740588235,35.16549467559456,35.18951776824317
19,37.302635771,37.1833338275,36.0220153704486,35.906187894941176,35.32754059934966,35.09454206753947
20,37.2510855485,36.283414229,35.928742624536085,35.16888975464706,35.37782306187657,35.142920520107445
21,37.034574614,37.125892151,35.53908944126923,35.91467851982353,35.0940818732294,35.43213814225166
22,,,,,,
23,37.308527225,36.720854688500005,,36.00149082729412,35.08480239857868,35.824358554734076
24,37.326201587,37.181860964,,36.283587507058826,35.11793409389105,35.460071737010146
25,37.270232774,37.3276744505,36.020824906769235,36.27128476488235,35.15526152463917,35.44330925375
26,37.326201587,37.3924804445,36.15793275076033,36.293291078352944,35.03808346214286,35.28135461836216
27,37.337984495,37.4042633525,36.12944408515837,36.268685594000004,35.157178196435986,35.38835771689003
28,37.360077447500004,37.41162767,36.09521799990847,36.271631321,35.161531024223436,35.44566047084025
29,37.337984495,37.4042633525,36.095375285102975,36.24650600247059,35.22743820188679,35.381094525310495
30,37.3482945395,37.4101548065,36.103451350207145,36.26071480329412,35.23394378652651,35.37796502719749
31,37.3512402665,37.414573397,36.11590684168719,36.23749554341177,35.2140344384714,35.38843753063448
32,37.358604584,37.4189919875,36.114595396681416,36.25880874464706,35.17216483285107,35.341666916786885
33,37.385116127,37.426356305,36.106514198716816,36.25291729064706,35.21980496306898,35.3408960644335
34,37.391007581000004,37.420464851000006,36.121838848667096,36.26677953535294,35.16567199263559,35.391571065551204
35,37.393953308,37.4307748955,36.130106083097346,36.23957488011765,35.17049574840813,35.3386975372449
36,37.385116127,37.421937714500004,36.11576394017391,36.239228324,35.1416394343747,35.32683591411765
37,37.393953308,37.4366663495,36.11801806170435,36.238881767882354,35.152262057976245,35.31627915799012
38,37.337984495,37.417519124,36.0939870025188,36.21115727847059,35.12196769835411,35.38919267818182
39,37.393953308,37.435193486,36.118752358869564,36.27665638470588,35.14240116452426,35.31713862675575
40,37.3821704,37.4160462605,36.12320055812623,36.2546500712353,35.209013729173556,35.38160228549497
41,37.3821704,37.311472952,36.135121073727184,36.27700294082353,35.170611162927464,35.4155741692237
42,37.379224673,37.337984495,36.12734192803478,36.300742034882354,35.17385003281753,35.3518590968037
43,37.3806975365,37.299690044,36.14283194734483,36.26522003282353,35.166858401453254,35.31386458618353
44,37.379224673,37.388061854,36.13121101315005,36.294504024764706,35.118131550884954,35.25763412645509
45,37.370387492,37.3806975365,36.10711300756044,36.36190918964706,35.038111565013956,35.33846444809623
46,37.3865889905,37.435193486,36.096970164100604,36.33141225129412,35.01808717598909,35.36736998990467
47,37.3895347175,37.4484492575,36.09839451885715,36.32326818252941,35.01757053373494,35.33974810914916
48,37.371860355500004,37.432247759,36.08470773846154,36.338689929764705,35.09562181844475,35.45516392695697
49,37.358604584,37.2805428185,36.09327698328079,36.310099050058824,35.11084874083259,35.42670841467996
50,37.373333219,37.420464851000006,36.10168023945495,36.28601339988236,35.07812978366158,35.30087286689321
51,37.364496038,37.417519124,36.10209647903556,36.30282137158824,35.078360721139944,35.33627142953635
52,37.364496038,37.414573397,36.09885729892308,36.28289439482353,35.04833479566167,35.32838802008593
53,37.3924804445,37.4160462605,36.11538190423077,36.28324095094118,35.1227654795521,35.35707922741514
54,37.3895347175,37.41162767,36.10861181725329,36.25170434423529,35.14073617639606,35.42122259553847
55,37.391007581000004,37.417519124,36.11830115181034,36.25153106617647,35.07984659,35.2237729369443
56,37.3777518095,37.4189919875,36.11276775935178,36.223286742588236,35.11807401256757,35.23282053826087
57,37.385116127,37.4189919875,36.0957842266087,36.25187762229412,35.05291662879518,35.307117462287515
58,37.361550311,37.4189919875,36.098442888758626,36.3224017922353,35.01487463648979,35.34033298520767
59,37.385116127,37.420464851000006,36.10276154080089,36.256902686000004,35.07115993170825,35.31014540608237
60,37.3821704,37.228992596,36.09392958476235,36.26192774970588,35.10531463799624,35.335545079472595
61,37.396899035000004,37.365968901500004,36.10949691463514,36.25326384676471,35.037639501363635,35.20965826144201
62,37.3630231745,37.1627137385,36.113091909515376,36.254130237058824,35.08918168759003,35.26915454682377
63,37.3954261715,37.2157368245,36.1174356570984,36.25516990541177,35.1020311759268,35.2891214971831
64,37.379224673,37.2628684565,36.108370200018804,36.24408010964706,35.085777467334275,35.282230220821916
65,37.365968901500004,37.421937714500004,36.12163403854787,36.25118451005883,35.115605296432136,35.26522889511521
66,37.361550311,37.4160462605,36.116095256923074,36.247892226941175,35.09692731448741,35.230936940182836
67,37.332093041,37.435193486,36.119861956606336,36.24408010964706,35.119535780300275,35.27344245180227
68,37.329147314000004,37.423410578,36.113567668144796,36.22640574764706,35.06881040871749,35.24844076759507
69,37.3541859935,37.423410578,36.113582478235294,36.242174051,35.095976030721744,35.232436276324655
70,37.349767403,37.4248834415,36.10664885547747,36.25724924211765,35.07922152798395,35.2220986322668
71,37.3482945395,37.4072090795,36.114340485594404,36.25638285182353,35.08935073886076,35.267234699254345
72,37.3541859935,37.402790489,36.09287932398032,36.263140696117645,35.08142791008625,35.230151520283115
73,37.376278946,37.402790489,36.116293622377626,36.26331397417647,35.06202525948159,35.22643941340292
74,37.3630231745,37.4160462605,36.10245517208621,36.25482334929412,35.065835172618826,35.33577958174002
75,37.3424030855,37.393953308,36.10024867450212,36.23662915311765,35.0717745563578,35.22008289897674
76,37.3394573585,37.385116127,36.07649346868366,36.23073769911765,34.97476978632979,35.31921603095286
77,37.346821676000005,37.337984495,36.05828619655173,36.21098400041177,35.031991946492646,35.168891174959015
78,37.35271313,37.427829168500004,36.06954113477966,36.18395262323529,35.0388203833289,35.19892248310312
79,37.3482945395,37.414573397,36.09204726027972,36.161426475588236,35.12919980321194,35.244125535798
80,37.3394573585,37.4160462605,36.09684072879121,36.19746831182353,35.15398421716956,35.17742475768328
81,37.3424030855,37.4248834415,36.10406297520879,36.20925121982353,35.1306570927223,35.19287629247082
82,37.3276744505,37.385116127,36.08677376754987,36.21878151305882,35.06275580576923,35.15414542911417
83,37.335038768000004,37.41162767,36.09757223053202,36.294504024764706,35.05343398059701,35.13346708834575
84,37.358604584,37.421937714500004,36.06332183955691,36.25898202270589,35.03803627666965,35.19591995306123
85,37.343875949,37.3630231745,36.078850639841534,36.200587316882356,35.08165607,35.29992159303622
86,37.3247287235,37.3541859935,36.05540531801286,36.20266665358824,35.01748870188329,35.30787376872881
87,37.346821676000005,37.3821704,36.08766246746247,36.206478770882356,35.10399207995524,35.17807349176471
88,37.346821676000005,37.3777518095,36.072195455944055,36.238881767882354,35.03250224091837,35.27883908834497
89,37.346821676000005,37.365968901500004,36.070635380826275,36.24182749488236,34.979389823396225,35.28504509825076
90,37.329147314000004,37.3777518095,36.06921779428571,36.20925121982353,34.984297109056605,35.26621426435294
91,37.3335659045,37.373333219,36.08436179315554,36.21808840082353,35.02891022970425,35.28650871110331
92,37.310000088500004,37.240775504,36.052173191041874,36.20110715105882,35.00645163962643,35.369145972570024
93,37.320310133,37.340930222,36.08888474817583,36.12174580011765,35.06141268431355,35.209146065702896
94,37.335038768000004,37.4160462605,36.09598405160839,36.06300453817647,35.076637786230364,35.19970565707006
95,37.3424030855,37.370387492,36.07513920641824,36.18187328652941,35.12823428024896,35.375826970688145
96,37.329147314000004,37.4013176255,36.05417624323077,36.16541187094118,35.18407608757781,35.422471628000004
97,37.329147314000004,37.4160462605,36.05853244332288,36.20232009747059,35.109248476774475,35.36416096658228
98,37.326201587,37.405736216,36.05819287634222,36.14600472835294,35.078122426359286,35.27442264672341
99,37.3365116315,37.3806975365,36.069075144067796,36.08657035417647,35.203854488293985,35.202417638717456
100,37.3335659045,37.373333219,36.07461626747903,36.151203070117646,35.172682282671325,35.23602729927073
101,37.304108634500004,37.376278946,36.09077823,36.17615511058824,35.06996771467691,35.26641286547783
102,37.290852863,37.370387492,36.07027283692308,36.23905504594118,34.97976939245283,35.24167365364795
103,37.340930222,37.364496038,36.06397091902098,36.156747968000005,35.02877775216514,35.29411357020823
104,37.329147314000004,37.346821676000005,36.05527335678322,36.126597585764706,35.05190892391697,35.17420361511765
105,37.360077447500004,37.3482945395,36.02994427957404,36.048275903176474,35.08522539745801,35.21384008114314
106,37.361550311,37.3482945395,36.05374602170846,36.07981250988235,35.01009325343124,35.257666518342546
107,37.3541859935,37.349767403,36.05132021941684,36.03683955129412,35.080862553820225,35.152012053340044
108,37.340930222,37.3482945395,36.03444295576196,36.103724882,35.045320942583736,35.24612064462445
109,37.367441765,37.355658857,36.037197143097075,36.112562063,35.02743620610825,35.24704933840607
110,37.3482945395,37.3482945395,36.04741932456731,36.09142213982353,35.02865859800261,35.169789150285716
111,37.379224673,37.337984495,36.04762188863877,36.09003591535294,35.022688391876926,35.304742786975865
112,37.361550311,37.3482945395,36.05180020267797,36.10944305794118,35.01626256007722,35.18904138657459
113,37.3630231745,37.3512402665,36.05764229807693,36.07149516305883,35.05016236471053,35.16195979971126
114,37.3541859935,37.3482945395,36.073025296425726,36.109616336,34.98827450615522,35.21914121292891
115,37.3424030855,37.3482945395,36.087756378855936,36.127290698,34.99442590661733,35.2702139990348
116,37.3394573585,37.340930222,36.072678653846154,36.10615077482353,35.005310625741075,35.170027148540285
117,37.3424030855,37.3512402665,36.06107286309322,36.10719044317647,35.03013696017953,35.19835057103284
118,37.3541859935,37.3512402665,36.0682049777385,36.09592736935294,35.04015820651352,35.195847478004914
119,37.349767403,37.3541859935,36.05519821478066,36.10251193558824,35.02026272892907,35.21158918325991
120,37.3541859935,37.3394573585,36.06026615244344,36.08570396388235,35.036479882394495,35.239175646043094
121,37.355658857,37.3541859935,36.05671173072398,36.05191474241177,35.05980830666368,35.19267291368069
122,37.3512402665,37.346821676000005,36.03320901468531,36.043077561411764,35.01750301211738,35.17190147605328
123,37.3512402665,37.3482945395,36.04849893081664,36.065083874882355,35.01983338312611,35.168018944411905
124,37.3424030855,37.3482945395,36.05363027020626,36.057286362235295,34.95243951124483,35.22444993191996
125,37.349767403,37.3482945395,36.06107160229584,36.04654312258823,35.003661561215125,35.18781642169394
126,37.3394573585,37.346821676000005,36.053615696417765,36.011540954705886,34.957614584016284,35.24348041308677
127,37.340930222,37.346821676000005,36.05690708047942,36.02367041882353,34.98949772120643,35.21641227726336
128,37.335038768000004,37.35271313,36.043129819873954,36.01050128635294,34.97656932839327,35.18495139703118
129,37.337984495,37.3512402665,36.04009480918552,36.02263075047059,34.99032588689121,35.18346604620088
130,37.3188372695,37.299690044,36.0336011445477,36.006342612941175,35.00087103814994,35.20182983150711
131,37.320310133,37.299690044,36.04616120360144,36.01188751082353,35.003486254381244,35.17311327343795
132,37.305581498,37.299690044,36.03960035129016,36.020897969882355,34.99237729767725,35.19035219057416
133,37.3070543615,37.299690044,36.04237844820474,36.015699628117645,34.99682676277098,35.13429544643337
134,37.3070543615,37.299690044,36.04085893096368,36.02574975552941,34.97780545848673,35.17630761126075
135,37.3070543615,37.299690044,36.04937514897337,36.03943872217647,34.97497094063303,35.18138937754153
136,37.3070543615,37.3158915425,36.044216245798324,36.05035523988235,34.95410366675824,35.25997785789373
137,37.311472952,37.320310133,36.056964140566585,36.02800237029412,35.031958653808886,35.172422831074854
138,37.305581498,37.311472952,36.038875727164836,35.98745530452941,34.99502146743566,35.248095387256214
139,37.3158915425,37.317364406,36.011770286713286,35.97879140158824,34.9362249057772,35.12018397690141
140,37.2923257265,37.3247287235,35.99996418784483,36.00738228129412,34.906456187878526,34.9826774228783
141,37.299690044,37.3129458155,35.9987771691229,35.96146359570589,34.9354643538387,35.054355880918465
142,37.2952714535,37.2864342725,36.01396684752942,35.96804816194118,35.00203898613852,35.15832227436754
143,37.290852863,37.270232774,35.95668437950226,35.76375333058824,35.01643123389697,35.215539383157896
144,37.2510855485,37.284961409000005,35.99584778193985,36.07322794364706,35.0112420185,35.03791528110904
145,37.242248367500004,37.290852863,36.01231269732081,35.97601895264706,34.931156403349284,34.9586777061295
146,37.2805428185,37.304108634500004,36.00144688135707,36.013100457235296,35.00149813286414,34.991751422869356
147,37.296744317,37.296744317,35.99354788484769,35.921089808000005,34.96360685064544,35.147469309684816
148,37.2893799995,37.314418679,36.0022994582353,35.85611053594118,35.08485733294421,35.0672228511017
149,37.290852863,37.317364406,35.98944112609244,35.909306900000004,35.00414719847652,35.04316990807263
150,37.290852863,37.3247287235,35.99753843728571,35.87655734688235,34.9803102662908,35.04515540576765
151,37.242248367500004,37.3365116315,36.00829566224826,35.949680687705886,35.00207877908739,35.11359041091562
152,37.2864342725,37.3365116315,36.0017604606993,35.92507520335294,34.994449713546715,35.17726992977367
153,37.287907136,37.343875949,36.00813363825507,35.955918697823535,34.98619534693356,35.072550051043834
154,37.2952714535,37.35271313,35.98174830781784,35.87031933676471,34.9952162275186,35.12739749928539
155,37.304108634500004,37.346821676000005,36.01765498320879,35.96544899105882,34.99007549587953,35.11382548490826
156,37.2923257265,37.332093041,36.019005240316744,35.99525281717647,35.0011824664156,35.10758469806238
157,37.296744317,37.343875949,36.01850169723982,35.979311235764705,34.98920509083784,35.113379682597404
158,37.296744317,37.326201587,36.01282860892479,35.97203355729412,34.96056224186739,35.09766275594393
159,37.29379859,37.329147314000004,36.02206140827731,35.96700849358824,34.906759794321104,35.154151961696805
160,37.302635771,37.326201587,36.032086781680675,35.91346557341177,34.96258147659964,35.13955738307693
161,37.304108634500004,37.326201587,36.03958799634836,35.90445511435294,34.986400820648065,35.163093483878036
162,37.298217180500004,37.326201587,36.031106776835166,35.958171312588235,34.991233168473805,35.21479564734501
163,37.282015682,37.226046869,36.04060901297414,35.94985396576471,35.00787417749431,35.23312865681818
164,37.282015682,37.3217829965,35.97299784479661,35.87811684941177,34.98046568041802,35.20917750558093
165,37.276124228,37.2864342725,35.989440589890606,35.95331952694118,35.03277883434803,35.23590927813534
166,37.2805428185,37.326201587,35.9739550584363,35.84086206676471,34.99181701174544,35.1914572497849
167,37.2893799995,37.326201587,35.97720840372882,35.94916085352941,34.94002440066946,35.201773458519924
168,37.2834885455,37.3306201775,35.97211820003253,35.84068878870588,34.98472385640167,35.10577881466413
169,37.29379859,37.326201587,35.99339704209553,35.942922843411765,34.98480602451883,35.20907684545455
170,37.273178501000004,37.299690044,35.990377335384615,35.937897779705885,34.99839956323652,35.12677984605301
171,37.2864342725,37.304108634500004,35.99956151488159,35.91935702741176,35.03028585899772,35.117227244240354
172,37.2923257265,37.314418679,35.99062006699771,35.890419591588234,35.00132040732818,35.069335044253734
173,37.2952714535,37.3129458155,35.989557798210896,35.955572141705886,34.97706936755798,35.15869918423077
174,37.270232774,37.3158915425,35.98229821944538,35.885047971764706,34.97050022694823,35.15489547272553
175,37.2893799995,37.314418679,35.98922430708475,35.923342422764705,34.978039879552654,35.19666595787836
176,37.2775970915,37.3011629075,35.98566280664407,35.944482345941175,34.947519509419415,35.17196351301741
177,37.267287047,37.317364406,35.976983089538464,35.93495205270588,34.946859828030234,35.08759489506931
178,37.267287047,37.3158915425,35.96647397483051,35.924555369176474,34.975963460112624,35.11028738419214
179,37.279069955000004,37.311472952,35.9806550170585,35.946908238764706,34.983309578917456,35.11898443894537
180,37.273178501000004,37.304108634500004,35.970185258,35.90081627511765,34.96126401844024,35.14526859853403
181,37.2717056375,37.3070543615,35.972417632307696,35.91017329029412,34.972802679556175,35.16013531307241
182,37.259922729500005,37.2864342725,35.9691367788983,35.92836748647059,34.95632107723849,35.13550017447977
183,37.254031275500004,37.284961409000005,35.966375115384615,35.965968825235294,34.91766474399816,35.16380922883523
184,37.258449866,37.270232774,35.962117391159104,35.910866402529415,34.91061700715935,35.10540122134993
185,37.270232774,37.276124228,35.98123482117004,35.9247286472353,34.92716206042494,35.11918553325024
186,37.2628684565,37.2746513645,35.977755725817296,35.92126308605882,34.923234967834105,35.13836241372004
187,37.255504139,37.2717056375,35.9814435066005,35.973073225647056,34.910705447,35.12780266697087
188,37.2451940945,37.276124228,35.979311235764705,35.941363340882354,34.91287336211969,35.03087311942748
189,37.2569770025,37.302635771,36.00657365035294,35.99629248552941,34.89105618450564,34.99865802535344
190,37.249612685,37.2923257265,36.00286441690625,35.96198342988235,34.8934901252716,35.03297363091922
191,37.2569770025,37.284961409000005,35.99307248844724,35.926114871705884,34.88776261765013,34.971250146601946
192,37.2451940945,37.246666958,35.95814846273433,35.89821710423529,34.83253193831976,34.91311801074208
193,37.240775504,37.258449866,35.963178877770936,36.01136767664706,34.829615596723016,34.900231751
194,37.228992596,37.248139821500004,35.945000985096556,36.00668916905882,34.807844196072374,34.96037352765997
195,37.211318234000004,37.240775504,35.94825040949153,35.886954030411765,34.85236976165066,34.91475238035514
196,37.237829777,37.140620786,35.93039954190705,35.84086206676471,34.91707937891741,35.06250456035806
197,37.279069955000004,37.282015682,35.94581081105883,35.856283814,34.95389605136824,35.02251077178735
198,37.259922729500005,37.267287047,35.93232736401683,36.060751923411765,34.83415704537122,35.09255490694383
199,37.276124228,37.2923257265,35.9475733298157,36.080332344058824,34.853092763876404,35.09151388464522
200,37.276124228,37.2864342725,35.94070901391304,35.98433629947059,34.88349605523462,35.0777094977993
201,37.273178501000004,37.267287047,35.97081109010989,35.92091652994118,34.906233718963925,35.022878839558416
202,37.2658141835,37.26434132,35.947717976206896,35.93755122358824,34.922177981465516,34.95507364734178
203,37.259922729500005,37.2569770025,35.96535060436441,35.977405177117646,34.858406230290456,34.96113575024885
204,37.2275197325,37.252558412,35.97296169034483,35.923342422764705,34.9578159878759,34.98959302198431
205,37.2717056375,37.2864342725,35.95332374588522,35.89925677258824,34.88517627034001,35.11032256928111
206,37.279069955000004,37.282015682,35.92454341896552,35.86962622452941,34.86381308885379,35.096286248
207,37.2658141835,37.3070543615,35.928914820862865,35.9129457392353,34.888338776504426,35.10450453414788
208,37.2775970915,37.287907136,35.95646328600841,35.88175568864706,34.997680507026296,35.03375864238902
209,37.2805428185,37.296744317,35.95908085295959,35.95176002441177,34.93357650348574,35.12038061311282
210,37.26434132,37.287907136,35.95034566076923,35.843114681529414,34.93861086712934,35.06695659072202
211,37.279069955000004,37.2893799995,35.969303204152546,35.83081193935294,34.94020884695302,35.01592292807847
212,37.26434132,37.2893799995,35.94629633519231,35.931139935411764,34.970767043400365,35.041852083031124
213,37.26434132,37.304108634500004,35.95079447090301,35.81088496258823,34.95048060979574,35.073849143867506
214,37.26434132,37.2864342725,35.928794017076925,35.85264497476471,34.90661625296868,35.10351937380165
215,37.2687599105,37.267287047,35.93350094593407,35.939803838352944,34.92754124437956,35.125995892584065
216,37.259922729500005,37.258449866,35.936521114475525,35.87569095658824,34.91288875054118,35.10723984410014
217,37.26434132,37.279069955000004,35.9358115765035,35.90098955317647,34.87913938221705,35.15098333123144
218,37.252558412,37.2717056375,35.92118593895105,35.89059286964706,34.94248059956821,35.078614637730034
219,37.237829777,37.276124228,35.927013581888716,35.8746512882353,34.985237898075475,35.107453874759706
220,37.261395593,37.273178501000004,35.9264826122884,35.848139745235294,34.96750055088359,35.112119530625
221,37.2687599105,37.2805428185,35.946443201923074,35.88816697682353,34.90703700642435,35.19920690684507
222,37.2510855485,37.26434132,35.94956222474513,35.75110403229412,35.00125164239278,35.11181136712447
223,37.228992596,37.2334111865,35.92309631769565,35.82145492417647,34.906214758286715,35.01993497070932
224,37.2216282785,37.231938323,35.90077979552632,35.84242156929412,34.86372417390147,34.96229124591304
225,37.226046869,37.2334111865,35.91339334573965,35.91277246117647,34.84079551992386,34.91683603750923
226,37.178915237,37.1391479225,35.902433537,36.01119439858824,34.914108040586115,35.11699880376682
227,37.2245740055,37.3011629075,35.91770079675676,36.03406710235294,34.86422652907515,35.094313140416276
228,37.2717056375,37.1273650145,35.987197221071426,36.23229720164706,34.779053260074974,35.088562775865775
229,37.2746513645,36.957985712,36.064175769500004,35.82890588070588,34.806374918197804,34.84380711287958
230,37.1774423735,37.217209688000004,35.984947178050845,35.96007737123529,34.73165560654003,35.12478656920293
231,37.2039539165,37.255504139,35.953470203514065,35.83808961782353,34.94479859330912,35.04111394230064
232,37.196589599,37.2393026405,35.92009936066087,35.94205645311765,34.810859793086635,35.041729403189464
233,37.2334111865,37.246666958,35.9046392746087,35.846233686588235,34.85323648349849,35.06694759787919
234,37.211318234000004,37.231938323,35.90608880336894,35.89405843082353,34.88635737396144,35.1730242664151
235,37.202481053,37.2363569135,35.91618286753316,35.69860078047059,34.94070600675127,35.01351796379699
236,37.152403694,37.228992596,35.913149888672415,35.927674374235295,34.86622266595135,35.02050900835989
237,37.1509308305,37.2363569135,35.924846677217396,35.92351570082353,34.86986546799109,35.08090145580095
238,37.1450393765,37.178915237,35.89594681263158,36.04169133694118,34.793314977086396,35.001917282747876
239,37.152403694,37.234884050000005,35.90091305583947,35.87898323970588,34.87059251471119,35.14683321565217
240,37.1391479225,37.2039539165,35.882551572696556,35.93062010123529,34.874315460762155,35.13258459033812
241,37.1391479225,37.111163516000005,35.92784466474138,35.72719166017647,34.85965104650744,35.14061376100904
242,37.1744966465,37.2216282785,35.93144291868421,35.722166596470586,34.913132346803756,35.04137438271202
243,37.1892252815,37.2275197325,35.939221581024846,35.913292295352946,34.95395407522727,34.97496132683629
244,37.1597680115,37.226046869,35.911233149307826,35.94361595564706,34.85198201680537,35.01451798464589
245,37.173023783000005,37.2393026405,35.911099951217395,36.04221117111765,34.79834700285714,35.095000426074364
246,37.161240875000004,37.14651224,35.87278677578948,36.050528517941174,34.75893330360266,35.18568140182532
247,37.108217789,37.255504139,35.86108120622378,35.73689523147059,34.98584591219184,35.058785316482556
248,37.164186602,37.2245740055,35.90360007846154,35.84588713047059,34.84801840284292,35.13171607362832
249,37.173023783000005,37.2304654595,35.90718783947035,35.83895600811765,34.86687969475365,35.159757232719215
250,37.202481053,37.223101142000004,35.89591723181818,35.861135599647056,34.84802834062392,35.17300328698889
251,37.2157368245,37.2510855485,35.88451732549261,35.84917941358824,34.84372449567225,35.071592524868805
252,37.2275197325,37.2393026405,35.87492315553448,35.840342232588235,34.859818938572715,35.10602530167992
253,37.128837878,37.240775504,35.90200796384988,35.83653011529412,34.85054413523514,35.04159303377189
254,37.1774423735,37.2363569135,35.89391580765368,35.776749185,34.92509668595595,35.10617730047252
255,37.152403694,37.2510855485,35.90585444113422,35.849699247764704,34.81428637162011,35.109137772954654
256,37.184806691,37.228992596,35.89351873473518,35.8068995672353,34.85430072523831,35.11696586130113
257,37.180388100500004,37.2510855485,35.905418638796995,35.82890588070588,34.86335357372897,35.11380505072492
258,37.1951167355,37.248139821500004,35.89835578458647,35.950547078,34.848710240604674,35.089171273533466
259,37.2186825515,37.252558412,35.89180798882445,35.84536729629412,34.913071465711674,35.07402402506438
260,37.209845370500005,37.252558412,35.90939924253919,35.84484746211765,34.83982542387604,35.17207453066542
261,37.2304654595,37.273178501000004,35.91119622835173,35.80499350858824,34.86190439019196,35.15466224223004
262,37.2186825515,37.255504139,35.913649959038466,35.797715830117646,34.84515608686441,35.07046773141159
263,37.170078056,37.2510855485,35.89872259815862,35.80066155711765,34.87963949761109,35.12098848659899
264,37.228992596,37.258449866,35.88638370087912,35.801354669352946,34.872173013358385,35.11243841614354
265,37.192171008500004,37.2510855485,35.87797625098684,35.78575964405883,34.93195926689196,35.02207326305321
266,37.211318234000004,37.2628684565,35.887695391985474,35.72857788464706,34.80824561549257,35.104197951551726
267,37.152403694,37.214263961,35.86453497503979,35.73828145594118,34.885587270451424,35.07477729873317
268,37.20542678,37.220155415,35.87151186823276,35.67035645688235,34.874658251649485,35.097292828080406
269,37.178915237,37.111163516000005,35.85440166706994,35.75508942764706,34.855942287140785,35.0656167205666
270,37.180388100500004,37.208372507,35.84985095654135,35.73810817788235,34.82766527595979,35.130107888108924
271,37.187752418,37.128837878,35.8488066684472,35.740534070705884,34.898206781519846,35.00499876943878
272,37.167132329,37.17596951,35.84886546801435,35.75959465717647,34.88998128913641,35.05784942753363
273,37.143566513,37.158295148,35.85220113973684,35.75127731035294,34.8328727936,35.17668441057187
274,37.1627137385,37.114109243,35.84012694772727,35.711943191,34.82027105832689,35.10077581105813
275,37.1597680115,37.164186602,35.84825001309091,35.780907858411766,34.80320555801637,35.19379146575804
276,37.164186602,37.155349421000004,35.83630410043479,35.763233496411765,34.77181196658179,35.192895239334696
277,37.180388100500004,37.2569770025,35.86013762225564,35.75595581794118,34.84723147083133,35.2460019136
278,37.1597680115,37.258449866,35.85305144275777,35.65736060247059,34.85185993647059,35.14774940107303
279,37.1715509195,37.2628684565,35.869530351246084,35.619239429529415,34.83583843013507,35.04931905504331
280,37.1568222845,37.202481053,35.86825294612069,35.66689089570588,34.83257855959548,35.11566006788462
281,37.17596951,37.252558412,35.87525558867555,35.660652885588235,34.841956201983166,35.03045411486487
282,37.170078056,37.214263961,35.85722570789969,35.70622501505883,34.84492881411765,35.057520876649065
283,37.173023783000005,37.249612685,35.87357836712144,35.69236277035294,34.84947748724218,35.07698483439681
284,37.181860964,37.234884050000005,35.87006836392142,35.71176991294118,34.81672752014974,35.084590064052996
285,37.170078056,37.2334111865,35.87765235111888,35.71090352264706,34.832754359104044,35.05253443485461
286,37.167132329,37.208372507,35.85688904239224,35.70275945388235,34.76307786621277,35.151122534690266
287,37.1656594655,37.217209688000004,35.87151927605351,35.787838980764704,34.79048565215262,35.031850803764016
288,37.143566513,37.187752418,35.86564296511556,35.725285601529414,34.760621396482414,35.035498586504616
289,37.155349421000004,37.1332564685,35.873301069595115,35.68491181382353,34.794654789594404,35.01884371489786
290,37.114109243,37.1332564685,35.87488806570698,35.679540194,34.809496653973355,35.044945630716335
291,37.14651224,37.143566513,35.87808722923077,35.706051737,34.79155113317483,35.10163130573763
292,37.11705497,37.099380608000004,35.889267786432974,35.684218701588236,34.788146195816374,35.01909941584416
293,37.11705497,37.093489154000004,35.88658985279661,35.69964044882353,34.79328328018357,35.03449095010793
294,37.1096906525,37.0861248365,35.88010357198276,35.696348165705885,34.77721878904565,35.0996480381356
295,37.1067449255,37.081706246,35.899981282215386,35.68040658429412,34.76618235756922,35.019886508552815
296,37.0655047475,37.0861248365,35.888601208676924,35.709690576235296,34.721588693094915,35.02247664010106
297,37.069923338,37.1008534715,35.90020561933793,35.75872826688236,34.76764441581901,35.002349825359666
298,37.1391479225,37.0920162905,35.89700474520678,35.832198163823534,34.75269600596443,34.934602123641305
299,37.1627137385,37.1008534715,35.88045807788462,35.86772016588235,34.714477803361774,34.95206779800922
300,37.147985103500005,37.102326335,35.87967596886514,35.90861378776471,34.72001535505782,34.85340341587657
301,37.120000697,37.1214735605,35.879585530337934,35.76202055,34.71728720373541,34.909727181447124
302,37.1450393765,37.0949620175,35.865628878965516,35.869799502588236,34.65772296568556,35.02526464847318
303,37.14651224,37.1008534715,35.87971812433036,35.912252627,34.67553673484437,35.13217485961266
304,37.1303107415,37.0949620175,35.86804343562056,35.829079158764706,34.7627129656619,34.86728726688386
305,37.137675059,37.1067449255,35.82333649788043,35.74763847111765,34.802274149035355,35.05717551120482
306,37.1185278335,37.155349421000004,35.807709376938774,35.945695292352944,34.77792028415254,35.04274376429219
307,37.134729332,37.1833338275,35.80150710458716,36.00842194964706,34.816218272852915,35.1135999087347
308,37.1332564685,37.14651224,35.77265372271684,35.897177435882355,34.70180663037855,35.311013463386935
309,37.105272062,37.2245740055,35.78463358141949,35.40870658805883,34.854777832979025,34.945472616981135
310,37.0831791095,37.209845370500005,35.815680444356765,35.69184293617647,34.891179448045875,34.97668534337989
311,37.084651973,37.1833338275,35.811248079794694,35.72753821629412,34.78421026270418,35.00507718588236
312,37.074341928500004,37.161240875000004,35.79640871084783,35.773456901882355,34.77748839960289,35.05234714325331
313,37.081706246,37.186279554500004,35.82060923524337,35.99507953911765,34.75653180621276,35.021362862531646
314,37.096434881,37.2039539165,35.81008241157895,35.97047405476471,34.72584021866539,35.07802163733146
315,37.114109243,37.196589599,35.79320462548276,35.771897399352945,34.832954812230284,35.05180066050633
316,37.093489154000004,37.167132329,35.808014521917244,35.657187324411765,34.831378055075376,35.05583909488987
317,37.0875977,37.1686051925,35.8200681201806,35.87187883929412,34.75602548203436,35.02049229066291
318,37.102326335,37.1538765575,35.815187080097395,35.66862367629412,34.79530310358566,34.9696713659593
319,37.0448846585,37.1303107415,35.80372779822703,35.95245313664706,34.718976191635846,35.06014471985373
320,37.0478303855,37.120000697,35.80411774506579,35.728404606588235,34.73750738125523,34.98144542233879
321,37.055194703,37.1273650145,35.76583149896334,35.74244012935294,34.7243613014618,35.12210071056489
322,37.049303249000005,37.131783605,35.79055879187192,35.63518101094118,34.816876049767444,35.15326584967647
323,37.064031884,37.125892151,35.79629810054546,35.6154273122353,34.866487753579136,35.038986192990386
324,37.061086157,37.111163516000005,35.77721899791866,35.81435052376471,34.7432043707113,35.100432519801195
325,37.0507761125,37.124419287500004,35.7741527536917,35.66394516870588,34.77640713435648,35.00887705698131
326,37.0566675665,37.105272062,35.769308362470184,35.68595148217647,34.81300363475285,34.97755487324324
327,37.072869065,37.158295148,35.782514307617426,35.80222105964706,34.75116401418033,34.94557272828614
328,37.0566675665,37.1450393765,35.73893707526316,35.63431462064706,34.78129436332152,35.069004105143144
329,37.049303249000005,37.1450393765,35.7523267034949,35.66377189064706,34.7690434823816,35.0094127584
330,37.006590207500004,37.072869065,35.76327433769337,35.68075314041177,34.75215984243412,34.931307940816325
331,37.043411795000004,37.096434881,35.77381932570989,35.64575097252941,34.851316147983034,34.95077862284827
332,37.024264569500005,37.14651224,35.758133826875,35.776575906941176,34.746226062941176,35.028505956906585
333,37.055194703,37.128837878,35.745037532091835,35.81556347017647,34.71509622897616,35.189883647420146
334,37.0566675665,37.1686051925,35.76903418571429,35.64436474805883,34.838511650205014,34.97519274252781
335,37.069923338,37.161240875000004,35.77972936494737,35.68404542352941,34.74380745508108,35.02541661917194
336,37.05814043,37.143566513,35.77862256401316,35.58181136882353,34.786794299183114,34.97438142282123
337,37.037520341000004,37.11705497,35.767770928058304,35.63743362570588,34.835395502100845,35.08503838627649
338,37.052248976,37.108217789,35.775263287309734,35.675554798647056,34.76553842095023,35.022576124659096
339,37.0419389315,37.1096906525,35.79248420872577,35.67156940329412,34.787900945965546,34.96876281090103
340,37.064031884,37.0979077445,35.76840730323009,35.706051737,34.82306666249769,34.97028068384917
341,37.064031884,37.0802333825,35.78886239190847,35.74659880276471,34.68519976935814,35.03172870601067
342,37.0389932045,37.0802333825,35.773493381473685,35.617679927,34.74828561917347,35.017067494962596
343,37.062559020500004,37.152403694,35.76157738753098,35.58804937894118,34.77796186394838,35.08134446565331
344,37.074341928500004,37.1597680115,35.75116787157895,35.74105390488236,34.756605243636365,35.04662117127789
345,37.075814792,37.1568222845,35.781292108133115,35.791131263882356,34.7747924839885,35.0563843683375
346,37.0566675665,37.125892151,35.74737880960177,35.76929822847059,34.700234071520974,35.12790778634664
347,37.084651973,37.180388100500004,35.78414261047431,35.652162260705886,34.76447657425231,35.075025529195635
348,37.061086157,37.164186602,35.78924232757312,35.58908904729412,34.79361639812317,35.0081173887369
349,37.055194703,37.1155821065,35.79257560645963,35.58718298864706,34.813597404283676,34.963690123319964
350,37.037520341000004,37.1037991985,35.78804355699508,35.63466117676471,34.76250490586207,34.93324963197829
351,37.069923338,37.1303107415,35.788771673830595,35.69998700494118,34.809124003392775,35.006488518356576
352,37.0713962015,37.149457967000004,35.7990748908976,35.66966334464706,34.81144311923077,35.04758317214675
353,37.0802333825,37.1420936495,35.79577138481988,35.637953459882354,34.799265296717266,34.982673966864944
354,37.0713962015,37.114109243,35.7963719745768,35.57834580764706,34.757913091518624,35.06772556793571
355,37.0802333825,37.1273650145,35.80414561041897,35.58908904729412,34.755459366595744,34.962563943255816
356,37.016900252,37.1008534715,35.79313115294072,35.519777823764706,34.734399421945895,35.0287620425
357,37.040466068,37.1185278335,35.7995555935468,35.63812673794118,34.743436990081456,34.929434452
358,37.037520341000004,37.114109243,35.790585175454545,35.598792618588234,34.773021548051574,35.04094609625
359,37.0448846585,37.134729332,35.80230931306832,35.71021041041177,34.779275581298705,34.96612581499265
360,37.0448846585,37.108217789,35.80041657779311,35.64488458223529,34.79301077279468,34.99143762385087
361,37.013954525,37.081706246,35.79671317004577,35.474725528470586,34.841644514,34.95339646011346
362,37.008063071,37.043411795000004,35.78566905307368,35.42291538888235,34.8156265082353,34.927212924992155
363,37.024264569500005,37.0772876555,35.79438768597565,35.49794478835294,34.829582435794116,34.93166219051429
364,37.031628887000004,37.0802333825,35.80350475272189,35.56275078235294,34.78995914243832,34.93961921385321
365,37.0213188425,37.093489154000004,35.79941830698225,35.58146481270588,34.78855453395621,34.94623574663271
366,37.037520341000004,37.0920162905,35.79491514159713,35.51336653558823,34.74461842761765,34.87511317864173
367,37.0331017505,37.066977611,35.837841082564104,35.53918496635294,34.77818245569745,34.86858184635908
368,37.0213188425,37.037520341000004,35.80515029473273,35.387913221000005,34.75580845452393,34.879560818815534
369,37.0183731155,37.055194703,35.82961152455621,35.56379045070588,34.74737645786237,34.900782229881074
370,37.0419389315,37.102326335,35.83005746738064,35.544036752000004,34.75690866745317,34.922430482170924
371,37.031628887000004,37.055194703,35.775490516041984,35.41477132011765,34.794338805783624,34.98289094265979
372,37.0301560235,37.11705497,35.762001182958585,35.554953269705884,34.728247722202646,34.89316593516786
373,37.0478303855,37.105272062,35.788902003491124,35.611788473000004,34.752619051772704,34.9346233592425
374,37.02868316,37.081706246,35.781716831124264,35.49569217358824,34.730987500708736,34.869928508326616
375,37.0360474775,37.114109243,35.79922584016949,35.51180703305882,34.76929930776718,34.923412076800005
376,37.013954525,37.1126363795,35.770025242934786,35.399696129,34.82265122774481,34.96435739606741
377,37.0213188425,36.9800786645,35.744244611206895,35.445788092647064,34.82840845954819,34.98613764991623
378,37.0036444805,37.1273650145,35.72354833961207,35.50418279847059,34.78420872424461,34.93552757409802
379,37.006590207500004,37.111163516000005,35.74380355407895,35.413211817588234,34.792373002123355,34.93775036012416
380,37.005117344,37.114109243,35.73757587392054,35.514579482,34.76394320121242,34.94523186558304
381,36.9830243915,37.0949620175,35.7683797564915,35.54161085917647,34.777642078263476,35.01815469595012
382,36.975660074000004,37.0537218395,35.754021377543104,35.44006991670588,34.77670377582575,34.91025120647757
383,36.978605801,37.0655047475,35.75186137361091,35.46346245464706,34.76517520348077,34.904118598480245
384,36.9859701185,37.0655047475,35.748644120190676,35.462596064352944,34.70583847111321,34.87052920479607
385,36.9830243915,37.0596132935,35.75758208577961,35.46346245464706,34.72596138667959,34.94541765712563
386,36.9859701185,37.0596132935,35.74780093137124,35.430193067352945,34.72670956724018,34.93932432943901
387,36.9918615725,37.061086157,35.75115241192308,35.469180630588234,34.735487418310264,34.912109703379585
388,36.987442982000005,37.069923338,35.754255915753845,35.49967756894118,34.711008994653184,34.94676909567976
389,37.002171617,37.069923338,35.76262092828402,35.53849185411765,34.7059404138794,34.99346676221239
390,36.996280163,37.0596132935,35.74289025396552,35.55079459629412,34.69662510004926,34.96780152712991
391,37.002171617,37.066977611,35.73769026405594,35.45583822005882,34.70637858104795,34.95262723185111
392,36.990388709,37.066977611,35.75139031778261,35.53866513217647,34.69870082397695,35.0153680419517
393,36.9918615725,37.061086157,35.75016817754606,35.46588834747059,34.71491469901942,34.94287011186976
394,36.990388709,37.061086157,35.753324830466106,35.41633082264706,34.727416254783904,34.944696826205885
395,36.9859701185,37.062559020500004,35.7553988527521,35.509207862176474,34.71770256914706,34.90469277567675
396,36.996280163,37.0655047475,35.756572213907695,35.45705116647059,34.73635370566975,34.95872406024169
397,37.005117344,37.066977611,35.75841708145173,35.42256883276471,34.74920486295225,34.88396158174924
398,37.000698753500004,37.0655047475,35.742632007881355,35.47368586011765,34.76095537301543,34.82944932699901
399,37.006590207500004,37.055194703,35.76503603829641,35.432792238235294,34.72348907423631,34.897006163162516
400,37.005117344,37.05814043,35.777036204553845,35.37942259611765,34.7750219809416,34.9249883657905
401,37.016900252,37.062559020500004,35.76781129538462,35.36504051723529,34.81626922538142,34.97636905772152
402,37.0095359345,37.0448846585,35.75202018449231,35.368679356470594,34.791024181345705,34.92561347378444
403,37.012481661500004,37.0566675665,35.78114665229466,35.400735797352944,34.778244666343696,34.96268671725453
404,37.013954525,37.055194703,35.766821354664465,35.3915520602353,34.729967332042726,34.9698470021727
405,37.022791706,37.064031884,35.76472098728037,35.468140962235296,34.742887915872174,35.04641859436216
406,37.006590207500004,37.025737433,35.78580343961215,35.47195307952941,34.71314641201613,34.97519563292976
407,37.0154273885,37.0301560235,35.820065631027155,35.49326628076471,34.6837833271588,34.861108054261415
408,37.006590207500004,37.0272102965,35.80825794344643,35.480616982470586,34.67730062647428,34.83864195856703
409,37.0183731155,37.022791706,35.830447615206616,35.579212197941175,34.61673187791526,34.83296587039062
410,36.9889158455,37.019845979,35.83695760876033,35.25847451105882,34.627001293431206,34.667179522519085
411,37.068450474500004,37.0183731155,35.83373497517857,35.24097342711765,34.636009989871425,34.91167362300699
412,37.068450474500004,37.022791706,35.76456215246942,35.352217940882355,34.65811691765093,34.74692328916406
413,37.0772876555,37.019845979,35.761327658080106,35.56846895829412,34.64531149473558,34.70097341
414,36.999225890000005,36.990388709,35.761868184810346,35.53173400982353,34.64955709543341,34.7699945014069
415,36.993334436,36.9712414835,35.77113162212524,35.36971902482353,34.658069672439325,34.901854533007
416,36.9594585755,36.944729940500004,35.76173648760849,35.423435223058824,34.68509173316394,34.71986715179963
417,36.966822893,36.937365623000005,35.77328596541892,35.40368152435294,34.66766815195976,34.8404809432587
418,36.966822893,36.9329470325,35.76333517196694,35.473339304,34.595737258885634,34.87006428375058
419,36.966822893,36.9241098515,35.74338092152543,35.33523669111765,34.64543096046653,34.91266205568282
420,36.9800786645,37.013954525,35.750585401437505,35.298155186529414,34.68549122818182,34.94656243187384
421,36.978605801,36.966822893,35.70522508711539,35.395364177529416,34.69576252060349,34.932785130459465
422,36.9712414835,36.9594585755,35.71099485153846,35.29676896205883,34.715101046248336,34.95350099049587
423,36.957985712,36.957985712,35.733254253,35.17270187194118,34.781594641718755,34.82778013414914
424,36.9830243915,36.9535671215,35.73446818346,35.293823235058824,34.71326670411067,34.902572458485
425,36.912326943500005,36.888761127500004,35.728736352615385,35.35083171641177,34.700728267875945,34.83832052664671
426,36.8357380415,37.068450474500004,35.70823925948522,35.41199887117647,34.74243407513843,34.71007976993042
427,36.975660074000004,37.066977611,35.76609467125874,35.41529115429412,34.60837933278008,34.866867947238774
428,36.916745534,36.972714347,35.728239579865544,35.373357864058825,34.57382318481069,34.87929807652095
429,36.9152726705,36.9712414835,35.74498979221849,35.24738471529412,34.87831427547973,34.71183332502603
430,36.993334436,36.9977530265,35.78593579535077,35.28533261017647,34.83199334790012,34.676536974485984
431,37.005117344,37.0095359345,35.800404265454546,35.343554037941175,34.72849246731615,34.793745036115325
432,36.919691261000004,37.0154273885,35.756830138581236,35.334543578882354,34.69220128934041,34.75056541945702
433,36.9948072995,36.956512848500005,35.79007456252552,35.36885263452941,34.651337337568805,34.79908727265367
434,37.361550311,37.373333219,36.070560575824175,35.507648359647064,35.013770386035304,35.31085649848168
435,37.365968901500004,37.3748060825,36.05939997717786,35.70050683911765,35.14929451894384,35.27898898225436
436,37.3924804445,37.3512402665,36.124344971,35.70657157117647,35.15276818763871,35.170301745371745
437,37.408681943000005,37.3821704,36.12005633904412,35.62287826876471,35.15282483164864,35.28496032583185
438,37.405736216,37.402790489,36.09834518565678,35.56968190470588,35.123490173336144,35.173353130737134
439,37.4042633525,37.364496038,36.15828954521298,35.76306021835294,35.03784806813317,35.19399724392283
440,37.371860355500004,37.364496038,36.16773271605263,36.00183738341177,35.04010083742647,35.10063596358813
441,37.3689146285,37.3541859935,36.18782265309019,35.74347979770588,35.07767336089988,35.16639985821622
442,37.364496038,37.371860355500004,36.11429921194266,35.72563215764706,35.093657489547155,35.13778123331586
443,37.379224673,37.1656594655,36.25725516615385,35.69894733658823,35.1015716044462,35.236473796709184
444,37.379224673,37.402790489,36.14879751094388,35.68387214547059,35.078767639924465,35.35349059589698
445,37.311472952,37.438139213,36.11787341219437,35.66515811511765,35.07813079676785,35.19704657984671
446,37.379224673,37.449922121,36.15441170175862,35.69860078047059,34.92245296664104,35.256593028653505
447,37.337984495,37.3541859935,36.11273135765517,35.739494402352946,35.08833097473222,35.1282115231704
448,37.3806975365,37.013954525,36.18384418753477,35.816603138529416,34.96569416598891,35.286340190000004
449,37.35271313,37.3806975365,36.059490686393445,35.49655856388235,34.98880190521628,35.219598715922075
450,37.3689146285,37.3821704,36.1420653047299,35.59792622829412,35.03055956127182,35.323627061176474
451,37.346821676000005,37.385116127,36.09187273682692,35.56621634352941,35.128549214762316,35.301145419880136
452,37.3453488125,37.3689146285,36.119342313939654,35.66325205647059,35.15665857546062,35.42212575592996
453,37.3571317205,37.3983718985,36.10524081168421,35.76825856011765,35.19487229611448,35.290246484488115
454,37.346821676000005,37.393953308,36.119492725729444,35.750757476176474,35.08411024882402,35.412268833369566
455,37.349767403,37.4131005335,36.09746749918013,35.841901735117645,35.12978497390139,35.36609398649558
456,37.360077447500004,37.408681943000005,36.08935800294737,35.824400651176475,35.26745701692026,35.3634913241556
457,37.349767403,37.379224673,36.1280985562408,35.628249888588236,35.182394958009866,35.40632068247964
458,37.358604584,37.373333219,36.11487615263158,35.76895167235294,35.195489879255604,35.29764400445756
459,37.3748060825,37.370387492,36.073902543269234,35.713156137411765,35.087113477848106,35.19838623355088
460,37.371860355500004,37.3365116315,36.089463107996785,35.614041087764704,35.03821874631579,35.27753000111592
461,37.385116127,37.32325586,36.135215485681414,35.73256328,35.04321882613546,35.39691139818105
462,37.373333219,37.3247287235,36.15715427517242,35.550274762117645,35.01185211910486,35.2679051100685
463,37.388061854,37.320310133,36.12187401318681,35.48234976305882,35.08445115705935,35.346681791446755
464,37.3954261715,37.35271313,36.11237862945055,35.521683882411764,35.183265628406446,35.325678139274196
465,37.3806975365,36.975660074000004,,35.56864223635294,35.11080590010845,35.47747641392
466,37.4101548065,37.190698145,36.180912914915254,35.50678196935294,35.110892686028244,35.33887463176318
467,37.335038768000004,37.3895347175,36.10411806166314,35.527575336411765,35.10085245288196,35.363193434439765
468,37.376278946,37.385116127,36.15912720903846,35.56223094817647,35.261590914778985,35.243939870538
469,37.311472952,37.3821704,36.07859956347059,35.51891143347059,35.08056567172414,35.31547314292211
470,37.3630231745,37.3689146285,36.11781314156522,35.694788663176475,35.11063414277551,35.30164053630847
471,37.3541859935,37.3689146285,36.09062147568966,35.585970042235296,35.081785741667375,35.15829809614923
472,37.314418679,37.360077447500004,36.10440206062069,35.660652885588235,34.97847792169089,35.25909607247168
473,37.3276744505,37.358604584,36.10303524691639,35.58839593505883,35.083988684248276,35.32356477894737
474,37.3453488125,37.3394573585,36.09915494462406,35.442669087588236,35.05880896244995,35.351821303087014
475,37.35271313,37.379224673,36.14720055242688,35.587009710588234,35.15688718933086,35.21022844568093
476,37.3453488125,37.3821704,36.10542187690218,35.52670894611765,35.11037249459725,35.39918382865218
477,37.335038768000004,37.3895347175,36.10047702915385,35.434351740764704,35.065251515748564,35.40330843480221
478,37.3424030855,37.376278946,36.059547228336136,35.39709695811765,35.13363770317041,35.17804570878481
479,37.349767403,37.3777518095,36.082717197342106,35.78662603435294,34.97705766551724,35.35652524898822
480,37.361550311,37.383643263500005,36.092923883,35.39571073364706,35.04278533462567,35.456399915469305
481,37.3689146285,37.3924804445,36.093378914,35.24305276382353,35.11351875095,35.432583074978794
482,37.3512402665,37.3924804445,36.12343549790984,35.46346245464706,35.09576750362264,35.34867008498981
483,37.335038768000004,37.360077447500004,36.153597676625,35.343727316,35.080594198861306,35.311896688065325
484,37.3276744505,37.337984495,36.10665000951049,35.65857354888235,35.05015360167826,35.244974849036915
485,37.332093041,37.337984495,36.11435037800462,35.688897209176474,34.97778615957176,35.26360050476804
486,37.298217180500004,37.332093041,36.16047757193277,35.720260537823535,34.949804457797356,35.2744418693719
487,37.332093041,36.781242092,36.24518749586207,35.71125007876471,35.04350739317259,35.287153151334955
488,37.373333219,36.689924555000005,36.26939520890757,35.54421003005882,34.94113368115446,35.35743816969297
489,37.310000088500004,37.346821676000005,36.11259982873077,35.46328917658823,34.946846059747585,35.40245404119128
490,37.2186825515,37.3512402665,36.09456619097345,35.410959202823534,34.92219279710702,35.33001718288199
491,37.3365116315,36.4203905345,,35.601565067529414,34.89355032320722,35.39100898900915
492,36.607444199,36.46899503,,35.79165109805882,35.002981187446,35.31240261170552
493,37.329147314000004,37.329147314000004,36.11142374371681,35.56864223635294,35.019697346,35.27414813083813
494,37.326201587,37.3188372695,36.07485637005917,35.612481585235294,35.00493254245566,35.348426996510014
495,37.332093041,37.3482945395,36.066867718086954,35.47611175294118,35.08324609416133,35.25905215294266
496,37.337984495,37.335038768000004,36.05843074052632,35.911559514764704,35.17801218023589,35.2597202875531
497,37.346821676000005,37.35271313,36.066825154594596,35.91467851982353,35.07166140540949,35.18036428644068
498,37.335038768000004,37.3129458155,36.0319441479646,35.71956742558824,34.90352291148688,35.280351493804346
499,37.2952714535,37.320310133,36.084486417168144,35.37907604,35.04600152629057,35.40642630637748
500,37.3306201775,37.3571317205,,35.20475831282353,35.070691872747254,35.406277396892435
501,37.3365116315,37.35271313,36.06059840513158,35.59602016964706,34.947934791454465,35.24762653250946
502,37.332093041,37.361550311,36.024190253,35.45150626858824,34.98055940488987,35.1460511995449
503,37.335038768000004,37.3335659045,36.08747722538462,35.48148337276471,34.959948969208085,35.14646478277931
504,37.308527225,37.3129458155,36.05608094965218,35.55599293805882,35.08143724996129,35.18811660387045
505,37.3158915425,37.220155415,36.07609599427586,35.94829446323529,35.0265418662069,35.170156401117694
506,37.340930222,37.299690044,,35.54421003005882,35.01810721629777,35.174265214033646
507,37.3424030855,37.3335659045,,35.50695524741177,34.929158733075965,35.24965603420774
508,37.310000088500004,36.463103576,,36.12087940982353,34.881212567961654,35.25504663365437
509,37.2569770025,36.463103576,,35.68508509188236,34.894801471844744,35.19781457378777
510,37.290852863,36.598607018,,35.77622935082353,34.85070698148052,35.222648603777415
511,37.2717056375,36.5676768845,,35.885394527882355,34.936152269397596,35.11319698870385
512,37.346821676000005,36.121399244,,35.81088496258823,34.85006703249775,35.26906386681319
513,37.343875949,36.5676768845,,35.46346245464706,34.994652290467535,35.18189990432519
514,37.360077447500004,36.386514674,,35.535199571,34.91390880358911,35.31277438275542
515,37.3512402665,36.2701584575,,35.6036444042353,34.971435288081246,35.205481939433966
516,37.3541859935,36.2289182795,,35.497078398058825,34.946766554576435,35.290845399025564
517,37.090543427,36.2230268255,,35.670876291058825,34.96171929448276,35.19782319174615
518,36.6236456975,36.193569555500005,36.362018628421055,36.030081707,34.95074139698113,35.30288140356406
519,37.3247287235,37.376278946,36.122387309169284,35.19158918035294,34.97169698720313,35.255617722613316
520,37.3424030855,37.365968901500004,36.06319525923077,35.503836242352946,34.936721346984996,35.24944442199917
521,37.279069955000004,37.373333219,36.075956385462185,35.211689435176474,35.04389821840411,35.27315416027848
522,37.3247287235,37.3188372695,36.03646716490683,35.180845940705886,35.12181770710967,35.24032305162332
523,37.3365116315,37.360077447500004,36.06456236652174,34.96286214270589,35.07818443034701,35.37890099679966
524,37.329147314000004,37.364496038,36.060058811176475,35.05764524088235,35.11853842898649,35.3332208897
525,37.2952714535,37.364496038,36.07297008939286,35.58267775911765,35.08946372675371,35.16505346264626
526,37.2864342725,37.326201587,36.05345631962475,35.37197163958824,34.98797934122016,35.3256035028701
527,37.284961409000005,37.3188372695,36.06767707065923,35.21220926935294,35.0021185754825,35.28468271119379
528,37.2304654595,37.3011629075,36.039355292,35.62547743964706,34.88945617359224,35.04767213432303
529,37.2628684565,37.311472952,36.06269870980769,35.647137197,34.91973726307497,34.99596125676301
530,37.270232774,37.3129458155,36.06653160020243,35.371451805411766,34.91673262562287,35.04655473269073
531,37.270232774,37.317364406,36.02984469448276,35.599659008882355,34.87362182448167,35.147336629945706
532,37.2687599105,37.298217180500004,36.05252047511313,35.274762648588236,34.96461160652079,35.113908839753954
533,37.248139821500004,37.276124228,36.10331857482759,35.66325205647059,34.899582067907176,35.11102261456693
534,37.270232774,37.3011629075,36.11421554684945,35.2913973422353,34.942914594468654,35.30990300898538
535,37.2775970915,37.3129458155,36.095305012325,35.32432017341176,34.932076039694266,35.17916350195369
536,37.279069955000004,37.3011629075,36.045071384270436,35.431752569882356,34.951094365014555,35.125474107247626
537,37.279069955000004,37.3129458155,36.060254246918106,35.90480167047059,34.93000962726343,35.22426756569643
538,37.2923257265,37.310000088500004,36.05916981939642,35.77120428711765,34.993554650463125,35.10358652795652
539,37.29379859,37.3070543615,36.095311333979936,35.656320934117645,34.9322679580429,35.22199650788918
540,37.282015682,37.3011629075,36.05535554957983,35.23334919252942,35.07326951663338,35.072564828934425
541,37.2952714535,37.2952714535,36.073906326721314,35.31045792870589,35.07417433720373,35.06128471834254
542,37.282015682,37.279069955000004,36.01441314904779,35.18569772635294,35.03511573078914,35.129458651305974
543,37.298217180500004,37.305581498,36.02653684908475,35.23040346552941,35.082176778547776,35.16407485645796
544,37.2952714535,37.3158915425,36.03340721367934,35.275109204705885,35.031977988537776,35.196802079554224
545,37.1538765575,37.3070543615,36.046948150038524,35.29746207429412,34.99108171228571,35.27664452557391
546,37.3335659045,37.3777518095,36.03026904490132,35.85195186252941,35.17286193453567,35.171573393649204
547,37.2893799995,37.296744317,36.021483138408875,35.40870658805883,34.88804687011407,35.31062136142046
548,37.290852863,37.329147314000004,36.06666849017392,35.164037969,35.175781248385654,35.25859996526316
549,37.2834885455,37.2893799995,36.018207316795035,35.58025186629412,35.06918924340331,35.17608361765866
550,37.2952714535,37.298217180500004,35.996472856842104,35.525669277764706,34.937312942019545,35.08278510772426
551,37.302635771,37.2775970915,36.054953888886956,35.434351740764704,34.91399708923717,35.23685608260831
552,37.2923257265,37.287907136,36.010896715769235,35.255528784058825,34.8890511045864,35.30014199611651
553,37.305581498,37.314418679,35.991965432781065,35.258647789117646,34.95848943394773,35.16013653387548
554,37.3011629075,37.3129458155,35.98231472211765,35.27147036547059,34.92359023163347,35.16723848756426
555,37.2805428185,37.296744317,35.9668794977,35.26609874564706,34.90984566376759,35.168919317288854
556,37.2687599105,37.308527225,35.983308356700576,35.13873937241176,34.977637629028095,35.120995937371134
557,37.2805428185,37.299690044,35.97276922905263,35.11707961505883,34.94180938093024,35.07887967936364
558,37.273178501000004,37.299690044,35.990262893776226,35.189336565588235,34.98567309758029,35.04682599711129
559,37.273178501000004,37.276124228,36.00816350101695,35.28377310764706,34.93996862823186,35.017165461293
560,37.2275197325,37.282015682,36.01319756911442,35.36348101470588,34.94597264064982,35.128615107575506
561,37.267287047,37.2805428185,36.03427655934713,35.59463394517647,34.9629363338027,35.13843810743823
562,37.279069955000004,37.279069955000004,36.075053363060704,35.272336755764705,34.993690993960236,35.27293516611675
563,37.305581498,37.208372507,36.080506758367214,35.18950984364706,35.00951687544794,35.25637110989907
564,37.298217180500004,37.2569770025,36.08679060347769,35.341647979294116,34.97176145300987,35.207360513547044
565,37.270232774,37.259922729500005,36.00018443626374,35.50366296429412,34.90913043860403,35.175639432881354
566,37.273178501000004,37.3158915425,35.993132012217195,35.42222227664706,34.991946054586336,35.14087972251864
567,37.2746513645,37.3217829965,35.99990086749164,35.62097221011765,34.88661880854563,35.10846857661017
568,37.270232774,37.3188372695,35.9873495374026,35.052100343,34.91123565267208,35.120530914666666
569,37.248139821500004,37.3217829965,35.98248336070007,35.15312145129412,35.06177029317823,35.13526696172414
570,37.2569770025,37.314418679,35.9911531064375,35.32865212488235,34.96522205289418,35.12343430487437
571,37.2628684565,37.310000088500004,35.9951199217161,35.287758503,35.005531716843,35.14149353572864
572,37.258449866,37.3129458155,35.99520153410039,35.785586366000004,34.949075396084844,35.083467979459925
573,37.2569770025,37.326201587,35.987014179708474,35.40732036358824,35.05982119460235,35.111924025133305
574,37.267287047,37.3217829965,35.957835864038465,35.062150470411765,35.04693683434059,35.22430235681264
575,37.248139821500004,37.308527225,35.98448032279221,35.197653912411766,34.977671640800004,35.27655749892889
576,37.261395593,37.3217829965,35.99136401936207,35.304739752764704,35.02397361485843,35.15255109395223
577,37.2628684565,37.3217829965,35.99210080677311,35.266445301764705,34.98731838485041,35.228439038735175
578,37.2717056375,37.320310133,35.97890834293828,35.28793178105882,34.93630983711719,35.107966695930436
579,37.2746513645,37.317364406,35.98579594684746,35.26020729164706,34.927634504578315,35.09115128420234
580,37.2923257265,37.305581498,35.992249886201925,35.20025308329412,34.99624930673478,35.17840665892184
581,37.304108634500004,37.242248367500004,35.979393749126054,35.27095053129412,34.96139044475336,35.29496236016956
582,37.2775970915,37.296744317,35.98932416223729,35.445788092647064,34.90562434169145,35.083589563461224
583,37.2746513645,37.2952714535,36.011540954705886,35.29330340088235,34.89519054652256,35.204886375227275
584,37.2746513645,37.2834885455,35.986195367457626,35.149309334,34.96588619650369,35.228301989378195
585,37.2658141835,37.2864342725,35.99851546723478,35.30439319664706,35.11401693365201,35.217074054677845
586,37.276124228,37.299690044,35.98838861455811,35.48131009470588,34.97198922327446,35.164895838626535
587,37.2510855485,37.305581498,35.980158372941176,35.624264493235295,34.87039928,35.149726603929174
588,37.279069955000004,37.296744317,35.94475547915255,35.2913973422353,34.97501147210927,35.17678032810674
589,37.282015682,37.299690044,35.96827762042594,35.161612076176475,34.984898357162336,35.10488948957861
590,37.282015682,37.2893799995,36.0105861572389,35.12366418129412,35.05108624026229,35.14142584145393
591,37.284961409000005,37.2952714535,36.045486410491804,35.29157062029412,34.94751079427481,35.19600537315985
592,37.2775970915,37.276124228,36.04676296696495,35.62530416158823,34.905582230772424,35.005801657825536
593,37.240775504,37.270232774,36.03980577354839,35.637953459882354,34.93620809407189,35.131565397680305
594,37.246666958,37.2363569135,35.984964097621884,35.83202488576471,34.87934003425258,35.02209604610288
595,37.249612685,37.248139821500004,35.991753970949155,35.58562348611765,34.83247303335614,35.09326961728665
596,37.2275197325,37.2363569135,35.97917662305785,35.421529164411766,34.926366895550004,34.99260891019064
597,37.226046869,37.26434132,35.954948739034485,35.13787298211765,35.09607714150227,35.158895191458434
598,37.2893799995,37.3129458155,35.9668099458125,35.420316218,34.90669689107011,35.14510352115385
599,37.2334111865,37.261395593,35.96415608885274,35.764966277,34.85618470181818,35.087059054342525
600,37.223101142000004,37.2393026405,36.00104402767137,35.428980120941176,34.80787390653942,34.93938472589616
601,37.231938323,37.259922729500005,36.024190253,35.60087195529412,34.885778203346305,34.990878612468734
602,37.228992596,37.20542678,36.016365711385994,35.31323037764706,34.803758047333915,35.07979844913559
603,37.2157368245,37.249612685,36.019259615551164,35.235948363411765,34.869549574318185,35.02169623217857
604,37.1568222845,37.2510855485,36.01296559762326,35.529308117,34.81184322938979,35.02851782641082
605,37.167132329,37.246666958,35.980845984285715,35.61958598564706,34.81821767244767,35.035194147036876
606,37.2363569135,37.252558412,35.95180762827408,35.670703013,34.8337361973464,35.075284885824466
607,37.231938323,37.2775970915,35.963983553761345,35.56500339711765,34.88525982660428,35.13219850238261
608,37.2334111865,37.267287047,35.9587842035,35.36850607841177,34.82081512823221,35.188781546469
609,37.255504139,37.2864342725,35.97397745827586,35.15987929558824,34.88339938221374,35.205889424874776
610,37.243721231,37.267287047,35.96291213199073,35.19886685882353,34.85339651785408,35.066916121873604
611,37.2393026405,37.2628684565,35.97589518260504,35.253969281529415,34.94989675976378,35.094128126792455
612,37.237829777,37.255504139,35.98095297194915,35.62634382994118,34.84901882285474,35.08329764708837
613,37.2451940945,37.1715509195,35.97049813747797,35.66689089570588,34.81060601763422,35.0672144002243
614,37.214263961,37.1715509195,35.95314744390345,35.58423726164706,34.8130892712743,34.97111451025735
615,37.240775504,37.2039539165,35.96287950474917,35.36365429276471,34.794905645600004,35.14630327599288
616,37.234884050000005,37.2451940945,35.929734876369565,35.040317435,34.80037309787814,35.03771748182393
617,37.240775504,37.246666958,35.95567963284068,35.40160218764706,34.87889624247152,35.04806391203366
618,37.2717056375,37.255504139,35.96653511802174,35.020737014352946,34.84055312484796,35.27738648483438
619,37.267287047,37.249612685,35.95909723944615,35.03459925905882,34.91693556375705,35.20443188227013
620,37.246666958,37.254031275500004,35.97526474878846,35.14324460194118,34.99332784015095,35.114467821271525
621,37.254031275500004,37.2628684565,35.98712259387409,35.15762668082353,35.0090297466637,35.247179443739014
622,37.2451940945,37.2628684565,35.99107013987777,35.087622345058826,34.98957200074074,35.22195285198374
623,37.240775504,37.276124228,35.967270886077316,35.165077637352944,35.11797280406854,35.173712660617646
624,37.243721231,37.255504139,35.932296279437594,35.175820877,34.962316602841625,35.2179848941129
625,37.1892252815,37.296744317,35.943323033214284,35.41944982770588,35.110616961153845,35.2538826425
626,37.223101142000004,37.276124228,35.94809643116807,35.11240110747059,34.97904552542131,35.311592597716356
627,37.242248367500004,37.259922729500005,35.942028924323644,35.110321770764706,35.030591751656615,35.1429511274824
628,37.2393026405,37.259922729500005,35.94270027073276,35.131634972,34.979000351702126,35.180146491789294
629,37.249612685,37.252558412,35.96084608154423,35.10061819947059,34.956664378825124,35.2179392529983
630,37.237829777,37.2451940945,35.96742259877966,35.390165835764705,34.852703758663736,35.053351404720814
631,37.243721231,37.214263961,35.93352846044522,35.264885799235294,34.99810259790494,35.206162127408724
632,37.249612685,37.2687599105,35.95176317110775,35.00982049664706,35.083178012911716,35.14253567818437
633,37.261395593,37.254031275500004,35.95541858294189,35.26020729164706,34.89148136549187,34.991285745324674
634,37.248139821500004,37.208372507,35.97417403851649,35.25500894988235,34.95192681448276,35.09081653620554
635,37.252558412,37.228992596,35.96904657361345,35.07791877376471,34.95734983448363,35.04103796319965
636,37.226046869,37.196589599,35.947556806804734,35.40524102688235,34.96533758593322,35.07148208397835
637,37.2451940945,37.228992596,35.95770443764352,35.16455780317647,34.882554811811026,35.3016417858808
638,37.2451940945,37.237829777,35.969733951869394,35.01571195064706,34.946031904499776,35.22000953116192
639,37.198062462500005,37.2186825515,35.93846871893196,35.04083726917647,34.93178149374338,35.13336943267519
640,37.242248367500004,37.208372507,35.966048121974076,35.106336375411765,34.98221187843941,35.18386909660377
641,37.2245740055,37.2334111865,35.938484689259965,35.03893121052941,34.953646952475246,35.12556109617968
642,37.220155415,37.2334111865,35.954776919185925,35.38288815729412,35.04029325004926,34.99539542110478
643,37.254031275500004,37.231938323,35.960539035522146,35.122451234882355,34.97087525409906,35.165280697578126
644,37.240775504,37.20542678,35.964341196289595,35.199559971058825,34.939261066206896,35.24843236881106
645,37.252558412,37.231938323,35.9568640259,35.20441175670588,34.92420329064313,35.113366296657894
646,37.234884050000005,37.2039539165,35.9389932821,35.359668897411765,34.89654367064967,34.97261500401585
647,37.226046869,37.220155415,35.93123055784483,35.296595684,34.89117671796311,34.943193827391305
648,37.2746513645,37.259922729500005,35.90521024917071,35.22173956258824,34.90783212623515,35.13293351717839
649,37.2658141835,37.254031275500004,35.91991418150933,35.291917176411765,34.91102626875248,35.15342933718058
650,37.2216282785,37.228992596,35.94347960569913,35.18483133605883,34.94979886577947,35.08499474950881
651,37.226046869,37.2334111865,35.930415318074864,34.947093839352945,34.978891996534294,35.15569815182768
652,37.173023783000005,37.223101142000004,35.942974476772726,35.034425981,35.04054234605861,35.08797504306602
653,37.186279554500004,37.2010081895,35.96570890814706,35.10079147752941,35.03634052028204,35.14466365000881
654,37.186279554500004,37.1538765575,35.96009070031674,35.30855187005882,34.97054816399824,35.10723937374648
655,37.2186825515,37.1892252815,35.95174533983051,35.07185404170588,35.07390243311741,35.13190617507346
656,37.2127910975,37.2451940945,35.956542738045734,35.05106067464706,35.03660513363206,35.10159326533145
657,37.2157368245,37.246666958,35.9720827307973,34.942761887882355,35.064257881785714,35.25580406610028
658,37.211318234000004,37.2068996435,35.9611516952,34.93981616088235,35.073008425537296,35.0917870262865
659,37.180388100500004,37.202481053,35.957724512965484,35.2619400722353,34.9761619924135,35.06710219716344
660,37.1686051925,37.187752418,35.949004078142856,35.16455780317647,34.95520304210755,35.124697848675325
661,37.1951167355,37.192171008500004,35.95962973625,35.26038056970589,34.95572597465,35.057614942151396
662,37.17596951,37.20542678,35.93380538315533,35.15779995888236,34.93054929712838,35.06715540351207
663,37.190698145,37.220155415,35.91757195188329,35.13215480617647,34.92254464277707,35.108525200144015
664,37.1096906525,37.0154273885,35.903265663271185,34.99058663211765,34.95557326995962,35.090110223529415
665,37.2186825515,37.2628684565,35.92533204141608,35.037891542176475,34.906267856349736,35.17956390340599
666,37.167132329,37.243721231,35.91033483598438,35.10824243405882,34.823552606228276,35.09302508909327
667,37.186279554500004,37.2687599105,35.92513646327273,34.93288503852941,34.9637957870411,35.11112843118299
668,37.20542678,37.226046869,35.9260975439,34.96996654311765,34.88595607997321,35.12574602820622
669,37.190698145,37.249612685,35.909660528691475,35.14584377282353,34.95281809789381,35.119713499773205
670,37.192171008500004,37.005117344,35.90273428397566,34.89095174829412,34.97679684914546,35.25924589269519
671,37.2363569135,37.258449866,35.92241105319853,35.032693200411764,34.8065881059602,35.09871388231156
672,37.0920162905,36.8151179525,35.897081025533836,34.97620455323529,35.05103532854646,35.21376320719893
673,37.190698145,36.8327923145,35.91357559731195,35.05175378688235,35.06439881799472,35.189662626451614
674,37.196589599,37.234884050000005,35.97493936566796,35.47524536264706,34.76805835521585,35.22035113975532
675,37.037520341000004,37.068450474500004,35.913319919391306,35.048808059882354,34.62331861035176,35.08521286878362
676,37.0507761125,37.102326335,35.91481850045512,35.02350946329412,34.62042482918272,35.02779672895733
677,37.111163516000005,37.11705497,35.90011839376147,35.12851596694118,34.68849543561177,35.082656184455445
678,37.143566513,37.0875977,35.91092840110092,34.939296326705886,34.81297222936369,35.092905539856964
679,37.131783605,37.1744966465,35.90716455309091,35.11673305894118,34.71059785326713,35.0998211204
680,37.140620786,37.1774423735,35.88568157436364,35.10269753617647,34.77825916816327,34.907384786567675
681,37.0861248365,37.164186602,35.91582399513275,35.348752379705886,34.80053466479638,34.82537674340496
682,37.0596132935,37.1008534715,35.913777169921055,35.218274001411764,34.963905358864594,34.94401676238972
683,37.1096906525,37.11705497,35.924962336862244,35.292783566705886,35.012193277131615,34.86697882201613
684,37.1597680115,37.0875977,35.91209758873684,35.80066155711765,34.800718624005896,35.075751248775795
685,37.0875977,37.122946424,35.887704902,35.112227829411765,34.822779578614075,35.175281835699955
686,37.081706246,37.111163516000005,35.833160439209486,35.22919051911765,34.85618954,35.1795450008472
687,37.0875977,37.0596132935,35.82228980936898,35.37041213705882,34.945852013264705,35.103793643668574
688,37.0802333825,37.1715509195,35.83824421361186,35.63587412317647,34.800778128235294,35.07206736988208
689,37.0949620175,37.1273650145,35.80798992236735,35.343727316,34.925290112592236,34.96832050457788
690,37.0890705635,37.1509308305,35.80359108990655,35.54195741529412,34.807425939372195,35.122236620847936
691,37.074341928500004,37.114109243,35.84701423270642,35.31288382152941,34.938866112973805,35.32756789931429
692,37.075814792,37.114109243,35.868709426072726,34.756834530764706,35.078319561946564,35.35610036401801
693,37.072869065,37.1450393765,35.86733029025,34.95697068870588,35.045907218162654,35.26834917205511
694,37.0772876555,37.158295148,35.854074518750004,34.948999898000004,35.09785427240116,35.22020129559038
695,37.069923338,37.1067449255,35.86684252376624,35.275975595,35.009876395442916,35.23889785732609
696,37.061086157,37.220155415,35.850024144125,35.30144746964706,34.97349901364357,35.26733383471452
697,37.0507761125,37.2275197325,35.82290767504465,34.84728567747059,35.06209117944926,35.213433672165294
698,37.167132329,37.105272062,35.79081109166667,34.939642882823534,35.08661508195325,35.28346999446154
699,37.137675059,37.181860964,35.851293193944954,34.698439824941175,35.113262429621784,35.171982505454544
700,37.164186602,37.124419287500004,35.79861242484404,35.026455190294115,35.106581354736306,35.16512860148789
701,37.120000697,37.211318234000004,35.845403200756756,34.97880372411765,34.91364513767418,35.228212513600845
702,37.125892151,37.2010081895,35.85452050594595,34.97689766547059,34.926332573961105,35.20420021036002
703,37.137675059,37.2245740055,35.82493224168142,35.264885799235294,34.87950667801887,35.23407895802367
704,37.1450393765,37.1951167355,35.79410793339286,34.87986195252941,34.9155585662391,35.230811404280445
705,37.161240875000004,37.1715509195,35.839096061769915,34.795128981764705,34.97574480950673,35.122547220860994
706,37.149457967000004,37.2216282785,35.85687221458913,34.81522923658824,34.984715359096384,35.09737669706941
707,37.1509308305,37.223101142000004,35.89541805559211,34.79738159652941,34.96948535055751,35.0798458250308
708,37.136202195500005,37.228992596,35.853967452187106,34.843646838235294,34.9533226045815,35.089286740472765
709,37.1538765575,37.2393026405,35.880689420592105,34.80327305052941,34.97523151716396,35.06175618758313
710,37.143566513,37.220155415,35.87113795616541,34.57523912511765,34.994022244,35.06647319930399
711,37.140620786,37.2157368245,35.86072824421053,34.69428115152941,35.06288596964775,34.96800449296538
712,37.1420936495,37.211318234000004,35.8760073773913,34.71715385529412,35.019741642646615,34.97364639491124
713,37.158295148,37.2127910975,35.881937597413796,34.842607169882356,34.95098922012987,35.06907676772838
714,37.136202195500005,37.173023783000005,35.846006089388716,34.77468217082353,34.985238782047716,35.00008803103903
715,37.1774423735,37.1833338275,35.88098400934162,34.738467056529416,34.91657123638916,35.09417631258928
716,37.1627137385,37.1597680115,35.88103469258621,34.7169805772353,34.94713035834854,35.01480856936547
717,37.1744966465,37.193643872,35.893056593157894,34.75579486241177,34.970620824366264,34.9929238952048
718,37.1509308305,37.198062462500005,35.89286415661638,34.893724197235294,34.89403514594409,35.02867626993807
719,37.167132329,37.164186602,35.91228238181819,34.950559400529414,34.87700667565983,35.057647308639616
720,37.143566513,37.155349421000004,35.89799493894984,35.11777272729412,34.886152920488996,35.080630755447075
721,37.137675059,37.125892151,35.885182210893284,34.94380155623529,34.90860497882353,35.0531163066474
722,37.081706246,37.1155821065,35.885480400194695,34.91157183729412,34.89505836135175,35.05273487192582
723,37.105272062,37.155349421000004,35.87584447486842,34.582516803588234,34.92412487,35.06538594105111
724,37.0875977,37.136202195500005,35.86281184459746,34.797554874588236,34.813490812844826,34.974228825251295
725,37.0979077445,37.134729332,35.88303110671329,34.80396616276471,34.87127718947514,35.045110459534456
726,37.0890705635,37.134729332,35.84093302114224,34.6492288562353,34.880681485417426,35.000173089143644
727,37.122946424,37.134729332,35.86479779611285,34.49050615435294,34.870025625445024,35.09500190569878
728,37.105272062,37.149457967000004,35.85070978747845,34.622544035176475,34.873535178930005,35.01376288868613
729,37.149457967000004,37.096434881,35.87853776777328,34.754062081823534,34.906507377652495,35.106960047232064
730,37.078760519,37.131783605,35.85354124058621,34.55409920194118,34.99049019772035,35.078483275531816
731,37.1037991985,37.143566513,35.88616190214286,34.56172343652941,35.042264283998136,35.117792229068264
732,37.0875977,37.1273650145,35.86725169871937,34.47612407547059,35.04379773627599,35.18544103004647
733,37.1155821065,37.158295148,35.871935104870694,34.39069799247059,35.01027330976677,35.21428569653918
734,37.099380608000004,36.9152726705,35.814142937518795,34.52620143447059,35.02072835045,35.35329185492361
735,37.11705497,37.178915237,35.836763127384614,34.60383000482353,35.006621761367015,35.259196768177866
736,37.0890705635,37.167132329,35.86157613708475,34.60746884405882,34.97029582175218,35.15997261191958
737,37.0949620175,37.167132329,35.84752152436441,34.45013236664706,35.05323729026316,35.095894241899714
738,37.078760519,37.158295148,35.865222571793105,34.64021839717647,34.96507735088093,35.12368745866604
739,37.0890705635,37.17596951,35.85786550977833,34.5431826842353,35.01514899102041,35.12227504458725
740,37.0890705635,37.173023783000005,35.84658670027329,34.56518899770588,34.95571138656466,35.12303647921397
741,37.084651973,37.161240875000004,35.8692450128,34.61994486429412,35.019966851765865,35.03681480438806
742,37.0875977,37.17596951,35.86338283310559,34.59655232635294,34.991361121902834,35.04815548052632
743,37.111163516000005,37.187752418,35.86760565168696,34.52013670241177,34.981540545794395,35.1036432378209
744,37.1067449255,37.184806691,35.854893284484476,34.550460362705884,34.982840707353084,35.01237539756217
745,37.1067449255,37.181860964,35.861856026650244,34.63484677735294,34.971965815706056,35.02682577520508
746,37.0861248365,37.187752418,35.866859156894414,34.52048325852941,34.97439936538905,35.010335661154954
747,37.0920162905,37.190698145,35.865628878965516,34.54630168929412,34.94056858529045,34.99537621538462
748,37.0448846585,36.9682957565,35.82634782936288,34.84278044794118,34.955210593349754,35.044295859396556
749,37.0861248365,37.120000697,35.79698435141561,34.76324581894118,34.971146225572966,34.96347849389252
750,37.013954525,37.099380608000004,35.83956574598261,34.61405341029412,34.894683707431106,35.00995188706463
751,37.012481661500004,37.0890705635,35.824648991497845,34.613533576117646,34.9425484306097,35.0414898981724
752,37.040466068,37.0713962015,35.83996554115601,34.82285347117647,34.870556655767146,35.0369152682353
753,37.0713962015,37.084651973,35.83513120227003,34.49067943241177,34.933522445324364,35.05768362009425
754,37.068450474500004,37.0861248365,35.83924878828601,34.57056061752941,34.89477759140662,35.10893062883117
755,37.037520341000004,37.078760519,35.83037575665315,34.37406329882353,34.99607382721842,35.145946401030045
756,37.0331017505,37.1096906525,35.849697360889294,34.75354224764706,34.91012520696268,35.053211734505496
757,37.0537218395,37.143566513,35.84552550669565,34.672274838058826,34.93511187639281,35.013273932270884
758,37.049303249000005,37.1391479225,35.85367866801217,34.95107923470589,34.82208429396654,35.09247714148148
759,37.05814043,37.143566513,35.858232818717674,34.850751238647064,34.84680661460207,35.0705841227055
760,37.05814043,37.1568222845,35.86540423798077,34.82787853488235,34.861271108053096,35.08434126423659
761,37.0655047475,37.158295148,35.86323270846154,34.80899122647059,34.8306247808,35.16392847234815
762,37.0478303855,37.114109243,35.84293992246154,34.78351935182353,34.82150815496161,35.0478483660181
763,37.02868316,37.1627137385,35.864491566153845,34.75648797464706,34.83917686297505,35.040429464885904
764,36.9918615725,37.136202195500005,35.84978810830769,34.78005379064706,34.856048704541486,35.00722338200822
765,36.9977530265,37.1303107415,35.86093714443439,34.828225091,34.87099864163364,35.042850384968155
766,37.011008798,37.124419287500004,35.856457092058825,34.68960264394118,34.901724434427955,35.02418927689356
767,37.024264569500005,37.078760519,35.88309444422414,34.78213312735294,34.81126818608654,34.96162894702944
768,37.025737433,37.0448846585,35.880626281186444,34.863573815,34.83960930761441,34.950183508397295
769,37.019845979,37.0596132935,35.856582977828054,34.67054205747059,34.91035161029165,34.99407204562923
770,37.0154273885,37.0831791095,35.85048198658215,34.71594090888235,34.89244252089788,34.98849348283027
771,37.0154273885,37.0831791095,35.87221256,34.74609129111765,34.8645653742113,34.98664301900819
772,37.031628887000004,37.0979077445,35.86715738244344,34.739853281,34.86411932,34.987295702113
773,37.046357522,37.096434881,35.87235942673077,34.73430838311765,34.86808082043924,34.98977639675
774,37.022791706,37.084651973,35.853077923076924,34.72685742658824,34.84767770965684,34.996605747414776
775,37.037520341000004,37.108217789,35.87026750144796,34.74314556411765,34.84901769695461,35.01820733224965
776,37.0331017505,37.102326335,35.849376592068964,34.76983038517647,34.857233488314286,35.00356107921679
777,37.0419389315,37.1037991985,35.8675757675,34.751289632882354,34.854219237991266,35.00879119123783
778,37.034574614,37.0949620175,35.84863132755435,34.81089728511765,34.888624324728916,35.02695493426087
779,37.02868316,37.099380608000004,35.84375812570043,34.829611315470586,34.88108307725664,35.016038989647406
780,36.996280163,37.0875977,35.83940882663462,34.68700347305882,34.88378386563557,34.936068585392206
781,37.016900252,37.1185278335,35.83691517764706,34.69826654688235,34.941851368761064,34.91144363634368
782,37.024264569500005,37.1067449255,35.83721137945702,34.736734275941174,34.8988911711423,34.871205303088374
783,37.0272102965,37.108217789,35.85776401979063,34.83134409605883,34.840075458396946,34.87572904537175
784,37.022791706,37.108217789,35.836069356923076,34.71472796247059,34.861621481315794,34.931091105807674
785,37.011008798,37.1037991985,35.85014272211865,34.82181380282353,34.869223349391305,34.94274614256081
786,37.034574614,37.05814043,35.81822027804026,34.72928331941176,34.86925867133303,34.89180031752066
787,37.0213188425,37.0448846585,35.849837609152544,34.874143776588234,34.80569049280541,34.97369229297806
788,37.011008798,37.011008798,35.85932855703361,34.801366991882354,34.82425968926923,34.8357331025
789,37.02868316,37.02868316,35.893582210852344,34.80223338217647,34.7419300314662,34.92196709466667
790,37.005117344,37.011008798,35.88499434112012,35.02697502447059,34.724513564335105,34.91613690385104
791,37.012481661500004,37.0213188425,35.8646914098125,34.90308121241176,34.64166362235146,34.86252132480338
792,36.9741872105,37.022791706,35.87112631743866,35.50245001788235,34.663283445194175,34.78645277323569
793,36.9594585755,37.024264569500005,35.865246880769234,35.19886685882353,34.65142196136364,34.80520768162234
794,37.012481661500004,37.0036444805,35.81893798694915,35.22919051911765,34.717323498148914,34.71541634464058
795,37.011008798,37.002171617,35.74848700161184,35.02091029241176,34.7053544088243,34.99186256597978
796,36.9977530265,37.024264569500005,35.78027449723124,35.050367562411765,34.80434906786015,34.82597212493665
797,36.987442982000005,36.990388709,35.82254453482707,35.3002345232353,34.738079768526,34.82263446452983
798,36.9859701185,36.9800786645,35.79780152741848,35.12660990829412,34.702589173973095,34.80614262684639
799,36.9918615725,36.993334436,35.78546778972705,35.18309855547059,34.665357222904234,34.79436444453517
800,36.975660074000004,37.0036444805,35.78665355245658,34.95385168364706,34.69703442684558,34.757524861388106
801,36.981551528000004,37.008063071,35.82089229493462,35.45670461035294,34.785623381189595,34.69687870299066
802,36.984497255,36.993334436,35.81207865588235,34.806218777529416,34.782535415406336,34.749171033776435
803,36.984497255,37.016900252,35.85477300788056,35.04170365947059,34.734913264344634,34.870444597424445
804,36.9859701185,37.006590207500004,35.83842494365376,35.26020729164706,34.718413429508196,34.75907932847413
805,37.000698753500004,36.996280163,35.82024509989189,35.39432450917647,34.73605500066478,34.81338638435054
806,36.9830243915,36.990388709,35.822639793125,35.28463949794118,34.63765217826649,34.85521005441072
807,36.9889158455,36.9830243915,35.82051780814406,35.44596137070589,34.655375603543305,34.66718036444234
808,36.981551528000004,36.984497255,35.76220076689099,35.453239049176474,34.63800359118787,34.682073855659574
809,36.9800786645,36.963877166,35.79255514962382,35.48269631917647,34.626799663505416,34.64285105605054
810,36.9653500295,36.943257077,35.8000645545749,35.39813662647059,34.62111686736709,34.71969783650152
811,36.966822893,36.949148531,35.75209141847414,35.21931366976471,34.6530765011836,34.868652898244605
812,36.972714347,36.9771329375,35.75021224780173,35.338528974235295,34.64047632164674,34.862391629943346
813,36.96976862,36.975660074000004,35.80182949624141,34.959916415705884,34.668272732452834,34.74374785909918
814,36.972714347,36.9682957565,35.76503248358974,35.097845750529416,34.682672601682995,34.596817441001356
815,36.96976862,36.981551528000004,35.77032282916624,34.931845370176475,34.81111830150829,34.93218700883117
816,36.9712414835,36.96976862,35.77394823853308,35.37786309358824,34.6987124575114,34.78506074453207
817,36.966822893,36.972714347,35.79158028006957,35.13042202558824,34.753190276590075,34.94833424379747
818,36.96976862,36.966822893,35.780982120436974,35.002196262058824,34.72774742822903,34.80092911790503
819,36.96976862,36.963877166,35.81735856257896,35.10529670705883,34.71844550675824,34.90519587148878
820,36.960931439,36.952094258,35.8085596507069,34.99214613464706,34.74940768248696,34.732270156727274
821,36.9741872105,36.9977530265,35.784333011671535,35.20163930776471,34.75499234357143,34.772236364828586
822,36.9889158455,37.022791706,35.73100553962034,34.857855639058826,34.78720924426966,34.81005450527299
823,36.9358927595,37.016900252,35.73819858382609,35.25137011064706,34.728046667445994,34.821647608709235
824,36.9653500295,36.975660074000004,35.73355344033614,34.867212654235296,34.66822293494837,34.90918567701911
825,36.944729940500004,36.9830243915,35.74347174430285,34.890085358,34.71421310095364,34.92953795807692
826,36.957985712,36.9712414835,35.731464640559444,34.96944670894118,34.75360257073107,34.800825794657534
827,36.943257077,36.981551528000004,35.75902967775862,35.23040346552941,34.74917671515732,34.7776600202642
828,36.966822893,36.975660074000004,35.748194096346154,35.05140723076471,34.62952512016529,34.804698205312775
829,36.963877166,36.9918615725,35.74188370229449,34.98365550976471,34.589056982928874,34.780565391308855
830,36.960931439,36.9889158455,35.70901410652542,34.934444541058824,34.614628434457295,34.71228678040657
831,36.9270555785,36.955039985,35.697150168524594,34.736907554,34.74111784215269,34.61103342126891
832,36.972714347,36.9948072995,35.74589508166867,34.86201431247059,34.74916705122203,34.88760201142857
833,36.962404302500005,36.966822893,35.7347416327395,34.953678405588235,34.7846303699654,34.80684058005242
834,36.9211641245,37.006590207500004,35.737802715375494,35.14584377282353,34.793624509386646,34.83433161220914
835,37.011008798,37.002171617,35.7539393520354,35.54611608870589,34.808183554190876,34.72359930517815
836,36.956512848500005,36.7886064095,35.75415901836569,35.02281635105882,34.628605565277184,34.80327520114362
837,36.984497255,37.0301560235,35.73598737292308,35.00254281817647,34.71228483417407,34.86092619086551
838,36.96976862,37.008063071,35.71467693164918,35.16681041794118,34.65959424651297,34.89690367264667
839,36.9682957565,36.972714347,35.734436659013156,35.14809638758824,34.77311398371361,34.845286924779984
840,36.96976862,36.993334436,35.74444604315254,35.150175724294115,34.74188739128502,34.783636569333915
841,36.984497255,36.993334436,35.74855580812308,35.06319013876471,34.69900595478222,34.88229878611775
842,36.981551528000004,37.019845979,35.73134504713899,35.15745340276471,34.64601156955497,34.82826982004339
843,36.987442982000005,37.0213188425,35.718715845384615,34.94050927311765,34.713627226960355,34.899801709665525
844,36.990388709,36.9948072995,35.74708150592857,35.018657677647056,34.648349452964425,34.779104999302426
845,36.955039985,36.907908353,35.6926090735503,35.30196730382353,34.737766724375,34.76814570077947
846,36.960931439,37.005117344,35.70331998532688,35.061284080117645,34.659246532279155,34.90686945584
847,36.9034897625,36.760622003,35.682741501318134,35.345979930764706,34.679268367068964,34.939146386835795
848,36.949148531,36.96976862,35.699699866339714,35.39917629482353,34.723710697040005,34.64539793357045
849,36.960931439,36.952094258,35.73396864881356,35.08710251088235,34.5764578716318,34.77298564933722
850,36.952094258,36.9535671215,35.73322175940829,34.81176367541177,34.62579013042445,34.935508787859824
851,36.9741872105,36.963877166,35.77556924393277,35.10027164335294,34.657232408967914,34.74031705462803
852,36.962404302500005,36.944729940500004,35.828335774500005,34.95281201529412,34.68919606436302,34.86017985319633
853,36.9682957565,36.937365623000005,35.8141640091875,35.01415244811765,34.6976470245227,34.69726323308683
854,36.931474169,36.94031135,35.752716115751724,35.184311501882355,34.72728280015625,34.72391349238867
855,36.931474169,36.9476756675,35.708015555,35.09004823788236,34.608632462564806,34.784039186
856,36.9358927595,36.962404302500005,35.712305354674555,34.97880372411765,34.63025727241769,34.784230838707224
857,36.9535671215,36.9682957565,35.73738356054545,35.02160340464706,34.65254141250331,34.73199920791209
858,36.94031135,36.956512848500005,35.72602104586792,35.007914438,34.72716095392617,34.766293195379944
859,36.9388384865,36.9241098515,35.73511010646875,35.0086075502353,34.62568559269415,34.80833366220347
860,36.9182183975,36.904962626,35.72648574414373,35.16715697405883,34.579253333450346,34.660054137738776
861,36.88139681,36.904962626,35.724829786340194,35.225724957941175,34.609763072190205,34.71964037672571
862,36.907908353,36.9358927595,35.7123440887574,35.07549288094118,34.724410367620784,34.88957188265138
863,36.937365623000005,36.8710867655,35.685603225641024,34.92422113558824,34.71438740732468,34.937633015225515
864,36.9535671215,36.943257077,35.70934434923077,35.21099632294118,34.779448273721854,34.74935994540909
865,36.9712414835,36.943257077,35.72016837349113,35.237681144,34.682582313746636,34.90639020421868
866,36.9211641245,36.9270555785,35.71375343456281,35.23421558282353,34.65056800605898,34.80682900459272
867,36.9211641245,36.952094258,35.71570465778461,35.44838726352941,34.644653357262676,34.773310430195906
868,36.925582715000004,36.9682957565,35.675058660615385,35.358109394882355,34.553152330303305,34.717103492915534
869,36.9535671215,36.96976862,35.68509035769231,34.93912304864706,34.6112522686864,34.794741599759035
870,36.946202804,36.962404302500005,35.69604125795763,35.01103344305882,34.700003121880634,34.759383288124205
871,36.9535671215,36.9034897625,35.638725671133,35.02749485864706,34.75695201130128,34.89027196514027
872,36.950621394500004,36.952094258,35.71621911096154,35.00878082829412,34.666736402411104,34.777355995098816
873,36.949148531,36.950621394500004,35.71608192775148,35.069774705,34.67977151758847,34.78418412034527
874,36.9270555785,36.916745534,35.706792969478485,35.013632613941176,34.66882707467319,34.74759413
875,36.91085408,36.966822893,35.69620530570823,34.97291227011765,34.5945142356533,34.84969251263959
876,36.916745534,36.928528442,35.746339632564656,35.12262451294118,34.62686558346154,34.77820759436071
877,36.9270555785,36.900544035500005,35.73382942581579,35.14619032894118,34.6875196763531,34.82375285315398
878,36.919691261000004,36.944729940500004,35.725605230209794,35.0940336332353,34.74713446833262,34.77656857938145
879,36.922636988,36.956512848500005,35.713394708652174,35.02368274135294,34.71395787104581,34.91549494802411
880,36.925582715000004,36.9535671215,35.746364090256414,35.048808059882354,34.68710905039587,34.829007099959284
881,36.9300013055,36.944729940500004,35.75555305805035,35.013632613941176,34.71048680395548,34.76749401935
882,36.9093812165,36.9417842135,35.747493235872064,35.099231975,34.74147025552239,34.86686345936548
883,37.2245740055,37.124419287500004,35.96135311243077,35.75872826688236,34.86805126713067,35.16190187137424
884,37.209845370500005,37.181860964,35.950097036375,35.365906907529414,34.84172004546154,35.073894775427135
885,37.220155415,37.240775504,35.978020073562504,35.23386902670588,34.9564644231579,35.23734351083887
886,37.223101142000004,37.2746513645,35.96267179786832,35.349098935823534,34.91322346877885,35.15398252287561
887,37.220155415,37.267287047,36.02062583098746,35.511633755,35.08933502633439,35.18681233803407
888,37.29379859,37.273178501000004,36.05971915042741,35.54888853764706,35.04396189246587,35.07010472420747
889,37.296744317,37.2068996435,36.03885757504133,35.570721573058826,35.01722981328505,34.99445741671101
890,37.2834885455,37.2334111865,36.02293859185523,35.38600716235294,34.95761640607143,35.08963739396031
891,37.2864342725,37.2216282785,36.017793338118736,35.367119853941176,34.97783508900621,35.15461501210735
892,37.2746513645,37.2628684565,36.00178787539496,35.39779007035294,35.04362332674699,35.17680098102022
893,37.2451940945,37.072869065,35.985015469793105,35.318255441352946,35.07080865380753,35.25925698267365
894,37.298217180500004,37.329147314000004,35.985431823021976,35.39311156276471,35.01572527972851,35.217618648753465
895,37.296744317,37.0655047475,35.98492135344243,35.31669593882353,34.972316923822376,35.29339445337311
896,37.0802333825,37.211318234000004,35.994130635462184,35.525149443588234,34.8036645947974,35.23530273377847
897,37.243721231,37.3217829965,35.99558914847458,35.33731602782353,35.04098065039679,35.226647149644066
898,37.299690044,37.2746513645,35.96597503015252,35.44058975088235,35.00653683432836,35.23156367514066
899,37.2658141835,37.2393026405,35.97828217627251,35.38150193282353,35.06457708946354,35.17026059940829
900,37.302635771,37.2304654595,35.984756278494515,35.346673043,34.98002893040108,35.143928278242576
901,37.2805428185,37.2304654595,35.96026631284746,35.38288815729412,35.0690008275678,35.21265505307692
902,37.2893799995,37.223101142000004,35.9678730502521,35.39224517247059,34.93535639939805,35.160882852681745
903,37.302635771,37.1951167355,35.96138164653846,35.46779440611765,35.085136829677424,35.126989052373546
904,36.94031135,37.2039539165,35.92358921272727,35.43539140911765,34.875979857557695,35.21086326607284
905,37.2393026405,37.287907136,35.946373132623734,35.387046830705884,35.00069494752319,35.174750997233204
906,37.2628684565,37.273178501000004,35.94706120824197,35.38964600158823,34.9645022953917,35.227618181176474
907,37.279069955000004,37.252558412,35.94058951365385,35.32501328564706,34.95789919168237,35.26491320622299
908,37.2687599105,37.223101142000004,35.94635015591973,35.34216781347059,34.97823667542674,35.201023208
909,37.249612685,37.196589599,35.939468582978265,35.334197022764705,34.95546948533645,35.13282303474465
910,37.228992596,37.164186602,35.984701031608395,35.35776283876471,35.031639756192526,35.201057001149046
911,37.243721231,37.1037991985,35.981721190109894,35.4534123272353,34.98395833640379,35.292608312091254
912,37.242248367500004,37.186279554500004,35.96842366382151,35.34182125735294,35.003298212934446,35.31810634162791
913,37.223101142000004,37.2334111865,35.959286921933916,35.29988796711765,34.9753157596255,35.196021024927056
914,37.1774423735,37.214263961,35.961631593645485,35.334197022764705,35.00997351265483,35.230277509815195
915,37.198062462500005,37.1833338275,35.9466739925,35.334543578882354,34.97654778418764,35.23456289068981
916,37.180388100500004,37.173023783000005,35.91748573011442,35.352217940882355,34.94182454189807,35.16354896015852
917,37.158295148,37.2334111865,35.90198721472727,35.52151060435294,35.08737074438035,34.94083975909274
918,37.231938323,37.254031275500004,35.90378623681119,35.495518895529415,34.89988161290698,34.96459921194669
919,37.2039539165,37.2510855485,35.88029207120949,35.15745340276471,34.887916708917864,35.27797374548252
920,37.273178501000004,37.0566675665,35.93341063136522,35.551487708529415,34.89953086822622,35.224460474108675
921,37.2451940945,37.1715509195,35.93700176923077,35.48841449511765,34.91519602190395,35.2341292565704
922,37.2275197325,37.072869065,35.92523944081739,35.42967323317647,34.9410200073523,35.24388350657424
923,37.223101142000004,37.198062462500005,35.928356883304346,35.20163930776471,35.06998520519706,35.181071955565216
924,37.223101142000004,37.125892151,35.968073307176724,35.37006558094118,35.08863002800989,35.175602675
925,37.2157368245,37.131783605,35.970723238793106,35.344766984352944,34.90426613541779,35.148853289855985
926,37.217209688000004,37.1420936495,35.93933637804196,35.331944408,34.94426977727868,35.271979258882254
927,37.17596951,37.1509308305,35.93046042573595,35.263326296705884,34.976423649272405,35.163993860582764
928,37.099380608000004,37.167132329,35.91975044967106,35.38392782564706,35.00426657136929,35.15983917116638
929,37.0772876555,37.1096906525,35.943695248092105,35.515099316176475,34.958063673384615,35.08990405587484
930,37.1067449255,37.1627137385,35.903892697889724,35.67260907164706,34.9660396329982,34.99423804157025
931,37.114109243,37.161240875000004,35.87244037768136,35.367293132,34.92083217372532,35.01960391102443
932,37.120000697,37.143566513,35.88527925391949,35.30508630888235,35.02742009040491,34.948849718854994
933,37.120000697,37.158295148,35.91772841520661,35.24859766170589,35.051244752297244,35.030718631115064
934,37.2127910975,37.149457967000004,35.93791139543424,35.343727316,35.03273984084327,35.155436339091324
935,37.20542678,37.1273650145,35.9880719556692,35.41615754458824,34.976807754359605,35.133390439106094
936,37.220155415,37.1332564685,35.96352170461539,35.581638090764706,34.96807173348315,35.04977396086012
937,37.198062462500005,37.136202195500005,35.96825444534454,35.41303853952941,34.93259978218039,35.018322499148184
938,37.2068996435,37.1273650145,35.96406408848061,35.3061259772353,34.821325234671164,34.98399767353612
939,37.217209688000004,37.140620786,35.950247512542376,35.44960020994118,34.902981554343356,34.95295200788139
940,37.2363569135,37.1774423735,35.90965932995015,35.38410110370588,34.88950915806118,35.05975972807224
941,37.2186825515,37.149457967000004,35.923382635925684,35.38981927964706,34.833577935774265,35.03771755772524
942,37.2157368245,37.158295148,35.90574128957913,35.31964166582353,34.90973230504464,35.10902240210175
943,37.2127910975,37.178915237,35.90910197986087,35.31444332405883,34.97404889648762,35.17067190412452
944,37.223101142000004,37.1774423735,35.90771069325123,35.32068133417647,34.89509633096264,35.18018429191714
945,37.193643872,37.190698145,35.887523372605045,35.27684198529412,34.91597449332763,34.960181329064504
946,37.211318234000004,37.170078056,35.90359969437071,35.34459370629412,35.001897900050956,35.110847031657244
947,37.2275197325,37.099380608000004,35.96522578542373,35.33644963752941,34.96278624706179,35.17490889117673
948,37.220155415,37.090543427,35.99607428352941,35.37006558094118,34.94436986278097,35.13817671828666
949,37.186279554500004,37.046357522,35.99200075932248,35.36417412694118,34.90054423672595,35.15330225139617
950,37.161240875000004,36.919691261000004,36.01216918884657,35.52861500476471,34.910145383979945,34.99717312595948
951,37.096434881,36.236282597,36.1158023627,35.39900301676471,34.93138350848709,35.25125910439063
952,37.1273650145,37.193643872,35.93259073187692,35.323973617294115,34.974748708116074,35.13686325185864
953,37.258449866,37.226046869,35.901556715250834,35.279094600058826,35.07188978313316,35.183844016346605
954,37.243721231,37.192171008500004,35.89983113482518,35.306819089470594,34.97651974540322,35.29944340159889
955,37.2569770025,37.192171008500004,35.925628052518995,35.23698803176471,34.975719453612754,35.34689030931389
956,37.267287047,37.2010081895,35.9214825716,35.249637330058825,35.00765828782609,35.18925152342049
957,37.2275197325,37.196589599,35.918580485,35.29520945952942,34.9412351,35.222040486761564
958,37.2039539165,37.214263961,35.86928994761865,35.37283802988235,34.92579427977387,34.96659751504993
959,37.14651224,37.223101142000004,35.88709911407458,35.30421991858824,35.02700842746988,35.04522698
960,37.2245740055,37.208372507,35.897228267125165,35.33090473964706,34.90854787438127,35.05787874408797
961,37.223101142000004,37.202481053,35.91480713976331,35.540224634705886,35.024414506793896,35.06671001097454
962,37.2186825515,37.184806691,35.908887986011635,35.35637661429412,34.93538687875745,35.154696291321535
963,37.108217789,37.105272062,35.8983786165,35.390858948,34.984794235528625,35.1397538005892
964,37.2157368245,37.2010081895,35.891325289187805,35.28862489329412,34.93242438612031,35.18245792014441
965,37.2157368245,37.192171008500004,35.90779013,35.27181692158824,34.97821947244957,35.105706036123664
966,37.1686051925,37.1420936495,35.91388212362214,35.352217940882355,34.986753653878765,35.08331214458298
967,37.173023783000005,37.1656594655,35.9159428784066,35.379595874176474,34.984998268863635,35.17752368121519
968,37.1627137385,37.14651224,35.92220485720339,35.34528681852942,35.050798034937586,35.09983726136986
969,37.180388100500004,37.170078056,35.90967303555932,35.43747074582353,35.01624563528061,35.10729128568897
970,37.1627137385,37.2010081895,35.86115674544407,35.689590321411764,34.94486258351563,34.92517404903255
971,37.178915237,37.209845370500005,35.87353277378151,35.37110524929412,34.88342069625258,35.058181503926654
972,37.231938323,36.960931439,35.86972184620067,35.50972769635294,34.85536380471081,35.15316050434265
973,37.254031275500004,37.0154273885,35.90281928696429,35.83011882711765,34.87290809596662,35.196937315604394
974,37.2039539165,37.046357522,35.86040261812389,35.21220926935294,34.977679986374504,35.18712335422181
975,37.184806691,37.29379859,35.874983920223215,35.43660435552941,34.96848923115893,35.1404833322296
976,37.2039539165,37.2068996435,35.88393386355604,35.23612164147059,34.94019466631671,35.09810934513008
977,37.170078056,37.1420936495,35.855661656142246,35.57678630511765,34.88283726905563,35.10882681527273
978,37.125892151,37.152403694,35.900349936783215,35.29503618147059,34.96175594795536,35.15591724653544
979,36.9594585755,36.7296918695,35.9156679300382,35.348752379705886,34.92273846389622,35.34252862189611
980,37.0861248365,36.955039985,35.88539713847457,35.22191284064706,34.90941660655602,35.18945810955036
981,37.14651224,36.8534124035,35.91072362895645,35.29642240594118,34.98785612900402,35.22395638842513
982,37.016900252,36.960931439,35.891946652967036,35.37110524929412,34.99437146152849,35.13809009066841
983,37.187752418,37.202481053,35.88958407267241,35.304046640529414,35.0986631726488,35.29720084845921
984,37.111163516000005,37.1597680115,35.89030343816419,35.48997399764706,35.07176635038057,35.0694135826007
985,37.149457967000004,37.105272062,35.89439519722034,35.38167521088236,34.89726286710095,35.17717501294118
986,37.0861248365,37.140620786,35.89740790423645,35.580944978529416,35.004768808911656,35.07633214945218
987,37.120000697,37.17596951,35.898003296732206,35.46484867911765,34.84195639434555,35.05293131666385
988,37.111163516000005,37.158295148,35.86697054745562,35.411479037,34.850456124453125,35.029518148134265
989,37.114109243,37.0979077445,35.857966487115384,35.36070856576471,34.84817598906946,35.05015167123843
990,37.11705497,37.14651224,35.86355326910508,35.40922642223529,34.83607167353982,35.15201679388161
991,37.114109243,37.1568222845,35.90804087931598,35.33766258394118,34.92062552107659,35.12656306409449
992,37.114109243,37.099380608000004,35.948538355625004,35.38531405011765,34.8173419433386,35.00136273484483
993,37.111163516000005,37.0713962015,35.9941438376,35.35117827252941,34.899745693960355,35.073854692437045
994,37.102326335,36.7915521365,36.03854328172373,35.38288815729412,34.94491169826415,35.13828434836005
995,37.1096906525,37.061086157,35.96819023526483,35.45999689347059,34.95806669109283,35.04590330539269
996,37.137675059,37.0507761125,35.919312214120694,35.71367597158824,34.879765039113664,34.99520732930623
997,37.14651224,37.0507761125,35.9166027684035,35.57453369035294,34.86351350117936,35.01130803834926
998,37.128837878,37.0713962015,35.9129261678843,35.36608018558824,34.8249036212265,35.00647857459674
999,37.134729332,37.043411795000004,35.92059080506557,35.30577942111765,34.84966044021978,34.9761259259871
1000,37.061086157,37.025737433,35.91590519416358,35.28862489329412,34.94862624774631,35.06548886185408
1001,37.072869065,37.0360474775,35.91660665597896,35.403161690176475,34.99178912209483,35.078519430749786
1002,37.102326335,37.037520341000004,35.910358945357146,35.51440620394118,34.94392752386935,35.162445858345734
1003,37.128837878,37.062559020500004,35.90952456455665,35.42100933023529,34.80234176546164,35.01777182203476
1004,37.128837878,37.125892151,35.8524065323077,35.30785875782353,34.99521290411643,35.01093039256177
1005,37.161240875000004,37.128837878,35.87819912769231,35.31860199747059,34.978890327360595,35.01227712988526
1006,37.131783605,37.072869065,35.87437576948276,35.28359982958823,34.999739551325504,35.13763305865159
1007,37.11705497,37.084651973,35.883014757912086,35.30491303082353,34.99286931993389,35.076920546627115
1008,37.122946424,37.068450474500004,35.87344247843502,35.344766984352944,34.9374801132114,35.18549198346312
1009,37.122946424,37.102326335,35.90672999283762,35.34026175482353,34.95316244854561,35.17866730983146
1010,37.120000697,37.0949620175,35.89307212634364,35.418410159352945,34.98070971059559,35.05499206950504
1011,37.102326335,37.099380608000004,35.867088141505086,35.373357864058825,34.83885051970345,35.125953295212355
1012,37.1126363795,37.1273650145,35.85648768493644,35.385140772058826,34.88361234416309,35.018442970104715
1013,37.1214735605,37.122946424,35.84502962623077,35.39467106529412,34.956523529080805,35.16807134904616
1014,37.1214735605,37.1096906525,35.84654025546154,35.41043936864706,34.9403111353544,35.09173399227312
1015,37.0360474775,37.031628887000004,35.833327458758625,35.39744351423529,35.05125507072306,35.18391140749306
1016,37.061086157,37.081706246,35.888665943984655,35.41459804205883,34.87692499722008,35.19510635627034
1017,37.0875977,37.02868316,35.94889681077311,35.35291105311765,34.92510636833124,35.22219719438462
1018,37.075814792,37.031628887000004,35.91612271521978,35.56500339711765,34.872362306297525,35.068744512217044
1019,37.11705497,37.0331017505,35.91962437070252,35.44041647282353,34.9096473696796,35.036793716815836
1020,37.064031884,37.031628887000004,35.92348086184874,35.396057289764705,34.90953306735786,34.97450639909971
1021,37.111163516000005,37.043411795000004,35.89040186379596,35.31080448482353,34.84293342813954,35.04054612131767
1022,37.052248976,37.006590207500004,35.87166373549696,35.29416979117647,34.87042550598472,35.15399726197694
1023,37.066977611,37.0448846585,35.8727896231405,35.26263318447059,34.981328632974794,35.10740281870968
1024,37.0566675665,37.0095359345,35.84156012980168,35.25188994482353,34.93677930881585,35.19981449567635
1025,37.0507761125,37.024264569500005,35.861565807241384,35.39934957288236,34.967667201685394,35.10373375048173
1026,37.0596132935,37.0920162905,35.856857102484476,35.53242712205883,34.973049048363634,35.01265817361123
1027,37.064031884,37.093489154000004,35.85615513076923,35.36919919064706,34.94263441896552,35.05321524953279
1028,37.05814043,37.0772876555,35.84490721317241,35.28827833717647,34.963823990150615,35.07412365966994
1029,37.0772876555,37.040466068,35.8479375875,35.46484867911765,34.868740741127134,35.05342101920316
1030,37.0802333825,37.0478303855,35.80864735872881,35.337835862,34.89726359638544,35.06191985496348
1031,37.037520341000004,37.0154273885,35.83144082965035,35.15329472935294,34.83605732181408,35.17825876213013
1032,37.068450474500004,37.0802333825,35.867165452869564,35.393804675,34.95714996946882,35.11678870813934
1033,37.0596132935,37.1008534715,35.84453535894737,35.33956864258823,34.95570945168756,35.04035009272727
1034,37.019845979,37.024264569500005,35.83679078576522,35.41286526147059,34.97192490898898,35.163590259196894
1035,37.006590207500004,37.025737433,35.81529978617392,35.31617610464706,34.89677884639561,35.21804466722463
1036,37.000698753500004,37.002171617,35.819609791274104,35.31340365570588,34.747733063209374,35.15071039618483
1037,36.9918615725,37.034574614,35.79315774388594,35.19470818541177,34.708261228875195,35.02684521709965
1038,36.9800786645,36.9948072995,35.8272407579661,35.25171666676471,34.951270237857145,34.94103505675537
1039,37.002171617,37.0331017505,35.82738726908735,35.22901724105883,34.88904925570627,35.18001553082537
1040,37.006590207500004,37.0537218395,35.82906123344828,35.29694224011765,35.01374006569833,35.115358451719636
1041,37.006590207500004,37.011008798,35.836266651578946,35.41355837370588,35.02272723662857,35.04112439362138
1042,36.9948072995,37.0036444805,35.81969359586207,35.40714708552942,34.92311778384615,34.92256130186403
1043,37.022791706,37.012481661500004,35.78546887261538,35.21012993264706,34.935835316923075,34.91276446393352
1044,37.0272102965,36.934419896,35.726802747200004,34.40040156376471,34.76336133764706,35.103236408351954
1045,37.005117344,37.005117344,35.81740160668435,35.14567049476471,34.80755531818908,34.903321863355885
1046,37.034574614,37.031628887000004,35.799662376253025,34.90100187570589,34.84740119617647,34.98614777741395
1047,37.0301560235,37.006590207500004,35.83199970496305,35.23075002164706,34.89985189870522,34.99187514913657
1048,37.0331017505,37.040466068,35.81898805676923,35.44908037576471,34.83412966043633,35.020679255000005
1049,37.066977611,37.068450474500004,35.79867949463791,35.36261462441176,34.78750678403023,35.012298226107895
1050,37.05814043,37.0772876555,35.7901056556574,35.25656845241177,34.79694367290933,35.072850740638025
1051,37.046357522,36.9889158455,35.81999743816654,35.141165265235294,34.85368995527705,35.125437119388685
1052,37.034574614,37.0389932045,35.81882398565,35.11482700029412,34.9558766644974,34.89919327111111
1053,37.0272102965,37.0272102965,35.84629639674286,35.06752209023529,34.85286493539446,34.93199152645217
1054,37.031628887000004,37.0331017505,35.84986534669492,35.140818709117646,34.8837473938021,35.04701455792308
1055,37.031628887000004,36.9535671215,35.803610061009614,35.44908037576471,34.84085320313253,35.164168501443584
1056,37.034574614,37.040466068,35.81441168072664,35.29832846458824,34.81848552615191,35.10212608725907
1057,37.031628887000004,37.040466068,35.82277171155569,35.39813662647059,34.87885824754717,35.00568009836419
1058,36.993334436,37.043411795000004,35.811263933559324,35.38929944547059,34.80461339140187,34.96008629180538
1059,36.981551528000004,37.022791706,35.80169633061017,35.355683502058824,34.864244838867926,34.893188330213526
1060,36.9741872105,37.024264569500005,35.81220940782418,35.240626871,34.89914781725073,34.899013933871124
1061,36.9800786645,37.0272102965,35.78089960707563,35.16022585170588,34.902745716595746,34.9492181
1062,37.0301560235,37.0419389315,35.771333178678645,35.259860735529415,34.813899872592266,35.0778796464611
1063,37.0360474775,37.022791706,35.79073751455874,35.244958822470586,34.77851226236579,35.09443179516707
1064,37.0154273885,36.966822893,35.79020019375983,35.27805493170588,34.7053630847644,34.88412180578671
1065,36.9771329375,36.984497255,35.82345596007998,35.38028898641176,34.70045198125534,34.81453286891546
1066,36.96976862,36.956512848500005,35.83319985815902,35.23924064652941,34.69303956894604,34.978791434893616
1067,36.9771329375,37.008063071,35.81782172,35.129035801117645,34.72885692837696,35.01022824336634
1068,36.984497255,37.0183731155,35.80807524954839,35.11915895176471,34.81407674946578,34.998216889936415
1069,36.9653500295,37.0095359345,35.79295530062696,35.246864881117645,34.81771420147727,34.77176663973191
1070,36.993334436,37.0154273885,35.803471300559444,35.43903024835294,34.76962778313846,34.97950221527273
1071,36.9918615725,37.0213188425,35.787493905656106,35.32120116835294,34.834642805590235,34.89157534781977
1072,36.9948072995,37.0301560235,35.71021236835593,35.584757095823534,34.69555247175532,35.00783872678724
1073,36.9830243915,37.024264569500005,35.70540089310345,35.16421124705882,34.773535626587595,35.143711571625126
1074,37.002171617,36.987442982000005,35.73103400102564,35.12106501041177,34.84742973547598,35.15218492464286
1075,37.0183731155,37.016900252,35.71693546093407,35.08242400329412,34.82903526252733,35.041714838700194
1076,37.031628887000004,37.0596132935,35.745084717846154,35.43539140911765,34.87077202007519,35.00744504738509
1077,37.0213188425,36.9093812165,35.77923165236923,35.41615754458824,34.72064306679709,35.10180188692308
1078,37.008063071,36.950621394500004,35.75977978330769,35.35412399952941,34.770416595145385,35.030263313590424
1079,36.9918615725,36.962404302500005,35.74793551921849,35.08866201341176,34.76990406583437,35.008803957312914
1080,36.912326943500005,36.949148531,35.87955493942377,35.19141590229412,34.740939819647544,34.96849507347164
1081,36.952094258,36.9889158455,35.84614137443738,35.15710684664706,34.86001862724138,34.69804824137097
1082,36.893179718,36.4940337095,35.87607617805785,35.38323471341177,34.841465936846376,34.76082576091272
1083,36.96976862,37.0183731155,35.81024781593716,35.3797691522353,34.80224960330709,34.89561863687975
1084,37.011008798,36.345274496,35.9099417549569,35.27337642411765,34.76379814750988,34.8990682640106
1085,36.912326943500005,36.1434921965,35.88174454210527,35.154507675764705,34.93918414924713,35.04727447836809
1086,36.950621394500004,36.327600134,35.939451307129815,35.21342221576471,34.59296799242254,35.10253395199506
1087,36.9535671215,36.9918615725,35.733082526793225,34.99959709117647,34.786019078908595,34.99010987812155
1088,36.9064354895,36.9918615725,35.7457291951061,35.060937524,34.91532768945584,34.897588510993856
1089,37.000698753500004,36.9476756675,35.75594206571429,35.05660557252941,34.78957343785772,35.13353526538817
1090,36.956512848500005,36.9682957565,35.75265210989657,35.152948173235295,34.81329925251883,34.97869410959363
1091,36.96976862,36.952094258,35.77954061201429,35.13700659182353,34.83610081074373,35.10886728524064
1092,36.972714347,36.944729940500004,35.756383708657864,34.99803758864706,34.91333306093305,35.03721233097948
1093,36.9712414835,36.952094258,35.75860067804014,35.08242400329412,34.94189711700935,34.93078347842937
1094,36.978605801,36.975660074000004,35.761523915034715,35.246864881117645,34.87444137051041,34.92417553609907
1095,36.975660074000004,36.9859701185,35.76889267477932,35.42863356482353,34.84678078911051,34.87135243557785
1096,36.9800786645,36.996280163,35.77035228105263,35.12730302052941,34.85144901247502,34.981634998658265
1097,36.962404302500005,36.944729940500004,35.80957415942149,35.06665569994118,34.850144930216814,35.06489151997316
1098,36.946202804,36.890233991,35.79578591076923,35.13873937241176,34.816196151625284,35.07903969937008
1099,36.937365623000005,36.9388384865,35.78263784153846,35.228843963,34.7774109992971,35.1118148804379
1100,36.928528442,36.9211641245,,35.25934090135294,34.75304956689823,34.99123888532702
1101,36.955039985,36.916745534,,35.269910862941174,34.76624955097405,35.00621564267207
1102,36.943257077,36.9535671215,,35.18327183352941,34.82924813569334,35.007537280900664
1103,36.9358927595,36.949148531,,35.22676462629412,34.87966608991461,34.91683826410615
1104,36.931474169,36.949148531,,35.133367752588235,34.85747470527649,34.913637376683845
1105,36.9152726705,36.955039985,,35.201119473588236,34.94724667710456,34.9244439944341
1106,36.899071172,36.960931439,35.70672356947369,35.155374066058826,34.900117631554735,34.96345423453442
1107,36.9211641245,36.9741872105,35.69039154730769,35.161612076176475,34.93581551028012,34.92339734752635
1108,36.9417842135,36.962404302500005,35.70535521041872,35.052793455235296,34.882679108443064,34.99266771031156
1109,36.9741872105,36.9388384865,35.731850028910415,35.17339498417647,34.88044970625928,35.056271610556394
1110,36.9741872105,36.902016899,35.745870730921055,35.190549512000004,34.913824822152925,35.1092159110365
1111,36.978605801,36.912326943500005,35.755744870739136,35.19470818541177,34.86874175710526,35.07892845009986
1112,36.9771329375,36.9771329375,35.72687854368421,35.125570239941176,34.88783047717524,35.07139528509251
1113,36.987442982000005,36.950621394500004,35.72576544846154,35.16299830064706,34.90286725167826,35.006371301557934
1114,36.9800786645,36.949148531,35.69781880769231,35.096979360235295,34.97749945649806,34.88285441002953
1115,36.981551528000004,36.96976862,35.69270932647059,35.18049938458824,34.93630437234079,34.878506609297034
1116,36.9653500295,36.9476756675,35.687820409810925,35.14688344117647,34.925266624651165,34.897357894688426
1117,36.9948072995,36.957985712,35.70987397033898,35.07757221764706,34.85578075298802,35.004124250431445
1118,36.9889158455,36.949148531,35.72307704050848,35.09680608217647,34.798158494071146,35.093992181117954
1119,36.972714347,36.9476756675,35.746959690150376,34.98088306082353,34.8446962687324,35.09749590015209
1120,36.9653500295,36.956512848500005,35.75177822336207,35.04794166958823,34.83642085351907,35.114207229004656
1121,36.9977530265,36.972714347,35.74120743615385,35.03303975652941,34.84228222694194,35.110942218007594
1122,37.005117344,36.987442982000005,35.707932342372885,34.967020816117646,34.878134418183414,35.03418457371862
1123,36.950621394500004,36.9977530265,35.695589327310344,34.88540685041177,34.97984430928572,35.02292432331659
1124,36.966822893,36.9977530265,35.69045449019231,35.107895877941175,34.87245616046849,34.90272579010433
1125,36.9712414835,36.9800786645,35.6928573348125,35.03927776664706,34.83400315088965,34.8750549656
1126,36.9712414835,36.9800786645,35.70360528576271,35.10928210241177,34.761554954427645,34.95793066065434
1127,36.972714347,36.9918615725,35.72110571039616,35.05885818729412,34.7914327825497,35.05016506886628
1128,36.9800786645,36.9800786645,35.70151145692308,35.0572986847647,34.82333734756618,34.97164681001974
1129,36.9771329375,36.9830243915,35.701001919285716,35.07012126111765,34.83540026181895,34.94842639362832
1130,36.9535671215,36.984497255,35.68060441178277,35.11586666864706,34.91081228683938,34.80109941585079
1131,36.962404302500005,36.990388709,35.70063060915967,35.07722566152941,34.92337532114504,34.89287879483013
1132,36.962404302500005,36.9889158455,35.67782155855942,34.996824642235296,34.80092667571918,34.961266089335936
1133,36.9241098515,36.9682957565,35.71216978538462,35.01571195064706,34.80290752236153,34.985907529072165
1134,36.943257077,36.9682957565,35.72868515201681,35.03303975652941,34.79050897308579,35.060548465716984
1135,36.931474169,36.9653500295,35.71059514644068,35.029227639235295,34.83695557037516,35.003218993458646
1136,36.934419896,36.956512848500005,35.699211659050846,35.073066988117645,34.799060745208784,34.960001940682496
1137,36.934419896,36.9682957565,35.685589904395606,35.03096041982353,34.838752863147825,34.90221449096035
1138,36.931474169,36.944729940500004,35.66582675305085,35.0027160962353,34.79451092461341,34.952967138789965
1139,36.9417842135,36.944729940500004,35.67884708176471,35.087968901176474,34.83653847419077,34.90841117885577
1140,36.94031135,36.9329470325,35.6978913520339,35.04239677170588,34.77557582822335,35.034345987460696
1141,36.952094258,36.956512848500005,35.697189378846154,34.99041335405882,34.7969720166638,35.05045495628267
1142,36.946202804,36.950621394500004,35.664944638241764,35.08987495982353,34.83718815776923,34.99773088819349
1143,36.9476756675,36.950621394500004,35.67700102012107,35.09316724294118,34.87286340273512,34.90912651454809
1144,36.944729940500004,36.950621394500004,35.6885556877724,35.13042202558824,34.86422397545841,34.9634828203931
1145,36.966822893,36.956512848500005,35.7021906711017,35.03650531770588,34.86653205039491,34.9459209186718
1146,36.9535671215,36.943257077,35.699832980000004,34.97776405576471,34.84824015263158,35.03229731696351
1147,36.9535671215,36.960931439,35.70568560144068,35.020737014352946,34.81682530511628,35.039439285651966
1148,36.9535671215,36.950621394500004,35.69672779769231,35.07601271511765,34.8729635531559,34.97978521758274
1149,36.956512848500005,36.955039985,35.692049219579836,35.026455190294115,34.80529965043478,34.97507857653626
1150,36.952094258,36.956512848500005,35.679340483694915,34.91035889088236,34.79619920699449,34.979538065437175
1151,36.9388384865,36.963877166,35.68196608682353,34.951945625,34.8003724872285,34.947742422489355
1152,36.9329470325,36.960931439,35.69196670621849,35.01501883841176,34.77953691722341,34.985841566854724
1153,36.9476756675,36.963877166,35.698614925618244,34.978457168,34.75753661996517,34.96604962391326
1154,36.9417842135,36.937365623000005,35.68786461339736,34.97499160682353,34.79938512870679,34.99317719814995
1155,36.9535671215,36.931474169,35.68843926002101,35.00011692535294,34.81696762344828,34.94633914896451
1156,36.9535671215,36.931474169,35.690790541186445,34.916596901000005,34.81153009089494,34.95005295982609
1157,36.9535671215,36.946202804,35.69695559098901,35.03338631264706,34.823624742876596,34.96944338466187
1158,36.952094258,36.950621394500004,35.69328692,34.934444541058824,34.78995565678981,34.95720884338389
1159,36.960931439,36.950621394500004,35.69337013262712,35.03979760082353,34.81684915004764,34.99555723229672
1160,36.9535671215,36.943257077,35.686124760235295,34.908279554176474,34.81779799359966,34.95288220800754
1161,36.949148531,36.955039985,35.68708663027611,35.051927064941175,34.79064700128302,34.9798661770081
1162,36.9064354895,36.9476756675,35.67544340560924,34.99959709117647,34.80452692526316,34.93739719918118
1163,36.9152726705,36.9476756675,35.68458281824176,35.054352957764706,34.89278402402581,34.9454409554572
1164,36.916745534,36.94031135,35.68471442751304,35.058684909235296,34.8979159589196,35.00050916839885
1165,36.91085408,36.944729940500004,35.69156978849754,35.0262819122353,34.82595839559701,34.99375950264045
1166,36.91085408,36.937365623000005,35.67315365983193,35.00756788188235,34.92633033774968,34.89245541861773
1167,36.91085408,36.952094258,35.67928404382609,35.01848439958824,34.79763237263556,35.034359159215505
1168,36.9093812165,36.9417842135,35.68305526319328,34.97152604564706,34.87542975755372,34.90572534017733
1169,36.91085408,36.952094258,35.684292963613444,34.963901811058825,34.81198408109781,34.955174098292574
1170,36.91085408,36.9476756675,35.680827402436975,34.995265139705886,34.85058017925736,35.01034537775728
1171,36.91085408,36.950621394500004,35.6957293154958,35.045689054823534,34.76924915660809,34.98353013939477
1172,36.9476756675,36.922636988,35.694832297360776,35.135273811235294,34.787554044968154,34.93547298881591
1173,36.9388384865,36.919691261000004,35.69019616527845,35.05591246029412,34.77041398339109,34.91621035763801
1174,36.91085408,36.887288264,35.67704357543818,35.01467228229412,34.75356598436745,34.88999184285714
1175,36.9241098515,36.890233991,35.692711442197805,35.01935078988235,34.80033726571312,34.86041038993072
1176,36.9211641245,36.884342537,35.68459551260504,34.893724197235294,34.725229199248865,34.972697735378155
1177,36.931474169,36.893179718,35.71800107025424,34.941548941470586,34.769135874973784,34.96000066009062
1178,36.9300013055,36.8799239465,35.709242941250004,34.993185803,34.77648754670823,34.896263564185844
1179,36.934419896,36.882869673500004,35.69757761478992,34.885926684588235,34.7348357542142,34.97237311384684
1180,36.928528442,36.8740324925,35.69756523778572,34.93357815076471,34.83147169950577,34.93940248613564
1181,36.9241098515,36.893179718,35.68256018302521,34.82181380282353,34.831180523855025,34.98374813091593
1182,36.9300013055,36.9241098515,35.65900851217287,34.73829377847059,34.876566793427386,34.94936726349192
1183,36.952094258,36.9476756675,35.67327004231405,34.98469517811765,34.89712601508701,34.83437446579724
1184,36.952094258,36.943257077,35.65488107286251,34.90030876347059,34.87626131633071,34.915260999055796
1185,36.9741872105,36.963877166,35.653233843317594,35.052793455235296,34.84259703089801,35.000062024541485
1186,36.962404302500005,36.9535671215,35.637703856964286,35.00479543294118,34.891863310286425,34.96929775355276
1187,36.9594585755,36.963877166,35.65342755153125,34.93357815076471,34.954717709145264,34.9658355159352
1188,36.9476756675,36.943257077,35.656461275024796,34.924740969764706,34.84673931965517,34.93480201232978
1189,36.9270555785,36.944729940500004,35.6424177736954,34.87085149347059,34.917145432761664,34.90537672447368
1190,36.952094258,36.928528442,35.63498468989482,34.87986195252941,34.89151329491344,34.922579924705886
1191,36.9535671215,36.9388384865,35.6510454819644,34.94986628829412,34.86684818750615,34.92616699015311
1192,36.946202804,36.955039985,35.64711285214876,34.844513228529415,34.856200424418894,35.000014598425885
1193,36.960931439,36.955039985,35.648519143,34.83602260364706,34.85551702283729,35.01535813137725
1194,36.957985712,36.937365623000005,35.64206999010626,34.86859887870588,34.83176069769007,34.98896149265306
1195,36.9476756675,36.943257077,35.637681777,34.966674260000005,34.903662545755395,34.9134973810241
1196,36.949148531,36.934419896,35.64193790836066,34.932538482411765,34.853770286156895,34.854878939652174
1197,36.950621394500004,36.937365623000005,35.6405006879274,34.90325449047059,34.84759561787903,34.9561254720399
1198,36.9300013055,36.934419896,35.64403496738489,34.88506029429412,34.84085280686236,34.94039459638484
1199,36.9358927595,36.949148531,35.65440695724138,34.75700780882353,34.766304777820466,35.050425321764706
1200,36.9594585755,36.94031135,35.63219475923387,34.75059652064706,34.733220464434815,34.86138189472777
1201,36.949148531,36.946202804,35.65153012785714,34.86703937617647,34.75774814847601,34.85535705691906
1202,36.934419896,36.928528442,35.62744427642857,34.79183669864706,34.741551994947855,34.88722214803023
1203,36.94031135,36.944729940500004,35.62939522815082,34.91399773011765,34.78743764948503,34.88639189
1204,36.916745534,36.946202804,35.63424342384616,34.790797030294115,34.78363478042122,34.91528798045414
1205,36.893179718,36.950621394500004,35.644507216273645,35.02004390211765,34.76924619437332,34.86623021809648
1206,36.888761127500004,36.9417842135,35.635392298380644,34.88228784535294,34.75060887380347,34.85839621420412
1207,36.919691261000004,36.944729940500004,35.65638835357143,34.94414811235294,34.789256817582924,34.887454708760615
1208,36.896125445,36.9329470325,35.65179724053279,34.884020625941176,34.73555142484642,34.880487197525
1209,36.882869673500004,36.872559629,35.63791341071429,34.9084528322353,34.81408515201373,34.82974119919689
1210,36.882869673500004,36.8710867655,35.63068456509217,35.11586666864706,34.76475640693736,34.75158902677629
1211,36.875505356000005,36.8740324925,35.62272712798191,34.913651174,34.77724100396752,34.88701199117247
1212,36.884342537,36.854885267,35.63283053942149,35.0144990042353,34.77485841320373,34.86981561952769
1213,36.893179718,36.8651953115,35.64339041724138,34.86790576647059,34.79250104271043,34.95775939229572
1214,36.8769782195,36.866668175,35.62710138442975,35.16525091541177,34.700750199058824,34.83715337695877
1215,36.775350638,36.934419896,35.658060787279716,34.72997643164706,34.48574995786051,34.87802323417062
1216,36.854885267,36.843102359,35.6246131625,34.645243460882355,34.761700287244935,34.7692050037785
1217,36.846048086,36.8622495845,35.63187664210526,34.756314696588234,34.70720920148338,34.835375969234924
1218,36.888761127500004,36.896125445,35.664288884199614,34.766191545941176,34.70927459580328,34.92110035054042
1219,36.907908353,36.9152726705,35.67659182745968,35.022296516882356,34.770233375592326,34.9377261908643
1220,36.9093812165,36.8946525815,35.65803147105263,34.834116545,34.70774122,34.900716419361245
1221,36.8917068545,36.882869673500004,35.691093695789476,34.96268886464706,34.762589676044996,34.942327312776584
1222,36.8799239465,36.882869673500004,35.69247838712224,34.91988918411765,34.788930245448505,34.905960238234314
1223,36.907908353,36.8946525815,35.67987507664842,34.90308121241176,34.74991892964758,34.894521046417914
1224,36.9182183975,36.878451083,35.6656625468,34.963035420764704,34.71806295716445,34.89468165337055
1225,36.893179718,36.8740324925,35.65992313032258,35.063883251,34.694360094279396,34.72223037822753
1226,36.8858154005,36.8917068545,35.6300469955632,35.08467661805882,34.66994912671186,34.6246874610274
1227,36.922636988,36.9093812165,35.623148242382136,35.16923631076471,34.68924157029208,34.7182727454918
1228,36.9093812165,36.907908353,35.6183554966219,35.01883095570588,34.65938570762847,34.704422186471376
1229,36.9093812165,36.793025,35.58658759829811,35.180326106529414,34.63949001595575,34.818380705920376
1230,36.860776721,36.866668175,35.61220122573427,34.82475952982353,34.70472516210573,34.873241978661845
1231,36.8946525815,36.882869673500004,35.634495118625,35.15658701247059,34.62901157142273,34.671000102571824
1232,36.882869673500004,36.8445752225,35.626730687076275,34.95125251276471,34.676717335411105,34.70509481609641
1233,36.8917068545,36.869613902,35.59910172081491,35.12383745935294,34.716240707428575,34.8250440678341
1234,36.8917068545,36.8799239465,35.60087976647633,35.189336565588235,34.66629206567103,34.82054254486616
1235,36.8975983085,36.863722448000004,35.61025634375559,34.877436059705886,34.70605585701775,34.78963005561225
1236,36.869613902,36.884342537,35.61622552755545,34.892684528882356,34.71613586384798,34.90122237645806
1237,36.875505356000005,36.8710867655,35.656080530324324,35.073933378411766,34.685798842903225,34.843296011179575
1238,36.869613902,36.866668175,35.66721672285714,34.933404872705886,34.66758385661972,34.81668435020444
1239,36.869613902,36.866668175,35.676676691546305,34.991279744352944,34.717866928321335,34.77282237859694
1240,36.8740324925,36.866668175,35.66781913508153,34.916596901000005,34.73292904931047,34.84359381745455
1241,36.8504666765,36.772404911,35.666623011810344,35.27337642411765,34.84343466102041,34.89371666340665
1242,36.851939540000004,36.8504666765,35.631371499332154,35.10165786782353,34.76098028286807,34.770649019134076
1243,36.8740324925,36.8799239465,35.63404232655462,34.95350512752941,34.85291833956455,34.710306746545456
1244,36.869613902,36.8769782195,35.63620931679846,34.906720051647056,34.724657000912465,34.8420161311829
1245,36.8769782195,36.8681410385,35.6547998258276,34.75492847211765,34.77796430644922,34.87807326300229
1246,36.8593038575,36.854885267,35.65320111745199,34.72529792405882,34.72554705213585,34.86387073544304
1247,36.846048086,36.8858154005,35.651413252322584,35.004968711000004,34.74722777094875,34.74973660803738
1248,36.8504666765,36.8563581305,35.631279537714285,34.76723121429412,34.698111014930504,34.787502018388146
1249,36.8239551335,36.857830994000004,35.64324123548387,34.76272598476471,34.80549783962044,34.79019578194419
1250,36.8651953115,36.8445752225,35.63950430857143,34.783346073764704,34.74798617053511,34.901745759395084
1251,36.878451083,36.8416294955,35.66934115271091,34.82545264205883,34.73821847387999,34.73221031364865
1252,36.8593038575,36.846048086,35.64709352529412,34.846939121352946,34.74722032098337,34.85374163288
1253,36.8593038575,36.8327923145,35.6256988505,34.86790576647059,34.64834927748305,35.08278206525897
1254,36.869613902,36.834265178,35.63129958242353,34.89320436305883,34.73901226722633,34.949571731024044
1255,36.8651953115,36.8622495845,35.64986222437045,34.675740399235295,34.76088826112676,34.99034850766871
1256,36.834265178,36.8504666765,35.63273821294118,35.08710251088235,34.69584085546688,34.855304249169436
1257,36.851939540000004,36.875505356000005,35.623181665454545,34.82112069058824,34.83713919020808,34.99766956445133
1258,36.848993813,36.843102359,35.61403428552686,34.64385723641176,34.83264798272841,34.91724985471317
1259,36.819536543,36.801862181000004,35.61301914258065,34.553232811647064,34.823897729676666,34.94449307143779
1260,36.8534124035,36.837210905,35.621220363937425,34.70069243970588,34.82776930182034,34.922217923278104
1261,36.5617854305,36.793025,35.6127376517,34.82874492517647,34.77551201754024,35.083128314829445
1262,36.9064354895,36.919691261000004,35.640732202215496,34.83290359858824,34.714777638953635,34.93520995636902
1263,36.860776721,36.878451083,35.642032893190084,35.041876937529416,34.87535225300455,34.74217774654156
1264,36.848993813,36.878451083,35.64192435572831,34.95818363511765,34.706320596053516,34.853417878001714
1265,36.843102359,36.813645089000005,35.625030606875,35.122797791,34.743028941290326,34.77137445338843
1266,36.754730549,36.846048086,35.61933802241758,35.35585678011765,34.71678623150551,34.74719997895436
1267,36.684033101000004,36.848993813,35.63536843414766,35.10425703870588,34.589783286519385,34.84818521531237
1268,36.754730549,36.8357380415,35.58825745500771,34.75076979870588,34.81433773245831,34.89690704157895
1269,36.798916454,36.837210905,35.58855305140968,35.008087716058824,34.70873284015662,34.84718283764706
1270,36.810699362,36.8062807715,35.595344242012644,34.959569859588235,34.65547264458118,34.88801538767568
1271,36.8003893175,36.831319451,35.615564789042296,34.847632233588236,34.61419083772008,34.94317610204064
1272,36.8327923145,36.838683768500005,35.62700650193261,34.91330461788235,34.70101310041993,34.905382841459655
1273,36.8710867655,36.846048086,35.56479832296182,34.65373408576471,34.88487516333876,34.88724433023055
1274,36.8622495845,36.7002345995,35.532231813990386,34.64056495329412,34.823499679974546,34.962999392653465
1275,36.8740324925,36.843102359,35.58615060088483,34.67626023341177,34.7870753311147,34.975247046645514
1276,36.8298465875,36.8475209495,35.57270803108855,34.897709592588235,34.91609034158924,34.977583354924
1277,36.860776721,36.8504666765,35.595945238594595,34.899615651235294,34.906716565167,35.02591265454879
1278,36.8298465875,36.851939540000004,35.562002618234374,34.76099320417647,34.77318412542894,35.10003662726841
1279,36.807753635,36.846048086,35.58459255447355,34.648709022058824,34.80681410745177,35.02834519861059
1280,36.82248227,36.8210094065,35.58438428545455,34.42518032617647,34.86643300615324,34.9451765756582
1281,36.798916454,36.8298465875,35.58166933762777,34.78785130329412,34.79852039860539,34.835990128718876
1282,36.784187819,36.8416294955,35.54387195608392,34.84728567747059,34.75798170740232,34.926908305484766
1283,36.790079273,36.838683768500005,35.54271010497337,34.66586354988235,34.88012111623478,34.989488798227846
1284,36.775350638,36.8416294955,35.54454249665156,34.733268714764705,34.83992467560732,34.837459060995606
1285,36.775350638,36.838683768500005,35.52981631576963,34.65529358829412,34.83450429764277,35.03540789
1286,36.784187819,36.810699362,35.55524206647059,34.51389869229412,34.860250251282665,35.04390007594595
1287,36.7915521365,36.7827149555,35.58035429288,34.39139110470588,34.901727943419836,34.87608316105756
1288,36.793025,36.689924555000005,35.633948666923075,34.59741871664706,34.73378529106933,35.17337312725618
1289,36.769459184,36.769459184,35.5896739168076,34.85664269264706,34.818637840625,34.83843366736842
1290,36.784187819,36.766513457,35.55824187583554,34.76272598476471,34.815713669870966,35.03722830546856
1291,36.628064288000004,36.790079273,35.542072934000004,34.89147158247059,34.881162487170386,34.85760837099686
1292,36.636901469,36.8003893175,35.54010370603306,34.6433374022353,34.867029790019075,34.78152839855705
1293,36.6501572405,36.810699362,35.537448660718375,34.71905991394118,34.84416865759411,34.77859809657665
1294,36.6383743325,36.769459184,35.544639061652894,34.64229773388235,34.78066019266228,34.8896570697126
1295,36.701707463000005,36.7827149555,35.57651720509081,34.81730857329412,34.698236228401754,34.85055130242534
1296,36.7296918695,36.776823501500004,35.563501653941174,34.625663040235295,34.70812222172709,34.80336092139336
1297,36.826900860500004,36.795970727000004,35.57250304334954,34.53451878129412,34.77722312683754,34.811378916257524
1298,36.813645089000005,36.716436098,35.55342412663802,34.648362465941176,34.78182313449541,34.90112184990183
1299,36.666358739,36.703180326500004,35.531692753142856,34.85161762894118,34.59685383798648,34.94484576334601
1300,36.722327552,36.6884516915,35.53074808776675,34.48634748094118,34.64967617999187,34.96302027725332
1301,36.7385290505,36.804807908,35.53187758307227,34.83758210617647,34.702827758553845,34.671152566538964
1302,36.8003893175,36.837210905,35.53548234581056,34.91087872505882,34.74762035758084,34.71311142895334
1303,36.742947641,36.7856606825,35.53889998838843,35.08623612058824,34.72995944224791,34.74083519
1304,36.745893368000004,36.713490371,35.50017815,34.998730700882355,34.772757678340426,34.76395152177112
1305,36.639847196000005,36.7679863205,35.46101465310345,34.386885875176475,34.80794116576427,34.76182486167483
1306,36.737056187,36.76356773,35.512646348656254,34.710222732941176,34.77928692343302,34.83354979641168
1307,36.751784822000005,36.760622003,35.53719937023626,34.749383574235296,34.71242644586913,34.841834635354786
1308,36.742947641,36.742947641,35.547841221714286,34.83966144288235,34.60704060353942,34.78007304376471
1309,36.707598917,36.790079273,35.51631635647149,34.623237147411764,34.61665813718638,34.8671032871148
1310,36.8003893175,36.7562034125,35.51396143030632,34.77710806364706,34.751276954000005,34.75702034703329
1311,36.607444199,36.666358739,35.49617540926988,34.55565870447059,34.68930213374126,34.84613737204819
1312,36.678141647000004,36.837210905,35.521014966662165,34.69740015658824,34.70183263886135,34.740677242171586
1313,36.7326375965,36.8151179525,35.51592610005714,34.748690462,34.66133508437449,34.7894220637801
1314,36.689924555000005,36.701707463000005,35.51725982818919,34.786118522705884,34.660308885810196,34.731272621944846
1315,36.6913974185,36.7679863205,35.520474051523,34.22920284164706,34.56995512186377,34.93991853857143
1316,36.684033101000004,36.7503119585,35.5546511071405,34.515631472882355,34.609550032172535,34.793820716639345
1317,36.651630104,36.7414747775,35.528694423875,34.78975736194118,34.791666296572615,34.74121555647059
1318,36.666358739,36.860776721,35.51630642994671,34.835502769470594,34.61845497238877,34.80845832767857
1319,36.666358739,36.8092264985,35.514442868573916,34.530879942058824,34.75328836309269,34.875701211360386
1320,36.672250193,36.840156632,35.52037191996639,34.59447298964706,34.73656421757602,34.86806633301158
1321,36.6943431455,36.8092264985,35.52493703822581,34.393470441411765,34.63560316155092,34.88685114560647
1322,36.664885875500005,36.840156632,35.527705171538464,34.824066417588234,34.71367512264358,34.664874860316246
1323,36.639847196000005,36.8239551335,35.53450667216133,34.92682030647059,34.612824149978,34.70867815063601
1324,36.7061260535,36.787133546,35.53700661361344,34.41443708652941,34.58486512127065,34.9220347557337
1325,36.7061260535,36.8062807715,35.54464469366401,34.283958708235296,34.55509681986882,35.10253459839964
1326,36.678141647000004,36.745893368000004,35.60379724436923,34.764632043411765,34.61601278526697,34.97640511684211
1327,36.6678316025,36.810699362,35.598312618448276,34.5608570462353,34.66399333923247,34.86286603162472
1328,36.698761736,36.7944978635,35.53664015111031,34.833423432764704,34.77629732102202,34.8887455933863
1329,36.766513457,36.8416294955,35.52801788331847,34.44649352741177,34.68730287263158,35.008713508772416
1330,36.731164733,36.834265178,35.51548835644628,34.48028274888235,34.64613533324395,34.87473599679298
1331,36.725273279,36.7385290505,35.51319643126201,34.571253729764706,34.71982890430733,34.66391583785577
1332,37.037520341000004,37.0095359345,35.78915718807377,34.781786571235294,35.050506383648184,35.159746631890506
1333,37.05814043,37.0154273885,35.801367348235296,34.833943266941176,35.04178234935235,35.140090229473685
1334,37.013954525,37.0095359345,35.81025361459168,35.295382737588234,35.119628160760094,35.00288706392
1335,37.040466068,37.0360474775,35.827769176640004,35.01935078988235,35.02635935639014,35.183523797562955
1336,37.0419389315,37.0183731155,35.826329917368426,35.137699704058825,35.05423087255049,35.106940951412625
1337,37.049303249000005,37.0183731155,35.79970795035457,35.01068688694118,35.020671297876824,35.10858369346725
1338,37.016900252,36.9977530265,35.84063333972706,34.76012681388235,35.10270532928432,35.104603298495086
1339,37.0154273885,36.993334436,35.89869591366054,34.69636048823529,35.1251503036205,34.95245437529211
1340,37.011008798,37.0389932045,35.82745826167832,35.172528593882355,35.26538920367216,35.05087239757631
1341,37.0154273885,37.0772876555,35.820839626625,34.98764090511765,35.15230657228955,35.16199696254114
1342,37.008063071,37.064031884,35.8506474012987,34.92040901829412,35.077655111892575,35.19748570281536
1343,37.0183731155,36.8622495845,35.79685865635092,34.75544830629412,35.10642218793861,35.2438517441995
1344,37.025737433,37.075814792,35.8068937913,34.75232930123529,34.93048255417266,35.39464553629834
1345,37.040466068,37.031628887000004,35.84758690571429,34.88904568964706,35.01218117417435,35.31923683233184
1346,37.008063071,37.040466068,35.790809180832284,34.798767821,35.28124807944556,35.200376982446656
1347,37.0331017505,37.0596132935,35.8360933101875,35.17200875970588,35.022907741586934,35.21254249638914
1348,37.040466068,37.052248976,35.82530965082932,35.037371708,34.95645052697164,35.17204703397591
1349,37.049303249000005,37.072869065,35.85753652316632,34.87483688882353,35.058951944165074,35.286418597379495
1350,37.0448846585,37.069923338,35.843971856512646,34.816615461058824,35.04330257747344,35.22600277384031
1351,37.046357522,37.075814792,35.83460955858367,34.90377432464706,35.06153313337774,35.247474729870135
1352,37.0360474775,37.0802333825,35.825215393763045,34.64576329505883,35.12646821258684,35.30409389818182
1353,37.043411795000004,37.0802333825,35.832793707741935,35.03096041982353,35.1197687598586,35.16878944406549
1354,37.0154273885,36.8946525815,35.79048264195946,34.736907554,35.21081081190846,35.241986437307695
1355,37.022791706,37.049303249000005,35.82730163746056,34.99110646629412,35.158633046486486,35.08420107323694
1356,37.008063071,37.008063071,35.81107000894614,34.92803325288236,35.02885814830147,35.13740796125552
1357,36.9889158455,37.008063071,35.83233703877049,34.690642312294116,34.96838689197674,35.32864541628895
1358,36.9948072995,36.9948072995,35.8176181040186,34.62670270858824,35.02059108204815,35.42286492920901
1359,37.0331017505,37.0213188425,35.809438910247934,34.53417222517647,35.00338625944197,35.32965610219104
1360,37.025737433,37.012481661500004,35.78608523912097,34.44389435652941,35.05293213174727,35.22822192519586
1361,37.013954525,36.999225890000005,35.78707361509392,34.51355213617647,35.09965552019441,35.20926354235294
1362,37.008063071,37.002171617,35.791993322225004,34.675047287,35.07124160548988,35.16977652123106
1363,37.0154273885,37.022791706,35.7968783195,34.69757343464706,35.07204574606135,35.223540577843764
1364,37.011008798,37.0272102965,35.80056047825,34.95402496170588,35.03781856479042,35.00565778600186
1365,36.975660074000004,37.0360474775,35.79819676513806,34.850404682529415,35.10238168309572,35.15752791233
1366,37.0183731155,37.0301560235,35.79803875740909,34.748517183941175,34.966239109519904,35.30486557092725
1367,37.019845979,37.031628887000004,35.806474248363635,34.732575602529415,35.02497974312525,35.255452087213115
1368,37.037520341000004,36.9918615725,35.79880921208644,34.619078474,35.01495499195438,35.23782075191469
1369,37.0507761125,37.012481661500004,35.79946434339218,34.67019550135294,35.04758199680478,35.18517411688751
1370,37.0478303855,37.005117344,35.781465567573775,34.74175933964706,35.02771906913686,35.149700300054924
1371,37.037520341000004,37.011008798,35.783346386093754,34.89407075335294,35.00105090588707,35.05347733964497
1372,37.019845979,37.0448846585,35.765293580000005,34.73534805147059,35.06025563171186,35.04063937237705
1373,37.046357522,37.062559020500004,35.78371181245455,34.42344754558824,35.07750312751196,35.17859907450237
1374,37.046357522,37.052248976,35.76844320067213,34.70242522029412,35.04370920268139,35.095912361978534
1375,37.052248976,37.0596132935,35.77679747560656,34.87119804958824,35.03971117157385,35.188568666676304
1376,37.0419389315,37.043411795000004,35.794758833,34.83065098382353,34.995946409685786,35.152171052226315
1377,37.0419389315,37.0537218395,35.81134043634286,34.92993931152941,34.975850410747775,35.18342681031011
1378,37.0154273885,37.037520341000004,35.784383527475,34.70606405952941,35.048736344154904,35.18719561709723
1379,37.019845979,37.025737433,35.77964581655,34.63276744064706,35.07198516364929,35.212289405210655
1380,37.0154273885,37.0890705635,35.789849288,34.743492120235295,35.034011792524616,35.17623586394458
1381,37.025737433,37.0802333825,35.79761072703279,35.028534527000005,34.984865416210525,35.10386517702224
1382,37.012481661500004,37.0419389315,35.79177476828629,34.83532949141176,34.97130309589265,35.0387462914571
1383,37.043411795000004,37.012481661500004,35.78681777646722,34.793569479235295,35.013361253962266,35.05082206090268
1384,37.0301560235,36.9977530265,35.80969856684678,34.93877649252941,34.92749620432807,35.12954780528694
1385,37.0272102965,37.000698753500004,35.83587752776613,34.94380155623529,34.90666913075203,35.02740280467831
1386,37.0183731155,36.990388709,35.810165512088,34.88852585547059,34.896389055224915,34.98738945650597
1387,37.0301560235,37.005117344,35.84517237538642,34.807258445882354,34.969560431088645,35.04390433719001
1388,37.0213188425,36.9977530265,35.85125996542777,34.90568038329412,34.960798934344936,34.966957379239844
1389,37.031628887000004,36.999225890000005,35.83410704,34.72997643164706,34.98987809615597,35.05382398792567
1390,37.013954525,36.9889158455,35.83140746622984,35.033559590705885,34.931980142,34.96677471104859
1391,37.025737433,36.9948072995,35.840256525161294,34.99266596882353,34.95695804754366,34.97000808494168
1392,37.0272102965,36.984497255,35.842947995570654,34.91503739847059,34.87417569623065,34.946027925659735
1393,37.016900252,36.984497255,35.85834114714286,34.876569669411765,34.89300208020481,35.02611527035745
1394,37.0183731155,36.9594585755,35.83519240868,34.89320436305883,34.91522161614186,35.033827709423406
1395,37.031628887000004,36.960931439,35.848900570816326,34.950212844411766,34.936008603537154,34.958980952371135
1396,36.999225890000005,36.960931439,35.87088719081378,35.002196262058824,34.92148564913767,34.93541768031414
1397,37.037520341000004,36.946202804,35.86733820887097,34.87483688882353,34.960631743076924,34.97964286943396
1398,37.090543427,36.978605801,35.8608259349871,35.008954106352945,34.923950492395555,34.98145256999157
1399,37.0802333825,36.943257077,35.857732921637094,34.88609996264706,34.95031787145698,35.03856478479446
1400,37.1126363795,37.0036444805,35.8616124367866,34.91330461788235,34.89416405692308,35.08131265915565
1401,37.034574614,37.000698753500004,35.83594427042857,34.69393459541177,34.94847355939189,35.04004804695023
1402,37.046357522,37.0036444805,35.76973554928571,34.685963804705885,34.9131424285505,35.06870944642703
1403,37.037520341000004,36.9889158455,35.78110886096,34.92682030647059,34.902743323505156,35.00185759226712
1404,37.037520341000004,37.022791706,35.75705821419355,34.6492288562353,35.01248388473026,35.067547448
1405,36.9948072995,36.993334436,35.77374904009723,34.80777828005883,35.010944328628575,35.11626619743094
1406,37.0095359345,37.031628887000004,35.78154786930645,34.86340053694118,34.98942232049847,34.97346915511015
1407,37.0213188425,37.0331017505,35.79288955052632,34.737600666235295,34.975389428639055,35.08515673600739
1408,37.0448846585,37.055194703,35.808609487564404,34.74730423752941,35.00186575524333,35.07247450923775
1409,37.0566675665,37.0655047475,35.790969497825714,34.70051916164706,35.01454524841938,35.13804044547651
1410,37.068450474500004,37.0478303855,35.79206239050043,34.74089294935294,34.96896656259928,35.11249969940487
1411,37.078760519,37.0566675665,35.80972658605695,34.70346488864706,34.964196758125,35.16267430514467
1412,37.075814792,37.0419389315,35.79896503368421,34.77502872694118,34.98728862914175,35.071340737523556
1413,37.066977611,37.062559020500004,35.79456608217742,34.69324148317647,34.98620419806299,35.13558014208929
1414,37.049303249000005,37.0507761125,35.776990638032785,34.812803343764706,34.91986321973975,35.14162716449848
1415,37.05814043,37.0360474775,35.79601518981452,34.792876367,34.931713487794795,35.043933292252966
1416,37.05814043,36.9977530265,35.78517704562061,34.70294505447059,34.98376675,35.095115116953124
1417,37.0655047475,37.0448846585,35.8003676816617,34.86080136605882,34.95506270695752,35.074171027585315
1418,37.052248976,37.0331017505,35.770459908384076,34.86149447829412,34.93239337635939,35.09186432372114
1419,37.052248976,37.043411795000004,35.799928676147545,34.837755384235294,34.90658938746127,35.18290014490171
1420,37.05814043,37.0183731155,35.79113845052996,34.84780551164706,34.93624587120879,35.076855525944495
1421,37.0419389315,37.002171617,35.77580833142857,34.87986195252941,34.91920122815975,35.04889766785047
1422,37.0036444805,37.0183731155,35.78071217428572,34.80431271888236,34.90953192752796,35.05492922758925
1423,37.006590207500004,36.993334436,35.79966402363637,34.757527643,34.93328406476337,35.07010560968363
1424,37.006590207500004,36.963877166,35.78583418608696,34.83810194035294,34.97557535223669,35.097394224882464
1425,36.993334436,36.963877166,35.77141526800298,34.915730510705885,34.95918512355932,34.99670758328
1426,36.999225890000005,36.9918615725,35.78900325094758,34.898575982882356,34.871369990625,35.03450449994841
1427,36.996280163,37.005117344,35.79077084552,34.78559868852941,34.8934411372912,35.0875174544712
1428,37.006590207500004,36.996280163,35.791617522500005,34.92578063811765,34.84750463730875,35.10425295445657
1429,36.999225890000005,37.011008798,35.78478092912442,34.76688465817647,34.87971392028048,35.15543502039758
1430,37.0036444805,36.999225890000005,35.7838340975,34.88107489894118,34.81748247791081,35.13396981009666
1431,37.0036444805,36.946202804,35.79705897826087,34.808124836176475,34.78795994749125,35.12784446044888
1432,37.0036444805,36.94031135,35.7715660876393,34.51147279947059,34.73590508733156,35.10611263843866
1433,36.996280163,36.950621394500004,35.75175879610656,34.99959709117647,34.79221346867362,35.01837427559153
1434,36.999225890000005,37.005117344,35.744988892072726,34.639352006882355,34.83723757059107,35.09241546559711
1435,36.9712414835,36.946202804,35.76301817921798,34.92647375035294,35.10353841224232,35.16828982023585
1436,36.957985712,36.9712414835,35.7683047676,35.18327183352941,34.94567761366505,34.88956751735849
1437,36.9682957565,37.005117344,35.755254189903845,34.99855742282353,34.97307111432242,34.975418738459375
1438,36.9476756675,36.928528442,35.763346691465514,34.76099320417647,34.96970748384159,34.97069371573473
1439,36.9388384865,36.9535671215,35.75773785277726,34.933404872705886,34.986030829658375,35.07100459101833
1440,36.9270555785,36.9535671215,35.77647066798665,35.362787902470586,34.95179558797114,34.86957273430285
1441,36.960931439,37.000698753500004,35.786543097846156,35.15086883652941,34.848821260170524,35.04671126104651
1442,36.956512848500005,36.999225890000005,35.75935585380129,35.02056373629412,34.88421737592829,35.15157747246489
1443,36.9682957565,36.999225890000005,35.76514364663046,35.18535117023529,34.90387474257564,35.11313292991248
1444,36.960931439,36.9476756675,35.76487851278839,34.69168198064706,34.89841165645757,35.16682048324397
1445,36.963877166,36.9211641245,35.78333650168067,34.76480532147059,34.889204346917296,35.26919267098684
1446,36.950621394500004,36.952094258,35.75289157174943,34.69081559035294,34.83805801070422,35.2121249
1447,36.944729940500004,36.937365623000005,35.792960292115566,35.186217560529414,34.96956968512286,35.015366434037844
1448,36.922636988,36.946202804,35.7561998217383,35.037891542176475,34.992239172167665,34.876835754844116
1449,36.931474169,36.9830243915,35.77058337407353,34.906373495529415,34.96606663259992,35.04270144909091
1450,36.919691261000004,36.9889158455,35.772329126041875,34.927859974823534,34.972520006516945,35.00805917799818
1451,36.925582715000004,36.987442982000005,35.77770523638254,35.00392904264706,35.00629201862505,34.944588261529745
1452,36.957985712,36.9535671215,35.7562884441172,35.07185404170588,34.91846090319149,35.013312653990695
1453,36.966822893,36.931474169,35.76346173901613,34.678166292058826,34.863185150744386,35.29644813416816
1454,36.946202804,36.928528442,35.75089789115518,34.653040973529414,34.89559103368634,35.273050395714286
1455,36.9594585755,36.9270555785,35.74874943617188,34.918156403529416,34.90537354989065,35.28981076500919
1456,36.946202804,36.904962626,35.738815606538466,35.208916986235295,34.9002361077787,35.25127034449198
1457,36.931474169,36.9653500295,35.70045196515611,35.18327183352941,34.998149829709966,35.165970886153126
1458,36.9241098515,36.972714347,35.69317605930645,35.04863478182353,34.99591669791506,35.037849773479714
1459,36.8681410385,36.944729940500004,35.717438161306085,34.805698943352944,35.01666235454545,35.08932413014272
1460,36.9388384865,36.957985712,35.7007223708748,35.082077447176474,35.04469086840823,34.97013501234968
1461,36.9771329375,36.944729940500004,35.690331437036825,35.105643263176475,34.947003417746366,35.0635497724717
1462,36.972714347,36.963877166,35.694625470084034,35.18639083858824,34.92634810983119,35.05589889082108
1463,36.984497255,36.96976862,35.705847992469295,34.957837079,34.8821761835805,35.18741195039074
1464,36.956512848500005,36.960931439,35.682944919881656,34.62982171364706,35.053405592493945,35.11147386506512
1465,36.962404302500005,36.960931439,35.716873046981256,35.054352957764706,34.928160323458826,35.042618564309606
1466,36.9741872105,36.9594585755,35.69972011689655,35.12522368382353,34.87443639714286,34.95146195862348
1467,36.957985712,36.9800786645,35.71838894846774,35.10391048258823,34.92229339111913,34.85508055846227
1468,36.966822893,36.9417842135,35.70571314768966,34.74730423752941,35.033179305153574,35.02817845010989
1469,36.955039985,36.963877166,35.738648957758244,34.90585366135294,35.07648023371406,35.053315015288845
1470,36.966822893,36.9741872105,35.709362998974356,34.86530659558824,35.006047359802956,35.14152370093617
1471,36.996280163,37.0301560235,35.69930766884969,35.01137999917647,35.08286472421053,35.04597556408911
1472,37.002171617,36.5323281605,35.69935755666158,34.885926684588235,34.91698468681112,35.276064321716866
1473,36.990388709,36.978605801,35.721855584570136,35.07497304676471,34.84008827066887,35.059055377069946
1474,36.9594585755,36.956512848500005,35.70862417628099,34.7464378472353,34.98331877036899,34.89564434352941
1475,36.943257077,36.9388384865,35.708015555,34.65338752964706,34.87728985634375,35.16745587081967
1476,36.944729940500004,36.9417842135,35.715422673661536,34.60868179047059,35.008298172551726,35.076631378328614
1477,36.944729940500004,36.952094258,35.70030649947336,34.76237942864706,35.004483051849,35.118105573880825
1478,36.9358927595,36.955039985,35.717215794789915,34.826492310411766,34.93858525474856,35.09333127017497
1479,36.9329470325,36.9388384865,35.713428004710956,35.175301042823534,34.892431797816904,35.062204316759946
1480,36.9535671215,36.956512848500005,35.679197842586206,35.22971035329412,34.86799682851351,34.96769758947891
1481,36.9653500295,36.934419896,35.69303162366,35.12782285470588,34.86086347456013,35.06229949875111
1482,36.950621394500004,36.9152726705,35.68231597521154,34.52481521,34.90733571384091,35.06464863164909
1483,36.9712414835,36.913799807000004,35.697931697550075,34.41131808147059,34.88263440147059,35.16115370277198
1484,36.9859701185,36.843102359,35.71680105657895,35.17790021370588,34.917948498535374,34.81823006937213
1485,36.9182183975,36.9682957565,35.698692345464885,34.987294349,34.84845486543258,34.836314521765
1486,36.962404302500005,36.978605801,35.726718583571426,34.84971157029412,34.942689107031676,35.036383951626206
1487,36.949148531,36.9712414835,35.689792658523935,34.672274838058826,34.886003915595914,35.030285317315844
1488,36.966822893,36.9859701185,35.714888918,35.01917751182353,34.91486073532621,34.93183322758523
1489,36.981551528000004,36.9800786645,35.71079955581177,35.131808250058825,34.878497244584864,34.95576626416587
1490,36.9535671215,36.975660074000004,35.71434628407895,34.91555723264706,34.92768346637584,34.94844081390558
1491,36.957985712,36.9388384865,35.68111978673913,34.658066037235294,34.927967018202494,35.07307439919552
1492,36.925582715000004,36.937365623000005,35.711879930756304,34.75423535988235,34.9048294780186,35.11318348938776
1493,36.9417842135,36.925582715000004,35.75313427355,34.95419823976471,34.91907922809504,35.00809765134111
1494,36.9241098515,36.9093812165,35.74763572067227,34.784212464058825,34.877874527349825,34.91040593082922
1495,36.9388384865,36.9300013055,35.70183986418421,34.69705360047059,34.88825304566964,35.03055239934897
1496,36.928528442,36.9270555785,35.66271714226601,34.731709212235295,34.884764781325586,34.9745532281448
1497,36.9270555785,36.912326943500005,35.6958352500726,34.97100621147059,34.936169568094286,35.083740122242155
1498,36.922636988,36.9329470325,35.690197292543104,35.044476108411764,34.889499248228304,35.05979273909953
1499,36.9241098515,36.963877166,35.707192455739644,34.761513038352945,35.03595100719459,35.0988064645109
1500,36.949148531,36.943257077,35.67934216193277,34.56709505635294,34.95338060502728,35.02768529471893
1501,36.9388384865,36.956512848500005,35.66434644421053,34.80864467035294,34.87970957096319,35.101911816902614
1502,36.949148531,36.943257077,35.67185607368145,34.75250257929412,34.91874076658601,35.055827874322276
1503,36.9182183975,36.9182183975,35.704423205,34.697746712705886,34.898583801834064,35.15796266241332
1504,36.925582715000004,36.8799239465,35.736177286684295,34.715594352764704,34.96142487904271,35.2784247757631
1505,36.9182183975,36.869613902,35.75024018361087,34.68960264394118,34.97710121618686,35.29372582976954
1506,36.9358927595,36.9241098515,35.73566889345544,34.96598114776471,34.938787301935726,35.201223203157895
1507,36.944729940500004,36.937365623000005,35.72961571076923,34.845899453,34.957426690446866,35.11623265055606
1508,36.925582715000004,36.949148531,35.79067265462,35.115693390588234,35.0626502103892,34.962944494204194
1509,36.913799807000004,36.9771329375,35.72838551,34.63900545076471,34.88323751442623,35.1445355
1510,36.912326943500005,36.960931439,35.71599184659664,34.754062081823534,34.97934302931286,35.081102867237746
1511,36.9182183975,36.978605801,35.693068658850635,34.80327305052941,34.986600883280296,35.079473372198116
1512,36.9859701185,36.957985712,35.63046846659139,34.79270308894118,35.097413775650374,35.1509694893998
1513,36.9300013055,37.0095359345,35.64815464322581,34.77364250247059,34.93856846036541,35.12832966606989
1514,36.9270555785,36.996280163,35.67900014405,34.787331469117646,34.92883743339442,35.20722065004342
1515,36.9270555785,36.981551528000004,35.67880313264178,34.69514754182353,35.014322076680706,35.1478909685728
1516,36.925582715000004,36.972714347,35.68605723690459,34.88609996264706,34.92601001338976,35.08062996862316
1517,36.9388384865,36.9653500295,35.68345132732773,34.846419287176474,34.92230622018961,35.11290020336606
1518,36.934419896,36.9594585755,35.65350207141071,34.9084528322353,34.87339898869889,35.076542665338984
1519,36.949148531,36.9741872105,35.663817165460905,34.842607169882356,34.833592697766754,35.18747693551197
1520,36.9388384865,36.962404302500005,35.66738863539551,34.919715906058826,34.83528371984906,35.16979290340181
1521,36.943257077,36.990388709,35.67521763041322,34.82458625176471,34.841647811763224,35.23144649850486
1522,36.934419896,36.9859701185,35.6715940045,34.83844849647059,34.8633207456701,35.13864417221344
1523,36.928528442,36.966822893,35.675312209364705,34.89476386558824,34.85897729468121,35.10356736111992
1524,36.9241098515,36.96976862,35.65781012091304,34.785078854352946,34.85611239250532,35.157361974643216
1525,36.937365623000005,36.96976862,35.63172920719093,34.96182247435294,34.920656814896375,35.157757036794386
1526,36.9741872105,36.9771329375,35.62250863687652,34.71126240129412,34.89250552013055,35.175043511887836
1527,36.952094258,36.950621394500004,35.634271077671336,34.80916450452941,34.906104817191014,35.16425677742294
1528,36.9594585755,36.9712414835,35.629176730979026,34.905507105235294,34.89110543307421,35.13487393205659
1529,36.963877166,36.9682957565,35.65254891211496,34.86097464411765,34.92631447304083,35.12779233265224
1530,36.972714347,36.984497255,35.63016635993837,34.699652771352945,34.93774889255374,35.06650988219659
1531,36.952094258,37.0095359345,35.63618036344376,34.748690462,34.90490862002503,35.04051025700906
1532,36.950621394500004,37.005117344,35.61359551561345,34.65165474905883,34.91770938300532,35.10192750880688
1533,36.944729940500004,36.975660074000004,35.638851676758705,34.747824071705885,34.886812328000005,35.094987390617895
1534,36.934419896,36.955039985,35.64485982822689,34.666729940176474,34.875362977197454,35.026270064162894
1535,36.9329470325,36.957985712,35.64653018278323,34.746957681411764,34.86416394394825,35.070635899550226
1536,36.9329470325,36.957985712,35.63647057690276,34.87431705464706,34.832310378634645,34.96920607750845
1537,36.934419896,36.9535671215,35.63514250470588,34.71784696752941,34.846780185565876,34.98862164312215
1538,36.9358927595,36.963877166,35.639110090925,34.757527643,34.80013991915609,35.01788774432406
1539,36.94031135,36.972714347,35.625350919159665,34.661358320352946,34.82487237223252,35.0376969139379
1540,36.919691261000004,36.949148531,35.59347931753027,34.59031431623529,34.81148724665504,35.129044789861325
1541,36.9270555785,36.9535671215,35.59923844859375,34.96286214270589,34.79542899867399,35.05609023683475
1542,36.907908353,36.931474169,35.600451887272726,34.82770525682353,34.760142664681915,34.97988022452174
1543,36.944729940500004,36.934419896,35.6191156594874,34.86929199094118,34.79525513399163,35.03084087139535
1544,36.9417842135,36.913799807000004,35.62440600365,35.00878082829412,34.71599532678513,35.00508436969462
1545,36.952094258,36.9300013055,35.631353009825,34.941548941470586,34.771836672589544,34.95050781264692
1546,36.9329470325,36.931474169,35.606335226322315,34.864786761411764,34.77410787782857,34.96949044260038
1547,36.94031135,36.94031135,35.64084115475797,35.027668136705884,34.76068294741502,34.97140092796562
1548,36.934419896,36.94031135,35.635133359475,34.905507105235294,34.79082066242552,34.88541282551724
1549,36.9329470325,36.94031135,35.646336135466356,34.828051812941176,34.757195022323316,34.994152301951935
1550,36.9270555785,36.944729940500004,35.65694817204959,34.776761507529415,34.83044630262136,34.91128942697516
1551,36.919691261000004,36.9358927595,35.6571092072541,34.79928765517647,34.79607350065218,34.9501162037019
1552,36.916745534,36.9358927595,35.63986736070839,34.80275321635294,34.770963257667844,34.89804418703739
1553,36.9241098515,36.9358927595,35.63880706736885,34.79235653282353,34.77425855510404,34.890801618385396
1554,36.91085408,36.946202804,35.63214076863636,34.78126673705883,34.70794483963326,35.004323456514285
1555,36.9152726705,36.946202804,35.62572612575,34.74210589576471,34.741114328010035,34.932706032270296
1556,36.9152726705,36.944729940500004,35.611493900300005,34.76671138011765,34.70971641488238,35.01325518159689
1557,36.925582715000004,36.950621394500004,35.63578890445902,34.77017694129412,34.712159579195735,34.910255385901955
1558,36.928528442,36.943257077,35.626492560275004,34.74799734976471,34.71090074595727,35.03244000018646
1559,36.9241098515,36.9476756675,35.616261614,34.73084282194118,34.71975869812602,34.96369819446788
1560,36.913799807000004,36.9358927595,35.62218372447934,34.77658822947059,34.70866422219133,35.02512144247317
1561,36.9241098515,36.9300013055,35.63128869884298,34.763072540882355,34.73835948764921,35.00418057531309
1562,36.919691261000004,36.9182183975,35.60332535257143,34.64541673894118,34.73598879027331,35.02397431500962
1563,36.9300013055,36.925582715000004,35.620699297175,34.88939224576471,34.72566457649635,35.028540148616415
1564,36.922636988,36.9064354895,35.612583351714285,34.70918306458824,34.73710642164557,34.997439478281855
1565,36.9270555785,36.907908353,35.618645739131146,34.680072350705885,34.768420646397416,34.96388089818966
1566,36.925582715000004,36.899071172,35.60799167961585,34.919715906058826,34.75434353346821,34.9847075790619
1567,36.922636988,36.896125445,35.5972562198,34.71524779664706,34.707649254028006,34.99025670286924
1568,36.91085408,36.8946525815,35.586164531355934,34.89944237317647,34.724844814427485,35.02553135042419
1569,36.91085408,36.904962626,35.608816813229296,34.78195984929412,34.73054715309594,34.989316150009685
1570,36.9211641245,36.907908353,35.617390183360655,34.79547553788235,34.72830822673292,34.9424233912093
1571,36.9300013055,36.913799807000004,35.609513318,34.80119371382353,34.73430901475091,34.81075624483721
1572,36.922636988,36.8975983085,35.598998573425995,34.73864033458824,34.701772805326875,34.895398678663554
1573,36.9300013055,36.9064354895,35.6073526358548,34.67452745282353,34.72682842961007,34.8635249753766
1574,36.928528442,36.9034897625,35.60360436496487,34.704504557,34.6835177799917,34.96360021267592
1575,36.928528442,36.916745534,35.62484310965762,34.69584065405883,34.70990911397521,34.921853439895784
1576,36.919691261000004,36.8946525815,35.61554569504132,34.69289492705882,34.69664721258759,34.94305765560345
1577,36.8593038575,36.902016899,35.61036504988291,34.64073823135294,34.730966341097975,34.8831036114326
1578,36.907908353,36.8946525815,35.622092768618266,34.68873625364706,34.722650519702334,34.83248622305582
1579,36.8975983085,36.900544035500005,35.620458011000004,34.66863599882353,34.72968146640777,34.87234510835042
1580,36.866668175,36.887288264,35.60999712145199,34.70086571776471,34.6942363892039,34.82350205385475
1581,36.872559629,36.900544035500005,35.62028601363637,34.703984722823535,34.6792773607019,34.86838948724665
1582,36.878451083,36.8858154005,35.60775620735246,34.659625539764704,34.66220604119623,34.81797182990957
1583,36.878451083,36.8858154005,35.612401775652174,34.725124646,34.65846124778325,34.838480839552034
1584,36.878451083,36.896125445,35.604134411860656,34.76567171176471,34.67642968558009,34.80935902987459
1585,36.896125445,36.8917068545,35.60284366213136,34.82008102223529,34.709487745175004,34.819783689059506
1586,36.8917068545,36.8858154005,35.59071394677686,34.75354224764706,34.70223081251763,34.86812985415443
1587,36.878451083,36.890233991,35.59848441089344,34.67175500388235,34.68664421223625,34.82280875425806
1588,36.8769782195,36.8858154005,35.62062105489461,34.83290359858824,34.635668808464004,34.888318458851415
1589,36.8858154005,36.887288264,35.63432073940646,34.8524840192353,34.70315275910781,34.769737606373326
1590,36.890233991,36.890233991,35.610081251428575,34.74522490082353,34.667953638926015,34.89736777515953
1591,36.878451083,36.899071172,35.61788077202273,34.910705447,34.70596698336807,34.9004760337135
1592,36.878451083,36.8858154005,35.6256364594682,34.713688294117645,34.747015256230036,34.842441425652176
1593,36.884342537,36.893179718,35.62513863068555,34.73430838311765,34.713855822269565,34.8474949403087
1594,36.8858154005,36.902016899,35.61458179727273,34.633807109,34.714929423070835,34.84258901694286
1595,36.88139681,36.882869673500004,35.57836012814779,34.59499282382353,34.76386225946903,34.882156802286254
1596,36.813645089000005,36.8239551335,35.6520563216,34.90342776852941,34.63717449075944,34.865133642324274
1597,36.866668175,36.8298465875,35.665180965655765,34.920755574411764,34.62826311180328,34.73333281259259
1598,36.8563581305,36.8769782195,35.59719297820339,34.746957681411764,34.68159722806324,34.92522010667312
1599,36.88139681,36.9417842135,35.553141726363634,34.70415800088235,34.764590755769234,34.95738964612753
1600,36.887288264,36.872559629,35.483261752842104,34.85421679982353,34.67108076351485,35.07262489490811
1601,36.8917068545,36.8622495845,35.482828194513274,35.05088739658824,34.54269149683468,35.09160988655897
1602,36.882869673500004,36.8593038575,35.53341816297233,34.8907784702353,34.68310877354659,34.97319746592519
1603,36.869613902,36.8563581305,35.55615824931034,34.94657400517647,34.61646932203966,34.956685185753564
1604,36.878451083,36.8445752225,35.57584479921182,35.13839281629412,34.59638144384332,34.93768830632
1605,36.8858154005,36.8563581305,35.58532643801681,35.12539696188235,34.60763630307836,34.94100823650316
1606,36.872559629,36.869613902,35.566665291227274,35.07479976870589,34.62126915906137,34.905365964789674
1607,36.884342537,36.890233991,35.540258898728815,34.57575895929412,34.75941554661597,34.91764985985528
1608,36.8710867655,36.890233991,35.54049823164087,34.58702203311765,34.77255108845036,34.851215637448476
1609,36.8769782195,36.888761127500004,35.56340128522951,34.74245245188236,34.68162585053118,34.86636186318248
1610,36.848993813,36.863722448000004,35.55802847921138,34.694454429588234,34.73742540746551,34.86822738789364
1611,36.8651953115,36.887288264,35.54941209515372,34.94882661994118,34.62973909275585,34.86638199832685
1612,36.907908353,36.8534124035,35.609824655000004,35.29590257176471,34.622135789775655,34.73732434902486
1613,36.928528442,36.8799239465,35.630866280753075,35.14774983147059,34.63120666868132,34.79353112116795
1614,36.931474169,36.884342537,35.64478168852459,34.893724197235294,34.616696102755654,34.846240646843505
1615,36.9300013055,36.8799239465,35.62353092130262,35.131461693941176,34.61935838969697,34.69914566381356
1616,36.916745534,36.8740324925,35.61533255079688,35.13250136229412,34.628976732474804,34.57931517275205
1617,36.912326943500005,36.8799239465,35.608773655205724,34.843646838235294,34.673583686792455,34.68911080024097
1618,36.912326943500005,36.893179718,35.64324048726772,34.95471807394118,34.72552147968912,34.71865164340596
1619,36.8740324925,36.88139681,35.65299771313204,35.024202575529415,34.725056726671625,34.83868209527273
1620,36.872559629,36.8858154005,35.65475183857143,34.972565714,34.6848082003107,34.753384291349136
1621,36.8946525815,36.890233991,35.667207416960004,34.974125216529416,34.691835971893596,34.74403792673826
1622,36.899071172,36.8858154005,35.65046593393095,35.14601705088236,34.65481662956522,34.748288540699484
1623,36.91085408,36.882869673500004,35.649298835494506,35.208050595941174,34.676108615110294,34.66245473473684
1624,36.8975983085,36.878451083,35.63076295901782,35.03719842994118,34.65189111285873,34.61602905126467
1625,36.8710867655,36.890233991,35.60136502294118,35.00098331564706,34.68685241013575,34.6685427770269
1626,36.8504666765,36.893179718,35.579951799411766,34.90273465629412,34.66165540564989,34.706993496814576
1627,36.8534124035,36.9064354895,35.5856180398263,35.13648675764706,34.67216883964218,34.688316571009175
1628,36.848993813,36.7591491395,35.56795267489754,34.91399773011765,34.730924865714286,34.772307554970226
1629,36.751784822000005,36.854885267,35.592003064613934,34.841740779588235,34.78311615355513,34.71019981472839
1630,36.7679863205,36.719381825,35.584462375022625,34.66603682794118,34.782511772,34.7604280278707
1631,36.7326375965,36.7738777745,35.602978567250005,34.73777394429412,34.67852549201493,34.781767281944575
1632,36.838683768500005,36.8003893175,35.632708127457626,34.970139821176474,34.66967730117445,34.86387895599798
1633,36.8357380415,36.790079273,35.62842171052892,34.84312700405883,34.602415419473054,34.89157349152686
1634,36.8210094065,36.7856606825,35.62174033449962,34.937563546117644,34.628373357601596,34.71886002888676
1635,36.831319451,36.816590816,35.587608963875,34.83376998888235,34.70648026251816,34.839628402225394
1636,36.826900860500004,36.801862181000004,35.579742640978395,34.63727267017647,34.66483745795464,34.89486314831538
1637,36.8357380415,36.8210094065,35.56626746762712,34.81332317794118,34.6450512091995,34.918035847506125
1638,36.834265178,36.7944978635,35.58241752467033,35.02506896582353,34.6100517165099,34.84904460058994
1639,36.8445752225,36.7797692285,35.582085725750005,35.00236954011765,34.61043466935965,34.775854221927005
1640,36.731164733,36.7620948665,35.55938500272994,34.8230267492353,34.61023160310855,34.89402976190859
1641,36.8357380415,36.828373724,35.57279478377273,34.74089294935294,34.64737438961807,34.88400867573022
1642,36.7915521365,36.8445752225,35.56314950545455,34.792009976705884,34.58553997329609,34.937112159857655
1643,36.837210905,36.8504666765,35.57229875702281,34.734135105058826,34.69300506461472,34.890526413802675
1644,36.8210094065,36.8416294955,35.5840024054351,34.726684148529415,34.60988608353228,34.827927079708175
1645,36.834265178,36.8681410385,35.59865626864031,34.83290359858824,34.611433475516044,34.741760646173425
1646,36.831319451,36.869613902,35.563944956975,34.72962987552941,34.661334500643626,34.82726206486539
1647,36.775350638,36.801862181000004,35.557236184459015,34.75544830629412,34.8380737367893,34.667290997762095
1648,36.816590816,36.804807908,35.57909536652273,34.86686609811765,34.620701629693876,34.88994449341772
1649,36.754730549,36.8121722255,35.56853703181723,34.84156750152941,34.704130768591384,34.82755673277311
1650,36.828373724,36.795970727000004,35.584514124661155,34.62237075711765,34.63051347055925,34.96949697861978
1651,36.8504666765,36.828373724,35.56073951917017,34.733268714764705,34.676971702552166,34.99929078786774
1652,36.851939540000004,36.834265178,35.5374347362178,34.739853281,34.66069874580646,34.767031688539326
1653,36.848993813,36.8327923145,35.5683204342437,34.86686609811765,34.729943153079475,34.96331058366425
1654,36.7797692285,36.7532576855,35.552036895819676,34.60694900988236,34.81622156782305,34.69526673658239
1655,36.8534124035,36.8357380415,35.55887806508197,34.83619588170588,34.69387131361285,34.77279366577554
1656,36.8504666765,36.834265178,35.56659671,34.80396616276471,34.67873233371765,34.90047238142857
1657,36.8622495845,36.8239551335,35.55604097682945,34.80206010411765,34.81272221974538,34.80855290362999
1658,36.8239551335,36.834265178,35.563050080818186,34.669502389117646,34.61332499316159,34.97653474582631
1659,36.8239551335,36.831319451,35.567674415,34.78646507882353,34.632034300653494,34.70354388729618
1660,36.7856606825,36.7385290505,35.55535607017705,34.67695334564706,34.66835529099168,34.71174752188206
1661,36.8151179525,36.7385290505,35.60375450461539,34.72997643164706,34.66845497129875,34.722853242048195
1662,36.8180636795,36.6855059645,35.58251600673469,34.67539384311765,34.663264379,34.65594883181457
1663,36.8210094065,36.695816009,35.59680295784554,34.68735002917647,34.70665190939253,34.89958770316129
1664,36.7738777745,36.695816009,35.59188670677254,34.74591801305883,34.710884387344336,34.60649589495845
1665,36.793025,36.714963234500004,35.587616006255125,34.78438574211765,34.70918413255778,34.73436475453789
1666,36.8151179525,36.7444205045,35.57902841818182,34.922488355,34.737001069142856,34.704298724155485
1667,36.857830994000004,36.8033350445,35.59890177970726,34.801020435764705,34.674664056497086,34.79214567543329
1668,36.813645089000005,36.766513457,35.563132334319775,34.82320002729412,34.72246540024499,34.78637633398438
1669,36.801862181000004,36.765040593500004,35.557086639354836,34.609201624647056,34.707969277334826,34.67296334183511
1670,36.7856606825,36.7414747775,35.58716342499525,34.77572183917647,34.66587518549409,34.7287052279569
1671,36.770932047500004,36.648684377,35.54932769966942,34.70017260552941,34.77961727574756,34.76006080319328
1672,36.7326375965,36.692870282,35.552929814,35.002022984,34.662815402022304,34.69400246059744
1673,36.770932047500004,36.754730549,35.542307382105264,34.75198274511765,34.686774615245284,34.86381293720053
1674,36.7738777745,36.740001914000004,35.537889147826085,34.8407011112353,34.68211260213534,34.724179166755825
1675,36.784187819,36.6442657865,35.54670386570248,34.720446138411766,34.694837407208695,34.90869247052632
1676,36.6501572405,36.8151179525,35.524002507865546,34.87830245,34.88033993995311,34.613447358223596
1677,36.722327552,36.7856606825,35.52363944907563,34.78819785941177,34.84108034185788,34.73091191867374
1678,36.757676276,36.731164733,35.52324338494118,34.78871769358824,34.77533549716012,34.731016100000005
1679,36.7503119585,36.676668783500006,35.53739746637771,34.86738593229412,34.814557636447795,34.67889735747756
1680,36.772404911,36.716436098,35.527949081358315,34.69168198064706,34.70450035482168,34.81128987821033
1681,36.816590816,36.740001914000004,35.5360665248,34.69480098570588,34.79383152706016,34.743746239916355
1682,36.8121722255,36.742947641,35.53218409090164,34.79998076741177,34.80618664902162,34.76862000181981
1683,36.8239551335,36.7355833235,35.53148119429508,34.732575602529415,34.70938393469464,34.86893695926631
1684,36.760622003,36.737056187,35.53240917423729,35.064056529058824,34.6663468088997,34.83126688842662
1685,36.804807908,36.765040593500004,35.515034513,34.65564014441176,34.70982190949305,34.83461592525743
1686,36.819536543,36.8121722255,35.5233113016766,34.6168258592353,34.76303061360916,34.774737559922244
1687,36.8210094065,36.838683768500005,35.55552752178512,34.74158606158824,34.80100763904296,34.77752174770099
1688,36.8210094065,36.8534124035,35.55219991072034,34.828225091,34.878997937715155,34.844766695960175
1689,36.8210094065,36.790079273,35.55968015692308,34.78317279570588,34.79102900706862,34.94999175397974
1690,36.8416294955,36.831319451,35.54234219071535,34.80050060158824,34.72846793407289,34.928950118490235
1691,36.8239551335,36.7886064095,35.549525371538465,34.73656099788236,34.84755378040816,34.80509326792818
1692,36.834265178,36.843102359,35.54090219634615,34.72962987552941,34.808964568307694,34.7869914736392
1693,36.8151179525,36.787133546,35.52972197947108,34.7906237522353,34.64815217970624,34.939291445633806
1694,36.757676276,36.772404911,35.51694859076923,34.66257126676471,34.663034244078126,34.75675903258427
1695,36.726746142500005,36.8298465875,35.51979194080477,34.720446138411766,34.731964555716964,34.79057668725432
1696,36.7532576855,36.769459184,35.52409541430328,34.73482821729412,34.70210687223256,34.950670770773485
1697,36.725273279,36.619227107,35.54991613334836,34.67972579458824,34.662392796853936,34.90292157129171
1698,36.7326375965,36.714963234500004,35.545471672880566,34.78663835688236,34.7763120886014,34.736295180645165
1699,36.760622003,36.722327552,35.5625338170416,34.87431705464706,34.61591786113982,34.6972131020053
1700,36.7679863205,36.766513457,35.54325974,34.93739026805883,34.653909042223944,34.88355531982518
1701,36.8092264985,36.7797692285,35.505706083045084,34.81384301211765,34.77617040149083,34.66232265727149
1702,36.6825602375,36.6383743325,35.4941153289206,34.60746884405882,34.75155408206186,34.879784149321644
1703,36.7444205045,36.6295371515,35.50097030923077,34.641258065529414,34.70783991265679,34.79162983004255
1704,36.70465319,36.707598917,35.55066463775,34.651134914882356,34.557966478488744,34.90868493679446
1705,36.734110460000004,36.725273279,35.546698100983605,34.686830195,34.665162218924905,34.73638157851952
1706,36.734110460000004,36.707598917,35.52839814272527,35.083636949705884,34.637677172494946,34.81935939376573
1707,36.734110460000004,36.719381825,35.50518236942149,34.824932807882355,34.71119703167801,34.90625706242744
1708,36.740001914000004,36.787133546,35.5361886550749,34.80223338217647,34.73849488875648,34.93266543265625
1709,36.692870282,36.7355833235,35.49467662977114,34.59880494111765,34.79674053359696,34.86083376117593
1710,36.666358739,36.716436098,35.510414095636804,34.61873191788236,34.773148653474,34.78296722453163
1711,36.7061260535,36.728219006,35.537438074278164,34.68371118994118,34.68178552490826,34.83152853277829
1712,36.720854688500005,36.722327552,35.516381000991736,35.016751619000004,34.799394734945956,34.67635342497282
1713,36.7503119585,36.76356773,35.47031748134454,34.98556156841177,34.61694415163273,34.777034342307694
1714,36.742947641,36.745893368000004,35.477394959426334,34.778321010058825,34.71713535820816,34.64686996906445
1715,36.7326375965,36.754730549,35.4685712204661,34.74799734976471,34.77585876848391,34.85722400704658
1716,36.7385290505,36.7679863205,35.51040476850717,34.680938741,34.733109271281435,34.84516481830161
1717,36.7385290505,36.737056187,35.46964811431438,34.626009596352944,34.76465203183944,34.89002034458224
1718,36.6855059645,36.76356773,35.49786647179187,34.73240232447059,34.7446082486235,34.88325517258148
1719,36.726746142500005,36.7591491395,35.5062545185585,34.79374275729412,34.70512137263405,34.801425442964074
1720,36.731164733,36.745893368000004,35.50002797677971,34.68821641947059,34.735396110100154,34.84294521643717
1721,36.7355833235,36.707598917,35.528665787463446,34.755275028235296,34.70139088661345,34.80478453102551
1722,36.660467285,36.707598917,35.510081556932086,34.65685309082353,34.711727671595305,35.08489368716517
1723,36.6737230565,36.6796145105,35.492657363197495,34.64818918788235,34.72806805170213,35.05211804732316
1724,36.664885875500005,36.631010015,35.47421983944178,34.54560857705883,34.82892844425532,35.01167287767667
1725,36.663413012,36.648684377,35.50665953736544,34.84867190194118,34.68634113607722,34.85129880379972
1726,36.660467285,36.766513457,35.497404395762715,34.989373685705885,34.73824783567922,34.960595560340856
1727,36.684033101000004,36.770932047500004,35.48578663282269,34.754581916,34.758714727014926,34.963554435659574
1728,36.6972888725,36.795970727000004,35.429030660375,34.75024996452942,34.901383786462375,34.944534946179175
1729,36.707598917,36.7591491395,35.464864150372904,34.70831667429412,34.89344424610311,35.070416921475804
1730,36.695816009,36.760622003,35.448286597228574,34.74314556411765,34.80079725308324,35.05098443230118
1731,36.698761736,36.7679863205,35.491763735375,34.78213312735294,34.78488799347018,35.10985511530737
1732,36.686978828,36.7562034125,35.48540825831933,34.71940647005882,34.766583198083595,35.074379473927124
1733,36.695816009,36.7738777745,35.49886357237705,34.65477375411765,34.76303778033308,34.94366317550131
1734,36.639847196000005,36.76356773,35.49272444302521,34.835849325588235,34.83124040210237,34.98335488277109
1735,36.647211513500004,36.731164733,35.47669913619143,34.92179524276471,34.796898256719324,34.99285229814306
1736,36.642792923,36.698761736,35.43855037403698,34.63398038705883,34.908213490526315,35.08918972386364
1737,36.603025608500005,36.775350638,35.416556909257146,34.47785685605882,34.97901739130267,34.954161962123806
1738,36.639847196000005,36.772404911,35.46817264685315,34.59967133141176,34.868918884153224,35.121213459525734
1739,36.64573865,36.793025,35.46086799240761,34.799460933235295,34.83360445669702,34.92824061842816
1740,36.6383743325,36.716436098,35.448894892148544,34.802579938294116,34.79087678028202,34.93740894213534
1741,36.70465319,36.7562034125,35.42904400860743,34.841740779588235,34.769975715161294,35.03682925803512
1742,36.710544644,36.740001914000004,35.4119031752071,34.784212464058825,34.77586250722116,34.981606387336825
1743,36.6678316025,36.790079273,35.46279249938737,34.613533576117646,34.87543316345243,34.98108951978723
1744,36.6707773295,36.76356773,35.446561480593225,34.736041163705885,34.86321837282806,34.89800987605078
1745,36.678141647000004,36.8003893175,35.417362239663866,34.69168198064706,34.72645791508704,34.942763578400005
1746,36.664885875500005,36.7797692285,35.43418907156663,34.630861382,34.76021127436751,34.89043700055773
1747,36.669304466,36.772404911,35.44715706432391,34.669155833000005,34.8074723528028,34.88738241840877
1748,36.772404911,36.816590816,35.40215261214286,34.51927031211765,34.774597664759675,34.948542391090996
1749,36.7296918695,36.6619401485,35.41965596884483,34.548381026,34.78993064,35.07433270827857
1750,36.742947641,36.8180636795,35.45971885454546,34.57801157405883,34.83462752699962,34.857900563
1751,36.740001914000004,36.826900860500004,35.45714622186286,34.57939779852941,34.709567416939976,34.896056786488685
1752,36.7385290505,36.8239551335,35.45593522357143,34.57090717364706,34.67903128156023,34.972740176191344
1753,36.707598917,36.843102359,35.47329101339344,34.87397049852941,34.69400086909164,34.81707165842738
1754,36.737056187,36.834265178,35.45452272132653,34.668289442705884,34.648518078470765,34.926588078144334
1755,36.6855059645,36.8416294955,35.45219740050286,34.548900860176474,34.70980140844462,34.870414418964
1756,36.7120175075,36.798916454,35.441844048817735,34.52914716147059,34.735001815645106,34.8199966406469
1757,36.714963234500004,36.795970727000004,35.47156046498581,34.73586788564706,34.59549270200226,34.963689602687225
1758,36.716436098,36.769459184,35.457267417488,34.940162717,34.564049296031314,34.94406059818182
1759,36.737056187,36.766513457,35.46350462814286,34.960436249882356,34.579566696522406,34.92907748118421
1760,36.737056187,36.831319451,35.478643158913385,34.75804747717647,34.63135215144365,34.89546451165218
1761,36.781242092,36.7296918695,35.43388503714286,34.539197288882356,34.737190549606986,34.9647940087234
1762,36.7797692285,36.843102359,35.45371125983484,34.52516176611765,34.64604500986465,34.94490501376374
1763,36.781242092,36.831319451,35.461487288035194,34.58944792594118,34.68698398797591,34.90439470094289
1764,36.748839095,36.778296365,35.47000735264828,34.68041890682353,34.6413824910514,34.89905983407476
1765,36.745893368000004,36.751784822000005,35.45227735595,34.59655232635294,34.643349571803675,34.895033100832954
1766,36.722327552,36.737056187,35.440297286857145,34.57645207152942,34.61736865138801,34.81653378063993
1767,36.686978828,36.734110460000004,35.4321555461744,34.54560857705883,34.663641432056004,34.83691277081767
1768,36.67519592,36.734110460000004,35.430231104,34.609201624647056,34.65528225751196,34.84701794332707
1769,36.6737230565,36.7620948665,35.43091297119021,34.59481954576471,34.62716395433014,34.84123037551021
1770,36.657521558,36.7414747775,35.434096176245376,34.69791999076471,34.658690502571886,34.84626801526811
1771,36.666358739,36.716436098,35.44107825211624,34.61769224952941,34.67274618958969,34.80642888918669
1772,36.6501572405,36.719381825,35.43797606545455,34.64818918788235,34.592956342310444,34.82069017657825
1773,36.676668783500006,36.725273279,35.433097131868855,34.616132747,34.680878575971164,34.83604127060422
1774,36.669304466,36.714963234500004,35.417423378090625,34.622024201,34.66275765166328,34.86054084758908
1775,36.6678316025,36.725273279,35.39534497882985,34.56848128082353,34.62242572952955,34.834554308839884
1776,36.660467285,36.7238004155,35.41221163715921,34.53902401082353,34.61226054134678,34.787479310378686
1777,36.628064288000004,36.7620948665,35.39361579253349,34.51320558005882,34.64343140733603,34.90974027508523
1778,36.663413012,36.7355833235,35.418749752744375,34.623237147411764,34.62419518831461,34.85288860075541
1779,36.6855059645,36.7591491395,35.448124124328515,34.60833523435294,34.66013909368205,34.785028058893616
1780,36.6560486945,36.7562034125,35.45129386322581,34.57333306647059,34.63112274483517,34.80707183874208
1781,36.6619401485,36.754730549,35.452372126265374,34.60590934152941,34.64091984676824,34.77724135446154
1782,36.91085408,36.94031135,35.59188774751837,34.78906424970588,34.76323874636735,34.985187196398364
1783,36.916745534,36.952094258,35.59589432,34.787331469117646,34.769253316949154,34.98969402574284
1784,36.890233991,36.952094258,35.603988187904,34.83013114964706,34.8454753147929,34.915312189045274
1785,36.8917068545,36.962404302500005,35.59608488193548,34.835502769470594,34.76830825091853,34.9893173820342
1786,36.928528442,36.956512848500005,35.600745501713384,34.822160358941176,34.767061689029575,34.989033868609745
1787,36.94031135,36.91085408,35.618071609032256,34.895283699764704,34.77300117448276,35.0180983129486
1788,36.937365623000005,36.962404302500005,35.623491561300646,34.862187590529416,34.78492713241627,34.99075834103493
1789,36.94031135,36.963877166,35.62075488589419,34.87102477152941,34.77650886230216,34.98429086264706
1790,36.9358927595,36.952094258,35.61882400935742,34.8966699242353,34.765592791673996,34.946612172149784
1791,36.9300013055,36.946202804,35.61267922129032,34.85213746311765,34.73278087694707,35.04545801741177
1792,36.916745534,36.94031135,35.60269243501112,34.88817929935294,34.708336180534104,35.02115492025952
1793,36.9241098515,36.946202804,35.602792919580644,34.85646941458823,34.75228011627243,34.98346517
1794,36.9241098515,36.946202804,35.60532307735226,34.83602260364706,34.75142346208079,34.985784485403265
1795,36.9300013055,36.952094258,35.615352606589866,34.86201431247059,34.78211203018669,34.933932600242954
1796,36.9241098515,36.9476756675,35.612692452714285,34.86963854705883,34.738029735714285,35.02218200268696
1797,36.9241098515,36.9300013055,35.6176258060315,34.878475728058824,34.77546247925241,34.96581817025099
1798,36.912326943500005,36.9300013055,35.61125855385714,34.915383954588236,34.719448191511304,34.99475990545454
1799,36.925582715000004,36.931474169,35.62152251576378,34.927513418705885,34.75495380962046,34.971870354319066
1800,36.925582715000004,36.9300013055,35.61863066428572,34.92214179888236,34.76564294623716,34.99745399546655
1801,36.925582715000004,36.931474169,35.626062192578104,34.895283699764704,34.76247933349567,34.978390073035484
1802,36.922636988,36.931474169,35.6146286183871,34.923528023352944,34.79665831565742,34.87194685280215
1803,36.922636988,36.9358927595,35.62343714152074,34.9467472832353,34.783624228834064,34.9523896074443
1804,36.9093812165,36.9358927595,35.61817599431039,34.89580353394118,34.79779218868558,34.906126804901014
1805,36.916745534,36.9417842135,35.6235578062212,34.887486187117645,34.80174643490431,34.948069668421056
1806,36.91085408,36.931474169,35.603331385806456,34.81020417288235,34.776115227201906,34.92523437169492
1807,36.9182183975,36.9358927595,35.6150230712929,34.932538482411765,34.74958043774194,35.00251590493992
1808,36.904962626,36.9358927595,35.62118382325121,34.857335804882354,34.77469574496403,34.97583989799912
1809,36.9034897625,36.9358927595,35.62444698095473,34.87171788376471,34.76731792203014,34.99471380042781
1810,36.8710867655,36.9358927595,35.61844463953917,34.875010166882355,34.74651746147854,34.97155287177318
1811,36.896125445,36.949148531,35.62184955605677,34.83879505258824,34.808188797876035,34.997698688638415
1812,36.9064354895,36.943257077,35.61895699316965,34.840007999,34.807460854348854,34.988284144819275
1813,36.875505356000005,36.919691261000004,35.60756470571429,34.87015838123529,34.78653619531176,34.98279238886793
1814,36.875505356000005,36.88139681,35.59998656030968,34.893724197235294,34.73675345158149,35.017891816253325
1815,36.854885267,36.6943431455,35.55983358166296,34.76185959447059,34.843910839318184,35.037812190542056
1816,36.899071172,36.899071172,35.57424365145162,34.90775972,34.75198977278165,35.12384244178914
1817,36.8769782195,36.893179718,35.59865342801639,34.82874492517647,34.72649899823817,35.04672090612119
1818,36.8769782195,36.896125445,35.586031036112004,34.734481661176474,34.692911811644336,34.99914885453125
1819,36.872559629,36.904962626,35.59602883355,34.80587222141177,34.74387721418958,34.9755063357539
1820,36.875505356000005,36.896125445,35.60248449864665,34.775202005000004,34.73496581022883,34.884915306530615
1821,36.882869673500004,36.899071172,35.60149596258929,34.79928765517647,34.75139963641231,34.9432843855336
1822,36.8769782195,36.900544035500005,35.614874773944166,34.757181086882355,34.776935802080565,34.88090199384417
1823,36.8769782195,36.904962626,35.60653701325893,34.898056148705884,34.69403099313686,34.965624044286955
1824,36.88139681,36.893179718,35.62019126107834,34.933404872705886,34.70489450172249,34.972420779654726
1825,36.884342537,36.8975983085,35.630297889574784,34.83013114964706,34.74330159649289,34.948153368480064
1826,36.88139681,36.8975983085,35.63382924405029,34.872237717941175,34.73946599418327,34.896657283890576
1827,36.8799239465,36.900544035500005,35.64312879792208,34.969793265058826,34.695257139357835,34.94662142248311
1828,36.878451083,36.890233991,35.64424383848,34.918849515764705,34.74951305971139,34.81962416501477
1829,36.88139681,36.866668175,35.658265499,35.09992508723529,34.70946372916968,34.903386580667224
1830,36.882869673500004,36.8799239465,35.652721567490346,34.99665136417647,34.7228467991657,34.905531044967105
1831,36.854885267,36.890233991,35.65986893917053,35.12470384964706,34.719847679398555,34.90475003724138
1832,36.848993813,36.893179718,35.65739732463321,34.87119804958824,34.75700456998131,34.79297139045161
1833,36.857830994000004,36.8858154005,35.664853261698845,35.174088096411765,34.76575301916154,34.834293264244934
1834,36.8563581305,36.882869673500004,35.64215409763354,34.95350512752941,34.69951767876562,34.855894985954876
1835,36.866668175,36.884342537,35.6389984342126,35.205797981176474,34.68579789312141,34.89832864242742
1836,36.8740324925,36.8769782195,35.63337043204082,34.89476386558824,34.7059005011296,34.91124934757353
1837,36.888761127500004,36.88139681,35.61919028157091,34.99058663211765,34.70755210017282,34.887501647954544
1838,36.884342537,36.882869673500004,35.591696807096774,34.83792866229412,34.686970914442675,34.98251341250323
1839,36.8858154005,36.882869673500004,35.6046600687013,34.911052003117646,34.70010415,34.88752440476232
1840,36.882869673500004,36.893179718,35.59562392806452,34.86669282005882,34.73947550483871,34.87572826755919
1841,36.884342537,36.888761127500004,35.602700905205,34.90169498794118,34.73791514673642,34.95160725583875
1842,36.878451083,36.8917068545,35.5597836324138,34.67158172582353,34.83278430665829,34.96632754699864
1843,36.872559629,36.9034897625,35.565338388515016,34.92734014064706,34.7054164700841,35.04610757753592
1844,36.8858154005,36.907908353,35.577980468,34.90568038329412,34.7188442696088,35.044135484891065
1845,36.8858154005,36.896125445,35.58489985281106,34.94380155623529,34.718844848569134,34.98004226758621
1846,36.8740324925,36.887288264,35.582730301496774,34.87206443988235,34.719387308513674,34.94728729624173
1847,36.8710867655,36.900544035500005,35.580843610865,34.87986195252941,34.770081044186604,34.89654038775908
1848,36.869613902,36.887288264,35.589815250049035,34.856296136529416,34.71287385915721,34.865873972838656
1849,36.866668175,36.8975983085,35.591305217770326,34.86496003947059,34.711797099838904,34.88641348739072
1850,36.828373724,36.875505356000005,35.5726844521209,34.842087335705884,34.68451685769534,34.87057552062668
1851,36.8475209495,36.8799239465,35.55019316557143,34.72356514347059,34.72020887653724,34.90228300734657
1852,36.863722448000004,36.875505356000005,35.558235467857145,34.819041353882355,34.685883874135094,34.91086048526316
1853,36.8651953115,36.884342537,35.545758123333336,34.76948382905883,34.72424567907258,34.90168633190736
1854,36.8534124035,36.884342537,35.53633985241936,34.87258427405882,34.71577500737618,35.0223849081618
1855,36.8651953115,36.8917068545,35.54291803380953,34.818174963588234,34.75584453868853,34.933646009544844
1856,36.8416294955,36.8710867655,35.53664272,34.75388880376471,34.77184179180968,34.96811593344941
1857,36.8327923145,36.8622495845,35.53445183628335,34.82874492517647,34.736006794504135,34.84440040211437
1858,36.6707773295,36.837210905,35.583874202857146,34.81366973405883,34.83705755695078,34.94037888754655
1859,36.7562034125,36.686978828,35.632309545966386,34.575932237352944,34.817164099732246,34.78529370046361
1860,36.8121722255,36.8416294955,35.597460293974656,34.60417656094118,34.70235949413387,34.94124798484211
1861,36.810699362,36.857830994000004,35.56355803807143,34.734135105058826,34.76859251418605,35.0354290245028
1862,36.769459184,36.8769782195,35.56105959940968,34.956104298411766,34.84472140335653,34.77107485760956
1863,36.731164733,36.8504666765,35.55307472025885,34.972565714,34.74963946892208,34.70943709752693
1864,36.8180636795,36.816590816,35.55033316181818,34.96130264017647,34.80438358967742,34.83051978420191
1865,36.8062807715,36.825427997,35.557122485600004,34.607988678235294,34.87255001322213,34.93912138022009
1866,36.801862181000004,36.801862181000004,35.56278465133039,34.70502439117647,34.898843308285834,34.907057069522935
1867,36.8710867655,36.8563581305,35.586708996263425,34.8524840192353,34.788316202774034,34.985812271876675
1868,36.8710867655,36.8740324925,35.56800135494448,34.885926684588235,34.7841435034823,34.9825902321785
1869,36.854885267,36.8858154005,35.58569947280738,34.950212844411766,34.821506074899666,35.04295193597776
1870,36.875505356000005,36.882869673500004,35.5481224299851,34.95766380094118,34.77470692483193,35.11077787048276
1871,36.837210905,36.9034897625,35.55236818647059,34.85802891711765,34.7941544265513,35.068656074493674
1872,36.837210905,36.884342537,35.54947957068747,34.85057796058824,34.810636903955505,35.01288500559322
1873,36.8003893175,36.8917068545,35.54325163054752,35.096979360235295,34.69969093113111,35.060789311320754
1874,36.819536543,36.890233991,35.539036442302525,34.92491424782353,34.751267973125,35.112823263667956
1875,36.8210094065,36.8946525815,35.52561581456199,34.889912079941176,34.76442049799007,35.01034324987366
1876,36.813645089000005,36.7886064095,35.481966075928575,34.72962987552941,34.769736349239224,35.14245992
1877,36.639847196000005,36.728219006,35.50606342118064,34.618212083705885,34.70477303789474,35.095168461253266
1878,36.751784822000005,36.7562034125,35.55097128310164,34.88575340652941,34.76034348785714,34.992981670472695
1879,36.793025,36.714963234500004,35.54614763010369,34.88609996264706,34.80145192920581,34.93389881475862
1880,36.8534124035,36.878451083,35.520740169112905,34.82371986147059,34.77612723334465,34.93727320616412
1881,36.8475209495,36.878451083,35.54781629015496,34.83688899394118,34.754581916,35.00798215586207
1882,36.8445752225,36.890233991,35.54795277636364,35.001156593705886,34.672958077870334,34.974653360666075
1883,36.831319451,36.8946525815,35.558202233308826,35.03979760082353,34.72290390638236,34.88852179778838
1884,36.8298465875,36.88139681,35.525301791428575,34.743838676352944,34.84246146028997,35.10010687828495
1885,36.831319451,36.878451083,35.53272516032,34.84624600911765,34.84791425047404,34.916267234801445
1886,36.843102359,36.878451083,35.547414518960004,34.87951539641176,34.76518240849475,34.944840117380195
1887,36.8210094065,36.8445752225,35.55110422430087,34.91399773011765,34.681253097527815,35.02692590628069
1888,36.7797692285,36.860776721,35.546351251785715,34.95905002541177,34.665205458054736,35.03142717783784
1889,36.851939540000004,36.857830994000004,35.494446689120714,34.805698943352944,34.71853914481115,35.077334535353984
1890,36.8416294955,36.846048086,35.475327071,34.80223338217647,34.7258222511841,34.99695240412974
1891,36.7827149555,36.869613902,35.48395088818182,34.71264862576471,34.78025994934509,35.05574964607481
1892,36.765040593500004,36.8710867655,35.5064807614876,34.748170627823534,34.83979132556042,35.03281674125
1893,36.765040593500004,36.866668175,35.4992146707484,34.73066954388236,34.75092600324528,35.09316646135318
1894,36.765040593500004,36.854885267,35.53337418607213,34.887486187117645,34.79064290559586,34.989056877926885
1895,36.795970727000004,36.837210905,35.46216002858197,34.963728533,34.671366711974194,35.055945221293854
1896,36.798916454,36.846048086,35.456215769,34.88973880188235,34.72942858245509,35.002175443068396
1897,36.793025,36.8534124035,35.467227587060215,34.78525213241176,34.80463401147513,35.15749406839774
1898,36.776823501500004,36.8593038575,35.481119605217394,34.748517183941175,34.790633797340156,35.07114974245239
1899,36.7473662315,36.866668175,35.473147712,34.91867623770588,34.709302751494846,35.011717030160334
1900,36.737056187,36.8563581305,35.460356755668684,34.92803325288236,34.73953478945723,34.95921850398281
1901,36.7679863205,36.8504666765,35.4614606,34.808124836176475,34.752183624991154,35.03299425893855
1902,36.766513457,36.848993813,35.45969593684211,34.75839403329412,34.785785267249466,35.05570787936726
1903,36.8003893175,36.8563581305,35.479274094285714,34.87587655717647,34.723419158018174,35.072543245413534
1904,36.7915521365,36.8416294955,35.46875169637705,34.81678873911765,34.739846918738664,35.02729886623595
1905,36.725273279,36.848993813,35.45656222365998,34.76827088264706,34.78516136771429,34.99034781192493
1906,36.7532576855,36.8504666765,35.46766811293979,34.719926304235294,34.72920411927382,35.00014907573976
1907,36.760622003,36.866668175,35.474715586286884,34.749730130352944,34.71824669269019,35.02282172402189
1908,36.778296365,36.857830994000004,35.47994487363636,34.745398178882354,34.71890561326032,35.02846334772305
1909,36.737056187,36.8534124035,35.48147512142857,34.79183669864706,34.700034537105594,34.93685265363262
1910,36.726746142500005,36.851939540000004,35.47523564157784,34.75267585735294,34.695466753397014,34.92036893393443
1911,36.728219006,36.851939540000004,35.469823436290326,34.761513038352945,34.69381741456623,34.99759713151053
1912,36.740001914000004,36.810699362,35.47549679652174,34.77416233664706,34.69753069660235,34.9887638328224
1913,36.7532576855,36.826900860500004,35.47080071,34.71230206964706,34.70909557724138,35.023690056314116
1914,36.745893368000004,36.826900860500004,35.47032014978739,34.740373115176475,34.69533687369316,34.98915411787177
1915,36.745893368000004,36.840156632,35.473389482857144,34.73968000294118,34.70038453679389,35.08311294595095
1916,36.716436098,36.840156632,35.47351639315983,34.791663420588236,34.6931567563837,35.008406512889096
1917,36.710544644,36.8475209495,35.46442156727273,34.781093459000004,34.70500027402784,35.05290870529302
1918,36.6825602375,36.837210905,35.46542860165323,34.710222732941176,34.688804135773196,35.010934110680054
1919,36.692870282,36.8180636795,35.475438458431086,34.85317713147059,34.67045951623311,35.00624088409238
1920,36.669304466,36.807753635,35.462322764,34.788890971647064,34.67354267022388,35.01543481607094
1921,36.709071780500004,36.848993813,35.46139217428571,34.75787419911765,34.709409747636364,35.03478035417294
1922,36.7679863205,36.8681410385,35.45717258857143,34.674180896705884,34.704066920755864,35.042550707097675
1923,36.731164733,36.8475209495,35.473602743,34.72703070464706,34.688277027620224,35.01928529896249
1924,36.689924555000005,36.851939540000004,35.47086602545455,34.73482821729412,34.631927981699405,35.00153354813964
1925,36.7503119585,36.82248227,35.47513235521739,34.725124646,34.638036172068965,35.00868816996862
1926,36.719381825,36.82248227,35.47748728423562,34.705544225352945,34.68154456495421,35.02928415645162
1927,36.740001914000004,36.8239551335,35.47475325296,34.68041890682353,34.670410585266225,34.95669931142857
1928,36.740001914000004,36.825427997,35.49159279636363,34.704331278941176,34.63959094510621,35.03890209008337
1929,36.7238004155,36.838683768500005,35.492601797078265,34.72703070464706,34.673530089816055,34.913463682635594
1930,36.716436098,36.828373724,35.48400819160727,34.742799008,34.63950429896309,34.98223901838428
1931,36.7444205045,36.825427997,35.48524516408348,34.75076979870588,34.668866089360655,34.91979287502937
1932,36.742947641,36.826900860500004,35.48237606,34.725471202117646,34.6443430219308,35.00413733857143
1933,36.672250193,36.804807908,35.477409245652176,34.70502439117647,34.64976132083538,34.88496086992421
1934,36.654575831,36.7856606825,35.47862624358957,34.70155883,34.68140762342649,34.89941458693987
1935,36.6884516915,36.8062807715,35.46776665162338,34.6492288562353,34.65925717242287,34.90902809102812
1936,36.686978828,36.810699362,35.48065495296696,34.69116214647059,34.641165365333336,34.93473449200695
1937,36.707598917,36.816590816,35.47541890265306,34.788890971647064,34.61378139590799,34.87688019816442
1938,36.689924555000005,36.807753635,35.47637212205913,34.86859887870588,34.599652926414166,34.887131885880805
1939,36.703180326500004,36.8180636795,35.48690606134164,34.788544415529415,34.64869245765586,34.9431557438091
1940,36.6943431455,36.772404911,35.471835580502855,34.73725411011765,34.64133937401969,34.90504139162378
1941,36.70465319,36.8327923145,35.48287784857143,34.78993064,34.625472166452155,34.89329722604672
1942,36.6884516915,36.816590816,35.46742642653091,34.680072350705885,34.631460107,34.89852587377484
1943,36.6884516915,36.8210094065,35.47209674279273,34.75891386747059,34.663984662267275,34.92317710411871
1944,36.7002345995,36.798916454,35.466912263272725,34.76255270670588,34.65447073091133,34.905479983452175
1945,36.722327552,36.798916454,35.482941608896105,34.793569479235295,34.6481886206874,34.88122764928572
1946,36.714963234500004,36.776823501500004,35.472011048916364,34.781786571235294,34.63901952338802,34.911747212398026
1947,36.7238004155,36.801862181000004,35.48398676813818,34.83307687664706,34.64766402428928,34.93710086409987
1948,36.719381825,36.801862181000004,35.46689526051948,34.720792694529415,34.63786351995082,34.88068948239159
1949,36.714963234500004,36.801862181000004,35.47821717451613,34.782999517647056,34.64673657173755,34.92769648223284
1950,36.731164733,36.7944978635,35.474206444415586,34.699306215235296,34.65079508800971,34.872805276061776
1951,36.686978828,36.804807908,35.48723480409091,34.721139250647056,34.63939000894435,34.8932979541415
1952,36.686978828,36.801862181000004,35.467188695131966,34.602963614529415,34.66604903062138,34.84403850999554
1953,36.6913974185,36.813645089000005,35.46736146504399,34.644030514470586,34.63780950964467,34.87169607798652
1954,36.663413012,36.7856606825,35.47622719063815,34.6478426317647,34.63604051914358,34.880673177376615
1955,36.663413012,36.769459184,35.469846716708076,34.63207432841177,34.621479054148544,34.87543107120105
1956,36.6619401485,36.769459184,35.46682656939637,34.61647930311765,34.61127468786517,34.85181886471959
1957,36.6560486945,36.740001914000004,35.46841968075513,34.65408064188235,34.64286159772951,34.81259400047598
1958,36.6560486945,36.7120175075,35.45740251368664,34.654253919941176,34.60463530120413,34.84068698778265
1959,36.6560486945,36.725273279,35.46284785109238,34.725471202117646,34.617756704920765,34.88003980659331
1960,36.663413012,36.7326375965,35.46043421428571,34.76168631641177,34.61348134742715,34.85482239402735
1961,36.660467285,36.740001914000004,35.451163871144004,34.73344199282353,34.629906980803895,34.84988240781691
1962,36.660467285,36.7179089615,35.447228379872,34.751289632882354,34.55496756611066,34.8582644356451
1963,36.660467285,36.737056187,35.45322980768,34.733961827,34.57404832971547,34.82356305729612
1964,36.660467285,36.737056187,35.44139141932089,34.619078474,34.61978353644625,34.81787029635403
1965,36.6737230565,36.737056187,35.45336446948571,34.77537528305882,34.55894326903147,34.775902177801356
1966,36.6619401485,36.726746142500005,35.459294077664,34.630688103941175,34.561571835597434,34.854996588938405
1967,36.67519592,36.7120175075,35.48734080302244,34.669502389117646,34.5885602069145,34.86489951377374
1968,36.6678316025,36.731164733,35.47742279857143,34.63207432841177,34.55866586256724,34.82819108731082
1969,36.678141647000004,36.7503119585,35.47070579691244,34.64299084611765,34.643604721007016,34.85585397872414
1970,36.666358739,36.76356773,35.45639436011429,34.58269008164706,34.67269450021739,34.84110458350365
1971,36.6589944215,36.7562034125,35.45446705755102,34.654253919941176,34.69415650689162,34.75206646373034
1972,36.6589944215,36.745893368000004,35.448638044138185,34.61422668835294,34.67388392956664,34.7972386908045
1973,36.6589944215,36.7473662315,35.43653174377143,34.617865527588236,34.65824482274136,34.77592316886634
1974,36.647211513500004,36.731164733,35.44137176229565,34.61180079552941,34.625784502025724,34.78192103
1975,36.6589944215,36.692870282,35.47724895631868,34.67366106252941,34.56606445875289,34.739153197395275
1976,36.6560486945,36.737056187,35.42809356071429,34.54682152347059,34.6384261483787,34.851712003598216
1977,36.636901469,36.722327552,35.454178503721195,34.77312266829412,34.547192521489364,34.78055787227273
1978,36.6707773295,36.684033101000004,35.439253034428575,34.55531214835294,34.538008132037106,34.80068736193634
1979,36.6324828785,36.6678316025,35.431114466554625,34.84867190194118,34.54874314334192,34.63228500461278
1980,36.6324828785,36.657521558,35.45752402304,34.72183236288235,34.56473532878242,34.69499607086735
1981,36.6324828785,36.669304466,35.483137408318335,34.73066954388236,34.59765234029851,34.662599214838714
1982,36.628064288000004,36.70465319,35.4509038808,34.597072160529414,34.660560504991,34.776209372525706
1983,36.633955742,36.6383743325,35.48778904903226,34.568134724705885,34.59219722437247,34.84401291864126
1984,36.619227107,36.6707773295,35.45199834743604,34.57939779852941,34.659937557570515,34.677273647513374
1985,36.622172834,36.601552745,35.486788237926234,34.67833957011765,34.73839426540805,34.781815002849086
1986,36.6354286055,36.639847196000005,35.44515247142857,34.929072921235296,34.60082075198854,34.66223755193047
1987,36.6413200595,36.6000798815,35.45774065846154,34.66170487647059,34.70641669557895,34.723622559017855
1988,36.622172834,36.64573865,35.42408332800611,34.89320436305883,34.640983425912296,34.88492566211242
1989,36.58682411,36.639847196000005,35.41513302622951,34.50870035052941,34.67411027877257,34.90827742246046
1990,36.622172834,36.595661291,35.43681780812646,34.43037866794118,34.76081423426652,34.79971557664348
1991,36.604498472,36.603025608500005,35.43949966145492,34.48461470035294,34.72472024042122,34.77699376252964
1992,36.585351246500004,36.583878383,35.4411204149375,34.84780551164706,34.64204022053076,34.78035513734816
1993,36.575041202,36.5971341545,35.4359772539832,34.89840270482353,34.63130907535166,34.72651161897193
1994,36.5735683385,36.604498472,35.427278845454545,34.638485616588234,34.52486595465116,34.893153619401
1995,36.5706226115,36.6236456975,35.43206844134375,34.55912426564706,34.63645344255814,34.86240806928084
1996,36.5676768845,36.5941884275,35.434095403801656,34.568827836941175,34.71343862173845,34.808930387620286
1997,36.5706226115,36.601552745,35.472397637172136,34.652694417411766,34.5413112812,34.818917102660905
1998,36.585351246500004,36.5824055195,35.42251303135593,34.73084282194118,34.743352599465375,34.768328642
1999,36.585351246500004,36.5971341545,35.417065191563026,34.95437151782353,34.55492208900763,34.78295625407662
2000,36.566204021000004,36.5971341545,35.40520103963801,35.028881083117646,34.60687736814446,34.7539461288368
2001,36.5765140655,36.592715564,35.36982653151324,34.71524779664706,34.58262843530106,34.69128720802609
2002,36.5735683385,36.603025608500005,35.38248656408812,34.53295927876471,34.70043596569343,34.92542659603558
2003,36.5735683385,36.625118561,35.40299485634298,34.517190975411765,34.73087447850962,34.89293267541203
2004,36.566204021000004,36.647211513500004,35.40771999452114,34.84433995047059,34.62744584208134,34.689517995318596
2005,36.572095475,36.654575831,35.419237727786886,34.77017694129412,34.565693048672635,34.735125199413595
2006,36.533801024,36.619227107,35.39444291585,34.88055506476471,34.60645114053024,34.768847337687255
2007,36.563258294,36.6295371515,35.394632399942154,34.606082619588236,34.664048148510986,34.90102735557568
2008,36.577986929,36.6383743325,35.41136492705883,34.42552688229412,34.76383010291087,34.76224360801557
2009,36.58682411,36.622172834,35.42457914,34.826838866529414,34.64108919674896,34.772624648392785
2010,36.566204021000004,36.6354286055,35.39937355972108,34.84936501417647,34.59127510940523,34.78845213814547
2011,36.5676768845,36.631010015,35.37875777417767,34.89736303647059,34.52265168169492,34.66725996717993
2012,36.560312567000004,36.6383743325,35.377272821176476,34.701212273882355,34.47661538333704,34.632883007931035
2013,36.569149748,36.678141647000004,35.42828855813711,34.57523912511765,34.645822826171056,34.722614329882965
2014,36.5735683385,36.6855059645,35.4099586617742,34.41443708652941,34.62785009727745,34.91336118657131
2015,36.5617854305,36.6913974185,35.40790464875,34.590834150411766,34.58707073217993,34.85329816858599
2016,36.572095475,36.6265914245,35.4227364295757,34.683884468,34.620328867800154,34.784783968719026
2017,36.58682411,36.64573865,35.42881231482105,34.76047337,34.62442630060784,34.683453154794854
2018,36.595661291,36.6413200595,35.4496258025,34.92266163305882,34.6223578880045,34.806882916323055
2019,36.595661291,36.6000798815,35.413944367661294,34.84867190194118,34.71847413017401,34.61956693634518
2020,36.5941884275,36.625118561,35.40318032222581,34.82198708088235,34.63703542027616,34.718466567860965
2021,36.6177542435,36.610389926,35.44294961638105,34.44458746876471,34.58904674886491,34.87469857220216
2022,36.622172834,36.601552745,35.43552310044235,34.477683578000004,34.57127334614872,34.620130688632344
2023,36.607444199,36.572095475,35.470387045454544,34.60902834658823,34.521464505801966,34.75232257199029
2024,36.6000798815,36.6118627895,35.44403309692308,34.628435489176475,34.498262019350406,34.67916934831881
2025,36.5647311575,36.7179089615,35.42801825090036,34.56120360235294,34.60903532422819,34.727232364456896
2026,36.6324828785,36.7326375965,35.416652942115384,34.574892569,34.68588756236,34.83140404251291
2027,36.616281380000004,36.731164733,35.404232386280995,34.629128601411765,34.57143805622276,34.84125034844317
2028,36.598607018,36.676668783500006,35.40453910389831,34.78785130329412,34.76122627146965,34.62858048921875
2029,36.566204021000004,36.698761736,35.44878332766387,34.683537911882354,34.55156190147857,34.83817961672414
2030,36.5971341545,36.692870282,35.4115590272255,34.542662850058825,34.55279664101818,34.79077051184906
2031,36.6089170625,36.6943431455,35.407615696376354,34.46520755776471,34.726230455189274,34.65869850215
2032,36.6000798815,36.666358739,35.39528275525384,34.57212012005883,34.62248931578947,34.70104203578948
2033,36.6148085165,36.666358739,35.39313697688,34.61162751747059,34.54699609464926,34.57179529334405
2034,36.5971341545,36.616281380000004,35.3898049530221,34.672274838058826,34.5679562919222,34.77364975143202
2035,36.580932656,36.6265914245,35.37649420888199,34.639698563,34.52408233324917,34.64335049842341
2036,36.5706226115,36.6089170625,35.39604514196429,34.54976725047059,34.535013608870266,34.75967220656681
2037,36.524963843,36.5765140655,35.40649364799448,34.534865337411766,34.61462548541401,34.64374573574783
2038,36.563258294,36.572095475,35.41410494221143,34.513032302,34.50621005402985,34.75240430218613
2039,36.5617854305,36.563258294,35.401040505785126,34.71351501605882,34.557819398538435,34.71213356487976
2040,36.541165341500005,36.5500025225,35.39674235356557,34.69982604941177,34.5869494219711,34.62905828567775
2041,36.55736684,36.595661291,35.36274685736264,34.64143134358824,34.64446455837981,34.65313368688192
2042,36.5500025225,36.603025608500005,35.34614409577761,34.51927031211765,34.537182243570875,34.73530549194737
2043,36.5941884275,36.619227107,35.347784150552634,34.68648363888235,34.6334417833595,34.645355240871865
2044,36.58682411,36.651630104,35.381039858,34.68145857517647,34.48409486617647,34.82073148599828
2045,36.5824055195,36.6560486945,35.36469149276923,34.610761127176474,34.53143719435681,34.6702940658209
2046,36.5264367065,36.6413200595,35.37349813677311,34.83047770576471,34.58088584193087,34.43953720663375
2047,36.5558939765,36.591242700500004,35.41151359098241,34.29643472847059,34.52091792324161,34.709575931100225
2048,36.585351246500004,36.6413200595,35.394264944843755,34.45255825947059,34.61877144203172,34.557237424231126
2049,36.491087982500005,36.5323281605,35.36275489712605,34.523082429411765,34.713269004000004,34.654547320324376
2050,36.5500025225,36.560312567000004,35.361845364736844,34.62618287441177,34.68218562158828,34.60784311847185
2051,36.560312567000004,36.479305074500004,35.38055148552968,34.55305953358824,34.685345197277364,34.75673124123779
2052,36.5765140655,36.6383743325,35.41232067328571,34.56518899770588,34.514854838129494,34.80969700655353
2053,36.566204021000004,36.64573865,35.409001582548434,34.81245678764706,34.555097943931145,34.54548081796027
2054,36.563258294,36.569149748,35.36386138117647,34.644030514470586,34.52462312193326,34.65965885071429
2055,36.6236456975,36.619227107,35.35284484117647,34.776761507529415,34.58786649625,34.64513583001762
2056,36.5765140655,36.64573865,35.35802994909091,34.49223893494118,34.65373858649351,34.70163953484931
2057,36.610389926,36.592715564,35.3695003985124,34.57541240317647,34.610922853364706,34.69715624888587
2058,36.6118627895,36.575041202,35.38239956998071,34.75492847211765,34.53606592643423,34.627494836857146
2059,36.5470567955,36.6000798815,35.39027123992952,34.66118504229412,34.53609512826712,34.69297721435616
2060,36.551475386,36.6118627895,35.33592458762542,34.61890519594118,34.54193911442045,34.80003641875913
2061,36.541165341500005,36.622172834,35.26896195928572,34.547341357647056,34.572753595351486,34.76893630414343
2062,36.52790957,36.619227107,35.292189470504205,34.42951227764706,34.585592058520874,34.854162944170746
2063,36.55736684,36.6089170625,35.361882488811986,34.57818485211765,34.49693022756672,34.744311887949166
2064,36.5706226115,36.5882969735,35.36350831912728,34.51545819482353,34.555045577012734,34.67594381260869
2065,36.5558939765,36.5971341545,35.37147368395455,34.84278044794118,34.551872606565496,34.72477778535149
2066,36.5647311575,36.595661291,35.3439880415036,34.87708950358824,34.563967903879096,34.74143015080638
2067,36.548529659,36.6413200595,35.33155489038017,34.545435299000005,34.69577656891323,34.76420471465684
2068,36.5264367065,36.6324828785,35.3221798685,34.574026178705886,34.70385132046862,34.684375422500004
2069,36.519072389,36.6148085165,35.32926304111538,34.560683768176474,34.59280039485492,34.73815206656977
2070,36.5205452525,36.5735683385,35.33554020085751,34.65009524652941,34.57059725782379,34.62762656754907
2071,36.5382196145,36.591242700500004,35.31409330238,34.54820774794118,34.55828237015707,34.76178290178798
2072,36.548529659,36.6000798815,35.311542521,34.49917005729412,34.595647974081274,34.67423656291871
2073,36.529382433500004,36.6118627895,35.30681805805357,34.47213868011765,34.548787702207086,34.75479170071217
2074,36.5175995255,36.622172834,35.29666421024793,34.54994052852941,34.54408366944834,34.7162947384
2075,36.5617854305,36.642792923,35.30284062524,34.51580475094118,34.563844816438476,34.77304467208759
2076,36.563258294,36.6118627895,35.31220884859504,34.54959397241176,34.53864312744186,34.7068339301885
2077,36.5676768845,36.622172834,35.307709422166276,34.59689888247059,34.577385305216254,34.62290635146589
2078,36.5470567955,36.604498472,35.31403783357279,34.510952965294116,34.560314996923076,34.75616872595989
2079,36.5647311575,36.6206999705,35.311241546505784,34.539890401117646,34.538505116672695,34.72931719586511
2080,36.5676768845,36.604498472,35.303028832630076,34.44614697129412,34.54358388095032,34.79242539250814
2081,36.548529659,36.5824055195,35.25661911020492,34.39208421694118,34.62030913328,34.813931839410664
2082,36.5558939765,36.631010015,35.30896286842975,34.590834150411766,34.559173335539825,34.69283386717143
2083,36.572095475,36.6442657865,35.3163402433072,34.68180513129412,34.554404812749326,34.7140178064918
2084,36.569149748,36.633955742,35.31387260664286,34.748690462,34.56382032441989,34.797241618647995
2085,36.5382196145,36.6118627895,35.276724508644065,34.586848755058824,34.599677259556174,34.81818257260479
2086,36.539692478,36.5735683385,35.257530129322035,34.494144993588236,34.661346690953025,34.8249722979254
2087,36.545583932,36.657521558,35.29000655781579,34.51511163870588,34.539048593800096,34.87737870285714
2088,36.529382433500004,36.633955742,35.252728899425,34.48877337376471,34.571458149963135,34.76943225102041
2089,36.539692478,36.6560486945,35.288123675768595,34.70935634264706,34.49820065131474,34.82754730037128
2090,36.5824055195,36.577986929,35.279982939937554,34.45169186917647,34.646844802760825,34.85394638891892
2091,36.569149748,36.642792923,35.289050488526314,34.486520759,34.563481194135136,34.834612697285856
2092,36.5441110685,36.636901469,35.29613360917647,34.39121782664706,34.545184317775785,34.821151986055135
2093,36.542638205,36.619227107,35.31144860587212,34.606082619588236,34.552716728077925,34.76064282697028
2094,36.563258294,36.607444199,35.303283933008196,34.59499282382353,34.52490537217315,34.742224370767744
2095,36.5588397035,36.604498472,35.31254276630252,34.50766068217647,34.53589712259843,34.85227333718442
2096,36.554421113000004,36.607444199,35.307990996342106,34.57957107658824,34.526105962394794,34.818061768534484
2097,36.533801024,36.6089170625,35.31794611853719,34.42431393588235,34.586116096785716,34.75449394281848
2098,36.5323281605,36.6059713355,35.31356134033058,34.435057175529415,34.48623251980693,34.84578581961424
2099,36.52790957,36.5971341545,35.31616894439669,34.551326753,34.49330606224641,34.80797703538172
2100,36.523490979500004,36.607444199,35.312492871859504,34.45862299152941,34.51030602004382,34.760904452
2101,36.510235208000005,36.601552745,35.31317655643182,34.41062496923529,34.61094168456475,34.77317989184601
2102,36.5117080715,36.572095475,35.3119134644,34.37285035241177,34.561876800986276,34.78408997439655
2103,36.513180935,36.572095475,35.30745348765289,34.48201552947059,34.53078834793761,34.839713140029154
2104,36.5087623445,36.5735683385,35.29160319135781,34.45047892276471,34.56832525555844,34.75019496218616
2105,36.5087623445,36.5765140655,35.30370438056198,34.53850417664706,34.52741512329049,34.828013362431264
2106,36.5117080715,36.5676768845,35.301843533781515,34.45013236664706,34.60037061333912,34.760139891471695
2107,36.5175995255,36.572095475,35.30870393039616,34.427259662882356,34.56391167188752,34.83403622026773
2108,36.513180935,36.569149748,35.29913218564345,34.38307375788236,34.56520640117904,34.751988469986046
2109,36.5175995255,36.5706226115,35.30783854205,34.45429104005883,34.53016403007895,34.81427738947369
2110,36.5146537985,36.575041202,35.31246388989374,34.50644773576471,34.50728023178707,34.763906360112784
2111,36.5146537985,36.580932656,35.311375221870776,34.52516176611765,34.49892551517242,34.78418757150187
2112,36.5146537985,36.5735683385,35.31203989798808,34.45429104005883,34.53362998056636,34.733270123529415
2113,36.5175995255,36.575041202,35.310887270956314,34.48617420288235,34.5573025102613,34.74154455391635
2114,36.524963843,36.5794597925,35.300494052965725,34.571600285882354,34.51282948545832,34.7336370023947
2115,36.530855297,36.583878383,35.29191149516394,34.50956674082353,34.487084522825185,34.75622999002788
2116,36.519072389,36.577986929,35.29606218777518,34.52793421505882,34.455425059147515,34.78040603067479
2117,36.519072389,36.577986929,35.299130940844265,34.4813224172353,34.49363835317259,34.75029267045326
2118,36.5264367065,36.577986929,35.29934824857377,34.49067943241177,34.514421383487225,34.74667344388604
2119,36.530855297,36.577986929,35.30381512968033,34.488600095705884,34.503653029617126,34.76092403755216
2120,36.529382433500004,36.577986929,35.30012089827869,34.44805302994118,34.515236489400245,34.74813186080336
2121,36.504343754000004,36.5735683385,35.30412901862295,34.523082429411765,34.48440988377599,34.78767826467987
2122,36.507289481,36.539692478,35.29698520161983,34.37250379629412,34.495019211638606,34.75410644615028
2123,36.507289481,36.572095475,35.30701528033058,34.41201119370588,34.47197638756551,34.762672484165904
2124,36.533801024,36.575041202,35.292905257142856,34.38030130894118,34.474709749912904,34.66170957872456
2125,36.510235208000005,36.5941884275,35.299906583768596,34.331263618294116,34.4942746805934,34.78279723452967
2126,36.5087623445,36.580932656,35.29493522,34.40248090047059,34.51159385674456,34.66272755363552
2127,36.533801024,36.585351246500004,35.315186682572765,34.28569148882353,34.5074764371519,34.77857056362679
2128,36.541165341500005,36.530855297,35.29845289032258,34.341833579882355,34.437701768815536,34.69347194814668
2129,36.504343754000004,36.479305074500004,35.34592869262903,34.34079391152941,34.45046524291796,34.69619057635523
2130,36.5529482495,36.530855297,35.3707421905042,34.275294805294116,34.46823435506727,34.74511268694408
2131,36.523490979500004,36.523490979500004,35.338029024426234,34.33264984276471,34.430917919390986,34.757734316999155
2132,36.510235208000005,36.5529482495,35.309205568637296,34.41755609158824,34.39687836452751,34.721748081377555
2133,36.4203905345,36.5441110685,35.29581664876033,34.123329947705884,34.76948312894545,34.69368438543933
2134,36.524963843,36.583878383,35.32684508226891,34.28603804494118,34.67756810362237,34.778235896364436
2135,36.507289481,36.572095475,35.31890368268595,34.51788408764706,34.63262104459017,34.45484446117181
2136,36.523490979500004,36.536746751,35.3092950404,34.58130385717647,34.53093975341946,34.55300355144615
2137,36.5087623445,36.535273887500004,35.33277903065,34.442854688176475,34.50398327077055,34.60479600763339
2138,36.507289481,36.5382196145,35.28975478080165,34.62687598664706,34.520858623366095,34.611350858913625
2139,36.513180935,36.545583932,35.26752263926087,34.16734257464706,34.54557191937347,34.81733777032967
2140,36.516126662000005,36.5382196145,35.29296626367558,34.17184780417647,34.645416304115436,34.68760966716981
2141,36.5175995255,36.5470567955,35.299906273360655,34.42777949705882,34.465079729688526,34.63136391981851
2142,36.507289481,36.551475386,35.33349890562061,34.38151425535294,34.4620932677551,34.74078816780148
2143,36.507289481,36.542638205,35.3172446784389,34.63917872882353,34.50554454679414,34.65816676234299
2144,36.507289481,36.5529482495,35.33453505701061,34.44372107847059,34.51336714654378,34.638870452331375
2145,36.495506573,36.530855297,35.247181113575,34.22348466570588,34.42516351394567,34.72761474353296
2146,36.5028708905,36.5470567955,35.28900499142857,34.091620062941175,34.594761921048956,34.68708768861888
2147,36.5058166175,36.551475386,35.2862924268894,34.42500704811765,34.55767231019371,34.56052369797315
2148,36.5087623445,36.539692478,35.29708842378909,34.73430838311765,34.416947634282444,34.49631611054066
2149,36.495506573,36.5588397035,35.288756641900825,34.45983593794118,34.53126731357452,34.722018060187715
2150,36.513180935,36.551475386,35.27339204754918,34.61058784911765,34.50352385509789,34.70241832594164
2151,36.501398027,36.542638205,35.29617828714286,34.38376687011765,34.60285647839364,34.82238103950345
2152,36.507289481,36.519072389,35.26811495737705,34.18120481935294,34.60767181514478,34.82183057918422
2153,36.4704678935,36.5382196145,35.259556788770496,34.37874180641177,34.63128898753226,34.67542145555658
2154,36.522018116,36.548529659,35.28278457052459,34.605216229294115,34.55279020523163,34.590484025638446
2155,36.5146537985,36.5588397035,35.27783188990703,34.470579177588235,34.570937549083666,34.7263820676449
2156,36.516126662000005,36.5529482495,35.252865090433254,34.43280456076471,34.538128552711726,34.79465171878119
2157,36.507289481,36.524963843,35.229363797176475,34.32935755964706,34.600653640823225,34.87525321692308
2158,36.315817226,36.542638205,35.24604429996552,34.386885875176475,34.50052297468355,34.85054056244604
2159,36.5058166175,36.5500025225,35.23712305362872,34.19887918135294,34.533670305933974,34.742945077107436
2160,36.4763593475,36.522018116,35.25725275389831,34.37094429376471,34.607219326746986,34.65504171914894
2161,36.513180935,36.5558939765,35.26084412553846,34.31514875882353,34.579864430694684,34.773890760062116
2162,36.5117080715,36.539692478,35.24103868768526,34.44077535147059,34.562549522758914,34.75596268020679
2163,36.507289481,36.5558939765,35.23550279126051,34.331263618294116,34.619785647683855,34.7495513404672
2164,36.495506573,36.519072389,35.22372400892857,34.268536961,34.66070505703612,34.76306471329529
2165,36.5441110685,36.5382196145,35.2560646625,34.21014225517647,34.620431438586124,34.79541637796314
2166,36.4851965285,36.539692478,35.241965210667445,34.460529050176476,34.534355348579545,34.660240508602556
2167,36.522018116,36.577986929,35.26001529714286,34.389311768,34.541663644396515,34.59998926827717
2168,36.519072389,36.5617854305,35.24398306815574,34.32173332505882,34.53514252625152,34.62276866401138
2169,36.519072389,36.580932656,35.248601888,34.319134154176474,34.497459472030805,34.61838858254647
2170,36.5205452525,36.583878383,35.25355398700827,34.225564002411765,34.62257372413131,34.67348966878115
2171,36.5205452525,36.572095475,35.25193846268,34.35378976594118,34.46777796258065,34.6607875692087
2172,36.523490979500004,36.572095475,35.249400188,34.268190404882354,34.58211777940819,34.63693402703635
2173,36.507289481,36.5441110685,35.248553990000005,34.34737847776471,34.54392870580153,34.60735579461896
2174,36.507289481,36.5441110685,35.25430054197982,34.284305264352945,34.61192132457236,34.66379485659377
2175,36.5175995255,36.545583932,35.24458130848635,34.30787108035294,34.600549200694005,34.594983551149376
2176,36.523490979500004,36.530855297,35.24258163914747,34.30319257276471,34.56624241828572,34.58560652897507
2177,36.5264367065,36.545583932,35.25025138917051,34.37614263552941,34.560507700933606,34.613409759281666
2178,36.5205452525,36.542638205,35.24576177216394,34.33195673052941,34.57671725983667,34.736943561946404
2179,36.5205452525,36.536746751,35.242439012,34.33195673052941,34.55226053307352,34.70428914985561
2180,36.524963843,36.536746751,35.23046614906682,34.26645762429412,34.55588377905239,34.68525332519362
2181,36.5117080715,36.536746751,35.241011779328,34.3193074322353,34.49502775442755,34.60680107945324
2182,36.4763593475,36.536746751,35.233627823648,34.22920284164706,34.53166573790698,34.60128187163735
2183,36.5146537985,36.533801024,35.2416209624938,34.23214856864706,34.52700067438832,34.63014892709768
2184,36.510235208000005,36.5205452525,35.23507412428572,34.207196528176475,34.52480311255852,34.61915584769231
2185,36.5205452525,36.522018116,35.2397978822541,34.207196528176475,34.55652277124746,34.666743101596516
2186,36.5175995255,36.5264367065,35.22086199306452,34.168728799117645,34.51489949918819,34.64617595179837
2187,36.4940337095,36.530855297,35.221994964987594,34.254501438235295,34.532979744677164,34.63222467144683
2188,36.486669392,36.52790957,35.22009741975385,34.22885628552941,34.540545951495254,34.59877265174965
2189,36.516126662000005,36.522018116,35.22104685285714,34.19472050794118,34.567979612895165,34.70016384204138
2190,36.4969794365,36.5087623445,35.21781944,34.25987305805882,34.53443916705088,34.677013430696356
2191,36.4969794365,36.5058166175,35.22178663578455,34.25398160405882,34.5372802352534,34.68714947737983
2192,36.4851965285,36.498452300000004,35.21205952789227,34.317574651647064,34.51083329621557,34.619516220463794
2193,36.5028708905,36.5087623445,35.22508397,34.31965398835294,34.490319039335226,34.58568451814747
2194,36.513180935,36.5058166175,35.220238903076925,34.292449333117645,34.49695602671255,34.654530081847426
2195,36.519072389,36.522018116,35.22923136630273,34.312029753764705,34.52307126368909,34.668576052230016
2196,36.5087623445,36.5146537985,35.21215151,34.308910748705884,34.49092684236959,34.62471911181861
2197,36.510235208000005,36.5264367065,35.22466025692308,34.316361705235295,34.518028545330594,34.71476757346599
2198,36.4940337095,36.52790957,35.21909672,34.311336641529415,34.529407946685374,34.623152118773234
2199,36.492560846,36.5264367065,35.22206037453714,34.27009646352941,34.458938903617366,34.60400978984701
2200,36.486669392,36.5146537985,35.21291890964923,34.242025418000004,34.491608832909094,34.565462951284914
2201,36.5058166175,36.5205452525,35.232641684886154,34.28673115717647,34.47774966802885,34.542751533203266
2202,36.4881422555,36.4999251635,35.23155403184,34.24150558382353,34.46544314967742,34.56388415551461
2203,36.495506573,36.519072389,35.20836275442928,34.20043868388235,34.52660014556832,34.64939777408201
2204,36.4851965285,36.5117080715,35.213636348,34.23232184670589,34.49895487719873,34.66502320275011
2205,36.479305074500004,36.513180935,35.236065745322584,34.2266036707647,34.49822356488702,34.62752052973173
2206,36.4586849855,36.498452300000004,35.210918467592165,34.23561412982353,34.47590881588448,34.64389922637655
2207,36.433646306,36.5382196145,35.210341539493086,34.28170609347059,34.52626019775203,34.64221029707183
2208,36.467522166500004,36.5382196145,35.193628778624,34.25207554541176,34.471839161556886,34.60742783437792
2209,36.474886484,36.5558939765,35.20402293764706,34.27754742005882,34.519013020454544,34.61537931800283
2210,36.4822508015,36.5500025225,35.193723041888,34.237346910411766,34.53105239563838,34.5472238256618
2211,36.4822508015,36.569149748,35.195149764981025,34.24774359394118,34.43476942727703,34.645908328159344
2212,36.467522166500004,36.548529659,35.18735099,34.1896954442353,34.52355809467128,34.56934364139535
2213,36.4704678935,36.533801024,35.211659721960956,34.298687343235294,34.435731979139625,34.50175885454546
2214,36.489615119,36.530855297,35.24418405325386,34.379781474764705,34.40024263357063,34.37470298056531
2215,36.489615119,36.523490979500004,35.25469323482436,34.44424091264706,34.355768388240314,34.41327084539924
2216,36.4704678935,36.498452300000004,35.254827306675864,34.43869601476471,34.39648471452769,34.438610588196724
2217,36.4763593475,36.5028708905,35.249661700779356,34.40542662747059,34.40442001792657,34.32829556976053
2218,36.4763593475,36.504343754000004,35.2300089738832,34.601750668117646,34.356735492941176,34.32175310733193
2219,36.489615119,36.510235208000005,35.24234133764706,34.47439129488235,34.39124192054857,34.415612445509765
2220,36.46899503,36.507289481,35.237511395201196,34.59170054070589,34.39071799648986,34.41260259759577
2221,36.4144990805,36.504343754000004,35.233632569061584,34.44042879535294,34.36730687650645,34.41763079644007
2222,36.46899503,36.507289481,35.223859149714286,34.41668970129412,34.37529368376198,34.363620304899776
2223,36.463103576,36.5028708905,35.20546792773109,34.277374142,34.39221606424051,34.25647625312278
2224,36.43953776,36.336437315,35.211913471454544,34.317228095529416,34.51317672120404,34.431062446697894
2225,36.4586849855,36.4763593475,35.22557555473684,34.65910570558824,34.38474333833459,34.553859587910644
2226,36.4439563505,36.504343754000004,35.221590648710915,34.49865022311765,34.41504272991841,34.33077876034483
2227,36.4410106235,36.5058166175,35.234140205752894,34.356908771,34.40228526812081,34.46798073938267
2228,36.4586849855,36.418917671,35.22398044498438,34.40923874476471,34.3815591398309,34.45620148166594
2229,36.4763593475,36.442483487000004,35.24519127334817,34.50176922817647,34.25302668754851,34.54490609844197
2230,36.271631321,36.4822508015,35.19876668,34.683537911882354,34.24729001314014,34.55842034179595
2231,36.676668783500006,36.686978828,35.485059868571426,34.59170054070589,34.59487267724962,34.793028775267175
2232,36.654575831,36.678141647000004,35.4725537768,34.719579748117646,34.60651220193549,34.74821475453416
2233,36.666358739,36.6825602375,35.45687305524277,34.97533816294118,34.61904472590017,34.70111728633833
2234,36.6383743325,36.67519592,35.420756781275664,34.60972145882353,34.580860463452424,34.7562993597564
2235,36.648684377,36.692870282,35.43716101018433,34.34564569717647,34.59483450502158,34.77250044576939
2236,36.619227107,36.6678316025,35.45744547032,34.618212083705885,34.65015793731057,34.70587212534884
2237,36.657521558,36.672250193,35.48779223056158,34.90100187570589,34.656577690714826,34.71927408459098
2238,36.6324828785,36.67519592,35.42854161090909,34.67626023341177,34.595805834620855,34.806237833271204
2239,36.6265914245,36.5617854305,35.3827042081525,34.34876470223529,34.782363425122234,34.89602593018991
2240,36.6678316025,36.681087374,35.4121945076945,34.867559210352944,34.6948924845648,34.668482858692
2241,36.6678316025,36.769459184,35.4483440422449,34.739160168764705,34.70761841110583,34.76156438
2242,36.686978828,36.716436098,35.43520974663662,34.65997209588235,34.62422088131709,34.76831110791072
2243,36.698761736,36.722327552,35.397747653328125,34.819041353882355,34.58941995058967,34.97050292374006
2244,36.701707463000005,36.719381825,35.40058520296727,34.58979448205883,34.620190846433566,34.84153521170664
2245,36.698761736,36.716436098,35.41407461310345,34.34737847776471,34.81507681546045,34.8079505900838
2246,36.684033101000004,36.663413012,35.440827309511384,34.778147732,34.66213278875,34.752914015780824
2247,36.6855059645,36.663413012,35.433037842522,34.65979881782353,34.71791170306827,34.72162057858824
2248,36.669304466,36.651630104,35.44920442710227,34.8348096572353,34.64514105705288,34.79360813975538
2249,36.689924555000005,36.6619401485,35.454576491554256,34.60469639511765,34.70739254823194,34.92526386750323
2250,36.607444199,36.6707773295,35.427926732624634,34.45307809364706,34.71363187472527,34.853342673901786
2251,36.6118627895,36.678141647000004,35.414398045387756,34.52481521,34.70797291298387,34.70822224964144
2252,36.6442657865,36.698761736,35.420177743653845,34.59499282382353,34.600258083351044,34.855077029120004
2253,36.6501572405,36.6383743325,35.39319538787692,34.401267954058824,34.626258091575565,34.68885800447993
2254,36.6560486945,36.660467285,35.41794900134454,34.68544397052941,34.62293326808606,34.47763852864911
2255,36.631010015,36.6354286055,35.419225208,34.58442286223529,34.58975630004299,34.66196164377359
2256,36.684033101000004,36.628064288000004,35.451928007334715,34.48998632017647,34.64861937315652,34.625983057572775
2257,36.6442657865,36.625118561,35.390124529458724,34.769310551000004,34.72747796879494,34.61536078259224
2258,36.689924555000005,36.7385290505,35.3978801095231,34.853870243705884,34.69380691684211,34.72952717951437
2259,36.689924555000005,36.648684377,35.427336903636366,34.60123083394118,34.68213246395994,34.806747078606676
2260,36.6796145105,36.6913974185,35.44425462595501,34.49206565688235,34.610149459784175,34.875938751889564
2261,36.672250193,36.7120175075,35.45780243097959,34.75700780882353,34.67126651616561,34.68776016000854
2262,36.664885875500005,36.725273279,35.47146112181818,34.97811061188236,34.69677982781503,34.77530892794011
2263,36.6884516915,36.7444205045,35.44250042317972,34.80223338217647,34.694035570395684,34.81599329847193
2264,36.6737230565,36.698761736,35.432547636691616,34.58563580864706,34.661358455673565,34.84655747552401
2265,36.6413200595,36.7238004155,35.440671191570004,34.587715145352945,34.70637623876676,34.81135634536117
2266,36.669304466,36.7179089615,35.431900440601176,34.65789275917647,34.63830922872936,34.75482771329857
2267,36.647211513500004,36.716436098,35.446179365683115,34.71854007976471,34.60286638737798,34.78795860518829
2268,36.654575831,36.709071780500004,35.449335804222876,34.77104333158824,34.630516144589045,34.70107193297521
2269,36.666358739,36.669304466,35.42686724654649,34.517190975411765,34.64406151849702,34.82839132841535
2270,36.6354286055,36.651630104,35.40153335942857,34.45741004511765,34.7181751349551,34.813243533103126
2271,36.651630104,36.589769837,35.41444845088229,34.48842681764706,34.77154629431764,34.79902273968269
2272,36.7061260535,36.70465319,35.41739854554286,34.50610117964706,34.695076589526465,34.849614001933304
2273,36.619227107,36.725273279,35.41926210980883,34.561376880411764,34.699367606694786,34.64589837337193
2274,36.636901469,36.7179089615,35.40315049318326,34.705544225352945,34.6948401043367,34.72861807098492
2275,36.595661291,36.6737230565,35.415307504381225,34.6168258592353,34.72340918665657,34.574352870808596
2276,36.5882969735,36.5676768845,35.35802355070642,34.51580475094118,34.72926616316832,34.6229771792693
2277,36.563258294,36.653102967500004,35.31414114674904,34.46347477717647,34.62312198049486,34.64099017806452
2278,36.5765140655,36.591242700500004,35.31074240641183,34.42621999452941,34.59364868213532,34.62352632668874
2279,36.5382196145,36.628064288000004,35.32655596318639,34.49674416447059,34.57320451802423,34.61867714879564
2280,36.601552745,36.583878383,35.34810284031579,34.64264429,34.516457669474875,34.57312149047914
2281,36.5794597925,36.5028708905,35.371770567298014,34.685097414411764,34.612947883490776,34.69598316582915
2282,36.603025608500005,36.5087623445,35.34838908957009,34.759606979705886,34.55230650158416,34.6605244669869
2283,36.585351246500004,36.5146537985,35.347211204663466,34.817135295235296,34.560932566640595,34.810422653913044
2284,36.5882969735,36.489615119,35.355174839444445,34.22521744629412,34.64966941170932,34.76129619877095
2285,36.575041202,36.5882969735,35.33889729751405,34.19957229358824,34.587546687620794,34.71637619171687
2286,36.589769837,36.6265914245,35.40187003404959,34.54231629394118,34.591721863283915,34.56776598149685
2287,36.5941884275,36.6295371515,35.42683153443066,34.64974869041177,34.71812719953981,34.563465203083986
2288,36.5941884275,36.625118561,35.41686183605313,34.65356080770589,34.574803304545455,34.72020803690648
2289,36.591242700500004,36.551475386,35.39278007430435,34.54041023529412,34.701936772332076,34.79260151529784
2290,36.5794597925,36.542638205,35.39411069,34.26177911670588,34.586205536116736,35.03322441725699
2291,36.636901469,36.5882969735,35.41906061385424,34.47699046576471,34.78433422701908,34.781553133850416
2292,36.607444199,36.6737230565,35.40799521466979,34.66707649629412,34.63020873589821,34.7877654504628
2293,36.625118561,36.6619401485,35.40045596545455,34.475777519352945,34.64424896618677,34.96122749368468
2294,36.592715564,36.64573865,35.43575043241803,34.56172343652941,34.74401055700807,34.825044026754426
2295,36.591242700500004,36.6383743325,35.41413123035714,34.56206999264706,34.607434494907885,34.80708422412233
2296,36.613335653,36.639847196000005,35.43281565418919,34.61145423941176,34.62040453160566,34.8774650986678
2297,36.619227107,36.6442657865,35.40969304503937,34.60001788752941,34.64724995260823,34.81289096777626
2298,36.6089170625,36.654575831,35.40074933470129,34.373890020764705,34.594091603768845,34.91663725342466
2299,36.5647311575,36.6913974185,35.4180505025756,34.42258115529412,34.67719972235733,34.82577052112258
2300,36.604498472,36.67519592,35.4280512562449,34.39295060723529,34.60820621890421,34.74277033912409
2301,36.5824055195,36.657521558,35.41934919621622,34.702771776411765,34.6534994283697,34.73197242316105
2302,36.5824055195,36.657521558,35.39231330545455,34.75943370164706,34.61160791526212,34.66209180805826
2303,36.5941884275,36.663413012,35.39219498811475,34.59048759429412,34.7141801631591,34.840710102796834
2304,36.5824055195,36.648684377,35.384208641611245,34.424833770058825,34.786597138314086,34.88398718631579
2305,36.575041202,36.601552745,35.40820216766862,34.50332873070588,34.616909580794555,34.85691086107143
2306,36.5706226115,36.592715564,35.397849395,34.248263428117646,34.792022150201795,34.890088076714356
2307,36.569149748,36.633955742,35.38743177828614,34.46572739194118,34.70815603109375,34.91254452156988
2308,36.5588397035,36.653102967500004,35.38921682397682,34.58823497952941,34.746874299488724,34.837215571386274
2309,36.519072389,36.604498472,35.36344760685714,34.51857719988235,34.76604229914599,34.77747379164557
2310,36.5205452525,36.6413200595,35.37859313393443,34.615439634764705,34.676931662524275,34.80790774611187
2311,36.523490979500004,36.6737230565,35.34672564526786,34.4813224172353,34.721909081412214,34.84536241612816
2312,36.572095475,36.664885875500005,35.34476501528409,34.412184471764704,34.76750036991572,34.97983256259191
2313,36.5676768845,36.6737230565,35.381899028375,34.62774237694118,34.803721496741574,34.941741044800004
2314,36.5588397035,36.657521558,35.344553470306586,34.71230206964706,34.66469725008534,34.890254318363894
2315,36.5706226115,36.619227107,35.30998271670859,34.71905991394118,34.56784725880185,34.95622493933366
2316,36.577986929,36.613335653,35.33437737339736,34.44649352741177,34.649095354406334,34.91492076093947
2317,36.566204021000004,36.64573865,35.403704249344266,34.202864576705885,34.75331573201625,34.878747088037734
2318,36.603025608500005,36.6707773295,35.38224332061971,34.40646629582353,34.664187666567166,34.81677606796161
2319,36.551475386,36.647211513500004,35.34611425169555,34.408025798352945,34.65537416225264,34.77371802801598
2320,36.5323281605,36.5971341545,35.339312782975206,34.60972145882353,34.62035839891173,34.68026820230877
2321,36.5470567955,36.653102967500004,35.34790019253134,34.418075925764704,34.735537448418604,34.77229015190624
2322,36.536746751,36.653102967500004,35.34267356,34.43748306835294,34.63266076547847,34.74945683
2323,36.5441110685,36.6707773295,35.33793324140496,34.39416355364706,34.62419251833069,34.92955375186347
2324,36.5205452525,36.651630104,35.332943419923154,34.44493402488236,34.61136396921269,34.988580436331524
2325,36.530855297,36.647211513500004,35.33647126292438,34.43523045358824,34.66970211451957,35.01753669886105
2326,36.5175995255,36.613335653,35.3407732045778,34.269749907411764,34.71803952825787,35.00701409188619
2327,36.5264367065,36.636901469,35.33940374895161,34.38809882158824,34.68424373072945,34.92989508992468
2328,36.539692478,36.636901469,35.32341275818182,34.41530347682353,34.66663026455329,34.87584547591032
2329,36.52790957,36.633955742,35.34524636685715,34.51701769735294,34.73350512513954,34.86661994909259
2330,36.5264367065,36.6324828785,35.33960191846839,34.4695395092353,34.68711669881699,34.84770751991724
2331,36.5382196145,36.6678316025,35.33505482075839,34.22539072435294,34.774696553040705,34.857099689725274
2332,36.575041202,36.660467285,35.34010245080171,34.31220303182353,34.70545115105551,34.8399446083004
2333,36.563258294,36.6619401485,35.3866694696,34.549420694352946,34.659683299117646,34.78265881501083
2334,36.5175995255,36.636901469,35.338817771,34.47317834847059,34.72536197945498,34.74897557533243
2335,36.516126662000005,36.664885875500005,35.3109862847541,34.467113616411766,34.63713464474979,34.85063380452125
2336,36.5558939765,36.6619401485,35.27733774739079,33.85266961982353,34.702776479156576,34.97235923154302
2337,36.548529659,36.678141647000004,35.297975032357144,34.0528057777647,34.69152279148034,34.954957984844484
2338,36.541165341500005,36.6560486945,35.31353220973935,34.13216712870588,34.635678467737534,34.76562459443038
2339,36.5617854305,36.676668783500006,35.33227755569643,34.43869601476471,34.65035660206897,34.790505282517415
2340,36.560312567000004,36.676668783500006,35.323277172788465,34.420501818588235,34.636171154652686,34.84082539968586
2341,36.55736684,36.6884516915,35.30413447293388,34.395029943941175,34.59851520356622,34.85837883133721
2342,36.5529482495,36.6619401485,35.30217358722689,34.28101298123529,34.68404926391609,34.8868666124
2343,36.522018116,36.6678316025,35.32944425315126,34.13788530464706,34.63351190821322,34.89281702607595
2344,36.516126662000005,36.6619401485,35.323507264,34.25207554541176,34.56506692201169,34.898438155592736
2345,36.519072389,36.6825602375,35.3367925836875,34.50835379441177,34.608655132307696,34.837294393076924
2346,36.535273887500004,36.6737230565,35.31857311779412,34.321560047,34.670112883544306,34.84195871283019
2347,36.5529482495,36.692870282,35.33229335086777,34.333342955,34.6503129181405,34.83415062328552
2348,36.541165341500005,36.67519592,35.31542272178261,34.38445998235294,34.65665220132999,34.807652446205594
2349,36.5765140655,36.6796145105,35.29911740484091,34.272522356352944,34.60901783604044,34.89806926436681
2350,36.5558939765,36.6707773295,35.319374974036876,34.44337452235294,34.62910725298563,34.8437983979441
2351,36.548529659,36.6678316025,35.32915036815003,34.30839091452941,34.630112082893135,34.86582288030726
2352,36.5146537985,36.678141647000004,35.32237172391551,34.38948504605882,34.613871523870195,34.8596601483341
2353,36.522018116,36.6796145105,35.3161244052918,34.31688153941177,34.61824147482881,34.82555718568655
2354,36.5087623445,36.664885875500005,35.304263048461536,34.38584620682353,34.61053446962085,34.758588631919466
2355,36.5117080715,36.678141647000004,35.3215601216,34.395029943941175,34.56965159099369,34.77177830224248
2356,36.523490979500004,36.654575831,35.3409875504,34.46642050417647,34.539507833667486,34.76461457771883
2357,36.522018116,36.67519592,35.31482941219262,34.257273887176474,34.6003553461936,34.81082193996354
2358,36.523490979500004,36.6707773295,35.31715698909091,34.29314244535294,34.58772185477273,34.82267285817934
2359,36.5264367065,36.651630104,35.32728825887097,34.41790264770589,34.5533887619,34.797197036726274
2360,36.5264367065,36.6354286055,35.331905775514755,34.37215724017647,34.6312156457084,34.786897100000004
2361,36.5175995255,36.6324828785,35.319595432727276,34.32259971535294,34.61584191528882,34.80889514183271
2362,36.5117080715,36.6059713355,35.284917170023114,34.14793543205882,34.68681726380158,34.846349041569574
2363,36.5146537985,36.6678316025,35.29764454134091,34.20061196194118,34.62715286674526,34.760957209217395
2364,36.510235208000005,36.6413200595,35.29406370256903,34.184843658588235,34.655095567069644,34.82657087540319
2365,36.513180935,36.6324828785,35.295269887347246,34.324679052058826,34.58786388718056,34.8220807555638
2366,36.524963843,36.610389926,35.307540091467956,34.36765201064706,34.542876969060636,34.73884409675
2367,36.52790957,36.6236456975,35.2987599811848,34.3016330702353,34.6423336903585,34.802674171508016
2368,36.536746751,36.631010015,35.286085494285715,34.14516298311765,34.61151757307598,34.76829565912846
2369,36.5205452525,36.607444199,35.30287656956522,34.20061196194118,34.60007865667494,34.793741967872435
2370,36.542638205,36.628064288000004,35.308410785737706,34.31116336347059,34.621107699423234,34.68947842998584
2371,36.5441110685,36.64573865,35.31049183093479,34.39173766082353,34.55995611815555,34.72284608941459
2372,36.5558939765,36.625118561,35.29920549476316,34.256927331058826,34.59073375325322,34.810377285045476
2373,36.52790957,36.5971341545,35.27922134975,34.28759754747059,34.55897271134656,34.805275564851904
2374,36.529382433500004,36.595661291,35.29336572018421,34.18276432188235,34.54727372259652,34.767202188020306
2375,36.535273887500004,36.589769837,35.31188658861945,34.25328849182353,34.61815839806045,34.75357195245714
2376,36.5087623445,36.585351246500004,35.31705463327037,34.2751215272353,34.5901238625596,34.68882017887798
2377,36.513180935,36.5882969735,35.318433015561986,34.25866011164706,34.5364685011208,34.71330674992234
2378,36.529382433500004,36.601552745,35.30663088794258,34.26420500952941,34.51794959783963,34.70453404107371
2379,36.524963843,36.6148085165,35.3079048841452,34.233014958941176,34.50752188731343,34.72281515370454
2380,36.5323281605,36.601552745,35.308824705222484,34.189522166176474,34.59388014628427,34.72438687771325
2381,36.541165341500005,36.6000798815,35.312061304042075,34.14654920758824,34.597153474141585,34.70521010391426
2382,36.542638205,36.603025608500005,35.30601308395455,34.3134159782353,34.554198030286436,34.782624255585375
2383,36.539692478,36.603025608500005,35.311859905727275,34.243584920529415,34.541901180947505,34.79874631934307
2384,36.519072389,36.6265914245,35.28507928805568,33.98938600823529,34.54168562092111,34.835659142352945
2385,36.522018116,36.6089170625,35.31254475432936,34.1896954442353,34.54695159149958,34.756738230548564
2386,36.519072389,36.592715564,35.29917703642325,34.233014958941176,34.57023931089672,34.6600206934069
2387,36.519072389,36.598607018,35.32374343739131,34.09387267770588,34.5848109711664,34.70556311569314
2388,36.529382433500004,36.595661291,35.31214647842917,34.17877892652941,34.56646001413323,34.78232704864621
2389,36.530855297,36.5971341545,35.3129169275,34.15763900335294,34.57866247663278,34.77139219808
2390,36.529382433500004,36.585351246500004,35.312777385947584,34.14724231982353,34.54255441504717,34.71685395096154
2391,36.542638205,36.5882969735,35.3233347425,34.23855985682353,34.56218919516245,34.780785619580236
2392,36.551475386,36.580932656,35.31146003,34.14360348058824,34.55173426464032,34.756408029924074
2393,36.548529659,36.589769837,35.32359419,34.24739703782353,34.53611703496922,34.71973959079309
2394,36.533801024,36.580932656,35.31834021717742,34.413917252352945,34.48475707531847,34.687992981973686
2395,36.545583932,36.5824055195,35.32873308266394,34.30925730482353,34.50643630298557,34.739346121935775
2396,36.524963843,36.577986929,35.30594726493942,34.24150558382353,34.506516905824846,34.6888424441292
2397,36.52790957,36.5971341545,35.316525820112204,34.20840947458824,34.529121138534244,34.6744581416
2398,36.5264367065,36.592715564,35.306375206086955,34.06510851994118,34.57783357906325,34.71220479073684
2399,36.524963843,36.583878383,35.309811366956524,34.31029697317647,34.5465571998318,34.732215832833624
2400,36.507289481,36.575041202,35.306554113636366,34.30665813394118,34.48608833678832,34.703950098126676
2401,36.513180935,36.5882969735,35.30605224451889,34.217246655588234,34.48565550448996,34.72616008252944
2402,36.501398027,36.5647311575,35.29046667137097,34.204424079235295,34.507317854738126,34.70115566206623
2403,36.495506573,36.5706226115,35.295736471605615,34.177392702058825,34.493046163956315,34.67520232526316
2404,36.4851965285,36.5765140655,35.31048926943304,34.185190214705884,34.527083009656025,34.69499391781125
2405,36.498452300000004,36.5647311575,35.320339668971776,34.2574471652353,34.541920972627736,34.727160436387436
2406,36.492560846,36.560312567000004,35.31085812568348,34.19628001047059,34.55594031586124,34.691016496802426
2407,36.498452300000004,36.5794597925,35.310382325,34.33646196005883,34.516360997596074,34.72652174755885
2408,36.498452300000004,36.585351246500004,35.31559624286817,34.231455456411766,34.55586412281452,34.69596632992126
2409,36.501398027,36.583878383,35.325387789838715,34.228336451352945,34.51773084854742,34.71385303296119
2410,36.498452300000004,36.577986929,35.31092769937588,34.19628001047059,34.506099921476405,34.70367468552258
2411,36.498452300000004,36.585351246500004,35.3215385675,34.23700035429412,34.51368961298347,34.71486720376786
2412,36.498452300000004,36.583878383,35.30867949959678,34.18259104382353,34.54491222598131,34.66228678608352
2413,36.498452300000004,36.580932656,35.31551361377981,34.14117758776471,34.51290391680388,34.742746871238936
2414,36.4969794365,36.577986929,35.3129959592,34.229029563588234,34.491961745540436,34.71797957907913
2415,36.5028708905,36.5765140655,35.31408395840726,34.14793543205882,34.471230808526826,34.71964303227826
2416,36.4999251635,36.5794597925,35.321478695,34.31809448582353,34.47520357402119,34.68265226847059
2417,36.5058166175,36.5706226115,35.33986406747541,34.22954939776471,34.505220599983865,34.63403097919279
2418,36.507289481,36.580932656,35.343702480000005,34.26247222894118,34.506658862486105,34.703418760017065
2419,36.5058166175,36.591242700500004,35.36251050040816,34.276507751705886,34.49605930357143,34.619038800909095
2420,36.5058166175,36.5882969735,35.33302767534839,34.196106732411764,34.50919518266132,34.64285082651183
2421,36.492560846,36.5941884275,35.30212604888387,34.11657210341177,34.59546174991359,34.59573086
2422,36.492560846,36.585351246500004,35.28257297428571,34.166476184352945,34.55394621276899,34.638756254362974
2423,36.519072389,36.592715564,35.287279523,34.17773925817647,34.50541081785715,34.678760746679124
2424,36.519072389,36.592715564,35.28129690829032,34.145336261176475,34.54231377674912,34.64602908936779
2425,36.522018116,36.592715564,35.282513672,34.10149691229412,34.47661777545127,34.68990852707395
2426,36.5117080715,36.589769837,35.268708964210525,34.108081478529414,34.50969294973275,34.65222905568609
2427,36.5264367065,36.595661291,35.283509597235025,34.08295616,34.50246046568779,34.68656405395328
2428,36.5264367065,36.591242700500004,35.28150097142857,34.02525456641177,34.520162822295084,34.73706548029986
2429,36.522018116,36.589769837,35.293434416000004,33.936709478352945,34.52088676816578,34.79371935639872
2430,36.5175995255,36.589769837,35.2719186344,33.952304503647056,34.530285845857144,34.74003532030899
2431,36.5146537985,36.5941884275,35.30038254451613,34.13736547047059,34.487461934639015,34.64257803433198
2432,36.522018116,36.5794597925,35.31289220595161,34.20702325011765,34.41854004155477,34.66136419929535
2433,36.507289481,36.575041202,35.331617105,34.138231860764705,34.50432464,34.61445837390591
2434,36.5028708905,36.554421113000004,35.32593078099079,34.1337266312353,34.466878418368644,34.587221721041495
2435,36.507289481,36.545583932,35.338872757904,34.542662850058825,34.42140315777151,34.42253887457299
2436,36.4969794365,36.513180935,35.33921738512791,34.417036257411766,34.40797050876752,34.45159641939831
2437,36.5087623445,36.5087623445,35.318278208928575,34.184843658588235,34.42120726564938,34.5585715842234
2438,36.5058166175,36.5529482495,35.33082934256,34.29279588923529,34.41711786040726,34.474359683344595
2439,36.4999251635,36.535273887500004,35.32132123503937,34.303539128882356,34.405766006390536,34.51223752340899
2440,36.477832211,36.5382196145,35.32339519069711,34.395203222,34.411968450467505,34.5016928367742
2441,36.5058166175,36.554421113000004,35.32528812360994,34.36834512288235,34.3725134337798,34.49502866699054
2442,36.510235208000005,36.5500025225,35.31315007330484,34.615093078647064,34.34509820359155,34.56450622029604
2443,36.539692478,36.55736684,35.302505529635795,34.10045724394118,34.43589493259891,34.721693359604394
2444,36.539692478,36.5558939765,35.30884338908812,34.350150926705886,34.465599849489394,34.56594129294014
2445,36.530855297,36.580932656,35.30662592704436,34.19402739570589,34.48686555429432,34.63397732966035
2446,36.551475386,36.595661291,35.299043770072444,34.570040783352944,34.59530689465275,34.56737648571948
2447,36.507289481,36.610389926,35.300980415568965,34.36990462541176,34.54772914298669,34.56542740692847
2448,36.4881422555,36.539692478,35.268805863125,34.039290089176475,34.47492351974935,34.59617845384616
2449,36.4527935315,36.529382433500004,35.27657922758197,34.17184780417647,34.47690304053721,34.44863543675
2450,36.4586849855,36.5323281605,35.276929692258065,34.59568593605883,34.40244340047111,34.351999226000004
2451,36.479305074500004,36.541165341500005,35.297958995669426,34.59603249217647,34.4279895894772,34.37800218097354
2452,36.495506573,36.5470567955,35.30469643325,34.29782095294118,34.476317443739134,34.37930586468678
2453,36.510235208000005,36.560312567000004,35.26533584791789,34.462781664941176,34.491801247400005,34.53321138004799
2454,36.457212122,36.5323281605,35.28897431588089,34.519097034058824,34.39761682469154,34.38058574650944
2455,36.4999251635,36.530855297,35.297182101875,34.391564382764706,34.48998434458992,34.50826059371925
2456,36.5058166175,36.551475386,35.28009094889706,34.45550398647059,34.3721148610275,34.477221724053535
2457,36.519072389,36.5441110685,35.258707540172416,34.45255825947059,34.3724630287157,34.421137461718594
2458,36.504343754000004,36.539692478,35.27623425904442,34.458796269588234,34.38929010824265,34.42311471446535
2459,36.5087623445,36.5441110685,35.28367563585177,34.37718230388236,34.41548320637834,34.468588948141
2460,36.5028708905,36.5617854305,35.27296548052459,34.38082114311765,34.481391935977456,34.38773311043301
2461,36.498452300000004,36.5382196145,35.23461188942149,34.16907535523529,34.39780123512249,34.479478402759646
2462,36.474886484,36.55736684,35.23527404683368,34.31844104194118,34.51163079197397,34.32594355075702
2463,36.466049303,36.4763593475,35.229638359055485,33.90240042270588,34.51997640772334,34.61062670249653
2464,36.4940337095,36.530855297,35.294333365664,34.56189671458824,34.40243903463087,34.46912920681393
2465,36.5117080715,36.522018116,35.305432865,34.580784023,34.371285258217824,34.43613272888783
2466,36.501398027,36.529382433500004,35.299024775803076,34.22348466570588,34.48160019678822,34.60044726332251
2467,36.466049303,36.535273887500004,35.2758423589926,34.110853927470586,34.357609330716336,34.59036917485737
2468,36.467522166500004,36.523490979500004,35.30282523120879,34.13788530464706,34.45663570471783,34.51668951343599
2469,36.457212122,36.513180935,35.2943913984898,34.33576884782353,34.44883840711688,34.50861570815183
2470,36.457212122,36.5205452525,35.302959460450666,34.527414380882355,34.45377523560465,34.45218431231959
2471,36.4616307125,36.542638205,35.25761767152385,34.08105010135294,34.5117954853085,34.56272186258936
2472,36.471940757,36.5382196145,35.267823186175114,34.09300628741177,34.53240682125,34.57506119737925
2473,36.4969794365,36.539692478,35.27514272575893,34.151227715176475,34.38208296282806,34.671415325064714
2474,36.479305074500004,36.535273887500004,35.2634732237235,34.401267954058824,34.503367669595505,34.45317253970989
2475,36.4969794365,36.529382433500004,35.26391786493916,34.52169620494118,34.49612394166731,34.65450575072
2476,36.480777938,36.529382433500004,35.263237720625,34.570040783352944,34.479955445882354,34.590428252493155
2477,36.4851965285,36.530855297,35.236561712731095,34.52620143447059,34.47883729263036,34.6492156301045
2478,36.4851965285,36.536746751,35.235449322602356,33.89702880288235,34.6054429218767,34.84733658665768
2479,36.491087982500005,36.5441110685,35.234231237451304,34.203557688941174,34.58052443786207,34.69986192155716
2480,36.480777938,36.524963843,35.26161569626893,34.31150991958824,34.52877017253855,34.648704509609374
2481,36.4851965285,36.5323281605,35.27796358563243,34.35153715117647,34.52540147936162,34.71221693436582
2482,36.477832211,36.554421113000004,35.24331405613445,34.40196106629412,34.524793341202674,34.661454353975905
2483,36.46899503,36.566204021000004,35.2635994503125,34.14117758776471,34.56695783615607,34.76292601346921
2484,36.463103576,36.5382196145,35.25222767056391,34.17929876070588,34.53755990002196,34.841978623994805
2485,36.466049303,36.533801024,35.26374195754416,34.300246845764704,34.496816439489876,34.650282325495574
2486,36.442483487000004,36.516126662000005,35.23974146962743,34.686656916941175,34.419662229341505,34.649897718751106
2487,36.4645764395,36.5264367065,35.23266568744456,34.62514320605882,34.45925768656036,34.71445462680394
2488,36.457212122,36.5382196145,35.214827977881775,34.45827643541177,34.488401325714285,34.679814008872725
2489,36.4586849855,36.539692478,35.250185755115,34.296781284588235,34.624988153689095,34.732299224828544
2490,36.457212122,36.5323281605,35.239028241166984,34.597765272764704,34.56363886155803,34.65346010518519
2491,36.4321734425,36.542638205,35.21960388256516,34.502808896529416,34.49295469341782,34.74212600418858
2492,36.466049303,36.523490979500004,35.22050062689655,34.427606219,34.53545188292663,34.77885384405307
2493,36.4940337095,36.5617854305,35.22207704,34.27044301964706,34.53943822132271,34.732375666307696
2494,36.467522166500004,36.5500025225,35.19896113769231,34.07845093047059,34.544309696,34.75096570636194
2495,36.467522166500004,36.4557392585,35.21507027442282,34.08486221864706,34.66804923714286,34.789374580160455
2496,36.474886484,36.530855297,35.21550409923686,34.35812171741176,34.472689275382734,34.80011827493298
2497,36.480777938,36.535273887500004,35.221279627,34.228336451352945,34.500160755760874,34.727856468761274
2498,36.480777938,36.530855297,35.22965592621154,34.272522356352944,34.503897669739416,34.730960150769235
2499,36.492560846,36.533801024,35.199475957454545,34.24445131082353,34.49773857857933,34.78219722782816
2500,36.467522166500004,36.519072389,35.18836677658361,33.985573890941176,34.56430617279175,34.70534308187616
2501,36.479305074500004,36.539692478,35.21072615822581,34.1779125362353,34.40113274678514,34.77417348781378
2502,36.4822508015,36.542638205,35.22559619717166,34.43003211182353,34.42719235652893,34.69200401249188
2503,36.495506573,36.519072389,35.2171041632,34.20217146447059,34.43402490492611,34.75768127502041
2504,36.473413620500004,36.539692478,35.19295024501171,34.03426502547059,34.405460269039146,34.729064425750884
2505,36.5058166175,36.536746751,35.207029779001495,33.57074621811765,34.47881740499623,34.7323907726
2506,36.4969794365,36.519072389,35.22340862156774,33.77850661064706,34.45453307525436,34.56027809022746
2507,36.4881422555,36.5205452525,35.223059410383065,34.267843848764706,34.45860431408638,34.51357245663113
2508,36.4763593475,36.523490979500004,35.22862794302,34.238906412941176,34.43993055345795,34.65848181248893
2509,36.480777938,36.536746751,35.22758150857143,34.22764333911765,34.45860693701278,34.73197935142731
2510,36.4851965285,36.519072389,35.21951038454546,34.11154703970588,34.42610301124406,34.71752155827869
2511,36.4851965285,36.513180935,35.215476610931816,34.00775348247059,34.527320936263735,34.73493647604436
2512,36.474886484,36.513180935,35.20345920081967,33.95836923570588,34.48226324483871,34.69445296700133
2513,36.4881422555,36.5087623445,35.20285305043478,34.117091937588235,34.420173729288216,34.704945628422465
2514,36.4822508015,36.523490979500004,35.21808248028027,34.21603370917647,34.463381143309356,34.7175262009247
2515,36.474886484,36.5205452525,35.2131693425,34.185190214705884,34.432661801346384,34.61707709663935
2516,36.463103576,36.516126662000005,35.18473511130435,34.12055749876471,34.403654991401005,34.711456368122505
2517,36.4763593475,36.529382433500004,35.2101757175,34.050206606882355,34.443388139489194,34.6566955239159
2518,36.46899503,36.523490979500004,35.186963409565216,33.98332127617647,34.41376201535109,34.667153153166225
2519,36.457212122,36.522018116,35.19823437004133,34.191948059,34.428683924,34.62764639293419
2520,36.442483487000004,36.522018116,35.18378882708197,34.21690009947059,34.397365245288654,34.62809699250342
2521,36.4616307125,36.530855297,35.18277407,34.12904812364706,34.432322496836115,34.7030897633871
2522,36.4586849855,36.510235208000005,35.18841919142857,33.96841936311765,34.407767552757235,34.73743357667857
2523,36.436592033000004,36.4999251635,35.183017870596075,33.92925852182353,34.41639957108141,34.6967592484585
2524,36.4203905345,36.495506573,35.1678075416,34.20910258682353,34.335522314,34.676193576135354
2525,36.43953776,36.5028708905,35.1871447625,34.274428415,34.374246580419864,34.72573055045952
2526,36.430700579,36.504343754000004,35.189819067500004,34.04882038241177,34.41368429761826,34.703928047426274
2527,36.4380648965,36.507289481,35.19362913568182,33.86982414764706,34.42434404739337,34.71151512999127
2528,36.430700579,36.498452300000004,35.17958876342917,33.863066303352944,34.44394754631329,34.650141583138435
2529,36.4439563505,36.5058166175,35.19321097478261,33.97257803652941,34.39758689620815,34.65820711317699
2530,36.4439563505,36.5028708905,35.20270086615385,34.067880968882356,34.36294559249902,34.68024485864
2531,36.4498478045,36.504343754000004,35.18654572031151,34.2338813492353,34.36031062597487,34.747652589274615
2532,36.4351191695,36.5087623445,35.15830719101818,33.96737969476471,34.357937773956834,34.73205196004396
2533,36.413026217,36.486669392,35.170189704628335,33.93705603447059,34.41141902014563,34.670537003212885
2534,36.4203905345,36.4851965285,35.18889990488,34.04708760182353,34.36925772065882,34.58112943762846
2535,36.4439563505,36.4822508015,35.18722369119355,34.06684130052941,34.362413692079905,34.589734848882074
2536,36.448374941000004,36.471940757,35.169893729942984,34.097511516941175,34.380128030882354,34.62195815330942
2537,36.4410106235,36.4262819885,35.152863682280994,33.88715195352941,34.46209775967621,34.73381111538605
2538,36.442483487000004,36.480777938,35.16651237968,33.95022516694118,34.36565225094235,34.65687332767712
2539,36.424809125,36.4704678935,35.19259188272,34.02525456641177,34.34834119493832,34.68402533965841
2540,36.4203905345,36.463103576,35.177931088705456,34.12523600635294,34.349689353939155,34.577822853132375
2541,36.4203905345,36.473413620500004,35.18031176795232,34.269749907411764,34.328370567824,34.58161024802241
2542,36.389460401,36.486669392,35.16153203272727,34.20702325011765,34.362036085916834,34.54821285128229
2543,36.3968247185,36.4881422555,35.15096751714286,33.90153403241177,34.418799539354836,34.66821939084595
2544,36.424809125,36.4586849855,35.16843318071429,33.81090960764706,34.40341661575685,34.63431701691158
2545,36.4262819885,36.480777938,35.16938407101683,34.11587899117647,34.340754178980895,34.64081837339402
2546,36.404189036000005,36.4704678935,35.18369781714286,34.12627567470588,34.32898726680903,34.6160665946103
2547,36.4203905345,36.4881422555,35.164698131927,34.01035265335294,34.347234668763505,34.6244527295176
2548,36.411553353500004,36.474886484,35.145883242545295,33.81125616376471,34.391048247463054,34.68500465561084
2549,36.4144990805,36.474886484,35.16545804169355,33.81940023252941,34.35585672564286,34.65022192754864
2550,36.405661899500004,36.4557392585,35.15710302285714,34.00619397994118,34.32024296713942,34.62418542629243
2551,36.427754852,36.4616307125,35.153609145185484,34.12956795782353,34.3251231562632,34.57015311163942
2552,36.415971944,36.4645764395,35.143992656,33.929951634058824,34.311033222758624,34.63327387546573
2553,36.4262819885,36.471940757,35.15181161822581,33.90118747629412,34.31863822042191,34.62568168214286
2554,36.4262819885,36.4763593475,35.164820723157895,33.911237603705885,34.35857228281748,34.65288194060026
2555,36.4351191695,36.471940757,35.16543956491129,33.93948192729412,34.350003986912,34.657485740076595
2556,36.424809125,36.4645764395,35.1522313051371,34.02889340564706,34.312827223478266,34.606269821776785
2557,36.360003131,36.463103576,35.17210084461715,34.10634869794118,34.334838188129496,34.61331120747892
2558,36.330545861000004,36.424809125,35.153244825272,34.08711483341177,34.32962442565784,34.66691073898438
2559,36.365894585,36.4469020775,35.155248299725805,33.89460291005882,34.36803034488513,34.585839353615725
2560,36.3467473595,36.4527935315,35.138270776370966,34.01780360988236,34.33761125330612,34.63355350336424
2561,36.367367448500005,36.467522166500004,35.146387172816,33.96737969476471,34.35367345601128,34.562478710275954
2562,36.3820960835,36.463103576,35.16078720736842,33.95178466947059,34.351249057080295,34.604980523456575
2563,36.3762046295,36.471940757,35.163124485714285,33.97587031964706,34.359430772945956,34.57062146325999
2564,36.362948858,36.4586849855,35.143255580991735,33.87225004047059,34.42370191470802,34.584496392668726
2565,36.362948858,36.457212122,35.150709761590164,33.82338562788235,34.392257495,34.623526151570914
2566,36.362948858,36.457212122,35.15696120011177,33.872076762411766,34.40807089035188,34.56882350305494
2567,36.401243309,36.463103576,35.15270477,33.85422912235294,34.31516136595796,34.61259813063886
2568,36.405661899500004,36.463103576,35.16406786318501,33.87848805058824,34.32805732495421,34.588127522641344
2569,36.405661899500004,36.463103576,35.171725373653395,33.91089104758824,34.42090210974628,34.60572689611448
2570,36.365894585,36.474886484,35.166545771428574,33.8980684712353,34.32588361404839,34.65619618594381
2571,36.383568947,36.474886484,35.18465577714286,33.88056738729412,34.37786400976026,34.61956877994716
2572,36.3585302675,36.46899503,35.17813818224,33.98955928629412,34.369263870575544,34.569960843605564
2573,36.4086076265,36.480777938,35.18216964285715,33.912797106235296,34.33755882494519,34.6113750613884
2574,36.4086076265,36.483723665,35.174782628959015,33.91955495052941,34.3884952248187,34.60354080130282
2575,36.374731766000004,36.480777938,35.171270567,33.935496531941176,34.350575278259456,34.60632621781209
2576,36.360003131,36.466049303,35.16729252221774,33.8303167502353,34.339721591508294,34.613578565458575
2577,36.362948858,36.466049303,35.16517725714286,33.88351311429412,34.35990125557143,34.57698371146374
2578,36.333491588,36.466049303,35.166307627508196,33.81680106164706,34.375210519075054,34.55718348854941
2579,36.3408559055,36.473413620500004,35.135764765735296,33.62480897247059,34.40750859847128,34.67398660020058
2580,36.318762953000004,36.480777938,35.14618290090909,33.778853166764705,34.33643535720332,34.62911839493976
2581,36.3143443625,36.4380648965,35.13816466685,33.713527338588236,34.3642774149979,34.669798259566655
2582,36.324654407000004,36.474886484,35.151642349784,33.889231290235294,34.30973091825488,34.55183799487604
2583,36.3349644515,36.4586849855,35.147626061428575,33.945200103235294,34.32425024680989,34.53997609140605
2584,36.32170868,36.460157849,35.136985862857145,33.83776770676471,34.35155042116082,34.61448355477113
2585,36.3408559055,36.4704678935,35.161548807734725,33.941734542058825,34.38717240011919,34.61044801068421
2586,36.3408559055,36.4704678935,35.15865815272728,33.94242765429412,34.37331395086331,34.621032103579765
2587,36.354111677,36.4469020775,35.14796819,33.94554665935294,34.3588292694853,34.60173286452613
2588,36.318762953000004,36.471940757,35.12992192627265,33.946066493529415,34.39518186755538,34.6252168279893
2589,36.3202358165,36.467522166500004,35.1485762959447,33.95594334288236,34.38127775138945,34.55020585819135
2590,36.3379101785,36.467522166500004,35.13878548673387,33.95178466947059,34.35827293167883,34.60660352102948
2591,36.3614759945,36.467522166500004,35.153119901862894,33.951957947529415,34.38889147347989,34.58082104290844
2592,36.355584540500004,36.4527935315,35.13437048,33.98782650570588,34.32351026515236,34.619281627586204
2593,36.371786039,36.46899503,35.13775470886736,33.961314962705885,34.372853841231745,34.56953092201439
2594,36.3703131755,36.466049303,35.13119248571429,34.0158975512353,34.34622679127273,34.592789543058
2595,36.389460401,36.466049303,35.142847172831594,33.95646317705882,34.40114326531134,34.55793803749324
2596,36.357057404,36.4616307125,35.13869046328226,33.86133352276471,34.29739015871734,34.64506718233766
2597,36.365894585,36.4645764395,35.146337377142856,33.85665501517647,34.39605032789602,34.576724908813254
2598,36.354111677,36.4645764395,35.14478694169143,33.98626700317647,34.33842279560899,34.55876001304681
2599,36.362948858,36.4439563505,35.1382594640553,33.85994729829412,34.39389664954032,34.560485001276035
2600,36.3408559055,36.466049303,35.13640990044355,33.906039261941174,34.315032315968004,34.60110594068063
2601,36.348220223,36.466049303,35.135945792,33.91297038429412,34.32799726794718,34.64933562809399
2602,36.3084529085,36.471940757,35.126914841818184,33.980895383352944,34.330591451758245,34.587174452252796
2603,36.3084529085,36.471940757,35.13681375011291,33.94779927411765,34.32599030836767,34.63686366283882
2604,36.2966700005,36.451320668,35.10959276857143,33.84227293629412,34.36456525160736,34.56547217792379
2605,36.3113986355,36.457212122,35.115469397,33.92163428723529,34.378501281956524,34.574671963894275
2606,36.32170868,36.4616307125,35.1118148804379,33.845045385235295,34.34529086063455,34.5219292815181
2607,36.32170868,36.4616307125,35.13149675607038,33.923713623941175,34.35657000653403,34.59050212149525
2608,36.318762953000004,36.4351191695,35.110661395760005,33.75390112629412,34.381508611797344,34.54450413465116
2609,36.318762953000004,36.4527935315,35.12987766660714,33.953517450058825,34.31594702152502,34.49756496331423
2610,36.318762953000004,36.436592033000004,35.13725149148,33.98540061288235,34.31164190819698,34.609166671562235
2611,36.327600134,36.454266395000005,35.134397565178574,33.868957757352945,34.34959383945562,34.55633138813474
2612,36.2966700005,36.4439563505,35.13248067416149,33.92873868764706,34.362928300086956,34.58085404028014
2613,36.305507181500005,36.466049303,35.125100813927276,33.889231290235294,34.30880687779359,34.607468622758624
2614,36.3231815435,36.451320668,35.10055404041375,34.05471183641177,34.26678292534525,34.506492009453744
2615,36.3202358165,36.401243309,35.06059669608265,33.895989134529415,34.32267739172414,34.661742652729856
2616,36.3290729975,36.463103576,35.04707313121901,33.902573700764705,34.32971305914839,34.682141658456594
2617,36.318762953000004,36.467522166500004,35.05987513065574,33.77348154694118,34.384428976925584,34.57839913490795
2618,36.29225141,36.4557392585,35.095278181588114,34.08607516505882,34.28280540105777,34.54428877453557
2619,36.2996157275,36.460157849,35.08588767072131,34.094045955764706,34.27214750993998,34.60098329385714
2620,36.3084529085,36.4557392585,35.106745425255546,34.074118979,34.33554351785771,34.57920296808472
2621,36.2642670035,36.463103576,35.10734195627772,33.99475762805882,34.33196797166931,34.677398415954166
2622,36.2583755495,36.454266395000005,35.107836876451614,33.94242765429412,34.30204888388846,34.61952219256422
2623,36.256902686000004,36.451320668,35.10387323885246,33.92232739947059,34.32528477068884,34.65839053978182
2624,36.245119778,36.451320668,35.09555934729077,34.003421531,34.31099982849668,34.63898900832117
2625,36.239228324,36.451320668,35.11361465685081,33.9599287382353,34.3805838620742,34.60293415493976
2626,36.2495383685,36.451320668,35.11030069034513,34.021962283294116,34.350469941940005,34.58594419512238
2627,36.265739867,36.4527935315,35.107370362516875,33.92423345811765,34.36943137586457,34.624907694330986
2628,36.2613212765,36.463103576,35.088133504210525,34.030972742352944,34.33169357937132,34.61615840899587
2629,36.243646914500005,36.4557392585,35.10558949640553,33.933937029411766,34.33394006182432,34.565126555162166
2630,36.193569555500005,36.1670580125,35.09951704535484,33.71266094829412,34.47701538492217,34.65760440332286
2631,36.225972552500004,36.3143443625,35.14388545571428,33.80068620217647,34.364909110451954,34.53016865599458
2632,36.243646914500005,36.3379101785,35.166460701621624,33.88645884129412,34.35876145110852,34.55476603214286
2633,36.2230268255,36.3379101785,35.15686457825,34.01173887782353,34.34356723157939,34.546488782232345
2634,36.224499689,36.383568947,35.16096008423613,34.233014958941176,34.363014719684465,34.385989577865615
2635,36.23333687,36.448374941000004,35.15089771620588,34.203557688941174,34.326278976712885,34.53694308877402
2636,36.239228324,36.4616307125,35.115382035185284,33.893563241705884,34.36904746627898,34.49964068711495
2637,36.237755460500004,36.3467473595,35.1246634181,33.67194060447059,34.36996500909546,34.692526731369995
2638,36.209771054,36.4262819885,35.13579381757079,33.799646533823534,34.393530049064005,34.453744131185665
2639,36.2141896445,36.4586849855,35.14485196467958,34.07342586676471,34.309694894950844,34.640062216310234
2640,36.2465926415,36.454266395000005,35.13456460213115,34.08243632582353,34.28147006174486,34.55097412386891
2641,36.243646914500005,36.4527935315,35.12642685278997,34.10912114688235,34.290039278623105,34.56921003180851
2642,36.251011232,36.474886484,35.134613363311495,34.002035306529415,34.340649545487125,34.519093850472444
2643,36.245119778,36.471940757,35.139060707096775,33.882646724000004,34.39808150705471,34.55930404261184
2644,36.23333687,36.454266395000005,35.13900733793443,34.10305641482353,34.34488763935459,34.53827616301686
2645,36.231864006500004,36.448374941000004,35.14473945763873,33.98505405676471,34.333319501759554,34.50594154374946
2646,36.277522775,36.411553353500004,35.07909554124112,34.05488511447059,34.30122686340051,34.69117421879238
2647,36.286359956,36.466049303,35.0684450365625,34.11743849370588,34.3263562134511,34.659123687273585
2648,36.2465926415,36.463103576,35.073915799478264,33.847817834176475,34.40049305803238,34.71416399067711
2649,36.2348097335,36.4557392585,35.10850556,33.973964261,34.34122605438057,34.6384243648093
2650,36.227445416,36.4351191695,35.11710946,34.1337266312353,34.30202167534753,34.51815128465374
2651,36.2348097335,36.355584540500004,35.067034268639055,34.19437395182353,34.34820261708047,34.53900360549228
2652,36.339383042,36.349693086500004,35.00750065694984,34.33368951111765,34.25752082463483,34.71302541832215
2653,36.298142864,36.225972552500004,35.057442593661015,33.734667261764706,34.41040516877324,34.631215206215444
2654,36.242174051,36.407134763,35.088452321847825,33.66362325764706,34.40004366374796,34.70260434091393
2655,36.248065505,36.421863398,35.13072491,33.87658199194118,34.37688925703257,34.57673117712752
2656,36.2524840955,36.421863398,35.11905124477459,33.84487210717647,34.30555374727711,34.593584208176495
2657,36.253956959,36.4233362615,35.118963516839344,34.02369506388236,34.275512946318294,34.54561411309904
2658,36.243646914500005,36.415971944,35.11003941274754,33.89980125182353,34.3301121199524,34.58164801221247
2659,36.283414229,36.4321734425,35.115859508396696,33.92821885347059,34.377126955032104,34.574563121759475
2660,36.2760499115,36.427754852,35.1294019208871,33.89546930035294,34.3297390167742,34.484752812938126
2661,36.295197137,36.433646306,35.1309367256,34.1720210822353,34.3197777192891,34.540470092196635
2662,36.274577048,36.424809125,35.11021325893115,34.069787027529415,34.2551857907583,34.53788252326349
2663,36.304034318,36.424809125,35.10034652461539,34.15053460294118,34.28175159106145,34.54805268488446
2664,36.298142864,36.4233362615,35.11113271208,33.95802267958824,34.25546695088637,34.58301381988511
2665,36.318762953000004,36.430700579,35.13339614461539,34.053672168058824,34.28351331282825,34.60837495694044
2666,36.3143443625,36.418917671,35.11202494709678,34.090060560411764,34.25493185649039,34.572039516557304
2667,36.2760499115,36.415971944,35.12140254,34.159025227823534,34.2764451502515,34.54994395902332
2668,36.277522775,36.4262819885,35.11329740692308,33.99198517911765,34.28287469383886,34.5548560549122
2669,36.277522775,36.427754852,35.115975107174194,33.958542513764705,34.267335992961506,34.552621168300185
2670,36.2966700005,36.404189036000005,35.110460371538466,34.01867000017647,34.247245547182715,34.52610540854772
2671,36.242174051,36.398297582,35.097905605987904,33.968072807,34.252488640304,34.52676290911081
2672,36.2407011875,36.3732589025,35.084740898629036,33.92752574123529,34.24777713590666,34.54306083215224
2673,36.197988146,36.3791503565,35.10888489578462,33.94381387876471,34.24061639378483,34.452532832798916
2674,36.2348097335,36.4086076265,35.093224767500004,33.88992440247059,34.28034069503535,34.56625418763338
2675,36.2348097335,36.4144990805,35.113808572477424,33.89425635394118,34.27802062570764,34.563157258025136
2676,36.2348097335,36.415971944,35.07765229311364,33.78457134270588,34.26532631784322,34.57848699905078
2677,36.248065505,36.407134763,35.09647784,33.75875291194118,34.318731492911695,34.50836360260377
2678,36.2465926415,36.41008049,35.06935216219262,33.94623977158824,34.25602938533547,34.52350756030549
2679,36.245119778,36.417444807500004,35.055388128463115,33.83430214558824,34.24015533832936,34.48778122374468
2680,36.529382433500004,36.583878383,35.319684183125005,34.22001910452941,34.513924060545904,34.72007083948815
2681,36.5382196145,36.5765140655,35.33361761225964,34.38497981652941,34.565418474054056,34.52279721771035
2682,36.473413620500004,36.535273887500004,35.322018050630255,34.507140848,34.52160060325355,34.746565630824506
2683,36.480777938,36.535273887500004,35.32223515545805,34.33784818452941,34.4629040116526,34.78196488096189
2684,36.5500025225,36.554421113000004,35.306917606431455,34.016937219588236,34.60137154968022,34.7810314019991
2685,36.5028708905,36.5647311575,35.32177676155844,34.06840080305882,34.611250043989656,34.65927277079143
2686,36.4940337095,36.5617854305,35.333995270905945,34.295221782058825,34.577110012483786,34.66328143449132
2687,36.471940757,36.545583932,35.32523609891892,34.47213868011765,34.64645392499801,34.406829024560004
2688,36.480777938,36.585351246500004,35.30118613224687,34.342526692117644,34.56343531303909,34.65927173857143
2689,36.4822508015,36.5735683385,35.305361849402125,34.267843848764706,34.64161853500205,34.60212871487838
2690,36.498452300000004,36.563258294,35.29448699418033,34.198532625235295,34.59501584304967,34.779311542212106
2691,36.463103576,36.507289481,35.30378942661555,34.46226183076471,34.543444448995736,34.73065049558511
2692,36.510235208000005,36.545583932,35.26929227890323,34.312722866,34.53709461374718,34.6813348271772
2693,36.5117080715,36.551475386,35.29804389411765,33.98418766647059,34.57103769478228,34.80956882
2694,36.474886484,36.533801024,35.316887733660295,34.00498103352941,34.54257027684932,34.70635833347414
2695,36.4822508015,36.5765140655,35.323805302929685,34.483921588117646,34.52400368592487,34.607115115836095
2696,36.519072389,36.5735683385,35.301688941006454,34.205983581764706,34.43832388663162,34.64416270597938
2697,36.5146537985,36.577986929,35.2990177262,34.33455590141177,34.56231534499436,34.53554517728511
2698,36.5028708905,36.569149748,35.29436863485053,34.57367962258824,34.614880755804194,34.68691450686922
2699,36.4763593475,36.560312567000004,35.27669777323226,34.09213989711765,34.660734519341176,34.78799386702799
2700,36.5441110685,36.5706226115,35.27751682903226,34.44684008352941,34.51276551917736,34.62722300401952
2701,36.5588397035,36.5706226115,35.28632670114909,34.31116336347059,34.60255398885456,34.757507535648465
2702,36.529382433500004,36.572095475,35.30408573375,34.31688153941177,34.46252213753373,34.72808185482893
2703,36.5205452525,36.510235208000005,35.30946897588235,34.231455456411766,34.511636387218545,34.81522923658824
2704,36.519072389,36.551475386,35.30030435771429,34.25866011164706,34.527994052086335,34.752607074161986
2705,36.4969794365,36.513180935,35.31759542108555,34.438522736705885,34.509484654136784,34.673069878564014
2706,36.501398027,36.433646306,35.277790162832005,34.06770769082353,34.540376004148555,34.79010183210461
2707,36.4881422555,36.395351855,35.29751857114754,34.28291903988235,34.59432403131579,34.59525416641682
2708,36.513180935,36.5617854305,35.292066329375004,34.33368951111765,34.527837059937355,34.59018485107973
2709,36.46899503,36.5058166175,35.29309913,34.00220858458824,34.54850807812301,34.764120962217255
2710,36.463103576,36.5382196145,35.308339464696395,34.21863288005883,34.51196820678414,34.689530662178925
2711,36.467522166500004,36.523490979500004,35.30427233268112,34.208756030705885,34.511462523842404,34.76752764606609
2712,36.4645764395,36.510235208000005,35.286461835714285,34.05817739758824,34.49248739396752,34.79039090984375
2713,36.4969794365,36.542638205,35.29858820700101,33.928911965705886,34.52433862859014,34.837133714491124
2714,36.4822508015,36.535273887500004,35.29048614338974,34.15174754935294,34.57179669844047,34.61168700098332
2715,36.4527935315,36.5323281605,35.266811111,34.35413632205883,34.59581020618182,34.609822000942884
2716,36.418917671,36.548529659,35.23690079989736,34.056098060882356,34.636493379407746,34.54577941458161
2717,36.4351191695,36.563258294,35.240468585122954,34.36973134735294,34.57362330888718,34.53616067178463
2718,36.451320668,36.545583932,35.275133958714285,34.20771636235294,34.55280525965517,34.720304365454545
2719,36.4557392585,36.5470567955,35.279462287647064,34.14464314894118,34.57760216557916,34.76031196030137
2720,36.4940337095,36.5441110685,35.237723990938186,33.98349455423529,34.73749762865142,34.74353036091035
2721,36.4616307125,36.5087623445,35.281101623874015,33.783185118235295,34.658863090041685,34.755128354326885
2722,36.4851965285,36.516126662000005,35.35120609356672,34.2014783522353,34.52508854655247,34.57859406582006
2723,36.491087982500005,36.513180935,35.38301913913386,34.26992318547059,34.52610318654443,34.447932347717256
2724,36.457212122,36.4940337095,35.349850237382135,34.316361705235295,34.499987849776495,34.507307230526315
2725,36.466049303,36.510235208000005,35.26485813299061,33.91920839441177,34.53333716560148,34.54283428473404
2726,36.4645764395,36.533801024,35.255177720187305,33.789942962529416,34.55547228453652,34.47983569590157
2727,36.473413620500004,36.529382433500004,35.296737496870776,33.844352273,34.649624782751914,34.43250059938224
2728,36.4969794365,36.5117080715,35.30400003106426,33.87346298688235,34.571796518287314,34.71884346523196
2729,36.501398027,36.510235208000005,35.318585536055004,34.106175419882355,34.46692237158817,34.807762340534126
2730,36.492560846,36.5500025225,35.31563400686546,34.17635303370588,34.5840231274585,34.73953139267741
2731,36.498452300000004,36.5500025225,35.2931412912987,34.01711049764706,34.53457189052966,34.6648681501695
2732,36.473413620500004,36.5558939765,35.280022976,34.31705481747059,34.6332534009173,34.634446933574196
2733,36.479305074500004,36.522018116,35.256347678857146,34.268536961,34.53548238305071,34.582831583128595
2734,36.480777938,36.536746751,35.27119562743402,34.203730967,34.50026565102727,34.5911125863202
2735,36.504343754000004,36.5323281605,35.251935054400825,34.320347100588236,34.446345184642986,34.708686002375984
2736,36.491087982500005,36.5028708905,35.24949445950452,34.0777578182353,34.35062107217935,34.5849958217765
2737,36.4233362615,36.5058166175,35.25390764867148,33.83742115064706,34.44888674567929,34.59439402749367
2738,36.46899503,36.535273887500004,35.263200694210525,34.31462892464706,34.40236944781771,34.48461896068673
2739,36.4940337095,36.5264367065,35.256848293772116,34.28361215211765,34.41915709784431,34.45646617104039
2740,36.466049303,36.5264367065,35.22580244,34.19801279105882,34.4167977784767,34.444235403594746
2741,36.4645764395,36.5205452525,35.224921116800004,34.38983160217647,34.44953068895941,34.45558691551638
2742,36.473413620500004,36.5146537985,35.213789032086154,33.923020511705886,34.541327627941506,34.586584583207305
2743,36.442483487000004,36.4851965285,35.2464873824895,34.5255083222353,34.476226693939395,34.553557435734724
2744,36.4645764395,36.451320668,35.19918317004364,34.119517830411766,34.44089698293737,34.52715840193182
2745,36.483723665,36.5323281605,35.265314868714285,33.873809543,34.47883038774809,34.6583130506383
2746,36.498452300000004,36.533801024,35.27405376207449,34.18224448770589,34.44828021379337,34.7361596411314
2747,36.474886484,36.529382433500004,35.30054295818,34.266284346235295,34.55258667237952,34.54935214479121
2748,36.4763593475,36.524963843,35.257370606497695,33.99839646729412,34.412620260894684,34.62921470231056
2749,36.457212122,36.5028708905,35.257366455632,33.47890884694118,34.46416788941177,34.76607801893712
2750,36.504343754000004,36.5647311575,35.27162858814553,34.368691679,34.44490912568915,34.61943515910647
2751,36.4262819885,36.542638205,35.28015011097715,34.20407752311765,34.55017728027216,34.54513186039848
2752,36.4704678935,36.5117080715,35.257368133860396,34.530706664,34.46097219845798,34.46877914295891
2753,36.473413620500004,36.529382433500004,35.25382900022893,34.139444807176474,34.47229170489687,34.572289646495264
2754,36.4763593475,36.569149748,35.24386062464,34.42379410170588,34.501041717513914,34.49069618213002
2755,36.4498478045,36.5588397035,35.2681128923373,34.01173887782353,34.557221483670745,34.67685149690507
2756,36.43953776,36.454266395000005,35.31435222597403,34.04223581617647,34.46448767023069,34.769233031868424
2757,36.411553353500004,36.407134763,35.32534936387755,33.989905842411765,34.45191658401369,34.85954140955335
2758,36.367367448500005,36.398297582,35.332613891409096,34.07082669588235,34.4474407808,34.67835381613255
2759,36.4086076265,36.407134763,,34.039290089176475,34.40610857847826,34.69732987597696
2760,36.429227715500005,36.504343754000004,,34.09023383847059,34.43895241616714,34.73952426437173
2761,36.41008049,36.5028708905,,33.67419321923529,34.55641687896552,34.669098885729355
2762,36.339383042,36.4969794365,,33.55671069535294,34.62705489061688,34.6208586061348
2763,36.368840312,36.516126662000005,,33.806057822,34.56377172993486,34.59097910570248
2764,36.360003131,36.524963843,,33.99215845717647,34.61883222237382,34.49613495701366
2765,36.4027161725,36.5323281605,,34.106868532117645,34.56563006287981,34.54011556650647
2766,36.355584540500004,36.5058166175,,33.91401005264706,34.60866257688706,34.583832902021015
2767,36.460157849,36.530855297,,34.007060370235294,34.52015014030204,34.60387386610305
2768,36.46899503,36.5264367065,,33.982801442,34.46079747705336,34.70581111814197
2769,36.451320668,36.507289481,,34.01329838035294,34.47741641276779,34.67137594273804
2770,36.4439563505,36.463103576,,33.92076789694118,34.48509965747604,34.65212208706435
2771,36.4498478045,36.5205452525,,34.022828673588236,34.468863690896285,34.67501731197965
2772,36.4527935315,36.529382433500004,,33.93688275641176,34.56810735743142,34.67885956458834
2773,36.463103576,36.5117080715,,33.988346339882355,34.53628929178226,34.617103623314605
2774,36.457212122,36.5175995255,,34.029759795941175,34.55106200893046,34.616413292428575
2775,36.466049303,36.524963843,,34.05869723176471,34.51965283813174,34.62211599419263
2776,36.457212122,36.519072389,,34.04570137735294,34.49974837197035,34.621180589042254
2777,36.463103576,36.523490979500004,,34.08174321358824,34.493649281647336,34.68135190424127
2778,36.433646306,36.471940757,,33.86098696664706,34.46992182114286,34.74061619345471
2779,36.4616307125,36.5087623445,,33.884206226529415,34.46822113015134,34.717829452057764
2780,36.460157849,36.5058166175,,33.83049002829412,34.42449235949094,34.67933483982207
2781,36.466049303,36.5117080715,,33.86531891811765,34.5339265477703,34.690991199506726
2782,36.4586849855,36.519072389,,34.03166585458823,34.548929175355745,34.579586692908514
2783,36.4439563505,36.5264367065,,33.91245055011765,34.52615314605081,34.52584689318894
2784,36.4262819885,36.5087623445,35.21542454,33.922154121411765,34.54843682509077,34.627540538395
2785,36.3997704455,36.52790957,,34.07533192541177,34.5456911538432,34.61404625004376
2786,36.429227715500005,36.513180935,,33.94468026905882,34.43922989851352,34.63452256080154
2787,36.4144990805,36.519072389,35.259283142,34.004461199352946,34.516170990291556,34.61975772399059
2788,36.4557392585,36.5087623445,,33.91401005264706,34.519574211197316,34.61779271693811
2789,36.486669392,36.5058166175,,33.92873868764706,34.48592369675252,34.557946319367375
2790,36.4822508015,36.492560846,,33.98955928629412,34.44622897774744,34.56756004965549
2791,36.467522166500004,36.5058166175,35.220616242758624,34.033745191294116,34.52852775415604,34.42332127972502
2792,36.4645764395,36.5146537985,35.23204363198276,34.03773058664706,34.47871899086723,34.5918203181659
2793,36.4645764395,36.4969794365,,33.98124193947059,34.49176044453072,34.57219106156498
2794,36.483723665,36.5058166175,35.22535649310345,33.88905801217647,34.49063376902296,34.61270918260496
2795,36.471940757,36.5117080715,,33.96027529435294,34.48190622701794,34.52133402336972
2796,36.46899503,36.501398027,35.236699235,33.861506800823534,34.46597940268042,34.610024209165445
2797,36.448374941000004,36.4851965285,35.26669284184874,33.962181353,34.446479675925495,34.59313591005379
2798,36.4439563505,36.471940757,,33.821999403411766,34.50298864471412,34.61000167468096
2799,36.448374941000004,36.4822508015,,33.890790792764705,34.42114032525741,34.69220246808671
2800,36.4321734425,36.4645764395,,34.036864196352944,34.45003396342836,34.62484132873124
2801,36.445429214,36.451320668,,33.869650869588234,34.43953452432958,34.55974851096154
2802,36.442483487000004,36.4645764395,,33.79912669964706,34.476477724842105,34.56189073948276
2803,36.448374941000004,36.467522166500004,35.206260056000005,34.025601122529416,34.42108631276959,34.5990791843446
2804,36.448374941000004,36.457212122,,33.93029819017647,34.42707528325743,34.54300617337687
2805,36.448374941000004,36.460157849,35.20975862252101,33.95594334288236,34.40227604098398,34.57000301659417
2806,36.4498478045,36.4410106235,,33.796527528764706,34.39310775139665,34.534787441770646
2807,36.457212122,36.474886484,,34.06129640264706,34.351656453152216,34.54772045276208
2808,36.473413620500004,36.471940757,,33.97777637829412,34.36761535567308,34.47840884173952
2809,36.473413620500004,36.471940757,,34.147762154,34.33281085906145,34.43073771256757
2810,36.477832211,36.471940757,,33.876755270000004,34.41895663547385,34.520581368928575
2811,36.4586849855,36.4704678935,35.24513358153846,34.0895407262353,34.457064581223584,34.50781505999106
2812,36.4645764395,36.445429214,,33.87034398182353,34.34568871460251,34.48194150411995
2813,36.377677493,36.466049303,35.217310692881355,33.63381943152941,34.45981597814916,34.627887111133724
2814,36.454266395000005,36.454266395000005,35.223443463500004,33.737786266823534,34.38153102419734,34.52699118562327
2815,36.4439563505,36.477832211,,33.76429780982353,34.42569177072626,34.5993615895606
2816,36.46899503,36.4851965285,,33.872423318529414,34.39416540759649,34.57194409795994
2817,36.473413620500004,36.477832211,,33.7802393912353,34.474917733979,34.58635089020747
2818,36.460157849,36.474886484,35.20535367846154,33.83811426288236,34.39112791393939,34.55779728153846
2819,36.451320668,36.4557392585,35.19096294736842,33.77781349841177,34.467612115852255,34.57777209988764
2820,36.4527935315,36.442483487000004,35.17811754550848,33.92943179988235,34.43142508738732,34.48719757320543
2821,36.4557392585,36.4763593475,,33.82806413547059,34.430087661560826,34.60665316141659
2822,36.442483487000004,36.471940757,,33.782492006,34.42627895141059,34.560336419387006
2823,36.4527935315,36.466049303,,33.90049436405882,34.429276019050846,34.55799311655611
2824,36.411553353500004,36.4704678935,,33.82771757935294,34.413972859845074,34.56025089273063
2825,36.4027161725,36.473413620500004,,33.84920405864706,34.40750689649501,34.52496189626981
2826,36.429227715500005,36.471940757,,33.90863843282353,34.45637165651404,34.513032302
2827,36.4351191695,36.4763593475,,33.84764455611765,34.4898810698,34.54887717698114
2828,36.4351191695,36.451320668,,33.78301184017647,34.46459685984996,34.521986132180245
2829,36.471940757,36.4822508015,,33.82425201817647,34.470146466458104,34.526927951612606
2830,36.471940757,36.471940757,35.202332420000005,33.88160705564706,34.426235862483516,34.48887289520639
2831,36.480777938,36.473413620500004,35.204296238,33.83118314052941,34.41078602039691,34.52851705943851
2832,36.460157849,36.479305074500004,35.18822263521008,33.81922695447059,34.426339437392585,34.50368563178227
2833,36.46899503,36.480777938,35.213297070500005,33.88126049952941,34.39175413897474,34.5652495424726
2834,36.463103576,36.448374941000004,35.201350511,33.862199913058824,34.40577376182425,34.55422013478454
2835,36.442483487000004,36.4527935315,35.19484328355932,33.86254646917647,34.42857653777942,34.49108801113384
2836,36.4410106235,36.4527935315,35.18097589925,33.747489838117644,34.45854746006788,34.487398659685816
2837,36.429227715500005,36.460157849,35.204623541000004,33.847817834176475,34.39171281340377,34.57821804952552
2838,36.4321734425,36.4557392585,35.19170848655738,33.786650679411764,34.403200881378325,34.42146820635242
2839,36.427754852,36.460157849,35.2025758685124,33.87588887970588,34.38435485019737,34.43439739193232
2840,36.404189036000005,36.445429214,35.19911439890756,33.81818728611765,34.439448108311296,34.46208997593429
2841,36.3938789915,36.4763593475,35.16431491769231,33.992678291352945,34.399264321359226,34.50276399242659
2842,36.395351855,36.4763593475,35.15567076153846,33.65132051547059,34.4364434,34.545254342960725
2843,36.405661899500004,36.4763593475,35.18861955293104,34.021269171058826,34.42859122550473,34.49556643432761
2844,36.3938789915,36.4851965285,35.20762619026087,34.06996030558824,34.41860544874857,34.49714865550152
2845,36.404189036000005,36.480777938,35.206943123130436,33.934283585529414,34.41392656122794,34.5237532936
2846,36.417444807500004,36.489615119,35.177257223223144,33.695159864352945,34.37712224124233,34.59847295338279
2847,36.4410106235,36.486669392,35.18034090438017,33.67176732641177,34.40479189877268,34.53329912628895
2848,36.429227715500005,36.4704678935,35.18115239942149,33.64282989058824,34.41640289161191,34.52091226416828
2849,36.4498478045,36.4704678935,35.176845710983606,33.78370495241177,34.335389223374044,34.58458111618497
2850,36.415971944,36.466049303,35.159407436393444,33.72011190482353,34.31952274276796,34.49257308565397
2851,36.457212122,36.474886484,35.16883665330646,33.77278843470588,34.356640202547034,34.44978051174806
2852,36.4469020775,36.466049303,35.158625495,33.56017625652942,34.43031292382419,34.530522725123966
2853,36.43953776,36.4763593475,35.1705185684,33.65478607664706,34.387056293861384,34.53034765770805
2854,36.427754852,36.460157849,35.15462473472,33.64352300282353,34.386746485446494,34.51058038261064
2855,36.430700579,36.46899503,35.15686735315137,33.69048135676471,34.3838005487908,34.51312452549724
2856,36.4144990805,36.4704678935,35.154820694193546,33.67661911205882,34.343788349887554,34.489681422114124
2857,36.398297582,36.4763593475,35.16505906727273,33.84521866329412,34.30531602488189,34.51472862013152
2858,36.377677493,36.4704678935,35.14256266893548,33.71144800188235,34.294261197576446,34.512882634577366
2859,36.3938789915,36.46899503,35.13599417284274,33.44633257188235,34.353633609957875,34.5629388338331
2860,36.389460401,36.473413620500004,35.16643699208791,33.709541943235294,34.3466657,34.503752231975525
2861,36.398297582,36.473413620500004,35.157360987800004,33.63503237794118,34.37907511456828,34.43142073184332
2862,36.3968247185,36.467522166500004,35.16376303448,33.750262287058824,34.36124123550703,34.47477176991143
2863,36.3938789915,36.457212122,35.162261181285714,33.71612650947059,34.372299367123595,34.43455140763604
2864,36.3997704455,36.467522166500004,35.15765768584416,33.71439372888236,34.37429227799555,34.453413349021744
2865,36.405661899500004,36.463103576,35.15840566986804,33.672113882529416,34.39317560031734,34.49004036310992
2866,36.389460401,36.4586849855,35.157406186785714,33.7566735752353,34.38086568940787,34.43636688761039
2867,36.3997704455,36.4704678935,35.18029838204,33.72981547611765,34.388928158712545,34.50305817373685
2868,36.401243309,36.466049303,35.17902556901099,33.62324946994118,34.36410908084875,34.46264500355438
2869,36.415971944,36.466049303,35.16481846076923,33.73137497864706,34.3581516524917,34.436575732749326
2870,36.405661899500004,36.4586849855,35.1597535764117,33.65825163782353,34.32356600701717,34.4624097285486
2871,36.405661899500004,36.4527935315,35.170466469533615,33.64369628088235,34.3400199362,34.4643697366129
2872,36.4086076265,36.405661899500004,35.155872396753246,33.61649162564706,34.356236555005566,34.48988543384
2873,36.415971944,36.436592033000004,35.16575106332959,33.70053148417647,34.331951441518896,34.45445815712
2874,36.4027161725,36.4439563505,35.16428875961039,33.50507383382353,34.40805294909091,34.399834276165116
2875,36.3438016325,36.429227715500005,35.14934861036,33.62844781170588,34.36524577596544,34.4319197
2876,36.3349644515,36.4262819885,35.1317361852398,33.58252912611765,34.37128611155336,34.35242932918703
2877,36.333491588,36.4262819885,35.15394470574198,33.68476318082353,34.33932729709315,34.47281235784657
2878,36.3261272705,36.4439563505,35.15230181857143,33.69897198164706,34.38008360061086,34.40310396084595
2879,36.411553353500004,36.445429214,35.16081373690182,33.64057727582353,34.37413714442617,34.465767137497735
2880,36.429227715500005,36.427754852,35.155856038297244,33.71144800188235,34.315545404123256,34.41912011638104
2881,36.415971944,36.4262819885,35.16848333883637,33.63381943152941,34.36999826876183,34.37686330938997
2882,36.3408559055,36.4262819885,35.146479580503936,33.64023071970588,34.30593354504875,34.38784350925413
2883,36.35116595,36.4262819885,35.160291004256,33.663449979588236,34.33386202583701,34.40577555726028
2884,36.386514674,36.415971944,35.1645869933871,33.541635504235295,34.357656718064035,34.498907671742174
2885,36.389460401,36.4586849855,35.158473818000004,33.94364060070588,34.2667828891569,34.389408968890926
2886,36.386514674,36.43953776,35.15090097681452,34.02248211747059,34.25994922570439,34.45878104761948
2887,36.367367448500005,36.430700579,35.1146516896481,33.475443285764705,34.35378417632638,34.45867123010989
2888,36.3172900895,36.427754852,35.148087935,33.59708448305882,34.392325264792944,34.51630648143986
2889,36.3732589025,36.436592033000004,35.15699265880184,33.79635425070588,34.32483892169643,34.497754290826485
2890,36.377677493,36.424809125,35.145769236363634,33.89269685141176,34.35198944078191,34.382561485515325
2891,36.3938789915,36.4262819885,35.13888599230769,33.861853356941175,34.355052919219915,34.41786476831628
2892,36.398297582,36.424809125,35.16305606,33.53054570847059,34.37630240288418,34.404630607061996
2893,36.380623220000004,36.4027161725,35.14005246608871,33.56346853964706,34.39392499286634,34.39152004841525
2894,36.383568947,36.3850418105,35.143130492000004,33.550645963294116,34.39319239203482,34.42271264
2895,36.35116595,36.395351855,35.15761280095359,34.117091937588235,34.272317840184904,34.367185906101234
2896,36.339383042,36.3732589025,35.11612413830509,33.69966509388235,34.285225525251484,34.446686918853814
2897,36.2230268255,36.2465926415,35.087764680607144,33.56676082276471,34.402864287952404,34.46663172633577
2898,36.2996157275,36.339383042,35.1489712997541,33.48739947182353,34.34731683633123,34.542711791189944
2899,36.374731766000004,36.4086076265,35.14588120571429,33.744370833058824,34.35992756,34.4136411457257
2900,36.2966700005,36.417444807500004,35.14658651692308,33.956983011235295,34.307656938959916,34.415443908421054
2901,36.3762046295,36.417444807500004,35.16858275230769,34.00220858458824,34.31040667803064,34.36069613428572
2902,36.3938789915,36.411553353500004,35.161692297500004,33.78734379164706,34.33376791913442,34.35596722030608
2903,36.4144990805,36.430700579,35.1684090477742,33.74506394529412,34.37074642100107,34.40816647357143
2904,36.3938789915,36.421863398,35.17746230461539,33.769842707705884,34.36193706871221,34.37545384945163
2905,36.380623220000004,36.421863398,35.177680916,33.99007912047059,34.30355043534143,34.411520033656586
2906,36.398297582,36.427754852,35.16545601127792,33.86687842064706,34.30320623904018,34.47041658628194
2907,36.398297582,36.417444807500004,35.16340954724,33.63122026064706,34.3823197127033,34.411778471007956
2908,36.3909332645,36.35116595,35.150924732677424,33.472324280705884,34.40862500990607,34.532252378812906
2909,36.389460401,36.354111677,35.18006525783871,34.138231860764705,34.37067382021954,34.316482126393794
2910,36.357057404,36.4086076265,35.14254683169355,33.93480341970589,34.34294719691863,34.25530317253732
2911,36.357057404,36.3703131755,35.123247500000005,33.98002899305882,34.312884096619825,34.2556878756903
2912,36.362948858,36.348220223,35.14561778540984,33.77712038617647,34.38873786684932,34.406905203434064
2913,36.377677493,36.35116595,35.152329323025214,33.66396981376471,34.45899037595192,34.477894672443
2914,36.3379101785,36.336437315,35.13314877911345,33.90950482311765,34.3245507469313,34.35265207702413
2915,36.2642670035,36.389460401,35.125429520000004,33.95767612347059,34.29641170412371,34.39525467574673
2916,36.3762046295,36.398297582,35.1168611,33.82425201817647,34.334413125483145,34.40309857191837
2917,36.365894585,36.413026217,35.14036982545455,33.77244187858824,34.35066684646837,34.4305414067263
2918,36.365894585,36.386514674,35.1235061476393,33.883339836235294,34.34023269555724,34.37095906088849
2919,36.371786039,36.3762046295,35.12620807709678,33.79462147011765,34.30837811595867,34.45965789076147
2920,36.371786039,36.3762046295,35.13153994854839,33.80501815364706,34.300528505725254,34.448831362151395
2921,36.398297582,36.398297582,35.1171272,33.77712038617647,34.34163942894073,34.45057004719346
2922,36.365894585,36.3762046295,35.10645375732258,33.75684685329412,34.313427303598615,34.37956779672131
2923,36.304034318,36.380623220000004,35.14046678737705,33.82217268147059,34.30695391431652,34.378664371080234
2924,36.354111677,36.392406128000005,35.14994056121429,34.23457446147059,34.25152932733334,34.44569699267016
2925,36.35116595,36.41008049,35.1597032,33.506806614411765,34.33159803391083,34.58481370130206
2926,36.106670609,36.354111677,35.12866490014876,33.867918089,34.33072710818898,34.406894117108436
2927,36.336437315,36.41008049,35.12790452264345,33.76655042458824,34.34869527812704,34.45758611798387
2928,36.324654407000004,36.3909332645,35.119126751428574,33.69654608882353,34.318037179130094,34.46315167222468
2929,36.360003131,36.395351855,35.12097424571429,33.69498658629412,34.34525454292798,34.42814413436522
2930,36.3408559055,36.3909332645,35.12781207296,33.92908524376471,34.300885407500004,34.35951660952135
2931,36.365894585,36.421863398,35.15043525632,33.867744810941176,34.287014494772464,34.41857965155517
2932,36.3526388135,36.418917671,35.14690207322581,33.71456700694118,34.34623843699413,34.44634104272
2933,36.357057404,36.41008049,35.14193660013714,33.77452121529412,34.30644301411269,34.471752114125636
2934,36.333491588,36.3968247185,35.127729779634286,33.766030590411766,34.315519499455526,34.39954145111305
2935,36.3438016325,36.3909332645,35.09658489313364,33.74454411111765,34.326556567622376,34.44610235033477
2936,36.3526388135,36.404189036000005,35.096286248,33.90829187670588,34.27709643809116,34.43241172066225
2937,36.342328769,36.407134763,35.11943311616,33.86514564005883,34.280919097012834,34.4470333580695
2938,36.3438016325,36.3909332645,35.12018735,33.73484053982353,34.3237512826158,34.48901887003953
2939,36.360003131,36.433646306,35.13432820811428,33.828930525764704,34.31023999045716,34.45572874679229
2940,36.3467473595,36.427754852,35.12779840014113,33.81281566629412,34.29342704468496,34.514605225893554
2941,36.330545861000004,36.3820960835,35.11814354234,33.84573849747059,34.265364639615385,34.495432736284386
2942,36.3379101785,36.3820960835,35.12156248612904,33.74610361364706,34.30691821899961,34.49048473033522
2943,36.342328769,36.392406128000005,35.12290299553572,33.862199913058824,34.28956491989231,34.44768585440935
2944,36.3231815435,36.380623220000004,35.10398314758065,33.814895003000004,34.301086785514016,34.44377343586966
2945,36.298142864,36.380623220000004,35.11484380857143,33.82494513041176,34.290052442200846,34.39994307467282
2946,36.289305683,36.3703131755,35.107927761104,33.770362541882356,34.29591810810665,34.42973581384416
2947,36.262794140000004,36.367367448500005,35.12441318967742,33.73986560352941,34.309849803992414,34.395758250942094
2948,36.298142864,36.3438016325,35.141446920843634,33.96893919729412,34.24383297198164,34.42778830034717
2949,36.298142864,36.3526388135,35.11716765149194,33.80848371482353,34.33284686857143,34.44476495114385
2950,36.301088591,36.3526388135,35.129788983080005,33.787517069705885,34.24793935846565,34.46510978914498
2951,36.283414229,36.330545861000004,35.149701535304224,33.776947108117646,34.30514187025698,34.359507362599246
2952,36.2613212765,36.330545861000004,35.13944535673143,33.86566547423529,34.32400298247991,34.358227197160346
2953,36.2583755495,36.289305683,35.1479905495838,33.857867961588234,34.2512164272793,34.34840092593789
2954,36.256902686000004,36.293724273500004,35.13747204334769,33.78647740135294,34.28876515727273,34.417892541039734
2955,36.2819413655,36.333491588,35.13504402402597,33.82945035994118,34.3702477702953,34.335683480226415
2956,36.265739867,36.3349644515,35.117818109642855,33.854402400411765,34.32082605466323,34.35116378961326
2957,36.2819413655,36.349693086500004,35.117701215714284,33.86514564005883,34.35353631636364,34.347528191196915
2958,36.265739867,36.3349644515,35.096699273214284,33.82841069158824,34.36822544115176,34.341337424827586
2959,36.286359956,36.345274496,35.09944735436446,33.885765729058825,34.34839840882397,34.32526555982241
2960,36.283414229,36.345274496,35.10478893252748,33.840713433764705,34.312150206259204,34.393459832551024
2961,36.286359956,36.336437315,35.112270710371206,33.88282000205883,34.30981371851717,34.423674474594144
2962,36.265739867,36.2966700005,35.09279065196,33.85804123964706,34.33754805576867,34.39003194573854
2963,36.271631321,36.3290729975,35.1052436627551,33.97413753905882,34.272569055404254,34.37909126110159
2964,36.23333687,36.3231815435,35.08411369357143,34.00913970694118,34.313977039570666,34.313288005475385
2965,36.221553962,36.32170868,35.08765441816106,33.95473039647059,34.274100155323346,34.337952494772914
2966,36.2731041845,36.2966700005,35.08600298283636,33.82477185235294,34.34728953858407,34.386331616811354
2967,36.2966700005,36.348220223,35.10885067540816,33.87190348435294,34.32870286911087,34.37334086609682
2968,36.2789956385,36.318762953000004,35.09893139061224,33.75875291194118,34.32310041452905,34.40463203950106
2969,36.245119778,36.3438016325,35.0894372499876,34.080010433,34.258096057172025,34.31369632483649
2970,36.236282597,36.3379101785,35.05872596280616,33.861506800823534,34.22404577570766,34.41461847292028
2971,36.253956959,36.386514674,35.08047096704,33.58720763370589,34.34022618643216,34.47635926654003
2972,36.2583755495,36.4027161725,35.09572515714286,33.807790602588234,34.30710604137625,34.442611531503665
2973,36.225972552500004,36.349693086500004,35.10525012693549,33.72738958329412,34.3754447777558,34.49400606895824
2974,36.256902686000004,36.405661899500004,35.08844525831273,33.81350877852941,34.25432559163056,34.37813841214575
2975,36.2789956385,36.3909332645,35.09964559967033,33.67852517070588,34.34829011574184,34.43450966236324
2976,36.283414229,36.3762046295,35.108526422958384,33.674713053411764,34.344497730036764,34.36557008770149
2977,36.286359956,36.35116595,35.12035081142857,33.73709315458824,34.33078926560444,34.400520498475636
2978,36.286359956,36.348220223,35.10842701709787,33.79306196758824,34.2305997646527,34.43248194671587
2979,36.224499689,36.349693086500004,35.09323142,33.79774047517647,34.327151714623895,34.354427567291225
2980,36.2613212765,36.395351855,35.070277256850396,33.678178614588234,34.34755479578948,34.46086459033505
2981,36.256902686000004,36.421863398,35.073248124591835,33.720978295117646,34.312656669887645,34.49066697063356
2982,36.256902686000004,36.398297582,35.078395632232144,33.79375507982353,34.30475857484621,34.446327689800796
2983,36.262794140000004,36.4233362615,35.08685009796202,33.79791375323529,34.322842430885245,34.3741535478125
2984,36.2731041845,36.436592033000004,35.09849747614173,33.87034398182353,34.31200429198697,34.34264120631305
2985,36.271631321,36.433646306,35.107209985625005,33.834128867529415,34.34409087783784,34.342477480556035
2986,36.253956959,36.421863398,35.099129692812504,33.80484487558824,34.34349918113734,34.29104714982104
2987,36.274577048,36.3879875375,35.09698652418605,33.82459857429412,34.32481036050284,34.311980374395844
2988,36.2701584575,36.389460401,35.08633014744186,33.754594238529414,34.339681601539,34.31056894634399
2989,36.293724273500004,36.371786039,35.10416709054687,33.820786457000004,34.31816442714909,34.4282005323421
2990,36.277522775,36.411553353500004,35.1004503363511,33.762911585352946,34.32061606581545,34.429024532
2991,36.2495383685,36.411553353500004,35.09011424857143,33.81732089582353,34.30386458380373,34.39916675023499
2992,36.251011232,36.4233362615,35.09839116709646,33.77400138111765,34.324064657213825,34.38522571792197
2993,36.2495383685,36.4144990805,35.09618268728516,33.82927708188235,34.33802981333806,34.34666281922448
2994,36.2082981905,36.367367448500005,35.08411730722783,33.8244252962353,34.38775707875,34.35287231848761
2995,36.175895193500004,36.3614759945,35.08414424185143,33.601069878411764,34.247428594460196,34.4349112265604
2996,36.1965152825,36.360003131,35.085962051818186,33.97413753905882,34.240354018040755,34.34935861649653
2997,36.2289182795,36.345274496,35.08122554922909,33.84521866329412,34.26704178138637,34.31476417127004
2998,36.231864006500004,36.298142864,35.09366962980965,33.846951443882354,34.31155996651669,34.34973328215385
2999,36.230391143,36.3202358165,35.103450256064,33.79947325576471,34.3098894714254,34.30472967830246
3000,36.230391143,36.348220223,35.09627479159942,33.960968406588236,34.318439942926005,34.31036269673771
3001,36.168530876000005,36.215662508,35.07067097818182,33.63849793911765,34.45973356509913,34.38022360577578
3002,36.150856514,36.215662508,35.09059901456933,33.598470707529415,34.39454174210824,34.38360900825623
3003,36.1228721075,36.1994610095,35.074001182869566,33.85301617594118,34.503628395509516,34.463793283060056
3004,36.1523293775,36.225972552500004,35.127997858150785,34.07793109629412,34.2748661433738,34.32299067040903
3005,36.153802241,36.195042419,35.146639768906255,34.23821330070589,34.18813815498146,34.25836900450824
3006,36.1641122855,36.218608235000005,35.11277714152543,34.54439563064706,34.16404184226504,34.20848445944471
3007,36.170003739500004,36.225972552500004,35.11337490989474,34.1160522692353,34.380827702539435,34.283958708235296
3008,36.156747968000005,36.186205238,35.08888263888112,33.816107949411766,34.32731679150951,34.51405333651464
3009,36.193569555500005,36.192096692,35.106401116664514,33.82806413547059,34.28354160919225,34.311715730088935
3010,36.1847323745,36.221553962,35.128900477053456,34.09924429752941,34.25103382156584,34.32720421611193
3011,36.192096692,36.2407011875,35.12357453164206,34.15018804682353,34.267711023104695,34.34769871316456
3012,36.1788409205,36.23333687,35.100804682591935,34.08728811147059,34.284701144031295,34.29641092055152
3013,36.186205238,36.236282597,35.07350889105305,34.093352843529416,34.24953807306106,34.49524426023155
3014,36.186205238,36.2230268255,35.046257179606556,33.63035387035294,34.32535336525944,34.54270241748958
3015,36.189150965,36.2230268255,35.09678903843298,33.944160434882356,34.30275771884389,34.261661702422785
3016,36.177368057,36.231864006500004,35.0851906763,33.82009334476471,34.27370870101578,34.41627053951085
3017,36.121399244,36.206825327000004,35.104658314210525,34.10080380005883,34.21634757132075,34.33422063902235
3018,36.1611665585,36.192096692,35.06913090204282,34.17808581429412,34.18281091534606,34.41961804735874
3019,36.168530876000005,36.3025614545,35.043990902580646,34.10877459076471,34.1810602352492,34.42637297537527
3020,36.197988146,36.239228324,35.072424063125,33.879700997,34.38585496695519,34.324643509801504
3021,36.1906238285,36.256902686000004,35.097793048447,33.896682246764705,34.3643894850076,34.33005966931066
3022,36.1847323745,36.227445416,35.08998116250474,33.99804991117647,34.27353296339623,34.28195346816036
3023,36.1906238285,36.242174051,35.099639108,33.85388256623529,34.371769440131374,34.26268213238011
3024,36.186205238,36.2407011875,35.080446978125,34.02074933688235,34.36799956299732,34.324857099238535
3025,36.2171353715,36.2407011875,35.07778655563338,33.8803941092353,34.30770168865429,34.43521833395085
3026,36.1876781015,36.2171353715,35.091519681070395,33.761698638941176,34.29235795395897,34.441392431957105
3027,36.209771054,36.165585149,35.08854215189739,33.87259659658824,34.40055084947692,34.421202103198496
3028,36.256902686000004,36.262794140000004,35.085754068845645,33.94000176147059,34.16401533192106,34.54135141896407
3029,36.209771054,36.280468502000005,35.08257171573771,33.78717051358824,34.2529454103313,34.495757529927936
3030,36.165585149,36.156747968000005,35.08004198342857,34.00376808711765,34.40487243953547,34.31591305727648
3031,36.192096692,36.1287635615,35.03176715701543,33.81420189076471,34.4214647329017,34.480258817266254
3032,36.2200810985,36.3084529085,35.051529348421056,33.806057822,34.364780636612785,34.30702594114151
3033,36.1670580125,36.271631321,35.08147582116038,33.960448572411764,34.26291927344982,34.33559587618037
3034,36.181786647500005,36.225972552500004,35.07750092610286,33.94138798594118,34.3295355893894,34.37201419954257
3035,36.189150965,36.2348097335,35.06299485714286,33.83984704347059,34.38120964121212,34.34348820358392
3036,36.17442233,36.2583755495,35.04305634625237,33.93566981,34.30820615687891,34.27588341013865
3037,36.181786647500005,36.248065505,35.07502464512,33.89338996364706,34.29279266845353,34.32987626717816
3038,36.171476603,36.243646914500005,35.070269785168065,34.25935322388236,34.29155225586207,34.43202985355308
3039,36.162639422,36.245119778,35.064892465589544,33.92925852182353,34.29215827128028,34.39246421268421
3040,36.159693695,36.2171353715,35.028673779549095,33.79895342158824,34.369481366223525,34.420582766002575
3041,36.1641122855,36.251011232,35.05740632992716,33.81697433970589,34.391797575704494,34.44742877492577
3042,36.171476603,36.243646914500005,35.09265462056243,33.956983011235295,34.33422996619546,34.29935178134342
3043,36.171476603,36.271631321,35.09259473087977,33.96997886564706,34.26424882093868,34.325775483913795
3044,36.168530876000005,36.243646914500005,35.07551004904378,34.05124627523529,34.26882769383241,34.372713729326925
3045,36.1994610095,36.245119778,35.04130726262097,33.81420189076471,34.304555888025796,34.30877441802459
3046,36.193569555500005,36.218608235000005,35.01685049976581,33.391749983352945,34.282703332539185,34.4320279633833
3047,36.1994610095,36.215662508,35.059506022967035,33.754247682411766,34.24836284694022,34.308834791200645
3048,36.1906238285,36.224499689,35.04502170285714,33.791329187,34.28110224568984,34.30006023862444
3049,36.2053524635,36.177368057,35.0351875592,33.88472606070589,34.330137731332584,34.26107693147265
3050,36.200933873000004,36.230391143,35.0185190552,33.92042134082353,34.352689799362636,34.335903259775705
3051,36.221553962,36.253956959,34.99952522470046,33.68944168841177,34.37516102532432,34.41235195241636
3052,36.1641122855,36.1847323745,34.99658402262673,33.61510540117647,34.420659739344394,34.41279687915068
3053,36.171476603,36.175895193500004,34.986144797,33.64594889564706,34.409722869611485,34.4033312465
3054,36.168530876000005,36.215662508,35.01089828916307,33.72080501705882,34.348294189017636,34.40865555480804
3055,36.180313784,36.2171353715,35.02025998256198,33.74315788664706,34.36349209063056,34.430741095609065
3056,36.17442233,36.239228324,35.010243118360656,33.782318727941174,34.33452518657191,34.42192507715339
3057,36.1552751045,36.2613212765,34.991582046540124,33.526387035058825,34.40594154595745,34.39360139810138
3058,36.153802241,36.251011232,35.00120204368852,33.71300750441176,34.36961461914658,34.30543750051756
3059,36.170003739500004,36.2642670035,35.01138600173913,33.735013817882354,34.40559934293832,34.34589930658525
3060,36.17442233,36.2819413655,34.98629066818182,33.853709288176475,34.37987045538951,34.39561961893983
3061,36.1847323745,36.309925772,35.01970418857143,33.81576139329412,34.376930135,34.37208892094183
3062,36.1847323745,36.2465926415,34.99921948218356,33.709541943235294,34.37361684084294,34.462869519672594
3063,36.1493836505,36.286359956,35.02472207428571,33.800859480235296,34.33003261032573,34.387165538269144
3064,36.165585149,36.237755460500004,35.022834665000005,33.72669647105882,34.348961396248015,34.26738546183739
3065,36.183259511,36.2495383685,35.03256679264754,33.70572982594118,34.21998021117768,34.40664421525893
3066,36.17442233,36.237755460500004,35.04364325580645,33.70243754282353,34.25785420653377,34.41492701328292
3067,36.1641122855,36.2524840955,35.03257182421053,33.75338129211765,34.29969040155292,34.3573161587766
3068,36.1641122855,36.237755460500004,35.02942064,33.68008467323529,34.25074516137874,34.38746121368234
3069,36.171476603,36.259848413,35.025034191578946,33.662583589294115,34.309946033971336,34.34865396361379
3070,36.150856514,36.251011232,35.026955617328,33.53643716247059,34.293894434413545,34.36593273521797
3071,36.159693695,36.259848413,35.034521366445716,33.64456267117647,34.22934914354226,34.32518056608811
3072,36.1346550155,36.237755460500004,35.02585275403226,33.75823307776471,34.23110678198044,34.326418446313426
3073,36.1493836505,36.245119778,35.03685891764706,33.70382376729412,34.26195465245928,34.35551509370968
3074,36.136127879,36.2230268255,35.012787029435486,33.685283015,34.25936435764945,34.24410868748071
3075,36.108143472500004,36.1965152825,34.99168566425,33.617184737882354,34.35615623075526,34.41826966973599
3076,36.119926380500004,36.333491588,34.97720764855533,33.64040399776471,34.33274191267985,34.35526725900763
3077,36.153802241,36.265739867,35.00762705,33.73189481282353,34.28084259229059,34.40116219982808
3078,36.162639422,36.221553962,35.00126165789474,33.76377797564706,34.265785191333336,34.289328083724875
3079,36.159693695,36.218608235000005,34.988688026290326,33.698625425529414,34.25557457679678,34.37264232130272
3080,36.1552751045,36.2141896445,34.991347669352,33.632433207058824,34.28815494350475,34.25186611810179
3081,36.131709288500005,36.2112439175,35.0000516031579,33.63936432941176,34.22308945170909,34.39230485395498
3082,36.162639422,36.218608235000005,35.01172118857143,33.87034398182353,34.26952695821252,34.27963550818182
3083,36.165585149,36.2230268255,34.99887044125237,33.778160054529415,34.249321299418185,34.438382289421725
3084,36.159693695,36.221553962,35.00113459014286,33.72669647105882,34.252120682165405,34.27955376417582
3085,36.136127879,36.2348097335,35.01715017163265,33.6683017652353,34.28110214638298,34.29433824323887
3086,36.124344971,36.225972552500004,34.99956717791158,33.69689264494118,34.262846620891565,34.25765991437813
3087,36.11550779,36.2230268255,35.011097723629035,33.73553365205883,34.22160061935689,34.37537574752855
3088,36.108143472500004,36.218608235000005,35.01770185351613,33.80986993929412,34.25630542898469,34.25803238735849
3089,36.1464379235,36.2230268255,34.99948439,33.732414647,34.219745435214286,34.31706178704577
3090,36.1464379235,36.2230268255,35.007419492000004,33.82459857429412,34.21975812655511,34.360341045368045
3091,36.147910787,36.221553962,35.016505675948764,33.74766311617647,34.23859136192513,34.3702969942536
3092,36.1434921965,36.215662508,34.99322771375,33.73951904741177,34.19148420263799,34.324522416525426
3093,36.144965060000004,36.221553962,34.99794883647059,33.823039071764704,34.20344558458128,34.28011570970297
3094,36.1287635615,36.2141896445,34.99014269659504,33.7743479372353,34.13131517825,34.41413698902174
3095,36.142019333,36.224499689,34.985425554451616,33.76672370264706,34.14464830858561,34.347800593955846
3096,36.1434921965,36.209771054,34.9913209677621,33.71283422635294,34.17213452377605,34.289924096317954
3097,36.142019333,36.227445416,34.98752662854839,33.75199506764706,34.140804373484166,34.30854747075698
3098,36.112562063,36.2289182795,34.984675925000005,33.79739391905883,34.13802529283251,34.357801819457016
3099,36.11550779,36.2289182795,34.9903551043888,33.66015769647059,34.19058337874436,34.30418681565652
3100,36.121399244,36.2230268255,34.99529363432,33.674019941176475,34.20080939520295,34.27057091535714
3101,36.144965060000004,36.23333687,35.0123657588,33.816107949411766,34.14271636325359,34.30425522064516
3102,36.1405464695,36.2289182795,35.01570668631579,33.70486343564706,34.15052584812281,34.28181786668942
3103,36.144965060000004,36.239228324,35.022643073,33.83690131647059,34.124686333978914,34.283795501917695
3104,36.139073606000004,36.224499689,35.00676095332211,33.76100552670589,34.140536438648965,34.241543091504504
3105,36.0934148375,36.212716781000005,35.00230805435484,33.772268600529415,34.16242065264286,34.29501718036332
3106,36.1405464695,36.215662508,34.97819585350807,33.73709315458824,34.17792426540732,34.33030828064831
3107,36.139073606000004,36.218608235000005,34.98541601484236,33.75684685329412,34.16709758180927,34.35047781583835
3108,36.1287635615,36.2112439175,34.96442857635765,33.749222618705886,34.127889045714284,34.32239056595929
3109,36.139073606000004,36.2053524635,34.9877525732,33.84677816582353,34.10843395408385,34.381040977833756
3110,36.1434921965,36.193569555500005,34.98233991673143,33.78924985029412,34.135114862787646,34.26821457984963
3111,36.121399244,36.200933873000004,34.999961197755106,33.79236885535294,34.12526950248327,34.24413156482899
3112,36.112562063,36.197988146,34.994863464662856,33.83950048735294,34.09083387563429,34.29785059846022
3113,36.1258178345,36.195042419,35.00243627139585,33.85578862488235,34.03783247674158,34.29657964406498
3114,36.1258178345,36.1729494665,34.97967203545455,34.16335717929412,34.054738484376436,34.231156398954525
3115,36.124344971,36.1906238285,34.92809926357143,33.95455711841176,34.10905525614384,34.26314232948207
3116,36.1169806535,36.1729494665,34.97549491518233,33.713873894705884,34.17986447256942,34.350587013576074
3117,36.11550779,36.192096692,35.00517132714286,33.65721196947059,34.228946984787314,34.279990363793104
3118,36.127290698,36.1847323745,35.01452646604651,33.917995448,34.18998142750716,34.27894695194637
3119,36.1287635615,36.1847323745,34.9948212706304,33.98418766647059,34.18712767960133,34.31330921924171
3120,36.127290698,36.1788409205,35.0058123672128,34.223138109588234,34.18990028595539,34.2604853072
3121,36.121399244,36.168530876000005,34.95784876839286,34.06060329041176,34.16950279179873,34.29255953017528
3122,36.091941974,36.1670580125,34.95371817784739,33.786650679411764,34.255197041793416,34.41939326386165
3123,36.112562063,36.170003739500004,34.987294349,33.50784628276471,34.24018460997053,34.362279194771354
3124,36.118453517,36.1847323745,34.99789260913386,33.80484487558824,34.22044504795154,34.37217528842692
3125,36.112562063,36.189150965,34.984302232598424,33.81662778358824,34.16642019165887,34.268548502812365
3126,36.108143472500004,36.1582208315,34.96442351496063,33.74627689170588,34.23568629172999,34.2684044979015
3127,36.103724882,36.168530876000005,34.963753445826775,33.63572549017647,34.280419280746,34.25876822530769
3128,36.106670609,36.1552751045,34.97122879380952,33.61008033747059,34.276122765726655,34.23794978894158
3129,36.3290729975,36.3968247185,35.223595425607144,34.314802202705884,34.36855019048754,34.456842056218676
3130,36.348220223,36.392406128000005,35.22477605428571,34.57298651035294,34.32218802807153,34.379997892589216
3131,36.3850418105,36.395351855,35.231610911050424,33.98851961794118,34.37249108716995,34.37204958564726
3132,36.342328769,36.386514674,35.19353451536,34.433844229117646,34.36967495508528,34.362100031342784
3133,36.309925772,36.392406128000005,35.16914620617412,34.40923874476471,34.37009367934123,34.27675467103388
3134,36.295197137,36.3968247185,35.13794866103896,34.13112746035294,34.433244704251244,34.2933578680315
3135,36.29225141,36.3879875375,35.14512293609882,34.1396180852353,34.32383563652478,34.3877400007804
3136,36.398297582,36.392406128000005,35.143828779870134,34.144816427,34.31999159640614,34.44228177783784
3137,36.407134763,36.398297582,35.15644966764977,34.552886255529415,34.38589051193933,34.422395894068735
3138,36.3968247185,36.4203905345,35.22115888856,34.16924863329412,34.368729661153296,34.658133904475
3139,36.3879875375,36.418917671,35.242852898861265,33.898588305411764,34.31066450971554,34.65648510928903
3140,36.407134763,36.429227715500005,35.22002200539535,33.932377526882355,34.298443432771265,34.610320297172414
3141,36.389460401,36.448374941000004,35.2024347021875,34.09058039458824,34.34990774105545,34.503314788793105
3142,36.3703131755,36.4469020775,35.19357940262857,34.01901655629412,34.34298504053131,34.52015163418838
3143,36.3349644515,36.4469020775,35.18457389437143,34.015204439,34.37356388905704,34.47058035635054
3144,36.3261272705,36.4527935315,35.17976409885714,34.07307931064706,34.39668177223166,34.4430221903
3145,36.360003131,36.4527935315,35.1740534408,33.98609372511765,34.331907630749626,34.482964761864544
3146,36.3762046295,36.429227715500005,35.178368930855,34.06649474441176,34.28069129160167,34.452912102010416
3147,36.407134763,36.448374941000004,35.182756092535435,34.02352178582353,34.353963044000004,34.42928105109292
3148,36.383568947,36.442483487000004,35.176473623323865,34.03599780605882,34.36609177285007,34.46406919111914
3149,36.298142864,36.4380648965,35.187342550764356,34.05696445117647,34.403096750194806,34.47615864659082
3150,36.35116595,36.429227715500005,35.187603785,34.20996897711765,34.36328669432186,34.38805196022642
3151,36.377677493,36.430700579,35.14584927371429,34.136672358235295,34.3393241795606,34.505153081
3152,36.3585302675,36.421863398,35.13487514532819,33.97846949052941,34.412385929136946,34.43319226317726
3153,36.3762046295,36.4351191695,35.17761175205553,34.089714004294116,34.40633664538407,34.51329268431227
3154,36.371786039,36.4351191695,35.18395796334293,34.14152414388236,34.42438752888031,34.53047553409928
3155,36.360003131,36.4439563505,35.17740187138167,33.935496531941176,34.39725590054299,34.54934066489897
3156,36.405661899500004,36.430700579,35.16442866542316,34.0895407262353,34.43481204750789,34.51800055908454
3157,36.3526388135,36.4321734425,35.155929764310464,34.485481090647056,34.35110154313405,34.501289568375455
3158,36.3526388135,36.4203905345,35.149193010285714,34.351190595058824,34.38489603742913,34.45246968574909
3159,36.3526388135,36.4321734425,35.131657642337665,34.29452866982353,34.30728622045747,34.38213345177294
3160,36.3585302675,36.417444807500004,35.1187893249821,33.923367067823534,34.28877393521677,34.59488301909416
3161,36.398297582,36.429227715500005,35.15234692358836,33.932377526882355,34.27594566051157,34.598257095572045
3162,36.3850418105,36.421863398,35.146489492769234,34.02837357147059,34.327982499081564,34.56541527026157
3163,36.360003131,36.457212122,35.119174396752975,34.034958137705885,34.43147718658972,34.52260370324325
3164,36.342328769,36.398297582,35.02371570980626,33.96841936311765,34.43930063791531,34.49387923952444
3165,36.377677493,36.295197137,35.097870692068184,34.001168916235294,34.46450989367412,34.49720470924503
3166,36.192096692,36.395351855,35.10286498976273,33.928392131529414,34.51392544891312,34.3403551935757
3167,36.1994610095,36.3703131755,35.0883327851,33.89980125182353,34.43778522582207,34.33256467219342
3168,36.2495383685,36.424809125,35.13980379477311,33.99908957952941,34.462314835598185,34.46340868578973
3169,36.289305683,36.411553353500004,35.14068191065016,34.03894353305883,34.456669675229946,34.56080942292479
3170,36.2672127305,36.405661899500004,35.13036135188778,34.082263047764705,34.36538914274278,34.51719580817814
3171,36.315817226,36.327600134,35.12717613932787,34.01659066347059,34.332049815915184,34.64098938719101
3172,36.32170868,36.324654407000004,35.12321980890948,34.11068064941176,34.28101386595186,34.79767597816794
3173,36.2524840955,36.237755460500004,35.15108222525,34.2957416162353,34.415477068224234,34.556534231535615
3174,36.277522775,36.336437315,35.10373511272727,34.06909391529412,34.357036846086956,34.61650112220684
3175,36.3202358165,36.3879875375,35.15211998357143,33.945719937411766,34.4010301710292,34.63427664162066
3176,36.3408559055,36.380623220000004,35.15587136,34.157119169176475,34.52533239031005,34.566816812552304
3177,36.237755460500004,36.377677493,35.13684206518182,34.21291470411765,34.37706624091873,34.60629110431979
3178,36.209771054,36.339383042,35.12556498909091,34.0718663642353,34.459621770282396,34.55690135801785
3179,36.251011232,36.35116595,35.104509735875,33.992678291352945,34.38552296519954,34.47703422987952
3180,36.271631321,36.327600134,35.083255666373965,33.96079512852941,34.34560346182808,34.611192585683746
3181,36.2495383685,36.305507181500005,35.1168108572533,33.898241749294115,34.2972066092534,34.62530004110258
3182,36.2082981905,36.142019333,35.15678230536476,33.914703164882354,34.30211991070522,34.54792902255449
3183,36.32170868,36.398297582,35.150745086446285,34.042409094235296,34.37835535894245,34.3815021049933
3184,36.333491588,36.3526388135,35.14284978011835,33.985747169,34.397820144610094,34.56888416647361
3185,36.333491588,36.3349644515,35.151975234351596,34.31826776388235,34.41970502083495,34.32544225340357
3186,36.215662508,36.357057404,35.154093987933884,34.078277652411764,34.236567287882615,34.47197798971358
3187,36.218608235000005,36.251011232,35.11551837150185,33.962874465235295,34.393614665294564,34.43250390314927
3188,36.231864006500004,36.262794140000004,35.11624902601653,33.93099130241177,34.31694098190336,34.643989134635646
3189,36.236282597,36.2524840955,35.12798236322581,34.16491668182353,34.40952411512712,34.37757870309645
3190,36.231864006500004,36.2672127305,35.1050252381,34.144469870882354,34.38426195028572,34.410888817313975
3191,36.248065505,36.289305683,35.086521898571434,34.000822360117645,34.272643428090724,34.51978230959799
3192,36.2348097335,36.2495383685,35.08564022772465,33.69342708376471,34.355125303632654,34.683135554355935
3193,36.256902686000004,36.2848870925,35.109470778633295,34.012258712,34.2912664406909,34.4670750864365
3194,36.236282597,36.280468502000005,35.117652059310345,34.26091272641177,34.28056270670968,34.50992710515375
3195,36.231864006500004,36.2701584575,35.09047706688525,33.97673670994118,34.31324134740242,34.33284940285714
3196,36.230391143,36.2848870925,35.089560230288114,33.98799978376471,34.354942490311714,34.438204789638554
3197,36.2524840955,36.243646914500005,35.1197682425,34.07099997394118,34.37430971175482,34.458620927817954
3198,36.256902686000004,36.265739867,35.13409719731973,33.976909988,34.30682717963362,34.37604032773936
3199,36.2642670035,36.253956959,35.1363740781106,34.044315152882355,34.27370472428374,34.25583039283899
3200,36.312871499,36.2996157275,35.104425498131256,33.89408307588236,34.37963671474061,34.33957481603276
3201,36.3320187245,36.2672127305,35.16584734532468,34.068920637235294,34.265345669298185,34.26514460758944
3202,36.2642670035,36.2789956385,35.164071506688806,34.05575150476471,34.30845161391304,34.1307116825226
3203,36.2642670035,36.286359956,35.160488195,34.09144678488235,34.30014607412766,34.13179696107253
3204,36.2966700005,36.304034318,35.17751931418919,34.14291036835294,34.291461852475884,34.168132197176575
3205,36.309925772,36.2731041845,35.11818618060803,33.84244621435294,34.21380779506907,34.32248786594403
3206,36.2554298225,36.274577048,35.10638336607178,34.216206987235296,34.252263291611136,33.970043341203834
3207,36.2701584575,36.2613212765,35.05994472909091,33.67765878041177,34.20294115560873,34.30633424288608
3208,36.2672127305,36.374731766000004,35.118017516932774,33.84469882911765,34.26697235628539,34.26096149873252
3209,36.212716781000005,36.2613212765,35.14164244182513,34.26368517535294,34.27056437135017,34.24855653008186
3210,36.2200810985,36.301088591,35.128505636,34.375796079411764,34.25768153748268,34.07409873345361
3211,36.2200810985,36.336437315,35.09876502272,34.04327548452941,34.28490972269768,34.11142358553807
3212,36.2230268255,36.304034318,35.08998203588206,33.67107421417647,34.3866190219214,34.24066130741112
3213,36.2465926415,36.32170868,35.09264375653396,33.98072210529412,34.302548670740066,34.18988670037086
3214,36.3143443625,36.349693086500004,35.08288794132258,33.94537338129412,34.31113345275672,34.34096121448276
3215,36.3290729975,36.365894585,35.1202161782968,33.850070448941175,34.317604479234134,34.329920339045024
3216,36.239228324,36.3614759945,35.110728854022696,33.90153403241177,34.26513804523077,34.35804032099507
3217,36.231864006500004,36.3644217215,35.13823168275862,34.14897510041177,34.383650415003686,34.22079196493298
3218,36.224499689,36.32170868,35.11143811963793,34.02057605882353,34.30932008113586,34.23883584374502
3219,36.2230268255,36.277522775,35.10825538012069,34.11570571311765,34.289282400085106,34.169364152
3220,36.2230268255,36.32170868,35.084251971296,33.92700590705883,34.26085827113336,34.18206746140604
3221,36.225972552500004,36.327600134,35.08306160487208,33.98973256435294,34.22699584640791,34.21282071251969
3222,36.215662508,36.293724273500004,35.0861325723522,33.93203097076471,34.23339864607143,34.238026973409404
3223,36.225972552500004,36.283414229,35.0825275475,33.76499092205882,34.28778094395621,34.40483136091882
3224,36.2082981905,36.345274496,35.0826234556733,33.75563390688235,34.31724066492228,34.28652493652091
3225,36.2112439175,36.3290729975,35.132698800265146,33.88593900711765,34.28263109896639,34.3097311917851
3226,36.2171353715,36.259848413,35.13631092601685,34.00480775547059,34.34062953515834,34.35922375007745
3227,36.225972552500004,36.237755460500004,35.12595452810811,34.310470251235294,34.31644834426471,34.36872856645796
3228,36.218608235000005,36.3202358165,35.060420347181385,33.97552376352941,34.37218283083762,34.335850841110066
3229,36.221553962,36.305507181500005,35.05739399259469,33.84556521941177,34.402334982105266,34.40390892230769
3230,36.218608235000005,36.286359956,35.06305240492308,33.89338996364706,34.30071259952791,34.44134350356731
3231,36.221553962,36.268685594000004,35.050254155964694,33.94554665935294,34.291536372022875,34.28627944033035
3232,36.2230268255,36.2672127305,35.05993868553448,33.83707459452941,34.32871141368064,34.43482667541395
3233,36.212716781000005,36.3143443625,35.0798229071,34.18813594170588,34.32738149286289,34.25666177721446
3234,36.218608235000005,36.3261272705,35.04274227125,33.91089104758824,34.323531149191396,34.246345058269696
3235,36.221553962,36.339383042,35.0734534700553,33.66119736482353,34.347479058706895,34.4007278089011
3236,36.221553962,36.318762953000004,35.077024074776276,33.77053581994118,34.358214426691646,34.51702328696774
3237,36.206825327000004,36.333491588,35.09213718978158,33.84383243882353,34.24466500709007,34.685280165530756
3238,36.224499689,36.2642670035,35.099049388615704,33.89841502735294,34.28951195686747,34.464619919130435
3239,36.224499689,36.287832819500004,35.09420691129412,34.30631157782353,34.2576706027322,34.35603338342142
3240,36.221553962,36.3379101785,35.06045904384301,34.17929876070588,34.36726939869091,34.47688426308349
3241,36.2112439175,36.392406128000005,35.05906042730769,34.301979626352946,34.304402690146944,34.251481535536186
3242,36.215662508,36.306980045,35.025999354285716,33.789423128352944,34.314097253161336,34.39991691572265
3243,36.2141896445,36.304034318,35.05435429927226,33.960448572411764,34.250265752352945,34.3558568160636
3244,36.2554298225,36.225972552500004,35.11856727058824,34.097684795,34.234494284468234,34.36191880625326
3245,36.192096692,36.1552751045,35.084918634521145,33.85266961982353,34.42621874697992,34.50057721468457
3246,36.3202358165,36.371786039,35.15876804857143,34.041196147823534,34.30806648290538,34.412741859377135
3247,36.324654407000004,36.068376158,35.12813735235363,33.969112475352944,34.358084568942175,34.45456491629827
3248,36.2642670035,36.253956959,35.11972255737332,33.81281566629412,34.45080607323731,34.2371583386143
3249,36.262794140000004,36.401243309,35.10394291853659,34.11345309835294,34.35643749504625,34.15772370570224
3250,36.286359956,36.3438016325,35.07736300635023,33.93064474629412,34.29563911545681,34.27987294813914
3251,36.298142864,36.348220223,35.0622025236996,33.98037554917647,34.30506081401789,34.34637263476486
3252,36.289305683,36.342328769,35.05863842,33.77157548829412,34.29831548403697,34.40657229862069
3253,36.298142864,36.287832819500004,35.06731427634217,33.48670635958824,34.322444611573275,34.290718208531715
3254,36.251011232,36.3143443625,35.052055515384616,34.069787027529415,34.42154471372067,34.11392092514523
3255,36.231864006500004,36.357057404,35.050695335,33.86254646917647,34.251877369268826,34.435175828044905
3256,36.1788409205,36.231864006500004,35.058675654299314,33.49381076,34.27207431733998,34.49139544875292
3257,36.224499689,36.1876781015,35.072165976363635,34.14117758776471,34.2084384611473,34.240888285588895
3258,36.274577048,36.2171353715,35.0901984122,33.70746260652941,34.369378708133475,34.17988538921788
3259,36.2996157275,36.206825327000004,35.060380958069125,33.991465344941176,34.20736378665013,34.43441368206712
3260,36.2907785465,36.215662508,35.07529134427419,33.779546279,34.33962842343949,34.33282406
3261,36.2760499115,36.215662508,35.07526184352941,33.888538178000005,34.228656753219255,34.44166400611431
3262,36.256902686000004,36.1611665585,35.107374340786244,34.01763033182353,34.23943897959717,34.60549257792241
3263,36.243646914500005,35.974112894,35.13779376929076,33.87190348435294,34.25882437821694,34.663471602894035
3264,36.209771054,36.1641122855,35.126518495764465,33.63018059229412,34.35579068483942,34.60117417870968
3265,36.2524840955,36.306980045,35.10495165583747,33.72738958329412,34.2364301232675,34.58367307960754
3266,36.2112439175,36.295197137,35.0905584455,33.820786457000004,34.287735519544235,34.40498551915691
3267,36.2053524635,36.162639422,35.07268417689846,33.72860252970588,34.326003601288136,34.395759447907515
3268,36.168530876000005,36.231864006500004,35.027978631428574,33.62428913829412,34.28083285915979,34.458972320096
3269,36.119926380500004,36.2200810985,35.048945863692914,33.75355457017647,34.24520797217927,34.23337060878229
3270,36.136127879,36.215662508,35.030504647368424,33.71075488964706,34.25207263521344,34.342973931907366
3271,36.1582208315,36.2289182795,35.03859277048009,33.87276987464706,34.33053308962264,34.31256908367237
3272,36.1847323745,36.230391143,35.0528417844898,33.93168441464706,34.28352111901364,34.34108866662737
3273,36.2024067365,36.225972552500004,35.06824609208791,33.92544640452941,34.30015195539916,34.412433707328766
3274,36.200933873000004,36.2200810985,35.05037408362903,33.75944602417647,34.3206825746194,34.45387465546971
3275,36.1994610095,36.206825327000004,35.074240807225806,33.757020131352945,34.24069120058663,34.442751166595286
3276,36.177368057,36.224499689,35.08536973029412,33.92925852182353,34.30920870321494,34.503587516736296
3277,36.1729494665,36.2407011875,,34.050553163000004,34.303940683637045,34.51071082684012
3278,36.17442233,36.243646914500005,,33.86947759152941,34.308890135702605,34.526791406861776
3279,36.1965152825,36.262794140000004,35.06266432948276,33.46989838788235,34.385354280260586,34.465744121178034
3280,36.1906238285,36.248065505,,33.62983403617647,34.36002446501311,34.39071597559367
3281,36.1641122855,36.283414229,,33.600030210058826,34.385807773710596,34.31435511885945
3282,36.159693695,36.327600134,,33.619957186823534,34.401067876360884,34.32319983949932
3283,36.131709288500005,36.3379101785,,33.41462268711765,34.49449054266564,34.37076726650988
3284,36.168530876000005,36.354111677,,33.422246921705884,34.44485330363776,34.49961097607558
3285,36.183259511,36.3820960835,35.05932618615385,33.57351866705883,34.41525062600699,34.449841840074875
3286,36.183259511,36.360003131,,33.38620508547059,34.44605148883346,34.41481724908231
3287,36.1906238285,36.355584540500004,35.05504607,33.69186758123529,34.3896609575228,34.496693113711046
3288,36.224499689,36.324654407000004,,33.685283015,34.422433099183365,34.39477279613699
3289,36.2230268255,36.318762953000004,35.039286017983194,33.73414742758823,34.312665294788275,34.31634198120414
3290,36.2112439175,36.318762953000004,35.03682250466102,33.740038881588234,34.36326217343545,34.277639522810816
3291,36.221553962,36.29225141,35.04115565,33.71335406052941,34.31432721543886,34.42300531299026
3292,36.224499689,36.2731041845,35.050342808403364,33.71872568035294,34.30943084073661,34.42309706407767
3293,36.192096692,36.280468502000005,35.04645436625,33.75043556511765,34.28659740307748,34.35725914381498
3294,36.2082981905,36.253956959,35.04149410280992,33.7183791242353,34.27368389059341,34.36133062727273
3295,36.2141896445,36.295197137,35.04296359654237,33.76655042458824,34.30743834687034,34.29538188424404
3296,36.200933873000004,36.286359956,35.04828538508197,33.63347287541177,34.30941222847397,34.26503882759085
3297,36.1965152825,36.2701584575,35.035246921311476,33.661890477058826,34.29771665084916,34.24885547448245
3298,36.2082981905,36.2701584575,35.04345632442623,33.566240988588234,34.34396582006637,34.352981135
3299,36.2230268255,36.248065505,35.0503329068,33.697065923000004,34.29221511404661,34.331379137
3300,36.224499689,36.248065505,35.0349169355,33.64716184205882,34.31919741845308,34.25581017568662
3301,36.23333687,36.2731041845,35.06086326197479,33.59864398558824,34.3639430559971,34.33524609323034
3302,36.2230268255,36.265739867,35.046215787658085,33.69533314241177,34.27302290967951,34.265091512455356
3303,36.2200810985,36.29225141,35.0506022,33.631393538705886,34.31084821439766,34.26187101248539
3304,36.2024067365,36.2848870925,35.060478763237704,33.67852517070588,34.31765479980456,34.242338878717604
3305,36.1729494665,36.298142864,35.05279250836065,33.44130750817647,34.36696350445526,34.28788591076923
3306,36.183259511,36.289305683,35.053718078319676,33.53158537682353,34.340723577262,34.32638296652276
3307,36.197988146,36.309925772,35.060465349180326,33.66396981376471,34.33863699336535,34.34526088696913
3308,36.193569555500005,36.2966700005,35.059308992,33.74194494023529,34.32355261782577,34.26019858607714
3309,36.2082981905,36.2966700005,35.04483508727273,33.68857529811765,34.333486987287216,34.282830199861436
3310,36.1965152825,36.2966700005,35.05219692421311,33.54302172870588,34.25218572591497,34.3708500688295
3311,36.225972552500004,36.301088591,35.0447733409687,33.54700712405882,34.28576526511662,34.41905878163934
3312,36.2230268255,36.2819413655,35.05450177454546,33.619610630705886,34.260763454450995,34.35230272514546
3313,36.230391143,36.3143443625,35.056626704,33.767936649058825,34.267320458864056,34.32557163459613
3314,36.225972552500004,36.287832819500004,35.04582695420268,33.74575705752941,34.30661961358034,34.34299083560792
3315,36.2112439175,36.3349644515,35.05084478722951,33.626541753058824,34.30396705867403,34.38817077877095
3316,36.2171353715,36.3025614545,35.055189764000005,33.51200495617647,34.3099797439179,34.32387648425414
3317,36.224499689,36.286359956,35.0769963457079,33.49173142329412,34.38961172729294,34.30419964107507
3318,36.2112439175,36.2966700005,35.06040696153846,33.626195196941175,34.30114340087576,34.38721015380715
3319,36.1876781015,36.330545861000004,35.03523733508685,33.656345579176474,34.28985077129701,34.24286316861496
3320,36.2200810985,36.327600134,35.052638809225805,33.583915350588235,34.31303185834266,34.33023051410315
3321,36.175895193500004,36.3231815435,35.033798203114756,33.46210087523529,34.32345230746534,34.33884030946939
3322,36.1670580125,36.289305683,35.041115735000005,33.50455399964706,34.310908818866714,34.38184692065048
3323,36.177368057,36.309925772,35.050459799655385,33.69446675211765,34.27428734612983,34.28582348840159
3324,36.156747968000005,36.2819413655,35.048431930976,33.64127038805883,34.28635159571429,34.280042828796006
3325,36.183259511,36.29225141,35.048068928,33.688228742,34.240826723896106,34.24799240346154
3326,36.177368057,36.289305683,35.0380606280242,33.593965478,34.25682289280084,34.295373766821015
3327,36.193569555500005,36.2996157275,35.04917690397226,33.51009889752941,34.254804548542275,34.32236342709091
3328,36.195042419,36.309925772,35.043000450104365,33.54822007047059,34.23709328040354,34.31293486412261
3329,36.1876781015,36.304034318,35.056363265,33.64560233952941,34.257758469942694,34.30389257720169
3330,36.192096692,36.301088591,35.04893708539077,33.70035820611765,34.253091330865104,34.2630841170864
3331,36.162639422,36.286359956,35.04837456285714,33.740558715764706,34.2513535535,34.294048966472175
3332,36.165585149,36.305507181500005,35.03589518975186,33.59275253158824,34.304064244828545,34.28175189524954
3333,36.159693695,36.327600134,35.04257424197581,33.51599035152941,34.300769612715094,34.314266185384966
3334,36.159693695,36.301088591,35.051855996981566,33.540942392,34.30710418363381,34.25359963689373
3335,36.171476603,36.333491588,35.052635204,33.72201796347059,34.275480460357144,34.270545411227275
3336,36.177368057,36.3202358165,35.053337708,33.63018059229412,34.27704833774568,34.26107976021622
3337,36.1847323745,36.32170868,35.0513940928791,33.57473161347059,34.30714478721276,34.292247162153004
3338,36.180313784,36.3261272705,35.04165370228831,33.57715750629412,34.24833211055827,34.29380127345244
3339,36.177368057,36.2613212765,35.05182669622951,33.53331815741176,34.31177881624337,34.317820028200835
3340,36.1906238285,36.245119778,35.02777608041466,33.53955616752941,34.29327978612038,34.295598224967016
3341,36.1464379235,36.262794140000004,35.035216739682376,33.51217823423529,34.320625416406756,34.32444993083412
3342,36.1876781015,36.245119778,35.03840271245,33.66708881882353,34.231621882684706,34.24351533156723
3343,36.181786647500005,36.268685594000004,35.048132792000004,33.53331815741176,34.289228972179984,34.30512528957466
3344,36.17442233,36.265739867,35.030793716,33.366971220941174,34.2763092205306,34.333549624340506
3345,36.177368057,36.2672127305,35.03919805874,33.435589332235296,34.254126225059565,34.320996598082694
3346,36.168530876000005,36.2524840955,35.0207391275,33.480641627529415,34.268203562098854,34.321347608259074
3347,36.189150965,36.2819413655,35.0452868525,33.51408429288235,34.304928556609696,34.27898727821429
3348,36.181786647500005,36.274577048,35.04196704212,33.44459979129412,34.29602564314365,34.25507955542158
3349,36.181786647500005,36.268685594000004,35.048671709934425,33.50507383382353,34.30730056936575,34.34526165415792
3350,36.1847323745,36.274577048,35.026770284,33.51096528782353,34.29359091151949,34.30978647358081
