frame,left_eye_temp,right_eye_temp,forehead_temp,nose_temp,left_cheek_temp,right_cheek_temp
0,36.657521558,36.29225141,36.10929959116129,33.36229271335294,34.18499454016327,34.056854002257055
1,36.684033101000004,36.354111677,36.04216964590237,33.558096919823534,33.96581890710754,33.907371514557376
2,36.7120175075,36.3703131755,36.06214404169388,33.79392835788235,33.94208141689761,33.871157914347826
3,36.672250193,36.395351855,36.05421836654586,33.43021771241177,33.95048902701107,33.802239755244635
4,36.686978828,36.3968247185,36.039940700413645,33.74229149635294,33.95427440157895,33.76672370264706
5,36.742947641,36.3349644515,36.063866929746155,33.56728065694118,33.944592237118975,33.85435949779528
6,36.737056187,36.354111677,36.04918343362754,33.549433016882354,33.95034328157303,33.87197161076923
7,36.745893368000004,36.3703131755,36.05097988910839,33.54856662658824,33.92871462125,33.93679413328245
8,36.7296918695,36.3261272705,36.05642802492788,33.60488199570588,33.93321193412137,33.931283661427315
9,36.710544644,36.3438016325,36.055137286081205,33.5386897772353,33.94936436626186,33.88659161674868
10,36.7473662315,36.318762953000004,36.06143413003497,33.614412288941175,33.93632360884094,33.87231578781915
11,36.728219006,36.386514674,36.057468728304194,33.46573971447059,33.93267384002527,33.916860351150895
12,36.748839095,36.3762046295,36.04043349257085,33.53331815741176,33.93044558974487,33.830532426117024
13,36.745893368000004,36.312871499,36.054636298496504,33.996143852529414,33.95584005891626,33.83059245488
14,36.770932047500004,36.3172900895,36.05810184334232,33.77209532247059,33.92521602596958,33.84165948856887
15,36.801862181000004,36.466049303,36.06717746389611,34.014511326764705,33.93419125976834,33.94399298903454
16,36.9741872105,36.3909332645,36.05375974117143,33.70139787447059,33.89254737832588,33.8907170640395
17,37.2039539165,36.411553353500004,36.058450193551025,33.82563824264706,33.92854002490446,33.88669515724077
18,37.0095359345,36.4262819885,36.048993019298706,33.78924985029412,33.930276749204545,33.817406407719
19,37.214263961,36.398297582,36.05826695852273,33.800859480235296,33.9289069512283,33.87700790524872
20,36.7827149555,36.3997704455,36.056286403437504,33.789423128352944,33.92369685509678,33.80734446137931
21,36.825427997,36.3879875375,36.078608954414335,33.716299787529415,33.951057936119405,33.837867435143885
22,36.825427997,36.395351855,36.08033640073579,33.523614586117645,33.96042287718631,33.87384747081545
23,36.837210905,36.448374941000004,36.0829683699657,33.74263805247059,33.968960166532206,33.82023627206434
24,36.8239551335,36.367367448500005,36.06929098004969,33.929605077941176,33.93864905348926,33.9315848655814
25,36.819536543,36.339383042,36.07958305763293,33.928911965705886,33.94369319093386,33.8693909525
26,36.793025,36.383568947,36.07469617094482,33.62827453364706,33.95933282003807,33.869599869308516
27,36.819536543,36.454266395000005,36.06406596005195,33.56294870547059,33.93941891709091,33.89211864828496
28,36.828373724,36.301088591,36.07451179253962,33.628101255588234,33.914704725945946,33.805079275702056
29,36.8092264985,36.433646306,36.070527006285715,33.929778356,33.94080180407148,33.86691887763877
30,36.801862181000004,36.3879875375,36.065749232623375,33.619610630705886,33.93027782416185,33.84782924021641
31,36.826900860500004,36.418917671,36.066445179765886,33.65721196947059,33.934892670967336,33.96943912292766
32,36.82248227,36.429227715500005,36.064551260334476,33.695506420470586,33.937938546136785,33.84029054370044
33,37.214263961,36.401243309,36.0635534484898,33.65114723741176,33.91728223288777,33.85707465659464
34,37.149457967000004,36.306980045,36.05231602539787,33.81732089582353,33.91264442453488,33.766603882712765
35,37.164186602,36.342328769,36.05995979514286,33.80969666123529,33.91034557533163,33.82152611023622
36,36.9682957565,36.4027161725,36.05527954670669,33.725656802705885,33.90718140656546,33.776700407152546
37,37.228992596,36.3585302675,36.06763210273292,33.72686974911765,33.935342102422744,33.809122203502625
38,37.2245740055,36.354111677,36.06631970707547,33.72686974911765,33.92735180640556,33.82545898948276
39,37.016900252,36.3526388135,36.06386192701299,33.81160271988235,33.93531624832596,33.796211266013984
40,37.2245740055,36.349693086500004,36.06289277007792,33.69949181582353,33.90867204231214,33.80338751916296
41,37.0213188425,36.3202358165,36.066272770994985,33.807097490352945,33.94081076030574,33.83766974037103
42,37.240775504,36.3762046295,36.053966324623374,33.90413320329412,33.91667186763073,33.845246511553576
43,37.187752418,35.8783767665,36.05951622331551,33.57282555482353,34.01968739628535,33.8476289805618
44,36.7591491395,36.3231815435,36.06509637948454,33.683376956352944,34.029740639572864,33.863037691577
45,36.6972888725,36.489615119,36.043037936438616,33.760139136411766,34.015572190542244,33.90766522728767
46,36.731164733,36.491087982500005,36.04946120225418,33.846951443882354,34.02035724708359,33.86476405129647
47,36.766513457,36.501398027,36.07479088150674,33.794274914,34.04769531349907,33.81410456201898
48,37.619301423500005,36.333491588,36.06687729906156,33.80831043676471,33.95958218211765,33.83464999001859
49,36.7326375965,36.46899503,36.05818740814118,33.679391561,33.949213171191516,33.663915336193185
50,36.781242092,36.4233362615,36.04406198168798,33.66362325764706,33.94773773016534,33.685325460634004
51,36.804807908,36.417444807500004,36.04347494576,33.68095106352941,33.965091780695026,33.69420780126394
52,36.7620948665,36.3968247185,36.03280083961538,33.67609927788236,33.93189417229721,33.66297023212687
53,36.765040593500004,36.395351855,36.03518993258361,33.485666691235295,33.92758178053603,33.688712201011455
54,36.7120175075,36.392406128000005,36.03348950882353,33.4827209642353,33.92072419451974,33.83029119483813
55,37.084651973,36.415971944,36.02768413308252,33.53002587429412,33.926273804667865,33.83628445898032
56,37.9934087525,36.2848870925,36.0040838261244,33.479428681117646,33.8670881194971,33.861088856741574
57,37.3541859935,36.418917671,35.99013764888,33.27513384976471,33.886538260404414,33.920084695748336
58,36.720854688500005,36.3703131755,35.97051910706,33.74506394529412,33.962557820835855,33.757381614044945
59,36.689924555000005,36.35116595,35.98134331481818,33.31654730582353,33.966735429459945,33.768326230572264
60,36.7532576855,36.295197137,35.98128380518182,33.63953760747059,33.93840760332941,33.76262600051774
61,36.775350638,36.3438016325,35.98006385763637,33.64057727582353,33.955464400283184,33.67207400107143
62,36.7532576855,36.380623220000004,36.00202716414286,33.19767855747059,33.947066450194924,33.756152435762715
63,36.734110460000004,36.3438016325,35.994592710285715,33.372169562705885,33.9554102721875,33.76846393071634
64,36.7532576855,36.3438016325,35.98440891122857,33.142402856705885,33.93367593945851,33.787258062865334
65,36.754730549,36.280468502000005,35.99974681716472,33.25104819958824,33.951096565271676,33.777560144886365
66,36.698761736,36.324654407000004,36.00263288722727,33.24307740888236,33.97374543556572,33.74005553994609
67,36.70465319,36.398297582,36.01541670606661,33.14170974447059,33.9525693322449,33.823003904630994
68,36.7238004155,36.3614759945,36.006727675294115,33.18710859588236,33.92568899381177,34.00196129926243
69,36.6678316025,40.1879753675,36.0492289325,33.12819405588235,34.00486090176373,34.08143608195466
70,40.8596011235,36.304034318,36.02436878190909,33.162676389588235,34.055395508464656,33.70078570964964
71,36.3290729975,36.301088591,35.98763645886364,33.39469571035294,34.060683590000004,33.60216319513167
72,36.5500025225,36.186205238,35.9436518948,33.243423965,33.994358479559104,33.63298113100734
73,,,,,,
74,,,,,,
75,,,,,,
76,,,,,,
77,,,,,,
78,,,,,,
79,,,,,,
80,35.2450454615,32.948851265,36.057371592500004,32.90449208194118,35.12726389322581,35.159128424
81,36.589769837,35.726671826,35.90612076460177,33.160250496764704,34.20635857028045,34.01928758095023
82,36.6000798815,35.918144081,36.01242340676118,32.61130560641177,34.16629135442353,34.233688321427714
83,36.616281380000004,36.136127879,36.08429422448054,32.17655095682353,34.07358647846559,34.08316082589578
84,36.6206999705,36.306980045,36.08843217161702,33.361253045,34.07824755876659,33.995035226581635
85,36.639847196000005,36.298142864,36.08644936117989,32.993210448058825,33.995709946221346,34.063048700352596
86,36.698761736,36.230391143,36.10886112018313,32.92060694141177,33.97323009519385,34.24350149035294
87,36.642792923,36.365894585,36.065006149333335,33.31169552017647,34.04876647630361,33.82039882004262
88,36.692870282,36.430700579,36.05895249741629,33.24792919452941,34.01211308536532,33.96111508932425
89,36.754730549,36.429227715500005,36.058621543556775,33.269588951882355,34.02990766154565,33.8997319406
90,36.754730549,36.436592033000004,36.0558418729771,33.01244431258824,34.02694016144165,33.904720211343616
91,36.819536543,36.407134763,36.06930066308923,33.05333793447059,33.93850124071429,34.14214079531232
92,36.793025,36.3850418105,36.07424522049409,33.249315419,34.01760479103695,33.98223918705394
93,36.7473662315,36.413026217,36.056544049119545,33.27132173247059,34.02532910893565,33.882986615576925
94,36.722327552,36.413026217,36.063710126432,33.28553053329412,33.99497990575829,33.82001823369604
95,36.745893368000004,36.418917671,36.05773934109773,33.222977154058825,34.03077792878012,33.8520878
96,36.825427997,36.395351855,36.08721025503937,33.253474092411764,34.00081526609553,33.95052404450256
97,36.819536543,36.41008049,36.073071602541354,33.12074309935294,34.00371272282118,33.87651047274238
98,36.831319451,36.398297582,36.08923417110385,33.29835310964706,33.995409453597674,33.94377791539401
99,36.8033350445,36.43953776,36.07017785969231,33.211194246058824,33.960853823600885,33.959020085
100,36.8092264985,36.4469020775,36.048410675,33.09648417111765,33.95925271506164,34.151312547244785
101,36.831319451,36.3820960835,36.056986630667716,33.25849915611765,33.94568278894217,33.925476761186076
102,36.8327923145,36.392406128000005,36.0721896364729,33.280158913470586,33.94780416725027,33.99543589849036
103,36.819536543,36.333491588,36.06971982294737,33.292288377588235,33.9503628070999,33.937292932896895
104,36.826900860500004,36.3762046295,36.06727831948791,33.24515674558824,33.96122114364641,33.87903681414802
105,36.8298465875,36.342328769,36.058498446567164,33.342365736588235,33.93427190654058,33.85398187178947
106,36.819536543,36.339383042,36.05836511586466,33.32919660411765,33.929553384009544,33.908901302946276
107,36.8298465875,36.3879875375,36.05513167508673,33.10393512764706,33.923351686692094,33.85389056841918
108,36.8534124035,36.330545861000004,36.06460356026316,33.290728875058825,33.94228716813478,33.883710941782766
109,36.848993813,36.365894585,36.060843303880596,33.261791439235296,33.925176360020814,33.84772159165968
110,36.804807908,36.383568947,36.07119318528348,33.37442217747059,33.94904673478586,33.849019414704834
111,36.8327923145,36.421863398,36.077268472927805,33.33595444841177,34.02151813042833,33.90571953129707
112,36.8445752225,36.2613212765,36.115725992,33.33370183364706,33.93773086764263,34.24486657249591
113,36.860776721,36.32170868,36.102269116417915,33.33942000958824,33.9462009587123,34.10022525771048
114,36.8710867655,36.339383042,36.10512723607713,33.38880425635294,33.989598675466844,33.957548620197144
115,36.860776721,36.371786039,36.102949654704105,33.37199628464706,33.93267767027154,33.972563485100466
116,36.851939540000004,36.398297582,36.098633436591726,33.41895463858824,33.95759738152576,33.957724205863876
117,36.793025,36.4351191695,36.078219643254656,33.361599601117646,33.97764422290355,33.927366719674964
118,36.7856606825,36.3850418105,36.07446564406723,33.22852205194118,33.990787808261736,33.76671180712815
119,36.8033350445,36.357057404,36.08726867778196,33.308229959,34.00448272457764,33.75412537427598
120,36.828373724,36.448374941000004,36.09321070929638,33.406998452529415,33.997897002535844,33.86276523911504
121,36.810699362,36.4086076265,36.063210462826085,33.28085202570588,34.031344925971155,33.76658094249595
122,36.6972888725,36.3113986355,36.07838559367052,33.25693965358823,33.97974754876989,33.645040712000004
123,36.838683768500005,36.371786039,36.08469183026633,33.31758697417647,33.987565519,33.68143690935018
124,36.714963234500004,36.415971944,36.07561462799392,33.32919660411765,33.96755462047544,33.76452238465035
125,36.8033350445,36.354111677,36.09467216,33.370090226,33.92441870366206,33.85220149130703
126,36.8033350445,36.404189036000005,36.07990475863309,33.2721881227647,33.93163862614447,33.73284511140401
127,36.698761736,36.3968247185,36.07240398879592,33.37320923105882,33.93836783441701,33.751236673460035
128,36.701707463000005,36.3850418105,36.07111443943662,33.325557764882355,33.923382130769234,33.71715440164478
129,36.869613902,36.41008049,36.10826055226948,33.39157670529412,33.97357666534211,34.00690409609813
130,36.701707463000005,36.383568947,36.10835226924138,33.40647861835294,33.929509844691694,33.89144194307693
131,36.6913974185,36.355584540500004,36.089576027769986,33.33422166782353,33.9397219808,33.85300340808421
132,36.664885875500005,36.3997704455,36.08668400967742,33.27409418141177,33.96229387736017,33.85880202260355
133,36.734110460000004,36.404189036000005,36.072100640413794,33.19196038152941,34.02424276216456,33.712527420613895
134,36.731164733,36.4144990805,36.08424256057143,33.31082912988235,33.97175037964602,33.746203521717014
135,36.707598917,36.3762046295,36.085277625061366,33.33318199947059,33.93981522348249,33.66275051684817
136,36.8151179525,36.418917671,36.109828258805756,33.29610049488235,33.98348208346591,33.68218862816237
137,37.977207254,36.253956959,36.08003735879202,33.300952280529415,33.9557247924383,33.774463318090696
138,38.3616246275,36.377677493,36.10413179924325,33.41254335041177,34.01141136583446,33.7936037356962
139,39.622395783500004,36.4527935315,36.105431668698714,33.35328225429412,33.99050565107692,33.96655914626343
140,39.803557994,36.4233362615,36.11750170482759,33.34028639988235,33.98245368962375,33.85449601270411
141,40.295494403,36.4469020775,36.12834205488044,33.46435349,34.027940527210035,33.93164303627907
142,39.176118143,36.1729494665,36.16808523513532,33.50819283888235,34.05890546832484,34.215330066749864
143,39.4220863475,36.477832211,36.16872704686359,33.370090226,34.09872662632455,34.073247963213554
144,36.981551528000004,36.507289481,36.17105869709343,33.44390667905883,34.10014715176107,34.0166436070971
145,39.282164315,36.498452300000004,36.16552738964706,33.402493223,34.09294513044983,33.960403973417726
146,38.857979627000006,36.5058166175,36.16560665065693,33.48098818364706,34.05237275694165,34.045258139041735
147,38.809375131500005,36.5058166175,36.160262263630514,33.42553920482353,34.044671831773194,34.01785466987461
148,38.342477402,36.46899503,36.160375576250004,33.41566235547059,34.06783489563227,34.04207150077586
149,38.7416234105,36.460157849,36.12993639725,33.368704001529416,34.03563977857143,33.963471998379255
150,38.2732528175,36.4586849855,36.126482067058824,33.33508805811765,34.02224830297475,33.9759531250911
151,38.3027100875,36.448374941000004,36.12796610298841,33.41237007235294,33.99685029384615,33.99410875330979
152,37.900618352,36.457212122,36.12053766698529,33.34652441,34.007004613633846,34.00687133962567
153,37.7606963195,36.454266395000005,36.11094717539762,33.360386654705884,34.002903254109924,33.97542661477064
154,37.771006364,36.4645764395,36.114767177372265,33.35553486905882,33.994655331373494,33.93593185792779
155,37.771006364,36.479305074500004,36.116027624176475,33.365931552588236,34.01551265400343,33.9369610053211
156,37.254031275500004,36.4763593475,36.1290144938,33.38637836352942,34.01599374938704,33.97407495637787
157,37.991935889000004,36.457212122,36.117291534723186,33.37147645047059,33.97357939741545,33.984673349641184
158,36.9977530265,36.4586849855,36.103685801044776,33.360040098588236,34.01213005044734,33.92330691430052
159,37.9138741235,36.442483487000004,36.099428605423874,33.204263123705886,34.023327504363635,33.85931882006376
160,36.937365623000005,36.4586849855,36.09162679333333,33.28934265058824,34.00883185993678,33.91818932812102
161,36.654575831,36.4616307125,36.10651472928087,33.286396923588235,34.009037245807136,33.93318469909726
162,36.9948072995,36.4645764395,36.11427896821053,33.24203774052941,34.02073914405536,33.89200597262084
163,37.391007581000004,36.460157849,36.1009755368,33.292288377588235,33.99819592849187,33.923397298503026
164,36.9712414835,36.4469020775,36.102306569,33.29488754847059,33.99988121518124,33.90960129190501
165,36.666358739,36.445429214,36.09285787231092,33.31550763747059,33.99921454677809,33.88717662619934
166,36.960931439,36.43953776,36.09149393876333,33.160250496764704,34.04830296916521,33.88074706930905
167,38.419066304,36.417444807500004,36.09257124695046,33.24896886288236,34.00711760413576,33.84539858737076
168,37.402790489,36.405661899500004,36.07486270836364,33.33630100452941,33.98440260371429,33.868282977033495
169,38.388136170500005,36.398297582,36.072740198000005,33.33560789229412,33.97615419684543,33.98091339832798
170,38.797592223500004,36.3968247185,36.088118042292784,33.287956426117645,34.005240410249485,33.91097078127524
171,36.9535671215,36.367367448500005,36.084888769378345,33.29246165564706,33.987027249319375,33.86506884117274
172,37.977207254,36.3820960835,36.08253206704711,33.34011312182353,33.9972771198338,33.8892926693842
173,38.8506153095,36.3968247185,36.075775189454546,33.25139475570588,33.99994573499313,33.91103703776378
174,38.9507700275,36.380623220000004,36.06854549792112,33.17653863429412,34.00882528185431,33.848910797391305
175,38.276198544500005,36.398297582,36.05916320994786,33.107920523000004,34.02738172028688,33.83152560346457
176,38.475035117000004,36.3938789915,36.04912376135195,33.31897319864706,33.99623902328017,33.921842928163265
177,37.9610057555,36.3997704455,36.0522946706,33.29558066070588,33.99599682507297,33.854578496
178,38.321857313,36.3850418105,36.0724310785,33.2176055342353,34.00541793373247,33.858459419849304
179,37.938912803,36.3320187245,36.06914978327273,33.221071095411766,33.987674872373354,33.85513599817482
180,38.663561645,36.383568947,36.07625654276215,33.222110763764704,33.97163248124224,33.87142342640633
181,39.997975976,36.333491588,36.06621035473789,33.25451376076471,33.96087317350158,33.89096754217029
182,39.5929385135,36.3850418105,36.068998383756686,33.262831107588234,33.96541228178423,33.869054432146655
183,37.1037991985,36.186205238,36.05339325296536,33.10029628841177,33.994391686271946,33.97183049721154
184,36.610389926,36.304034318,36.0749217836231,33.33630100452941,34.01103348051317,33.901176620116566
185,36.740001914000004,36.398297582,36.07347473360963,33.41410285294118,34.0146278452996,33.99953209283295
186,36.666358739,36.418917671,36.06417694251332,33.347564078352946,34.00455167700033,33.90161149423699
187,36.666358739,36.401243309,36.05935090277321,33.31082912988235,33.97159971009568,33.92422295641711
188,36.719381825,36.395351855,36.0730333006668,33.422246921705884,33.963492167855044,33.97045603336684
189,36.775350638,36.4144990805,36.08091887653572,33.41670202382353,33.98719616886585,33.90623828936189
190,36.781242092,36.418917671,36.104442564018804,33.40925106729412,34.0324552999235,33.87570662932039
191,36.7974435905,36.404189036000005,36.100932210359716,33.434722941941175,33.99623244163344,33.905847582672564
192,36.793025,36.4262819885,36.09227647047253,33.458635314058824,33.934697030644436,33.92263862406915
193,36.7974435905,36.404189036000005,36.086093211695655,33.444253235176475,33.98548179675815,34.01616790052093
194,36.793025,36.4262819885,36.10083760196429,33.40647861835294,33.983191839554216,33.881302879765826
195,36.813645089000005,36.3997704455,36.0831002926532,33.273054513058824,34.00295385114858,33.93566981
196,39.9493714805,36.411553353500004,36.08116707224917,33.27045534217647,34.01211730181642,33.745897293462114
197,40.0819291955,36.407134763,36.07993087588028,33.329023326058824,34.02981237839949,33.780873867647955
198,38.4882908885,36.411553353500004,36.08323138798483,33.20443640176471,33.99762776692602,33.734786550586435
199,39.8904569405,36.404189036000005,36.08226330868906,33.290555597,34.02047449165217,33.750837820906774
200,39.887511213500005,36.417444807500004,36.1033151380188,33.36055993276471,33.993537449957614,33.90439312038235
201,36.628064288000004,36.3762046295,36.100229753535714,33.343925239117645,33.99007128869392,33.813697196581856
202,36.660467285,36.4203905345,36.10465449536964,33.44598601576471,33.99055548626804,34.001605253730574
203,39.06123479,36.3938789915,36.091414348428096,33.085567653411765,34.051245112295305,33.80997934018691
204,40.242471317,36.429227715500005,36.09500704700114,33.17619207817647,33.99608776680935,33.794271894290105
205,40.139370872,36.41008049,36.08292444236735,33.24550330170588,34.00493578074711,33.863244565269646
206,39.416194893500005,36.4233362615,36.07881699732819,33.407691564764704,33.99168205865281,33.90045512114788
207,39.173172416,36.407134763,36.08219740387946,33.44321356682353,33.998064779920796,33.93426293890694
208,39.999448839500005,36.413026217,36.100831757267855,33.348603746705884,34.01163155721936,33.83380294391524
209,40.095184967,36.4203905345,36.09725630597551,33.2971401632353,34.01904194480083,33.836280949632396
210,39.903712712,36.4144990805,36.09921227893617,33.41375629682353,33.99688384079408,33.94952361857838
211,39.999448839500005,36.4380648965,36.09601440764055,33.3707833382353,34.00684146780355,33.875670521176474
212,40.420687800500005,36.445429214,36.10769635322322,33.433163439411764,34.008181553487425,33.901498175688076
213,38.9272042115,36.4262819885,36.11112218853755,33.46210087523529,34.034395412920794,33.95829966051143
214,39.0892191965,36.4439563505,36.10949997409189,33.41219679429412,34.062416761494134,33.93172696744469
215,38.086199153,36.4262819885,36.091002044425444,33.42155380947059,34.031032194438886,33.91184407691176
216,38.8241037665,36.3850418105,36.104801681365544,33.46868544147059,34.01078532078108,34.002373451090804
217,37.2275197325,36.413026217,36.10605872085478,33.40214666688235,33.99909409491857,33.861993084578586
218,37.0301560235,36.407134763,36.107137341835866,33.474750173529415,34.02219523492075,33.98038318677686
219,38.4706165265,36.35116595,36.10745036026471,33.471284612352946,34.0235169636141,33.996369142901614
220,38.214338277500005,36.336437315,36.11068289232759,33.449278298882355,34.02811355983267,33.97663535862375
221,39.261544226,36.3879875375,36.107449364413796,33.42571248288235,34.036163416946906,33.939343619183674
222,38.8859640335,36.395351855,36.09723539288889,33.474750173529415,34.01418153949146,33.95772286912243
223,38.67829028,36.3938789915,36.10141495048276,33.43766866894118,34.02438081850306,33.95032589014779
224,39.358753217,36.404189036000005,36.09103799428571,33.4768295102353,34.03395855146619,33.97718505045603
225,39.6783645965,36.3968247185,36.083998769850744,33.480641627529415,34.00021636382385,34.00161964945394
226,37.841703812000006,36.4086076265,36.080276135708914,33.42259347782353,34.050880224537075,34.007844178975205
227,38.47208939,36.3968247185,36.07497997735294,33.42345986811765,34.05096607559971,33.92031974766027
228,38.477980844,36.41008049,36.08114613208509,33.44044111788235,34.038754536072574,33.91869580796918
229,38.351314583000004,36.411553353500004,36.07953712153886,33.45690253347059,34.018920412176655,33.94630324239235
230,39.093637787000006,36.2524840955,36.092111070850905,33.46002153852941,34.007049614140804,34.121390883714284
231,38.0493775655,36.4262819885,36.08696926526316,33.46158104105882,33.97192406823967,33.947940886152104
232,36.7738777745,36.463103576,36.076272119794986,33.431257380764706,33.9596736523197,34.001718153443164
233,36.7179089615,36.4439563505,36.0587677882856,33.45187746976471,33.92682531950372,33.95324357086446
234,36.719381825,36.4233362615,36.06013238,33.41739513605882,33.94367484685285,33.926720146895406
235,36.7002345995,36.41008049,36.0520982888,33.41618218964706,33.95548466566782,33.91905121741151
236,36.769459184,36.41008049,36.06857479382353,33.433163439411764,33.932089539355516,34.005595832133054
237,36.757676276,36.3349644515,36.07896468509454,33.379967075352944,33.94005011115425,34.100307284875775
238,36.6943431455,36.4086076265,36.06657316540146,33.41964775082353,33.94874586323282,34.018301552398285
239,36.722327552,36.421863398,36.05889276338462,33.39972077405883,33.97344367993534,33.9939624743
240,36.710544644,36.374731766000004,36.062817979682485,33.441480786235296,33.961657874700315,34.03857855909978
241,36.689924555000005,36.3997704455,36.04431200472557,33.44858518664706,34.00851922622755,34.043150825454546
242,36.692870282,36.392406128000005,36.075402151194034,33.43818850311765,33.98213333896907,34.11767423135991
243,36.716436098,36.421863398,36.063708480290444,33.43818850311765,33.99103453099366,34.032622026746076
244,36.751784822000005,36.424809125,36.070143594200005,33.44789207441177,33.99943332606274,34.05162569275183
245,36.722327552,36.4203905345,36.07839379577574,33.43368327358824,33.99523850871199,34.02931951832027
246,36.714963234500004,36.398297582,36.08041867520256,33.43021771241177,33.99063752806001,34.02950993089503
247,37.2363569135,36.3909332645,36.077510387100844,33.35154947370589,33.97772847060523,33.96576091044648
248,37.0949620175,36.398297582,36.070431571988806,33.40994417952941,33.97153445228814,34.031818469983364
249,36.769459184,36.3909332645,36.07159533253731,33.38325935847059,33.97598560090442,33.94398249985443
250,36.716436098,36.395351855,36.066965828,33.423806424235295,33.992707121288326,33.95933275628198
251,36.757676276,36.3938789915,36.07990997879044,33.44269373264706,34.01756263028689,33.92762023798586
252,36.7532576855,36.404189036000005,36.083517248,33.437148834764706,34.02979435555402,34.045992790622876
253,36.82248227,36.398297582,36.094102890521896,33.452743860058824,33.9961544339287,34.00236804776765
254,36.7444205045,36.3968247185,36.08321434906152,33.37494201164706,34.01500725235656,33.890325839568106
255,36.7120175075,36.392406128000005,36.07711422160584,33.440267839823534,33.988067071480835,33.92404650558304
256,36.760622003,36.3968247185,36.08164268032847,33.38516541711765,34.00194111951486,33.921776060192514
257,36.692870282,36.4027161725,36.0766852534874,33.233893671764704,33.99466136247059,33.83810979057661
258,36.7532576855,36.407134763,36.065830180513835,33.360386654705884,33.94495216517685,33.8738239124
259,36.7444205045,36.430700579,36.078056594629416,33.27807957676471,33.991182650515974,33.825354912929484
260,36.657521558,36.429227715500005,36.079447122248176,33.27166828858824,33.9607127340634,33.87737071153846
261,36.748839095,36.4321734425,36.092501017080295,33.37390234329412,33.97107634820513,33.93350184164674
262,36.7974435905,36.4203905345,36.08723823057352,33.43143065882353,33.941674900292654,33.96529342693647
263,36.781242092,36.442483487000004,36.09459121549026,33.401800110764704,33.95780779694883,33.89370494289749
264,36.719381825,36.4203905345,36.08970742050862,33.38637836352942,33.96641142064155,33.85568324876155
265,36.716436098,36.448374941000004,36.10054319237209,33.25659309747059,33.97921659315497,34.01524638550299
266,36.64573865,36.237755460500004,36.109921818800004,33.31134896405882,33.96625296592773,34.19013465712655
267,36.748839095,36.401243309,36.106978524714286,33.36263926947059,33.97111230248561,34.02982912369099
268,36.7797692285,36.309925772,36.08373955226105,33.40526567194118,33.916782742586925,34.16155734539981
269,36.826900860500004,36.3909332645,36.08990344553261,33.44113423011765,33.9314994092058,34.15571028258552
270,36.831319451,36.3349644515,36.10657455268478,33.47596311994118,33.968063937296755,34.11051921567595
271,36.8003893175,36.3909332645,36.11434617874621,33.36558499647059,33.974614312087475,34.042516762155344
272,36.7620948665,36.333491588,36.104447169734314,33.36957039182353,33.97535302952039,33.98354816869525
273,36.813645089000005,36.367367448500005,36.10529794029592,33.39382932005883,33.95381944896135,34.07540443762488
274,36.828373724,36.256902686000004,36.117741657795754,33.37910068505882,33.93763909824513,34.18485671620163
275,36.692870282,36.29225141,36.09581624538043,33.295060826529415,34.050055307871105,33.97474454597536
276,37.1037991985,36.3614759945,36.079663634711245,33.40024060823529,33.98890799979716,33.95413164357426
277,37.4131005335,36.11550779,36.104244716176474,33.33664756064706,33.96304269460978,34.282198175405405
278,36.7915521365,36.3820960835,36.09950387742475,33.443733401,33.96354938266385,33.99780413294357
279,37.093489154000004,36.3791503565,36.07914311270986,33.266123390705886,34.01455554490616,33.917213180248964
280,39.7313876825,36.3526388135,36.056974693345865,33.18260336635294,33.935578611021675,33.924043589606384
281,37.432247759,36.3762046295,36.049234993666666,33.32434481847059,33.95211678575,34.1044735445992
282,38.4293763485,36.374731766000004,36.04611780371658,33.20010445029412,33.97117732788127,33.87217369562468
283,41.0009960195,36.4027161725,36.04027282463354,33.22921516417647,33.9552817882922,33.8661112969332
284,39.585574196,36.405661899500004,36.046968195326286,33.410464013705884,33.961413087024496,33.98721601924796
285,39.600302831,36.401243309,36.07179485337856,33.358307318,34.006850436029566,33.926517718318486
286,39.622395783500004,36.3968247185,36.07162351717647,33.421380531411764,34.00503361529125,33.97041145945542
287,40.65192737,36.41008049,36.06999425095218,33.26560355652941,33.92856080205991,33.90574075189189
288,40.048053335,36.405661899500004,36.06327392345476,33.15539871111765,33.972474611364376,33.91384849216189
289,39.364644671,36.3968247185,36.07510730828659,33.15470559888235,34.012176341471374,33.921115343948586
290,39.2983658135,36.405661899500004,36.064141463250095,33.15661165752941,33.97988033658977,33.89051797011693
291,38.931622802,36.4203905345,36.069716162202546,33.25988538058824,33.979312024117064,33.9033234043175
292,39.058289063000004,36.421863398,36.069246148119035,33.21881848064706,33.977607295265635,33.92254045801448
293,39.594411377,36.407134763,36.074613639427916,33.26889583964706,33.974653602537664,33.92320944527721
294,39.5929385135,36.418917671,36.080506161189966,33.34201918047059,33.961812247407664,33.944745338205394
295,39.067126244,36.430700579,36.09167581835471,33.324691374588234,33.99129092728972,33.9551116082
296,39.123095057,36.4203905345,36.08016377539568,33.41375629682353,33.99052929841401,33.960151804737386
297,39.370536125,36.4439563505,36.080369240501675,33.43610916641177,33.99362235596425,34.01247183953488
298,39.067126244,36.4380648965,36.08320568539023,33.351722751764704,34.010942854253805,33.9684710425387
299,37.6458129665,36.318762953000004,36.087149671865674,33.39157670529412,34.01163420546859,34.17804296058065
300,38.386663307000006,36.35116595,36.07943551302464,33.448411908588234,33.98555850526201,33.975277266817706
301,36.9388384865,36.4262819885,36.061328823135135,33.40283977911765,33.98277102141136,34.004455092235666
302,36.684033101000004,36.380623220000004,36.06155352508611,33.37182300658824,34.00903034594883,33.946071080031764
303,37.723874732,36.3820960835,36.0729038495,33.44234717652941,34.00702463775424,33.91574374045026
304,36.6383743325,36.4027161725,36.0690079680649,33.37164972852941,34.02457814470753,33.869771230971686
305,36.851939540000004,36.357057404,36.053853825350174,33.437495390882354,34.02314866796418,34.02325145717811
306,36.692870282,36.333491588,36.05685253710678,33.42571248288235,34.01456469469905,34.00329797953643
307,36.7738777745,36.415971944,36.066772373300005,33.36315910364706,34.01788542876605,33.97960743458401
308,36.7503119585,36.405661899500004,36.06017817608496,33.42952460017647,34.00468815194484,34.00037842459504
309,36.944729940500004,36.395351855,36.060036596040725,33.41860808247059,34.00321134600639,33.976745369188606
310,36.692870282,36.3762046295,36.057641671779564,33.446852406058824,34.01693231034628,33.924555071265
311,37.2658141835,36.3791503565,36.068979273880856,33.429004766,34.00514646873409,33.99218460520503
312,36.987442982000005,36.418917671,36.06931787189474,33.45811547988235,34.01168119993653,33.98552180410201
313,36.7738777745,36.418917671,36.08503930028358,33.39400259811765,34.05740805749216,33.98749928614301
314,37.282015682,36.377677493,36.076782934269445,33.43853505923529,34.026196019493675,33.95116410349916
315,37.326201587,36.418917671,36.06735472944273,33.46314054358824,34.00008415147101,33.98109308
316,36.6413200595,36.4203905345,36.05707559126316,33.44356012294118,34.0139796314673,33.99199312765246
317,36.776823501500004,36.3997704455,36.08104094684823,33.44702568411765,33.98336048508029,34.031510129881156
318,36.804807908,36.324654407000004,36.06262123023174,33.257806043882354,33.998513357381285,33.98939730897826
319,36.7355833235,36.405661899500004,36.06441160812782,33.44511962547059,34.02189518464261,33.902982064940645
320,36.7179089615,36.348220223,36.066273968000004,33.45655597735294,33.989073501372815,33.93198357355482
321,36.7974435905,36.3438016325,36.0606038138806,33.38828442217647,33.97895202049516,34.003364093426185
322,36.778296365,36.342328769,36.0332892764,33.35224258594118,34.00432900168849,33.926229209151984
323,36.8003893175,36.3320187245,36.038264282,33.39885438376471,33.98157672398098,33.928074110910075
324,36.766513457,36.349693086500004,36.025895911228474,33.38031363147059,33.95728006801262,33.92335434118644
325,36.701707463000005,36.354111677,36.03674256730597,33.417568414117646,33.976644208120305,33.9498092996
326,36.810699362,36.345274496,36.04356490595221,33.409424345352946,33.98832863943549,33.95141222345831
327,36.76356773,36.309925772,36.02946020672576,33.40093372047059,33.95476933536021,33.930013101261764
328,36.7385290505,36.3526388135,36.01586734526316,33.37355578717647,33.95183962302568,33.9489692282394
329,36.709071780500004,36.355584540500004,36.003176336,33.309096349294116,33.94110760786525,33.92051893757167
330,36.6796145105,36.3113986355,36.00494410383209,33.355708147117646,33.919543271540576,33.8726967128
331,36.720854688500005,36.274577048,36.02492695283582,33.38949736858824,33.93437244303858,33.93125944778771
332,36.720854688500005,36.301088591,36.02251875367647,33.40630534029412,33.94000972082341,33.87471170304569
333,36.6560486945,36.305507181500005,36.0238438861194,33.365065162294115,33.93842320430928,33.92757376775131
334,36.7120175075,36.3261272705,36.01780111430657,33.40959762341176,33.94443922732071,33.87949430879635
335,36.622172834,36.3467473595,36.01729457388637,33.325557764882355,33.9582689798342,33.86736894513401
336,36.769459184,36.3290729975,36.017056268529416,33.354148644588236,33.95628388321988,33.85514401416618
337,36.6884516915,36.3703131755,36.018551603929104,33.399200939882355,33.980233372307694,33.922049418070074
338,37.022791706,36.304034318,36.01141120543478,33.38724475382353,33.94161000405378,33.75454968131429
339,36.7503119585,36.3408559055,36.021792692000005,33.38273952429412,33.95957934440123,33.76473538984293
340,36.801862181000004,36.339383042,36.01133476234595,33.423113312,33.96780768178678,33.7954643668206
341,36.669304466,36.312871499,36.00904458586318,33.358480596058826,33.94271629646705,33.78461546491333
342,36.728219006,36.1847323745,36.030204445625,33.38343263652941,33.99687682349174,34.06704167224037
343,36.9388384865,36.427754852,36.03413655388259,33.27010878605883,34.0159290563369,33.95256345593541
344,36.651630104,36.3438016325,35.995486948839286,33.253127536294116,34.062801185789475,33.66405504722907
345,36.6413200595,36.121399244,35.96584934857143,33.28709003582353,34.03884030796076,33.930269005369794
346,36.4616307125,32.545286666,35.9783351027,32.56486708664706,33.972825951463825,33.92941924494537
347,,,,,,
348,,,,,,
349,,,,,,
350,36.466049303,32.6439685205,35.930155879949325,32.544593553764706,33.923886902,32.79525264285714
351,36.610389926,34.448226308,,32.981080983941176,34.12880649496802,32.366111393241
352,36.647211513500004,33.4540434455,35.989061619197976,33.001007960705884,34.177055772500005,32.35259179129854
353,36.6383743325,33.8870653145,36.07726284701681,33.01244431258824,34.10149507727685,34.14288177461386
354,36.8681410385,36.3850418105,36.10312777517568,33.38412574876471,34.05510246952821,34.23276835609131
355,36.810699362,36.430700579,36.09441123748288,33.23874545741177,34.22418587504673,33.912404195477706
356,36.882869673500004,36.4262819885,36.08073784520528,33.27790629870589,34.20037745972973,33.950398445000005
357,36.8946525815,36.3879875375,36.11124459966387,33.482027852,34.13002028966264,34.12063648416961
358,36.8681410385,36.268685594000004,36.110385365,33.4149692432353,34.05917116486393,34.386021953230774
359,36.8946525815,36.365894585,36.13234051571429,32.96912479788235,34.10923088755184,34.38755040546392
360,36.890233991,36.377677493,36.10022402601444,33.50316777517647,34.13330832495581,34.14141776009885
361,36.884342537,36.411553353500004,36.1270656771875,33.48705291570588,34.152166250763486,34.27005975207627
362,36.8917068545,36.4616307125,36.12136380668271,33.48289424229412,34.074686452061954,34.17532563037786
363,36.902016899,36.4351191695,36.117772634673784,33.218645202588235,34.00332378729343,34.17164086968134
364,36.863722448000004,36.415971944,36.113620296859246,33.287263313882356,34.09047028441072,33.895309964206895
365,36.8681410385,36.4321734425,36.090487653745505,33.44096095205882,33.97930745666246,34.0224960225
366,36.88139681,36.401243309,36.10249797056093,33.487919306,34.0392288052802,34.00371595424658
367,36.8210094065,36.4027161725,36.09861394193222,33.365931552588236,34.054806638492494,33.868139974929875
368,36.900544035500005,36.3850418105,36.07491516405604,33.41930119470588,33.983687181497196,33.93262054998556
369,36.828373724,36.4203905345,36.077636009335386,33.520322303,33.99954798590409,34.11487570944954
370,36.996280163,36.417444807500004,36.10464411595745,33.54700712405882,34.05585662640967,34.12267749386707
371,36.9093812165,36.460157849,36.107104179207795,33.481334739764705,34.0865703105409,34.157253941
372,36.896125445,36.46899503,36.101581339584826,33.526213757,34.07234666918231,34.06541486985626
373,36.8651953115,36.466049303,36.10551001998731,33.52222836164706,34.07960422378014,33.97664686205882
374,36.8651953115,36.4616307125,36.09800296624461,33.47007166594118,34.062652942031875,33.95960686830685
375,36.9329470325,36.477832211,36.104120196012985,33.47561656382353,34.076668837549406,33.969838925201344
376,37.464650756000005,36.4822508015,36.122451289357144,33.52465425447059,34.07782476915521,34.016419253638816
377,37.7901535895,36.471940757,36.129254516,33.535744050235294,34.07131945173038,33.990858778874596
378,37.340930222,36.4763593475,36.11392972196429,33.53245176711765,34.09528396469662,33.952826970635904
379,37.3011629075,36.4940337095,36.11041544279256,33.537303552764705,34.09317506546329,33.92414445190164
380,36.8033350445,36.4704678935,36.09938917992208,33.49121158911765,34.0581272162624,33.966154659186046
381,36.7414747775,36.483723665,36.09017662696809,33.35328225429412,34.059540701680675,33.90138595198157
382,36.7061260535,36.457212122,36.09867987803706,33.28691675776471,34.06698883685083,33.93174816125
383,36.664885875500005,36.4763593475,36.10065538495798,33.29159526535294,34.06907645104882,33.9256272125194
384,37.544185385,36.489615119,36.08790456472271,33.358480596058826,34.05300179856875,33.8878626083781
385,36.698761736,36.473413620500004,36.08445196889395,33.27600024005883,34.06362454479339,33.898901312327496
386,37.731239049500005,36.486669392,36.08115724524026,33.34843046864706,34.04949944507472,34.0476247129912
387,37.747440548,36.4763593475,36.100957683909094,33.315334359411764,34.0655483026564,34.08238528267442
388,37.944804257,36.4616307125,36.093218939399016,33.26750961517647,34.05166321673083,33.94011678544968
389,39.2541799085,36.454266395000005,36.1042158365,33.31394813494118,34.03482499909951,34.14735909965066
390,37.620774287,36.4940337095,36.106099050029854,33.343232126882356,34.06781476079289,34.157649174811326
391,39.4279778015,36.510235208000005,36.13441242621765,33.55480463670588,34.12713710753282,34.19896616555777
392,39.94495289,36.522018116,36.12450719944348,33.440267839823534,34.07942248545578,34.098108072868975
393,39.647434463,36.522018116,36.13022788666087,33.4886124182353,34.100028782042756,34.13294605151485
394,39.875728305500004,36.5028708905,36.11914586493384,33.44044111788235,34.09345056568088,34.03305243125
395,40.0171232015,36.5028708905,36.09556721048913,33.51131184394118,34.09647785823189,34.082716059989814
396,38.7239490485,36.5028708905,36.09243785446488,33.500568604294116,34.119266674573694,34.1092272354898
397,38.961080072,36.504343754000004,36.09039886201439,33.46071465076471,34.10711170722572,34.07816543264279
398,39.8727825785,36.5028708905,36.0972274857554,33.437148834764706,34.070355156051335,34.05555672566683
399,39.638597282000006,36.510235208000005,36.09923615514286,33.513044624529414,34.056925083153615,34.04862991975207
400,39.919914210499996,36.4999251635,36.08429985334376,33.34097951211765,34.06893369243151,33.97662772669725
401,38.0199202955,36.5117080715,36.10259708937714,33.361599601117646,34.085228945005035,33.98285008145511
402,39.6106128755,36.486669392,36.098280662464234,33.33820706317647,34.080023227671234,34.01538226503937
403,39.156970917500004,36.504343754000004,36.09111652302747,33.49848926758823,34.09642572630238,34.05857465001516
404,39.6547987805,36.4999251635,36.08996107932174,33.49485042835294,34.0668410641337,34.041153481366834
405,38.905111259,36.513180935,36.102224468535255,33.44407995711765,34.0803213762315,34.06157168318253
406,38.746042001,36.5146537985,36.10121750723214,33.43853505923529,34.072305057914235,33.99515468960754
407,39.629760101,36.5028708905,36.1116469757845,33.402666501058825,34.060806042699966,33.97533934747102
408,39.382319033,36.516126662000005,36.10888380071429,33.50472727770588,34.071066062473044,34.07784225830457
409,40.316114492000004,36.524963843,36.10443703578022,33.372169562705885,34.05540379346,33.995294877115576
410,39.338133128,36.483723665,36.09505602825715,33.40786484282353,34.046002522668964,34.04050482565083
411,38.822630903000004,36.498452300000004,36.09479869342158,33.40873123311765,34.06817228634163,34.00964981449064
412,38.852088173,36.4969794365,36.094147061068576,33.47301739294118,34.06830138976931,34.004128993385095
413,37.8608510375,36.471940757,36.08231741826785,33.370263504058826,34.07366809256637,34.01899527653251
414,38.554569746,36.491087982500005,36.08416676172662,33.45464991870588,34.07828194856199,34.12891678209063
415,38.040540384500005,36.491087982500005,36.09873561365879,33.50004877011765,34.07155209877953,34.114898841198205
416,39.027358929500004,36.4881422555,36.09004677862282,33.467645773117646,34.081492320170184,34.1070520240848
417,37.2245740055,36.498452300000004,36.0957114926087,33.34877702476471,34.08549334093591,33.975046203624665
418,37.8579053105,36.477832211,36.08143066864907,33.32607759905883,34.06663795920082,33.97937418723404
419,37.7724792275,36.495506573,36.08564181173176,33.43454966388235,34.08093634718941,34.006035567560325
420,38.028757476500004,36.492560846,36.0950454657554,33.41410285294118,34.06181542630137,34.05091869116789
421,37.626665741000004,36.498452300000004,36.101905332488755,33.46435349,34.0655504763384,34.07903856910486
422,37.9610057555,36.498452300000004,36.085687745738916,33.505593668,34.06924312209889,34.12163084798594
423,37.44108494,36.4969794365,36.09485765869565,33.485666691235295,34.07116928335466,34.178493251891894
424,37.779843545,36.4262819885,36.11138174299656,33.473190671,34.05741222139438,34.33520283099409
425,37.644340103,36.460157849,36.09169810117647,33.51217823423529,34.098177304794085,34.14105965181718
426,37.5957356075,36.498452300000004,36.08430226815651,33.381873134,34.076266739521564,34.095061887397264
427,37.663487328500004,36.4410106235,36.079836506521744,33.43940144952941,34.054872025757064,34.036967074333695
428,37.8814711265,36.498452300000004,36.083827607571216,33.23770578905882,34.047412031223885,34.0830170535814
429,37.7548048655,36.501398027,36.087078024512756,33.216912422,34.0851228598997,34.13990784418422
430,37.5692240645,36.489615119,36.073996653230175,33.28501069911765,34.07558452937438,34.1312970591001
431,37.228992596,36.460157849,36.08952684378882,33.405092393882356,34.07787086347273,34.203287171931244
432,38.351314583000004,36.4851965285,36.11116295792254,33.54614073376471,34.06952725803748,34.2114708611019
433,37.868215355000004,36.474886484,36.10710280060618,33.529852596235294,34.077719754450825,34.23788923495575
434,39.025886066,36.4380648965,36.105744809085714,33.488439140176474,34.04338337464151,34.20832363694758
435,37.862323901,36.4704678935,36.1084291969587,33.505593668,34.09307100572289,34.16685307284708
436,37.4366663495,36.471940757,36.10413459942446,33.32833021382353,34.10344901845698,34.0785246696136
437,38.0110831145,36.480777938,36.102710007230215,33.38967064664706,34.10970482955877,34.04431598108338
438,36.776823501500004,36.460157849,36.09824255675,33.38273952429412,34.10688034653075,34.002871600686426
439,37.5544954295,36.4704678935,36.1027808845444,33.46210087523529,34.06616889742067,34.11567958027325
440,37.865269628,36.495506573,36.0984107744546,33.438708337294116,34.097287783540764,34.11227323146483
441,36.7414747775,36.480777938,36.09229046928058,33.391403427235296,34.117722191237974,34.049398037322
442,36.710544644,36.442483487000004,36.088780442824174,33.35657453741177,34.0355815814433,34.01837373266702
443,37.52945675,36.457212122,36.106382643305125,33.36645138676471,34.091640614388346,34.19850487869565
444,36.807753635,36.442483487000004,36.10411332951649,33.44702568411765,34.08150760445268,34.15579260225352
445,36.8121722255,36.4498478045,36.129912603946806,33.52742670341176,34.0986238521923,34.04492633321141
446,37.567751201,36.430700579,36.120905588523065,33.46920527564706,34.065676981088295,34.16559526775449
447,38.371934672,36.474886484,36.119207736956525,33.46400693388235,34.06277359513347,34.137702920515416
448,37.991935889000004,36.477832211,36.1055474181295,33.44754551829412,34.0458415625199,34.21241031409583
449,39.824178083,36.4763593475,36.108669495178574,33.47578984188235,34.060334064054054,34.16287451249755
450,38.2320126395,36.471940757,36.106402815636365,33.48965208658824,34.0709045736616,34.10657518531862
451,38.4058105325,36.4616307125,36.117996628730616,33.42103397529412,34.07408857022977,34.15635248636872
452,38.475035117000004,36.4763593475,36.12368551709268,33.45984826047059,34.11545936529471,34.151564706050955
453,38.448523574,36.4763593475,36.127034547826085,33.46643282670588,34.101882381812686,34.14284579382809
454,38.5295310665,36.4645764395,36.11992380306047,33.53037243041177,34.085159139368784,34.1237083459243
455,38.1082921055,36.4616307125,36.12887949610969,33.55740380758824,34.10654588450457,34.13545755492386
456,38.5530968825,36.415971944,36.13718146018978,33.54371484094118,34.06875696925711,34.07960983986892
457,40.382393349500006,36.4144990805,36.132703753881074,33.520149024941176,34.076670854035335,34.10668840125424
458,41.161538141,36.473413620500004,36.1249971344403,33.49918237982353,34.06904637329964,34.08495326305085
459,41.0451819245,36.477832211,36.128026022333835,33.51789641017647,34.09150592769285,34.04441783617647
460,41.177739639500004,36.477832211,36.128574507379106,33.469551831764704,34.11083968543836,33.98465835646162
461,40.283711495000006,36.457212122,36.1176033621284,33.40301305717647,34.10385319769231,34.00241272038356
462,40.333788854000005,36.4410106235,36.121600231769726,33.427791819588236,34.072970644745766,34.04217665736784
463,40.347044625500004,36.4645764395,36.12812768179104,33.495023706411764,34.092217922910216,34.05747960216216
464,40.3382074445,36.4616307125,36.11883003849624,33.42242019976471,34.079056330272564,34.00422430038768
465,40.8831669395,36.4586849855,36.12474680486574,33.431603936882354,34.11149067214458,33.976364729277655
466,41.213088363500006,36.4527935315,36.1245558996,33.51165840005883,34.09607730414052,34.01102677220911
467,40.606268601500005,36.4498478045,36.12935606066888,33.477002788294115,34.11195331312064,34.005403084630544
468,40.3116959015,36.460157849,36.13049652568872,33.517030019882355,34.122353868177136,33.96062013390204
469,40.235106999500005,36.4616307125,36.12997905668215,33.53920961141176,34.17868226802041,33.98671846276757
470,40.223324091500004,36.433646306,36.12297806890288,33.54770023629412,34.17731767788326,33.93373845180165
471,39.3690632615,36.457212122,36.127320262778284,33.541635504235295,34.15394052946104,33.9178294915493
472,39.803557994,36.467522166500004,36.133244724632355,33.51599035152941,34.12188315162921,34.10167258748024
473,40.3853390765,36.4557392585,36.13425736457014,33.46470004611765,34.09537667922427,34.183661705
474,41.073166331,36.460157849,36.13144878203062,33.396601769,34.12166185905243,34.083184289874154
475,39.8344881275,36.4233362615,36.15385574512307,33.32815693576471,34.0872338502753,34.10151104577086
476,37.8284480405,36.451320668,36.14581275122302,33.41704857994118,34.072933271262336,34.20386573882353
477,38.021393159,36.4645764395,36.15280127537561,33.53193193294118,34.09436217363636,34.0794098478835
478,36.728219006,36.417444807500004,36.14849250619748,33.37268939688236,34.118757593542476,34.0749210546907
479,36.7886064095,36.360003131,36.14497506077067,33.503341053235296,34.06036748314365,34.17603664874405
480,36.6442657865,36.445429214,36.140576516687254,33.309442905411764,34.11215468370946,33.941035750102095
481,36.539692478,36.4203905345,36.12040028796875,33.16059705288235,34.16234355273036,33.748096048940035
482,36.6707773295,36.4262819885,36.1172060270097,33.222110763764704,34.032947778078515,33.98754133780105
483,36.9152726705,36.411553353500004,36.10265082904692,33.2735743472353,34.03395072986601,34.0696008243007
484,37.393953308,36.3997704455,36.136706953538464,33.32070597923529,34.060381624347826,34.04752084594686
485,37.199535326,36.4645764395,36.15981958076923,33.57663767211765,34.05750037640829,34.13093642249308
486,37.445503530500005,36.4557392585,36.1475180234,33.47838901276471,34.075508432254296,34.08265121931677
487,37.9109283965,36.4822508015,36.170933969078945,33.45309041617647,34.07166688931147,34.03977165599007
488,40.6710745955,36.4851965285,36.15312764703054,33.434029829705885,34.07296582798516,33.963361166139535
489,38.6915460515,36.5205452525,36.14098495558015,33.37338250911765,34.07710633397546,33.997347867082475
490,37.891781171000005,36.492560846,36.12352114866759,33.32659743323529,34.08306546341373,33.934789772058664
491,37.859378174,36.507289481,36.12512603497727,33.53106554264706,34.049981281934066,34.062451745056485
492,38.097982061,36.4999251635,36.1059001158134,33.57663767211765,34.04631633949888,34.04118397779264
493,38.215811141,36.504343754000004,36.10449313130401,33.52153524941177,34.036627214068865,34.04330276417993
494,37.7106189605,36.5058166175,36.11617727340909,33.435935888352944,34.048598480736885,34.07285652457143
495,38.024338886,36.5146537985,36.10235973989064,33.410464013705884,34.069074626456405,34.09123848962109
496,38.710693277000004,36.510235208000005,36.07989127263637,33.414449409058825,34.057360004919,34.018150166
497,38.2614699095,36.489615119,36.07157415411067,33.407691564764704,34.04412167715972,34.11307242932886
498,38.0022459335,36.4969794365,36.06754843305785,33.43039099047059,34.03281059783903,34.0882478851497
499,39.1127850125,36.474886484,36.07429889751742,33.38915081247059,34.04552379424918,34.085219580523386
500,37.9197655775,36.454266395000005,36.06149049037594,33.36818416735294,34.078325419548705,34.209613731539825
501,38.6532516005,36.513180935,36.072761526015036,33.458288757941176,34.05276622929773,34.09121049662032
502,38.4146477135,36.466049303,36.0575755534994,33.39712160317647,34.046783640275194,34.05417374154639
503,38.2968186335,36.501398027,36.061761192105266,33.3354346142353,34.095557264730786,34.048323524331494
504,37.209845370500005,36.492560846,36.05958933130769,33.39746815929412,34.069728702524486,34.10666484035797
505,37.726820459,36.5117080715,36.06805668521531,33.32417154041177,34.10513626418639,34.06173007435644
506,38.857979627000006,36.492560846,36.06798639259542,33.34531146358824,34.08861300827689,34.14963820359777
507,37.9993002065,36.510235208000005,36.06339836460426,33.33214233111765,34.081383940993334,34.115544463036876
508,37.659068738,36.4999251635,36.06433123964975,33.37754118252941,34.10289124552916,34.06197949990185
509,37.446976394,36.495506573,36.05506916732825,33.47336394905882,34.08249104521053,34.07454910727876
510,38.0758891085,36.46899503,36.07116435949198,33.35050980535294,34.060150531612905,34.05529644743266
511,38.040540384500005,36.467522166500004,36.06295559704535,33.38031363147059,34.0644684256194,34.0262900178208
512,38.133330785,36.474886484,36.05894841140217,33.385858529352944,34.07992987727273,34.02069601334776
513,37.706200370000005,36.467522166500004,36.056093550763364,33.42449953647059,34.063274388035516,34.03740769405287
514,36.9712414835,36.473413620500004,36.050019265630894,33.450837801411765,34.06196387515468,34.04542930378619
515,38.006664524,36.479305074500004,36.05900350871296,33.48774602794118,34.05806393784616,34.04125732713816
516,37.391007581000004,36.492560846,36.06886612625151,33.399894052117645,34.04925634331849,34.05162418825678
517,37.043411795000004,36.507289481,36.07840512167939,33.437495390882354,34.04711904810306,34.07750633014354
518,37.965424346,36.504343754000004,36.08249656596761,33.431257380764706,34.049545943229724,34.05050323542373
519,38.994955932500005,36.5058166175,36.086318313363634,33.44200062041177,34.03387550892992,34.07044333734513
520,38.174570963,36.492560846,36.083866120479826,33.29592721682353,34.09016263181818,33.948570925983006
521,38.0081373875,36.4881422555,36.091919487534355,33.43091082464706,34.05011490983051,34.04028815509626
522,39.0126302945,36.4851965285,36.09864898051653,33.46833888535294,34.05940341675296,34.02329504456198
523,39.3130944485,36.479305074500004,36.093184611507716,33.422246921705884,34.053531248773346,33.99588489172186
524,39.582628469,36.4616307125,36.0788484582516,33.44044111788235,34.018367879305714,34.058800225877825
525,38.810847995,36.4822508015,36.079104000416955,33.41930119470588,34.04315727636364,34.05499616560221
526,38.9596072085,36.471940757,36.09211644543389,33.38533869517647,34.03943449832278,34.04127777467769
527,38.3439502655,36.477832211,36.087450348946284,33.429697878235295,34.060248153636365,34.00673921
528,38.563406927,36.471940757,36.088244258689585,33.41150368205882,34.04060114765769,34.013120555075375
529,38.704801823,36.4999251635,36.09592498080827,33.497796155352944,34.05614488406262,34.03929717379898
530,38.793173633,36.4881422555,36.069699279575026,33.397987993470586,34.0501531520602,34.06286078360585
531,38.642941556000004,36.4881422555,36.07499649318524,33.410464013705884,34.06523004291362,34.01048140185475
532,39.292474359500005,36.471940757,36.0841698337821,33.35813403994118,34.05120752419596,34.005616482838064
533,39.644488736,36.479305074500004,36.06522214727273,33.330582828588234,34.02472462326851,33.9465959
534,37.567751201,36.454266395000005,36.069183535006786,33.45031796723529,34.012861859027424,34.042238773139935
535,38.625267194,36.460157849,36.067644722394846,33.37910068505882,34.012009315135536,33.969153130569474
536,39.815340902,36.4469020775,36.0764864712987,33.51928263464706,34.00818761408125,34.0331130635533
537,38.634104375,36.454266395000005,36.06911311315565,33.45447664064706,34.00342691624132,33.95957907399103
538,38.575189835,36.457212122,36.06176449782516,33.50230138488235,34.011527449146655,34.03246769031142
539,38.0641062005,36.4557392585,36.07735993980666,33.436455722529416,34.03010538975935,34.02756700098964
540,38.3056558145,36.451320668,36.0800936054,33.39382932005883,34.02236876447761,33.95191414345638
541,38.556042609500004,36.4527935315,36.077655093368875,33.40595878417647,34.02606869421669,33.9098479816263
542,39.2276683655,36.4498478045,36.07270112149693,33.435935888352944,34.034834294670105,33.98593650061378
543,39.2365055465,36.448374941000004,36.073707863465486,33.355708147117646,34.0457191776765,33.98814375011508
544,38.642941556000004,36.421863398,36.07531865061517,33.391749983352945,34.02308708902035,33.99202793348837
545,38.3351130845,36.436592033000004,36.08352136045455,33.43333671747059,34.05212400088203,33.99537781181818
546,38.5354225205,36.4557392585,36.090923151127825,33.379967075352944,34.03789748715495,33.99265540557159
547,38.6503058735,36.4439563505,36.07969542375848,33.12351554829412,34.11245563239255,33.86146109475793
548,39.025886066,36.43953776,36.07771695040027,33.231987613117646,34.052586496681414,33.907641375431474
549,38.799065087,36.436592033000004,36.06651702113007,33.243770521117646,34.056821457751354,33.96531898403909
550,39.046506155,36.4203905345,36.07377402079484,33.32919660411765,34.030240884713194,33.991861130000004
551,39.488365205,36.454266395000005,36.06736155385607,33.29523410458824,34.038605259088875,33.93207746
552,38.7887550425,36.283414229,36.087393242685835,33.296447051,34.070890391492874,34.228695786088494
553,39.700457549,36.4851965285,36.096821537045805,33.51287134647059,34.04892812793748,34.059804013476786
554,39.5310782465,36.474886484,36.09153648931174,33.32313187205882,34.064723334956916,33.959225450777204
555,39.615031466000005,36.4704678935,36.09904193138462,33.267163059058824,34.10910857547495,33.98994033850403
556,39.763790679500005,36.4616307125,36.07857644713195,33.24446363335294,34.08253691795505,33.96674765187392
557,40.4884395215,36.467522166500004,36.088271144969234,33.45898187017647,34.06054587435364,34.03560886745424
558,40.095184967,36.463103576,36.08597951010848,33.369397113764705,34.06945763272727,33.95653327815385
559,39.196738232,36.486669392,36.092934673208795,33.45499647482353,34.07138057589443,34.018160306196215
560,40.1820839135,36.4586849855,36.08466692095455,33.41774169217647,34.06729202824225,33.98673355138952
561,39.473636570000004,36.457212122,36.09571339720455,33.44269373264706,34.05844269183254,33.95549428969866
562,39.894875531000004,36.4557392585,36.08638189949377,33.46937855370588,34.044704211165374,33.99414669913143
563,39.2394512735,36.448374941000004,36.08586653982651,33.45586286511765,34.05666318146179,33.97754267301386
564,39.980301614,36.433646306,36.0899549881263,33.45205074782353,34.047359734418265,34.00959783914676
565,39.29689295,36.4351191695,36.05600431875682,33.34548474164706,34.04081529442393,33.92320313418523
566,37.9256570315,36.448374941000004,36.06980033179752,33.41982102888235,34.02979356780328,34.03636253
567,36.660467285,36.4527935315,36.095859063179375,33.35085636147059,34.05978556870623,34.086465834735236
568,37.211318234000004,36.436592033000004,36.09462479635903,33.349123580882356,34.02523583364865,34.145909081205644
569,37.703254643,36.433646306,36.08597414647135,33.331795775,34.017033774153845,34.04389944410778
570,37.653177284,36.4469020775,36.073613006,33.33422166782353,34.00791178588236,33.9294277102001
571,38.7268947755,36.3614759945,36.081846494800004,33.37112989435294,34.022930830993474,33.989396622511485
572,39.232086956,36.418917671,36.07569864976166,33.33214233111765,34.07388264560172,33.93961193148578
573,38.320384449500004,36.4262819885,36.070545121288035,33.39157670529412,34.09483754433867,34.04684529718686
574,38.507438114,36.430700579,36.07924196135338,33.38169985594118,34.07028106238806,34.02193524966414
575,38.791700769500004,36.424809125,36.07725447160043,33.378407572823534,34.039782644545454,34.0358374549424
576,39.367590398000004,36.389460401,36.056000987428575,33.387418031882355,33.975862715775385,34.00012237987145
577,40.1791381865,36.407134763,36.06560629529851,33.39816127152941,34.01798108588148,33.99874339130574
578,39.5958842405,36.362948858,36.04012623823253,33.39937421794118,34.03987663133803,34.02242435811765
579,39.912549893000005,36.417444807500004,36.06574285659091,33.44633257188235,34.0457237588319,34.05375310592233
580,40.1202236465,36.4439563505,36.07576385428572,33.523961142235294,34.0461345725,34.053821920114885
581,40.369137578,36.3585302675,36.08696392372093,33.38360591458824,34.02136568035741,34.16129895824693
582,40.766810723,36.4557392585,36.09945435714286,33.42449953647059,34.073091103788265,33.99618161594369
583,40.892004120500005,36.436592033000004,36.09959771368984,33.52656031311765,34.06209939852941,33.92661166289121
584,40.5679741505,36.4321734425,36.083702476739134,33.497796155352944,34.05854131953914,33.96708458347267
585,39.94495289,36.445429214,36.10460786733209,33.55428480252941,34.088146093348264,34.01179415290323
586,40.380920486,36.4439563505,36.11431164630909,33.42345986811765,34.12302145882736,33.914503091247425
587,40.26898286,36.4469020775,36.110532935841526,33.41375629682353,34.07917600723296,33.91594212623056
588,41.052546242000005,36.4469020775,36.10520958252009,33.417914970235294,34.07908363853767,33.9120281383691
589,40.0937121035,36.448374941000004,36.09079269414773,33.41410285294118,34.09817321694179,33.95409890271673
590,40.366191851,36.4469020775,36.09231728144,33.40803812088235,34.077598328712874,33.90174448171181
591,40.478129477,36.4527935315,36.10310472894737,33.365931552588236,34.092539823644415,33.91211351169628
592,39.3337145375,36.480777938,36.09201525079104,33.55792364176471,34.07603142224761,34.086902893095626
593,39.105420695,36.498452300000004,36.09172695743066,33.512698068411765,34.087196689433966,34.05408353810687
594,36.67519592,36.467522166500004,36.0747585665,33.42709870735294,34.06858182206186,34.01890998778634
595,36.757676276,36.4027161725,36.0722318921968,33.531412098764704,34.216838137995886,34.12532581713873
596,36.831319451,36.401243309,36.07627701863215,33.47405706129412,34.04129207991339,34.02878735749285
597,36.816590816,36.4527935315,36.09854098007353,33.514257570941176,34.01326808698602,34.08356352639176
598,36.8327923145,36.4527935315,36.09475606890511,33.52517408864706,33.997724255357646,34.075368459423174
599,36.851939540000004,36.3820960835,36.108354516289594,33.541635504235295,34.152192984362884,34.13055886038927
600,36.781242092,36.4645764395,36.111474548226546,33.455516309000004,34.08275059635729,34.075892351173806
601,36.7856606825,36.4557392585,36.10224843489051,33.49225125747059,34.07392368218232,34.05788096322314
602,36.7002345995,36.4586849855,36.108827795268546,33.448411908588234,34.03968536283235,34.00810663965714
603,39.173172416,36.4439563505,36.09612372049104,33.446679128,34.02778388496097,34.030707444217626
604,38.6503058735,36.463103576,36.07569444851563,33.43680227864706,34.01265547074009,34.00818991763963
605,38.475035117000004,36.477832211,36.08288237638718,33.43576261029412,34.06284560778918,34.06755164117591
606,38.899219805,36.4645764395,36.09227906449259,33.44459979129412,34.04115498758336,34.039483851656975
607,39.753480635,36.4704678935,36.0860072004853,33.582009291941176,34.04586338025742,34.06849067059724
608,38.871235398500005,36.46899503,36.09828251004797,33.52673359117647,34.05172952358209,34.07720916595949
609,38.8977469415,36.4616307125,36.11246854785715,33.57005310588235,34.058261828048074,34.081773393868694
610,38.8771268525,36.4469020775,36.1140026740146,33.563641817705886,34.078630788708864,34.02657523385955
611,38.301237224000005,36.457212122,36.108530873043044,33.555671027,34.05837479585287,34.1085204681541
612,39.3513888995,36.4439563505,36.10217500602941,33.491558145235295,34.06431286577093,34.051898974376996
613,38.76666209,36.467522166500004,36.095892156704934,33.51910935658824,34.049555451514266,34.0528077138324
614,38.348368856,36.467522166500004,36.092822804132354,33.563988373823534,34.05433004052767,34.0304669170917
615,38.475035117000004,36.298142864,36.131902919261854,33.596911205,34.102646312499054,34.22130340651163
616,39.199683959,36.4586849855,36.11044947090909,33.593965478,34.058643287949884,34.21310824968388
617,40.098130694000005,36.463103576,36.11347435904851,33.60332249317647,34.06907225553677,34.11001133502146
618,39.726969092000004,36.457212122,36.10207527488,33.53089226458824,34.07042161369469,34.112366795799474
619,39.140769419,36.451320668,36.11790383588517,33.530718986529415,34.08323950776915,34.047963512890114
620,38.5324767935,36.451320668,36.11646704981004,33.58374207252941,34.0825661409783,34.04040858130603
621,39.211466867,36.454266395000005,36.121969322582544,33.56381509576471,34.06403923679273,34.09459544697816
622,39.3278230835,36.460157849,36.107494509655176,33.487226193764705,34.04068402595119,34.05568567423581
623,40.045107608,36.480777938,36.1186147259403,33.508712673058824,34.1076484408506,34.11386828783374
624,39.485419478,36.457212122,36.11473838369403,33.56294870547059,34.081621458916814,34.08896359921252
625,38.984645888,36.46899503,36.10407661059702,33.55203218776471,34.10356456382257,34.07562509832414
626,39.329295947000006,36.4616307125,36.1112019372,33.64092383194118,34.10889566527042,34.08848218341906
627,39.267435680000006,36.460157849,36.121305728857145,33.65426624247059,34.12193309070287,34.0857177790625
628,39.438287846,36.460157849,36.12565255462687,33.62359602605883,34.10884351549443,34.05704558471572
629,39.2630170895,36.460157849,36.113010589333335,33.63503237794118,34.11159084963019,34.05798639576714
630,38.177516690000004,36.377677493,36.12181819184,33.60418888347059,34.14382166281864,34.35758705270017
631,39.9169684835,36.46899503,36.115704171800004,33.59795087335294,34.17422209629856,34.16546202012987
632,39.0892191965,36.4645764395,36.10978710278261,33.618051128176475,34.083021427215655,34.11297870810235
633,37.903564079,36.4586849855,36.10184166847015,33.549086460764705,34.07500126873555,34.161445016
634,37.650231557000005,36.467522166500004,36.10964855174299,33.62168996741177,34.0613114230616,34.20492186156884
635,37.7783706815,36.474886484,36.112079223450415,33.54614073376471,34.05883678456376,34.18603360348777
636,37.433720622500005,36.460157849,36.09472803472899,33.53193193294118,34.05391687964153,34.09599203029001
637,37.427829168500004,36.467522166500004,36.10706927881955,33.585474853117645,34.066860496002995,34.11458532046969
638,37.656123011000005,36.4763593475,36.102862152073044,33.61163984,34.064342193469386,34.137375086755604
639,37.712091824,36.463103576,36.09343329443609,33.517376576000004,34.082493998871875,34.11366726019968
640,37.0831791095,36.460157849,36.09499038868079,33.493464203882354,34.086047560928655,34.153772944488274
641,37.7901535895,36.473413620500004,36.0930850919403,33.53106554264706,34.081001857331344,34.19874944961256
642,37.897672625,36.474886484,36.079411642731344,33.52153524941177,34.07777496190546,34.1685135811465
643,38.212865414,36.471940757,36.076398919808106,33.632259929,34.06479304508969,34.27676964937799
644,37.8961997615,36.479305074500004,36.07689587969925,33.58616796535294,34.07177750369231,34.10889276944079
645,39.193792505000005,36.463103576,36.07789993702256,33.578023896588235,34.06507138892857,34.117847599425836
646,37.7489134115,36.460157849,36.08071160838148,33.61510540117647,34.066012286427,34.02530317331906
647,38.3734075355,36.389460401,36.08609505102041,33.64023071970588,34.077202875432526,34.316512538935235
648,38.642941556000004,36.4616307125,36.10409024348837,33.65825163782353,34.090779313481306,34.16626474896211
649,38.787282179,36.466049303,36.075566980300756,33.61510540117647,34.059641689591764,34.06599207017223
650,39.2158854575,36.460157849,36.07094817336567,33.559656422352944,34.03994411613534,34.06820398429409
651,37.930075622000004,36.471940757,36.0785068671956,33.62532880664706,34.054383492702705,34.045588454573036
652,38.3292216305,36.495506573,36.082070433244304,33.57906356494118,34.033999007042254,33.97979840513619
653,39.055343336,36.4969794365,36.064826896702854,33.55515119282353,34.05171715726186,34.029968898208956
654,37.6251928775,36.4999251635,36.07161384017088,33.59621809276471,34.04746897119788,34.03674556393531
655,38.080307699,36.4999251635,36.068832606054265,33.55549774894118,34.0579147680442,34.03109611184466
656,38.327748767,36.471940757,36.05569299228145,33.560349534588234,34.04363496397261,34.0083924453125
657,39.3189859025,36.4851965285,36.07228913864179,33.60124315647059,34.031968958715595,34.001555154351145
658,37.978680117500005,36.510235208000005,36.069930392513896,33.59951037588235,34.07323988769634,34.00163978884106
659,39.0303046565,36.483723665,36.072558363,33.61406573282353,34.05244568130483,34.049625893780686
660,39.4574350715,36.492560846,36.06800445135666,33.61493212311765,34.04758532923077,34.06595354589198
661,39.4868923415,36.489615119,36.08518304400376,33.68476318082353,34.05679176406215,34.08285899473337
662,39.6960389585,36.489615119,36.08427189243555,33.68441662470588,34.06571126847851,34.03453104656472
663,39.6606902345,36.486669392,36.08727392381571,33.70035820611765,34.06787154590634,34.074880448634644
664,38.8241037665,36.486669392,36.08443843059702,33.70191770864706,34.068482120750275,34.04577467679454
665,40.2675099965,36.498452300000004,36.103769178646616,33.70971522129412,34.057669145647765,34.0939831126087
666,39.354334626500005,36.510235208000005,36.10572837309091,33.668475043294116,34.060107753527674,33.99164799434783
667,40.852236806,36.4881422555,36.11479595831557,33.720631739,34.085085601204824,34.070173723099515
668,39.2983658135,36.4940337095,36.111702305358854,33.701744430588235,34.074752869620255,34.06917297053581
669,41.117352236,36.4851965285,36.102460414087496,33.72704302717647,34.08622795349452,34.06938020078261
670,40.5090596105,36.480777938,36.102050348027255,33.735880208176475,34.067690143678334,34.137513576069736
671,40.3323159905,36.480777938,36.10876250208696,33.726523193,34.08269334420818,34.08404544098257
672,39.603248558000004,36.4557392585,36.09484094342857,33.69689264494118,34.09040388774571,34.02229670901454
673,41.111460782,36.4616307125,36.10536614052174,33.72669647105882,34.07045247732189,34.143370115652175
674,39.777046451000004,36.4616307125,36.09694078345455,33.71422045082353,34.081538085733044,34.106988369279826
675,40.3205330825,36.4616307125,36.10585436926671,33.706942772352946,34.070024232791994,34.14903806931306
676,40.501695293,36.4645764395,36.100915240469085,33.70728932847059,34.07034105109866,34.13906376056114
677,40.718206227500005,36.466049303,36.10249383191045,33.69152102511765,34.06542603322034,34.09362012448059
678,40.6121600555,36.486669392,36.096405196727275,33.73605348623529,34.072205820948405,34.08328255634349
679,41.235181316,36.491087982500005,36.10603023356522,33.749222618705886,34.05973023557692,34.095964490432
680,41.350064669000005,36.466049303,36.097924005167116,33.74298460858824,34.04062432379502,34.05630360639663
681,39.376427579,36.4763593475,36.11630717317504,33.73120170058824,34.107166421818185,34.094827947693965
682,40.1909210945,36.504343754000004,36.12253484894053,33.76464436594118,34.075286811597636,34.133878054403816
683,40.566501287,36.5146537985,36.12168397667378,33.76343141952941,34.07298466727273,34.109534147969924
684,40.644563052500004,36.523490979500004,36.11316707763636,33.77244187858824,34.07373867726477,34.09059323
685,40.422160664,36.519072389,36.11073147552917,33.77850661064706,34.07292862004469,34.112179022015916
686,39.6135586025,36.501398027,36.10393005701493,33.75875291194118,34.08743668077514,34.05303182557682
687,40.9244071175,36.4940337095,36.09787310109091,33.76828320517647,34.08428228064207,34.073277120412044
688,41.314715945,36.5028708905,36.11471658233471,33.79028951864706,34.070629356889896,34.24865715941361
689,40.3853390765,36.3850418105,36.12961944595906,33.77712038617647,34.09226310984616,34.27618430561786
690,39.464799389,36.507289481,36.1263633395,33.76031241447059,34.08490176076438,34.149587940063896
691,40.0966578305,36.507289481,36.119652690504836,33.78924985029412,34.087044378267066,34.11593094724882
692,39.685728914,36.501398027,36.10940693367054,33.77278843470588,34.066848439325845,34.108681564018696
693,40.1761924595,36.4881422555,36.098895976869564,33.77192204441177,34.0464101265664,34.10812763866804
694,39.871309715,36.5028708905,36.099080465753055,33.76135208282353,34.073431820260396,34.027222680561984
695,39.335187401,36.486669392,36.0913464335346,33.74887606258824,34.08006797945448,34.08455013429178
696,39.404411985500005,36.477832211,36.09463563198711,33.70780916264706,34.06308033425743,34.00734493463362
697,40.0230146555,36.491087982500005,36.09632259379919,33.757713243588235,34.073571347593706,34.05617975996711
698,39.055343336,36.501398027,36.08060836055854,33.72149812929412,34.08150419598208,33.990177356850396
699,39.0479790185,36.4586849855,36.09382089009399,33.71214111411765,34.07331047556291,34.05540237884534
700,39.38526476,36.489615119,36.09512351903663,33.72704302717647,34.070216672974205,34.008227376039606
701,39.7932479495,36.5028708905,36.09754751328093,33.79878014352941,34.0731151523884,34.02510517570022
702,40.3146416285,36.5087623445,36.09985951809742,33.729642198058826,34.07638116713812,34.052436080581586
703,40.522315382,36.5087623445,36.092014613601556,33.78058594735294,34.1037760685558,34.04320736702023
704,40.613632919,36.4969794365,36.094224212964725,33.761871917,34.04889513630111,34.04965944297919
705,39.292474359500005,36.486669392,36.09847571500325,33.71283422635294,34.06134759404682,34.013714363405676
706,39.67983746,36.486669392,36.097443468033745,33.72825597358823,34.05649081585511,34.02243105302351
707,40.2527813615,36.4881422555,36.09321502110494,33.60418888347059,34.09657547946309,33.9617512606281
708,40.448672207,36.483723665,36.08345078689163,33.71006177741177,34.05318927905405,33.99591820346972
709,38.831468084,36.4469020775,36.08490357892278,33.74800967229412,34.05839929926312,34.05554364626898
710,39.735806273,36.4851965285,36.0921010893177,33.738999213235296,34.098492370287204,33.99501778122071
711,40.4177420735,36.498452300000004,36.089520423984965,33.771055654117646,34.10284338816113,34.06029176865574
712,40.637198735,36.4881422555,36.080694652727274,33.73484053982353,34.08024008488006,34.04736060551268
713,39.9434800265,36.4851965285,36.073166548565865,33.75875291194118,34.08731614269245,34.02201771739131
714,39.961154388500006,36.4940337095,36.079957250711466,33.688055463941176,34.09421689673989,33.987984451162795
715,39.423559211000004,36.4851965285,36.09147937443219,33.73570693011765,34.10623922155231,33.98559213073684
716,39.4485978905,36.4851965285,36.085422984172936,33.740038881588234,34.08199511097876,34.00545223653406
717,40.522315382,36.4851965285,36.077186959355224,33.79791375323529,34.091287061481765,34.04446407236422
718,39.921387074,36.4940337095,36.05971247219925,33.72201796347059,34.09874998594472,33.98877655400328
719,39.394101941,36.498452300000004,36.05864437733246,33.77330826888235,34.09190049810691,34.03382317115238
720,39.102474968,36.4940337095,36.05594331672291,33.76429780982353,34.1006523422,34.000028756
721,40.221851228,36.473413620500004,36.071768207272726,33.78145233764706,34.08356577090909,34.10477636
722,39.800612267000005,36.516126662000005,36.07496568792969,33.75390112629412,34.125063449466516,34.152812924869764
723,40.646035916,36.483723665,36.08354037669173,33.78145233764706,34.08221240337414,34.20468848074534
724,39.706349003,36.4881422555,36.069597458037194,33.76828320517647,34.08202628,34.05947549008338
725,40.699059002,36.480777938,36.07196077894159,33.76724353682353,34.076431704158416,34.083778370434786
726,40.145262326,36.454266395000005,36.064786902947695,33.740038881588234,34.1058932,34.050495654229934
727,40.26898286,36.480777938,36.05908521602273,33.75320801405883,34.0624997225,34.06097215904658
728,40.218905501,36.463103576,36.063948641054544,33.70746260652941,34.06190594272124,34.00821773689234
729,40.159990961000005,36.495506573,36.05340017187786,33.69256069347059,34.069282331631044,34.023522549163
730,40.196812548500006,36.504343754000004,36.06360153179389,33.740038881588234,34.08493421399466,34.05253796668167
731,39.959681525,36.492560846,36.06079897910839,33.68684251752941,34.073956546959764,34.0101967031
732,40.1378980085,36.4763593475,36.04343714595489,33.689268410352945,34.077101704418176,33.98329543561058
733,39.8521624895,36.4822508015,36.054919541477275,33.68389679052941,34.10735511090909,33.949527173633804
734,39.718131911,36.5087623445,36.065536861695804,33.69464003017647,34.11921791873669,34.01457797217195
735,39.833015264,36.510235208000005,36.06580071318182,33.699318537764704,34.111139307785585,34.036191311128405
736,39.76820927,36.504343754000004,36.055895987969926,33.681470897705886,34.12437025546126,34.01138838356818
737,40.345571762000006,36.510235208000005,36.06365175409091,33.68788218588235,34.0923013769697,33.96746191247557
738,39.79766654,36.5087623445,36.08320937502367,33.68788218588235,34.12081563448972,33.94182754440678
739,40.165882415,36.477832211,36.08831790528626,33.72167140735294,34.09474788424242,34.006314538053694
740,39.4397607095,36.477832211,36.07120228405414,33.699318537764704,34.06833229627106,33.96666883021158
741,39.953790071,36.473413620500004,36.08180542469925,33.73640004235294,34.08558725222181,33.98084200752232
742,39.4220863475,36.483723665,36.07188837096154,33.724097300176474,34.08591064101783,34.01918832183306
743,39.8285966735,36.4851965285,36.07018748255682,33.688402020058824,34.09879000650842,33.96408376772551
744,39.4515436175,36.486669392,36.05525239038168,33.65842491588236,34.13042243363229,34.04682807325112
745,38.9478243005,36.483723665,36.06452405346154,33.535744050235294,34.12883494816923,34.05239484240087
746,39.759372089,36.479305074500004,36.04334640494545,33.68164417576471,34.09757665524229,33.970909906323214
747,38.911002713,36.480777938,36.03484842887273,33.64456267117647,34.09843130739179,34.01771764546162
748,39.9051855755,36.457212122,36.04318572892727,33.63277976317647,34.06579851473013,33.99922174727273
749,39.3042572675,36.466049303,36.053245832954545,33.60488199570588,34.099855156287965,34.03870607794118
750,39.900766985000004,36.4616307125,36.04795222533295,33.63780482688235,34.05206407094465,34.05349889
751,39.9140227565,36.4616307125,36.04367339473684,33.64213677835294,34.06483707688341,34.05550084038835
752,39.682783187,36.4616307125,36.03600886678182,33.65981114035294,34.08460982410928,34.03768130573125
753,40.109913602000006,36.460157849,36.041511276534095,33.61510540117647,34.08126296393515,34.00671951718047
754,40.322005946000004,36.4469020775,36.027470721704546,33.62359602605883,34.08711431846954,34.01215420727273
755,39.9051855755,36.457212122,36.036728475615384,33.63191337288235,34.08696136420053,34.02899766208357
756,39.656271644,36.457212122,36.02960949122138,33.63070042647059,34.0972873205922,33.97410260556701
757,39.782937905,36.3261272705,36.047018546240004,33.65547918888235,34.087566863130434,34.087511941652025
758,40.2409984535,36.457212122,36.04195244455795,33.697412479117645,34.075198329351146,34.07214189195946
759,39.974410160000005,36.4586849855,36.03654163463158,33.63728499270589,34.02404162,34.00350980472808
760,40.195339685,36.457212122,36.02238480741936,33.54770023629412,34.06285738302772,33.88735008852391
761,39.9287513915,36.4469020775,36.032411908955225,33.71283422635294,34.023913265882356,33.97845742686709
762,40.245417044,36.4586849855,36.04138682786207,33.688402020058824,34.0087636042984,33.936008753483264
763,39.3219316295,36.4645764395,36.03147990921659,33.68597612723529,34.01966183102851,34.06461115264931
764,40.7358805895,36.477832211,36.0437775192,33.65565246694118,34.06497601319031,33.91365628773498
765,40.2056497295,36.4763593475,36.06359750050952,33.71092816770589,34.092716782563926,34.00314627204956
766,40.481075204,36.46899503,36.05248536498479,33.67072765805882,34.101142463342676,33.903984805733266
767,40.1526266435,36.473413620500004,36.06120010124812,33.63416598764706,34.10007931161153,33.93934610232608
768,40.7005318655,36.486669392,36.06040802289655,33.618051128176475,34.111654918285716,33.95409219501574
769,38.575189835,36.504343754000004,36.06313781682938,33.70399704535294,34.10417885577294,34.07634834471698
770,36.633955742,36.445429214,36.0695558616187,33.66050425258824,34.12622312959917,34.030019756986306
771,38.7445691375,36.46899503,36.07062814494565,33.721324851235295,34.09312475421088,34.04797274949028
772,38.133330785,36.5028708905,36.064242654131554,33.744197555,34.06288261789223,34.11418865989221
773,36.770932047500004,36.451320668,36.0602783521223,33.628967645882355,34.05210872603514,34.15229190400944
774,36.826900860500004,36.3968247185,36.04659314260342,33.71803256811765,34.05967107255222,34.00035708452393
775,36.826900860500004,36.3438016325,36.092514087027425,33.74610361364706,34.05883397124192,33.9442582546256
776,36.807753635,36.362948858,36.096718173333336,33.60210954676471,34.02524758877181,34.11152987860781
777,36.793025,36.442483487000004,36.06685055574468,33.75043556511765,34.03276760593091,33.99725676212371
778,36.6678316025,36.4763593475,36.049368501505015,33.73709315458824,34.0498508704702,34.03833485192661
779,36.709071780500004,36.43953776,36.060413835770674,33.69498658629412,34.1860369406008,33.95204628536332
780,36.7503119585,36.436592033000004,36.046458992750416,33.69567969852941,34.07941010983317,33.800166368
781,36.7679863205,36.463103576,36.068068344805994,33.71283422635294,34.021715261181235,33.91635331625585
782,36.6737230565,36.467522166500004,36.05575581704572,33.65825163782353,34.04502009121662,33.918628414132236
783,36.663413012,36.467522166500004,36.04993572458204,33.668475043294116,34.073863682660004,33.90231761726184
784,36.7414747775,36.43953776,36.07365999995956,33.67973811711765,34.0716029398461,33.811777402139384
785,36.647211513500004,36.4763593475,36.04586597017415,33.61666490370588,34.05061284063102,33.85128197504098
786,36.7002345995,36.4351191695,36.0471467,33.61649162564706,34.036766186510505,33.867765670179516
787,36.6619401485,36.4439563505,36.05700920631579,33.632259929,34.070839273964744,33.895150260493565
788,36.654575831,36.4410106235,36.04880032142857,33.59587153664706,34.09086200813284,33.87640036313253
789,36.6177542435,36.4704678935,36.04879704019549,33.600376766176474,34.093323524060914,33.91546020404699
790,36.622172834,36.463103576,36.0442196,33.61077344970588,34.02921762605835,33.86746295521459
791,36.7179089615,36.445429214,36.0584234656647,33.69533314241177,34.043859839732015,33.93559058119419
792,36.648684377,36.46899503,36.05000646225113,33.64941445682353,34.02969010603454,33.978563169566634
793,36.7444205045,36.4645764395,36.06534249885075,33.697412479117645,34.02226622513336,34.02631940263323
794,36.7944978635,36.4439563505,36.068974162729326,33.67072765805882,34.03076300056348,34.04971993422713
795,36.9300013055,36.5500025225,36.22123427069768,33.94623977158824,34.38512667385109,34.19433911984733
796,36.956512848500005,36.533801024,36.22178692045455,33.92821885347059,34.311639282136134,34.23392854063091
797,36.9535671215,36.560312567000004,36.206686732189,33.87779493835294,34.29426687796382,34.18875648891207
798,36.946202804,36.530855297,36.21488525409091,33.738132822941175,34.282420943096774,34.21857487635114
799,36.96976862,36.5882969735,36.21759046680988,33.834821979764705,34.330034348586956,34.1389863423125
800,36.955039985,36.5794597925,36.21776983577693,33.923713623941175,34.30875178269912,34.23415160912826
801,36.966822893,36.5735683385,36.205208499398495,33.825811520705884,34.300674421597655,34.22984465384117
802,36.955039985,36.5824055195,36.205105112377865,33.71491356305882,34.305777585483995,34.14301900722253
803,36.943257077,36.5735683385,36.21755937765909,33.95559678676471,34.341126208629696,34.12098917564726
804,36.9741872105,36.572095475,36.21679061313433,33.91522299905883,34.32164943744531,34.14964213083744
805,36.9535671215,36.669304466,36.24059662948506,33.50195482876471,34.35829559092784,34.5365785667146
806,36.9712414835,36.5765140655,36.23389310944544,33.898588305411764,34.27264226127858,34.31896903261084
807,36.9712414835,36.5647311575,36.225202712603554,33.959755460176474,34.31365355769002,34.26286407146179
808,36.9653500295,36.5647311575,36.21687157505224,33.95161139141177,34.31569981978799,34.14005540605042
809,36.972714347,36.5882969735,36.2179592119936,33.825464964588235,34.30891549262969,34.160234522229615
810,36.960931439,36.575041202,36.22448294270677,33.90759876447059,34.32799438852781,34.118644775576925
811,36.9771329375,36.5794597925,36.22402508086108,33.879874275058825,34.29292421278124,34.13151245863561
812,36.9800786645,36.5794597925,36.23346111669173,33.944506991000004,34.3012603071372,34.161869514357264
813,36.981551528000004,36.5706226115,36.230148992000004,33.965300358058826,34.309618944464724,34.11174058984958
814,36.9977530265,36.560312567000004,36.226784852537314,33.89061751470588,34.272688642267056,34.18636927993296
815,36.981551528000004,36.5058166175,36.22546314106391,33.964433967764705,34.301314188290384,34.20234185622056
816,36.993334436,36.55736684,36.22299948074627,33.891483905,34.28589590032668,34.13175605210702
817,36.972714347,36.5558939765,36.213785970800004,33.93878881505883,34.29063859843913,34.13285316836735
818,36.9771329375,36.524963843,36.211830668000005,33.97535048547059,34.32390692899786,34.08943542346939
819,36.9771329375,36.5264367065,36.21486109697794,33.98141521752942,34.293631704674496,34.11891063880597
820,36.9771329375,36.535273887500004,36.21938716539535,33.94069487370588,34.2728568233037,34.12289435921547
821,36.9918615725,36.533801024,36.21391528757353,33.90985137923529,34.26508742728796,34.2206194750416
822,36.9889158455,36.522018116,36.22656609450746,33.95732956735294,34.27185340516267,34.2228127319
823,36.9594585755,36.5323281605,36.21120370462687,33.895989134529415,34.23359813268205,34.283592899
824,36.931474169,36.55736684,36.2054833847,33.94797255217647,34.237187891370304,34.22170754
825,36.9182183975,36.566204021000004,36.19999771731344,33.939308649235294,34.213093527572816,34.21202897475447
826,36.9358927595,36.5558939765,36.185327108,33.94052159564706,34.2585376756534,34.08836329402027
827,36.934419896,36.58682411,36.19869385786453,33.87744838223529,34.19234420477098,34.17887270507795
828,36.950621394500004,36.5794597925,36.20488760268657,33.90014780794118,34.190860340840516,34.19516659864388
829,36.960931439,36.5824055195,36.208611187078894,33.81506828105883,34.234478265970154,34.20285857248511
830,36.950621394500004,36.6855059645,36.228323039492416,33.997530077,34.32065811248869,34.432757495412005
831,36.875505356000005,36.610389926,36.21301680875,33.94294748847059,34.292951022994764,34.198836645395346
832,36.8681410385,36.529382433500004,36.19932153263875,33.9039599252353,34.34808168156218,34.126954764439304
833,36.922636988,36.589769837,36.19675196855372,33.94727943994118,34.267717263100884,34.185237888062886
834,36.9358927595,36.5824055195,36.20531986796192,33.97950915888235,34.22740375074022,34.149250923153346
835,36.96976862,36.601552745,36.203663002426474,33.99059895464706,34.18892529302822,34.105890407027616
836,36.96976862,36.5765140655,36.20056215982361,33.986786837352945,34.197249559444444,34.12631087792325
837,36.96976862,36.601552745,36.22412311458065,34.006020701882356,34.21928766826498,34.19698962537815
838,36.960931439,36.610389926,36.2127095076,34.02092261494118,34.2064556109451,34.20734908820653
839,36.96976862,36.5882969735,36.218999508036056,34.03131929847059,34.221685090782124,34.086989100559045
840,36.956512848500005,36.613335653,36.21609690092166,33.995797296411766,34.22049345630528,34.122278350058345
841,36.9476756675,36.58682411,36.21557804270968,34.05852395370589,34.26852870966387,34.04243293142857
842,36.9270555785,36.5971341545,36.21380370700535,34.044315152882355,34.25183777106004,33.96453162983353
843,36.9182183975,36.583878383,36.206568411741934,34.04986005076471,34.246107339025954,34.09467701640726
844,36.966822893,36.575041202,36.217050469593985,33.9776031002353,34.18911329020645,34.23518662926057
845,36.966822893,36.6089170625,36.209263362414774,34.00740692635294,34.23612566325467,34.132177642660444
846,36.9388384865,36.5971341545,36.209918868258065,34.019709668529416,34.29782823098355,34.025919651381344
847,36.934419896,36.5794597925,36.2172537962494,34.05748428535294,34.245513559320116,34.21331363954306
848,36.9300013055,36.577986929,36.214898181107955,34.035824528,34.24210385765383,34.28677510670157
849,36.922636988,36.604498472,36.219154798462284,34.01867000017647,34.25837325533238,34.24913245922626
850,36.9152726705,36.589769837,36.21457472522424,34.011392321705884,34.282773922679354,34.213753623500004
851,36.919691261000004,36.5824055195,36.21246094863027,34.03270552294118,34.26881223301826,34.17978704275821
852,36.934419896,36.5323281605,36.20779571800587,34.022828673588236,34.24830563765532,34.12870445893921
853,36.9476756675,36.572095475,36.211881214206734,34.027160625058826,34.21825171875591,34.28148913872792
854,36.9329470325,36.5824055195,36.2017316740625,34.047607436,34.23849719087769,34.0920391150786
855,36.9270555785,36.5735683385,36.19162839693846,34.057657563411766,34.225259020889666,34.16978497014286
856,36.9034897625,36.5617854305,36.19403431305845,33.95455711841176,34.286153284134116,34.046881677173914
857,36.946202804,36.5500025225,36.20614096618182,34.02074933688235,34.218668518808514,34.204033575055135
858,36.91085408,36.569149748,36.192837078807734,34.020056224647064,34.248571246444996,34.07281918579137
859,36.925582715000004,36.5470567955,36.18445129367939,34.01780360988236,34.24912005626761,34.11933432342385
860,36.9211641245,36.575041202,36.18836246231818,33.990252398529414,34.26939643745636,34.11195573469236
861,36.888761127500004,36.575041202,36.186626056142856,34.01745705376471,34.24908733225603,34.18282656226023
862,36.922636988,36.554421113000004,36.181812881709924,33.978989324705886,34.21777541973174,34.20459778043956
863,36.925582715000004,36.5794597925,36.16688102263323,34.038423698882355,34.22075730994448,34.181981248176996
864,36.916745534,36.5765140655,36.16614205261194,34.002728418764704,34.23416206444445,34.056239101162795
865,36.919691261000004,36.569149748,36.17859996201711,34.01208543394118,34.239781625947046,34.10242851700845
866,36.922636988,36.551475386,36.17592688851439,34.019709668529416,34.24688069691345,34.066348416038885
867,36.9152726705,36.5588397035,36.185533268445624,33.99215845717647,34.24648490662099,34.1860925285
868,36.9152726705,36.530855297,36.17008662792208,34.01641738541176,34.2346667992332,34.08581855154982
869,36.913799807000004,36.5941884275,36.19414165950413,34.03045290817647,34.26087252690554,34.389701285619836
870,36.925582715000004,36.548529659,36.206203201450386,34.020402780764705,34.23813893136561,34.25350359562069
871,36.931474169,36.577986929,36.20803504732546,34.06770769082353,34.23478503592633,34.29245171986777
872,36.928528442,36.5470567955,36.21288366671937,34.061123124588235,34.23789487829521,34.282549022134255
873,36.94031135,36.5323281605,36.202308545600005,34.01433804870588,34.229286732737876,34.20853356015064
874,36.919691261000004,36.545583932,36.17174607426692,34.038077142764706,34.24000706843457,34.155280738654184
875,36.9241098515,36.566204021000004,36.17198629622138,34.06718785664706,34.21976695167852,34.28698651431579
876,36.9329470325,36.589769837,36.17640400089091,34.00810003858824,34.21015026803468,34.21154414894892
877,36.9388384865,36.5765140655,36.182599490965416,34.08174321358824,34.208780037257554,34.25093031686207
878,36.9329470325,36.619227107,36.16970580984616,34.05107299717647,34.21364300879863,34.17288872886782
879,36.9358927595,36.595661291,36.181786647500005,34.08208976970588,34.225725524672896,34.167233908745764
880,36.9241098515,36.5882969735,36.17383918268665,34.06926719335294,34.23226458545015,34.12459091575058
881,36.937365623000005,36.592715564,36.181863770620694,34.09075367264706,34.25166135398964,34.10030032251328
882,36.9241098515,36.545583932,36.181456369018186,34.03426502547059,34.20993539799506,34.184214423842015
883,36.9211641245,36.563258294,36.17654682401818,34.032532244882354,34.21338357415917,34.23653679846154
884,36.934419896,36.5441110685,36.1727288219403,34.02854684952941,34.19184806260962,34.239217902046356
885,36.925582715000004,36.542638205,36.16704775864662,34.083475994176474,34.217191820759496,34.14749002325135
886,36.9241098515,36.548529659,36.166914277256026,34.06077656847059,34.203304881314324,34.19950520264067
887,36.9270555785,36.575041202,36.16857975505834,34.08798122370588,34.23781082521468,34.10208929111244
888,36.922636988,36.5794597925,36.16288856308955,34.04986005076471,34.2669468074551,34.089864591178575
889,36.899071172,36.566204021000004,36.171930919104476,34.07463881317647,34.270061232477126,34.086524617885985
890,36.9329470325,36.5441110685,36.17462904768421,34.06181623682353,34.24645272366864,34.100471293513515
891,36.9300013055,36.524963843,36.179772001937536,34.05401872417647,34.246897631963726,34.1385102832767
892,36.922636988,36.519072389,36.18733163844254,34.07221292035294,34.25196661067358,34.18781389601476
893,36.9476756675,36.569149748,36.17934242182062,33.994584350000004,34.22375157471579,34.15168382094833
894,36.943257077,36.5765140655,36.16981260454199,34.06805424694118,34.23662614544806,34.10257069378687
895,36.922636988,36.522018116,36.22190464378571,34.002035306529415,34.25002270163223,34.0733806244517
896,36.9388384865,36.4940337095,36.209307843857495,34.00758020441177,34.20216711391477,33.96609642343693
897,36.787133546,36.5529482495,36.19632297313364,33.93722931252941,34.25265122161826,34.06386525267661
898,36.913799807000004,36.5441110685,36.17439492788837,34.08676827729412,34.22146646086529,34.18383220580485
899,36.9152726705,36.5765140655,36.187770155468755,34.10080380005883,34.303371417018155,34.09317420635537
900,36.919691261000004,36.5824055195,36.19549645962782,34.097511516941175,34.27023850459187,34.05332642354801
901,36.8917068545,36.5941884275,36.17336100188971,34.03963664529412,34.214655428035364,34.06631811077999
902,36.9093812165,36.5588397035,36.169630238229665,34.00307497488235,34.23457017099373,34.21334187262104
903,36.8799239465,36.5500025225,36.171661669500175,34.001168916235294,34.213220823008854,34.247502397849246
904,36.922636988,36.5706226115,36.16716115420168,34.04691432376471,34.23878211344521,34.15478107515121
905,36.912326943500005,36.5617854305,36.16630167718919,34.05384544611765,34.21299509387064,34.07509679458051
906,36.790079273,36.5676768845,36.18601958293698,34.01208543394118,34.213419924481926,33.93476583028571
907,38.5354225205,36.5676768845,36.180932691050515,34.03114602041177,34.2043853376995,33.97670294009585
908,38.5089109775,36.5882969735,36.15407910844292,34.01763033182353,34.225646114356756,34.161591960613436
909,38.227594049000004,36.598607018,36.16097322050517,34.015377717058826,34.25804523017419,34.18924138726108
910,38.9772815705,36.604498472,36.17369499,34.03547797188235,34.233036051528664,34.29984961733129
911,38.878599716000004,36.5765140655,36.17960713441636,34.01416477064706,34.2886342661427,34.12979725454247
912,38.550151155500004,36.583878383,36.19351826174627,34.04292892841177,34.28620701638158,34.22725217580482
913,37.9934087525,36.598607018,36.19802756386001,33.996143852529414,34.30434858495715,34.142710895949804
914,37.9580600285,36.592715564,36.17767313229202,33.934976697764704,34.33124344337323,34.131198257934535
915,37.7665877735,36.58682411,36.19484181393548,34.04500826511765,34.27758682987004,34.188182300753
916,38.1436408295,36.610389926,36.19011853956204,34.03617108411765,34.265624971746604,34.17906111132636
917,38.572244108,36.5765140655,36.193082120387096,34.022308839411764,34.249334396697975,34.16643484488294
918,38.663561645,36.58682411,36.183063308380476,34.01867000017647,34.2777613245897,34.12820698299222
919,38.2467412745,36.572095475,36.191227753499135,34.003594809058825,34.258895919131064,34.07360250944603
920,38.922785621,36.577986929,36.18890432834693,34.085901887,34.22612848492241,34.13602220107684
921,38.857979627000006,36.591242700500004,36.19102814397059,33.997356798941176,34.276166182007195,34.07443165393296
922,38.622321467000006,36.577986929,36.182016782421876,34.026294234764705,34.24749004426332,34.13010079741722
923,38.1583694645,36.613335653,36.19382135017923,34.05731100729412,34.260946208913964,34.08881506453039
924,37.211318234000004,36.5117080715,36.20297300788352,34.04882038241177,34.284131474394385,34.34979625451991
925,38.433794939,36.5794597925,36.21650620107038,34.05228594358824,34.32284928506178,34.367479120234904
926,37.5220924325,36.583878383,36.20622325111111,34.026987347,34.247761720321876,34.241803276080724
927,36.784187819,36.58682411,36.19819807903281,34.04362204064706,34.25036488007977,34.18406448363636
928,38.4441049835,36.595661291,36.195819152985074,34.081569935529416,34.25153759193658,34.32380156605123
929,37.73565764,36.631010015,36.19209370444726,34.066321466352946,34.22016302424309,34.228496538042414
930,36.8416294955,36.5706226115,36.19171659819355,34.059217065941176,34.19288098387755,34.32746101357374
931,36.890233991,36.592715564,36.19484073754123,34.05384544611765,34.190333014491245,34.229214361518004
932,36.8062807715,36.595661291,36.197577309312145,34.0276804592353,34.27019790695939,34.142204304416765
933,36.975660074000004,36.589769837,36.19448402748507,33.98262816394118,34.21296993730171,34.23737113626053
934,36.7738777745,36.607444199,36.19008524408582,34.02369506388236,34.27071328169403,34.24399573870861
935,36.813645089000005,36.613335653,36.18560694219355,34.009486263058825,34.20164418095701,34.270883229332604
936,36.7473662315,36.6089170625,36.17519752131579,33.9658201922353,34.24392532476332,34.18885694558609
937,36.890233991,36.6059713355,36.17573323747116,34.03339863517647,34.22186195482797,34.179421346740824
938,36.801862181000004,36.595661291,36.1747663379109,33.98730667152941,34.19292258522557,34.17011257775245
939,36.848993813,36.604498472,36.169463510369525,34.027853737294116,34.21584411345292,34.15862502671781
940,36.7444205045,36.5882969735,36.17013571651613,33.996143852529414,34.213395710100336,34.12431696044181
941,36.748839095,36.589769837,36.16491466636194,33.96616674835294,34.2223562265516,34.024458770882354
942,36.654575831,36.5824055195,36.16415791979794,34.00290169682353,34.2063803520946,34.14087998464126
943,36.776823501500004,36.392406128000005,36.183759232544645,33.93012491211765,34.240435297405824,34.40055137188473
944,36.8681410385,36.52790957,36.18572436174487,34.021615727176474,34.23147656165244,34.22261270129784
945,36.857830994000004,36.577986929,36.15682979375,33.98141521752942,34.22864619840318,34.113805366934066
946,36.737056187,36.5706226115,36.16011084588236,33.980895383352944,34.15826561564205,34.155704224585634
947,36.801862181000004,36.5971341545,36.180069911176474,33.991811901058824,34.21540620953947,34.09903559798895
948,36.7856606825,36.585351246500004,36.17381585679412,33.951957947529415,34.188190732698075,34.08670141820896
949,36.7591491395,36.5735683385,36.17256466432433,34.027160625058826,34.13370475142235,34.21253689360212
950,36.740001914000004,36.580932656,36.17152232915441,33.96426068970588,34.188152957241634,34.13673799386363
951,36.7591491395,36.598607018,36.174795359154416,34.017976887941174,34.16516298420714,34.123529380943395
952,36.9653500295,36.589769837,36.16057179327107,33.973790982941175,34.187389800409484,34.05111309457851
953,36.999225890000005,36.5676768845,36.14945135166305,34.03859697694118,34.152809851723646,34.111903898843245
954,36.8534124035,36.5824055195,36.151015742486486,33.997356798941176,34.17304970204039,34.07399376912752
955,36.8534124035,36.613335653,36.15289136039348,34.040849591705886,34.15188533375534,34.09849228595395
956,36.742947641,36.589769837,36.1471831256627,33.98176177364706,34.15334002714546,34.05593718751678
957,37.3983718985,36.616281380000004,36.142494676864075,34.02092261494118,34.162203660375454,34.03302969570156
958,37.497053753,36.589769837,36.148310824,33.99666368670589,34.1851876589823,34.15626306479452
959,37.0272102965,36.604498472,36.13817443337043,33.980895383352944,34.16354437018978,34.09631954529989
960,38.7151118675,36.622172834,36.139259261063025,34.01641738541176,34.15555791636364,34.14929850299569
961,37.046357522,36.603025608500005,36.14169203,34.002728418764704,34.176898071963635,34.11221573020134
962,36.8180636795,36.5824055195,36.1297348306192,34.014511326764705,34.181652640213315,34.148948533752865
963,36.890233991,36.6000798815,36.1205659803936,34.03339863517647,34.17350193826569,34.119537083529416
964,37.090543427,36.577986929,36.11372687661765,34.01953639047059,34.17083949328046,34.107567717410966
965,37.7901535895,36.613335653,36.1243325939958,34.01918983435294,34.177699740852006,34.08945093581421
966,36.8710867655,36.5941884275,36.13842344101764,34.05661789505882,34.14766200363636,34.14834927484536
967,37.304108634500004,36.6148085165,36.12884235666667,34.04882038241177,34.152391917306716,34.080247445517244
968,38.360151764,36.583878383,36.12874785933049,34.034958137705885,34.14863417426715,34.124179553230775
969,38.092090607,36.589769837,36.14132387916932,34.00220858458824,34.1760962331295,34.13340801703907
970,36.9329470325,36.6236456975,36.138758425333336,34.009486263058825,34.20839263072905,34.08627716
971,36.9918615725,36.622172834,36.14213466834286,34.06926719335294,34.18550188344245,34.08027970998338
972,37.0566675665,36.580932656,36.133770385410216,34.05089971911765,34.190468310485436,34.161737230930235
973,37.7901535895,36.6324828785,36.147438016,34.06909391529412,34.214470530485436,34.106038849931664
974,36.8239551335,36.46899503,36.15994758294105,34.05297905582353,34.21504876021053,34.4370325454
975,36.781242092,36.5824055195,36.153405752,34.064588685764704,34.23231667781478,34.19993140608696
976,36.716436098,36.507289481,36.120127297432866,33.99111878882353,34.27405177426649,34.16509758294416
977,36.869613902,36.52790957,36.12335304252041,34.03443830352941,34.18805428193104,34.09699213051163
978,36.896125445,36.530855297,36.13080621890876,34.027507181176475,34.13280383854954,34.16812837871494
979,36.8858154005,36.5735683385,36.1365345651903,34.07307931064706,34.20173102525753,34.11735857125488
980,36.8917068545,36.523490979500004,36.1523293775,34.07342586676471,34.18877705277569,34.189002332
981,36.882869673500004,36.523490979500004,36.1433473162878,34.03859697694118,34.12665783590411,34.177016270413795
982,36.8563581305,36.523490979500004,36.14384137628576,34.078797486588236,34.176135711725756,34.031646359718735
983,36.772404911,36.52790957,36.152017603474455,34.042409094235296,34.26334865509207,34.185065254567306
984,36.888761127500004,36.5323281605,36.13103204296443,34.06580163217647,34.22115914432277,34.09759569669614
985,36.9093812165,36.519072389,36.135641159674854,34.11813160594118,34.16217675793329,34.12521905984352
986,36.896125445,36.510235208000005,36.12992368350859,34.07533192541177,34.19341095725304,34.036897291519054
987,36.8858154005,36.5441110685,36.131835937605345,34.07498536929412,34.21218740777551,34.10690353947801
988,36.825427997,36.560312567000004,36.14934930029197,34.104269361235296,34.1667999610202,34.20774255459613
989,36.8769782195,36.551475386,36.1569007094,34.13996464135294,34.19566223652174,34.14832916475554
990,36.878451083,36.560312567000004,36.147104199202694,34.129741235882356,34.14571769453383,34.16230234181818
991,36.8033350445,36.548529659,36.17224031,34.116398825352945,34.17891326841591,34.1884272575701
992,36.776823501500004,36.5264367065,36.15334930654546,34.08780794564706,34.2250502524368,34.258516293405194
993,36.826900860500004,36.539692478,36.16513570903493,34.07255947647059,34.24124058842629,34.294250945503954
994,36.893179718,36.5117080715,36.16902915817911,34.11327982029412,34.207128577220026,34.26599192800212
995,36.816590816,36.5175995255,36.16526768969925,34.105309029588234,34.212699312096476,34.39289495300684
996,36.854885267,36.5529482495,36.140194712827586,34.082609603882354,34.21142910511948,34.27891806470395
997,36.8593038575,36.548529659,36.153318614179106,34.088154501764706,34.22453324407767,34.24282459505606
998,36.816590816,36.5264367065,36.167814210578676,34.07065341782353,34.2166172874618,34.365387687905404
999,36.816590816,36.554421113000004,36.16422314619355,34.093352843529416,34.13229927250742,34.34216719485997
1000,36.7385290505,36.541165341500005,36.15690666036364,34.03010635205882,34.19492823894737,34.251219414383485
1001,36.722327552,36.5500025225,36.159687033473546,34.04379531870588,34.26469182361101,34.27687781600657
1002,36.766513457,36.55736684,36.1479760699593,34.09612529247059,34.1773726699133,34.21035200784035
1003,36.737056187,36.5617854305,36.15796335724154,34.05592478282353,34.228100750142495,34.21342641741389
1004,36.707598917,36.545583932,36.14479440736631,34.059563622058825,34.20509553955813,34.17242901804485
1005,36.784187819,36.510235208000005,36.1431552255811,34.027160625058826,34.1692308644633,34.27337752446762
1006,36.8180636795,36.522018116,36.13715927254216,34.0600834562353,34.10234547748789,34.30108062014436
1007,36.657521558,36.498452300000004,36.15181681835654,34.017283775705884,34.17087815693855,34.20568090838892
1008,36.760622003,36.5058166175,36.13896498393328,34.07359914482353,34.09920769669867,34.2423337861157
1009,36.651630104,36.533801024,36.13595182965909,34.02265539552941,34.17287835263158,34.205694785
1010,36.6737230565,36.535273887500004,36.13395577727273,34.03894353305883,34.13490046865672,34.221050285404516
1011,36.6707773295,36.535273887500004,36.13007905533439,34.01503116094118,34.185652789610394,34.177264968094974
1012,36.663413012,36.504343754000004,36.12467124555381,34.05003332882353,34.1520864854487,34.217352989509074
1013,36.7856606825,36.5735683385,36.128900674918924,34.073252588705884,34.09920621443956,34.218973182387565
1014,36.7797692285,36.572095475,36.13190594756354,34.07533192541177,34.130052905521836,34.20765914340121
1015,36.816590816,36.436592033000004,36.148463071632264,34.05557822670588,34.1810639434244,34.55675599690866
1016,36.664885875500005,36.5794597925,36.134086324727996,34.063029183235294,34.26648022578005,34.21553862900841
1017,36.7886064095,36.551475386,36.143087589786205,34.116745381470594,34.114632289298704,34.24091247435009
1018,36.828373724,36.5588397035,36.13706337936567,34.096818404705886,34.140534671660575,34.198356451164344
1019,36.776823501500004,36.548529659,36.133669415112784,34.069787027529415,34.162008991470586,34.15629106124419
1020,36.8593038575,36.529382433500004,36.15687469374451,34.08798122370588,34.181440472696316,34.11004290413018
1021,36.872559629,36.5558939765,36.16703955556391,34.127315343058825,34.1978829415534,34.07181727039598
1022,36.838683768500005,36.535273887500004,36.15708511469925,34.13147401647059,34.18110532104144,34.124538824169115
1023,36.8769782195,36.554421113000004,36.142847746406126,34.13875169494118,34.17119467918552,34.19145018964789
1024,36.8681410385,36.548529659,36.15532527091848,34.08538205282353,34.157504094007145,34.16964661897261
1025,36.8475209495,36.5470567955,36.15255234830704,34.09924429752941,34.204132657045456,34.122578262605636
1026,36.860776721,36.522018116,36.13324463010605,34.060430012352946,34.150631466452325,34.183869522308584
1027,36.8210094065,36.535273887500004,36.14650981397338,34.10392280511765,34.183250894274224,34.16301023639509
1028,36.834265178,36.5441110685,36.144643499157894,34.12263683547059,34.163626087524754,34.22493418001076
1029,36.8210094065,36.566204021000004,36.166282969517795,34.11882471817647,34.17151351041868,34.265320134545455
1030,36.8033350445,36.5500025225,36.169030190406346,34.13528613376471,34.21649434741039,34.13471255040314
1031,36.843102359,36.5676768845,36.1718675445825,34.15105443711765,34.216651849006624,34.160844305380714
1032,36.828373724,36.533801024,36.169621709959664,34.15885194976471,34.22948555517915,34.14030009116279
1033,36.851939540000004,36.55736684,36.17724120751196,34.16508995988235,34.22225775549451,34.236782994139695
1034,36.878451083,36.551475386,36.180835276339714,34.190735112588236,34.23460937331608,34.256428662933956
1035,36.8622495845,36.563258294,36.17383225899843,34.19402739570589,34.23367760607105,34.17978801640139
1036,36.726746142500005,36.5529482495,36.1773571020552,34.133033519,34.26651946951769,34.16000607336019
1037,36.866668175,36.530855297,36.174911924515236,34.16006489617647,34.280887394385324,34.18903658463954
1038,36.8534124035,36.560312567000004,36.17516975326866,34.191948059,34.19185748759883,34.2394177252459
1039,36.872559629,36.5647311575,36.181122197800754,34.19714640076471,34.18303548462157,34.32081262373134
1040,36.8593038575,36.5382196145,36.177514412,34.159718340058824,34.15328323881579,34.321514926455144
1041,36.8416294955,36.572095475,36.16635455530597,34.14031119747059,34.1924510919754,34.13457558835821
1042,36.875505356000005,36.572095475,36.14881546082128,34.14724231982353,34.18572884678025,34.089016908655175
1043,36.8357380415,36.535273887500004,36.15015884181579,34.15729244723529,34.150864626106426,34.16272032616883
1044,36.831319451,36.5647311575,36.12639492136842,34.151920827411764,34.12427011291592,34.082386775588404
1045,36.8651953115,36.545583932,36.128850842300004,34.12627567470588,34.16928911064888,34.06559437802768
1046,36.863722448000004,36.5441110685,36.130414431894735,34.13147401647059,34.238169688595804,34.067363128699654
1047,36.837210905,36.560312567000004,36.137465801789475,34.11224015194118,34.21337238487736,34.09568985020173
1048,36.843102359,36.5382196145,36.14352257945633,34.14654920758824,34.19085136786398,34.11434396294915
1049,36.838683768500005,36.539692478,36.147977231969925,34.13216712870588,34.18243685572034,34.08521826543196
1050,36.8593038575,36.539692478,36.1297454705,34.145682817294116,34.186346850404874,34.0600799458188
1051,36.757676276,36.404189036000005,36.134127980354336,34.04362204064706,34.24456517380375,34.2497603158669
1052,36.950621394500004,36.52790957,36.119718010276166,34.06285590517647,34.23097052073036,34.20596138018304
1053,36.840156632,36.52790957,36.12400393685357,34.13805858270588,34.233977725792506,34.09124413766102
1054,36.828373724,36.523490979500004,36.123936807578076,34.13545941182353,34.19059226228466,34.21528830883721
1055,37.0831791095,36.5205452525,36.12388702184454,34.15746572529412,34.21073687517694,34.12676612139535
1056,37.209845370500005,36.52790957,36.12208691090909,34.083129438058826,34.21589810026087,34.07678156142444
1057,36.857830994000004,36.480777938,36.11079336118153,34.094392511882354,34.20280957948991,34.11617838285207
1058,36.8416294955,36.4704678935,36.10947815690832,34.12610239664706,34.19237779593077,34.09847246783209
1059,36.848993813,36.473413620500004,36.10209131567568,34.13563268988236,34.17467324202919,34.0863027847574
1060,36.837210905,36.466049303,36.071507540063024,34.04015647947059,34.17978620530917,34.05949280406956
1061,36.882869673500004,36.4645764395,36.10899673566845,34.14152414388236,34.21269882720148,34.35188370729412
1062,36.8740324925,36.516126662000005,36.099054179729734,34.09525890217647,34.19302404311377,34.11668537175325
1063,36.8975983085,36.522018116,36.08396213145522,34.131647294529415,34.138466935563486,34.24237555609302
1064,36.887288264,36.510235208000005,36.071886667244364,34.15815883752941,34.18321101023933,34.124845966007605
1065,36.875505356000005,36.5146537985,36.08302158713676,34.135979246000005,34.22457804012384,34.15495933248801
1066,36.831319451,36.510235208000005,36.09097227779851,34.12436961605883,34.208035949585195,34.128282346419354
1067,36.854885267,36.523490979500004,36.0972224624,34.177219424,34.19245903168625,34.167980552954546
1068,36.8357380415,36.513180935,36.080468491105044,34.104269361235296,34.1659602008,34.01614654087838
1069,36.816590816,36.513180935,36.10188739147368,34.09127350682353,34.18020831936497,34.144835350299786
1070,36.8121722255,36.536746751,36.10711317052862,34.113626376411766,34.19173429827965,34.07905475195326
1071,36.831319451,36.560312567000004,36.109318799558096,34.15607950082353,34.16692275981132,34.083798722178216
1072,36.825427997,36.551475386,36.105321850055645,34.128874845588236,34.18860901049716,34.071430837993276
1073,36.857830994000004,36.55736684,36.12531907468204,34.206849972058826,34.148548244705886,34.1560592044335
1074,36.846048086,36.551475386,36.14172413221322,34.16855552105883,34.190692145015895,34.103358600812186
1075,36.795970727000004,36.5647311575,36.13129138461021,34.115359157,34.23599255246735,34.10252877011686
1076,36.7738777745,36.551475386,36.12418993273684,34.118651440117645,34.19381396191714,34.10630329757642
1077,36.819536543,36.523490979500004,36.13100284718326,34.180858263235294,34.187702177156694,34.1720824613842
1078,36.672250193,36.539692478,36.132812386039035,34.109294424941176,34.20326885225985,34.0937184496502
1079,36.790079273,36.560312567000004,36.121239584,34.17496680923529,34.17796909726141,34.15983013235484
1080,36.728219006,36.566204021000004,36.10775172350172,34.15573294470588,34.18218064842105,34.189443731259104
1081,36.781242092,36.551475386,36.12389024469466,34.09803135111765,34.22788077552478,34.524415058996865
1082,36.9241098515,36.569149748,36.137303745333334,34.14308364641177,34.30406499012174,34.48693723433436
1083,36.919691261000004,36.473413620500004,36.14459134836567,34.20113179611765,34.34479624935404,34.43805879867742
1084,36.8769782195,36.545583932,36.12466529055587,34.193854117647064,34.35375313950668,34.30668817368922
1085,36.9034897625,36.535273887500004,36.13472376720094,34.165263237941176,34.215127883186206,34.25276136940063
1086,36.888761127500004,36.5323281605,36.11845820019078,34.14152414388236,34.184390062201835,34.31907821401575
1087,36.893179718,36.545583932,36.11526481958759,34.196626566588236,34.13589174915842,34.317218815962924
1088,36.8858154005,36.507289481,36.12277079942857,34.19454722988235,34.167041942454645,34.255403284165794
1089,36.890233991,36.5117080715,36.1320475016,34.177392702058825,34.27109091801952,34.35021060338175
1090,36.882869673500004,36.5087623445,36.11836492370677,34.19281444929412,34.25911105511777,34.32409547071771
1091,36.91085408,36.504343754000004,36.10545724004471,34.26801712682353,34.15779298758986,34.300120111650486
1092,36.896125445,36.492560846,36.093706887328246,34.236133964000004,34.25467049,34.294856858272574
1093,36.8445752225,36.495506573,36.0903517772754,34.21135520158823,34.31058255864433,34.303631034868936
1094,36.860776721,36.498452300000004,36.07770308722359,34.21897943617647,34.15878375810573,34.33384736030822
1095,36.8298465875,36.5117080715,36.10334892840949,34.18432382441176,34.14617005069555,34.196118414078654
1096,36.888761127500004,36.510235208000005,36.10790824859951,34.21430092858824,34.17153518515365,34.2746247968
1097,36.866668175,36.5117080715,36.08936046387218,34.16266406705883,34.15919361274974,34.22198346233645
1098,36.8210094065,36.5146537985,36.092115252058825,34.148455266235295,34.18114706,34.16806829249363
1099,36.8651953115,36.536746751,36.082550759206654,34.17375386282353,34.19457738568321,34.2098197773995
1100,36.8593038575,36.5146537985,36.092820679351355,34.179818594882356,34.16696048832808,34.19123959301266
1101,36.854885267,36.5146537985,36.093041315126335,34.17375386282353,34.17337333524166,34.149669546239096
1102,36.807753635,36.5264367065,36.083153454644645,34.138231860764705,34.234856781651374,34.12717164057229
1103,36.826900860500004,36.5264367065,36.085705990526314,34.163010623176476,34.172991389821306,34.15930965164038
1104,36.722327552,36.510235208000005,36.08510854264859,34.13857841688235,34.16429583892436,34.09755944491489
1105,36.838683768500005,36.52790957,36.08078174,34.153653608,34.121723133761094,34.033786161594364
1106,36.840156632,36.52790957,36.09658633189781,34.18553677082353,34.11416257963563,33.98073691538462
1107,36.8210094065,36.489615119,36.0782370837218,34.17496680923529,34.1059965978693,33.997455259362084
1108,36.82248227,36.498452300000004,36.076556671144075,34.15642605694118,34.14127217775144,33.93606545098901
1109,36.863722448000004,36.504343754000004,36.08258353266667,34.153653608,34.1436150094012,33.93467889266055
1110,36.857830994000004,36.504343754000004,36.07243359860128,34.16664946241177,34.12240226490692,33.9958416725
1111,36.8475209495,36.4763593475,36.08108338502933,34.13493957764706,34.15607051432846,33.99305748771176
1112,36.8239551335,36.474886484,36.0717828873687,34.12679550888235,34.112972186868554,33.94851979257653
1113,36.8740324925,36.460157849,36.05201354830949,34.13736547047059,34.08586821022865,33.96735647636476
1114,36.848993813,36.507289481,36.05360845500265,34.13251368482353,34.135337525944884,34.00701585844037
1115,36.8445752225,36.5146537985,36.0653513028022,34.141004309705885,34.10300028001355,34.10239420568153
1116,36.8416294955,36.501398027,36.064847759725275,34.08798122370588,34.12191015985555,33.961339716714285
1117,36.878451083,36.467522166500004,36.046580939982114,34.06493524188235,34.07125749768606,34.043389518419026
1118,36.866668175,36.427754852,36.02277262188125,34.04639448958824,34.0665920634374,34.02160936834863
1119,36.857830994000004,36.421863398,36.02390360875776,33.994584350000004,34.07005817506831,34.009331747592356
1120,36.863722448000004,36.433646306,36.007631345246956,33.99389123776471,34.04465217590291,33.9281626395184
1121,36.8534124035,36.429227715500005,36.007004177269025,34.012258712,34.05618199505633,33.82289375598475
1122,36.8534124035,36.427754852,35.97853529034884,34.085035496705885,34.00840855402482,33.89373385052632
1123,36.8563581305,36.4439563505,35.98797468746094,34.09699168276471,34.020895697961166,33.89355570787724
1124,36.851939540000004,36.4203905345,36.005494705640004,33.958542513764705,34.04767065750503,33.98978524466258
1125,36.860776721,36.4469020775,36.027021937142855,33.92943179988235,34.07469024140303,33.99132011255877
1126,36.8593038575,36.430700579,36.02691092445671,34.096818404705886,34.045737634060934,34.00830945102547
1127,36.8651953115,36.4439563505,36.041886211239,34.07238619841176,34.05021688357216,34.02914810949857
1128,36.8327923145,36.4557392585,36.02112695818182,34.06684130052941,34.07249413335619,34.028098981152496
1129,36.8357380415,36.433646306,36.01712092811832,34.046221211529414,34.089815233264034,34.09160935942347
1130,36.860776721,36.3968247185,36.009254294105574,34.07897076464706,34.07288478094553,34.030210681780105
1131,36.863722448000004,36.4351191695,36.02697632,34.081569935529416,34.09016978197249,34.0229609864538
1132,36.8593038575,36.4351191695,36.02907445841291,34.1278351772353,34.05720686689149,34.01524603971755
1133,36.848993813,36.504343754000004,36.0274042088,34.09196661905882,34.05990089647902,34.0245305373444
1134,36.854885267,36.4086076265,36.006465908768476,34.05384544611765,34.02433224845666,33.979602581234886
1135,36.860776721,36.510235208000005,35.99827191847172,34.10236330258824,34.035548687735854,33.999199589850136
1136,36.838683768500005,36.495506573,36.01437793478621,34.090060560411764,34.03031435807933,33.980658014552795
1137,36.834265178,36.507289481,36.009530658476564,34.137538748529415,34.03128162424038,33.87473091040462
1138,36.848993813,36.5058166175,36.01767337350643,34.164570125705886,34.016338461012914,33.92619504117292
1139,36.854885267,36.3172900895,36.05331684138839,34.07862420852941,33.983880277639486,34.080880809561464
1140,36.869613902,36.41008049,36.06831950940385,34.07221292035294,34.0065440625871,34.0242617241345
1141,36.872559629,36.480777938,36.04644556840552,34.18120481935294,34.02418338754211,34.053710812805754
1142,36.848993813,36.467522166500004,36.03455392536998,34.15763900335294,34.04800140562948,33.82824178372005
1143,36.8681410385,36.4262819885,36.001774373208555,34.159025227823534,34.030996253622796,33.794840347665634
1144,36.863722448000004,36.4557392585,36.003858556853146,34.13182057258824,34.0021468789441,33.91042831285628
1145,36.8416294955,36.477832211,35.9978865738004,34.13701891435294,34.02933417914894,33.94952152748481
1146,36.843102359,36.4616307125,35.998473443954005,34.09456578994118,34.06473536051282,33.80276751385723
1147,36.8033350445,36.473413620500004,36.00593567204545,34.13182057258824,34.007449132997145,33.896335280035544
1148,36.8298465875,36.467522166500004,36.016594898088236,34.157119169176475,34.04627094875,33.92970462904437
1149,36.8504666765,36.4704678935,36.01737935240458,34.145336261176475,34.06250601678846,33.99105214341629
1150,36.8357380415,36.4380648965,36.001113832914285,34.13199385064706,34.07217032561776,33.87711346494499
1151,36.813645089000005,36.473413620500004,36.01105598034091,34.124196338000004,34.089307613185234,33.86895096008449
1152,36.8121722255,36.4439563505,35.998700238010905,33.910024657294116,33.97269631323944,34.19232273480263
1153,36.8298465875,36.4704678935,36.03781772906977,33.995797296411766,34.091712409076464,34.284896355813956
1154,36.848993813,36.483723665,36.021375655341814,34.144816427,34.14025929496998,34.079003962319504
1155,36.857830994000004,36.4881422555,36.03723996410572,34.15729244723529,34.07897701401967,34.09344473340909
1156,36.837210905,36.4822508015,36.02868636263158,34.038770255,34.05532088060065,34.17276823796192
1157,36.848993813,36.474886484,36.03634249925625,34.12766189917647,34.12764772303141,34.1543666946513
1158,36.848993813,36.483723665,36.04293511729323,34.05505839252941,34.12417731285253,34.26107628794393
1159,36.884342537,36.477832211,36.05581860963753,34.09040711652941,34.13748810935176,34.157143654119565
1160,36.860776721,36.4940337095,36.062280997937066,34.14273709029412,34.17529054938078,34.04596615775468
1161,36.819536543,36.43953776,36.05435205253731,34.13459302152941,34.09571757939101,34.08775335245343
1162,36.8210094065,36.4203905345,36.0453198620063,34.12939467976471,34.0457458930374,34.16681411967164
1163,36.82248227,36.4557392585,36.06607317170657,34.14377675864706,34.0283036964486,34.16363832120482
1164,36.8210094065,36.46899503,36.07330389670972,34.16387701347059,34.08901183571429,34.05643879540514
1165,36.8092264985,36.467522166500004,36.06741125175325,34.153653608,34.112206567148874,34.16269907272727
1166,36.810699362,36.43953776,36.06345923022556,34.14724231982353,34.118592773549736,34.157078506592
1167,36.843102359,36.429227715500005,36.093346511843485,34.15677261305883,34.08336305794984,34.12180158815047
1168,36.804807908,36.489615119,36.08355004302703,34.14724231982353,34.10405435128796,34.16755063127218
1169,36.8239551335,36.498452300000004,36.06898554642336,34.18224448770589,34.0478736224144,34.123885941146696
1170,36.82248227,36.504343754000004,36.054577266386275,34.169941745529414,34.08649823662364,33.94312249931
1171,36.776823501500004,36.504343754000004,36.071627367800005,34.168382243,34.09402142916638,34.08908021013493
1172,36.790079273,36.498452300000004,36.07084203094891,34.17514008729412,34.06657238678521,34.029106407529646
1173,36.7444205045,36.501398027,36.07939704395753,34.19038855647059,34.064845846701246,33.980917984838875
1174,36.8121722255,36.510235208000005,36.09970928664191,34.196626566588236,34.13927305714286,33.963107654634875
1175,37.249612685,36.4881422555,36.11983201211679,34.20425080117647,34.1215961990838,34.08934783179245
1176,36.754730549,36.513180935,36.09205143698076,34.16508995988235,34.155380163029236,34.11021646465753
1177,36.776823501500004,36.5087623445,36.08459060733813,34.189522166176474,34.109950661498374,34.11481475682025
1178,36.8210094065,36.480777938,36.08413729956522,34.18432382441176,34.18746224236514,34.05111865768399
1179,36.8416294955,36.486669392,36.09367974100719,34.17132797,34.136305675026705,33.9777843812766
1180,36.810699362,36.4940337095,36.08196596317274,34.16439684764706,34.06585844271047,34.08971030215737
1181,36.846048086,36.5028708905,36.0851995322,34.18293759994118,34.06390936859813,34.108240704549765
1182,36.828373724,36.501398027,36.08266076797427,34.146029373411764,34.07822032957747,34.05780857973781
1183,36.790079273,36.513180935,36.07900571257143,34.155906222764706,34.07522835691684,34.07218152097315
1184,36.813645089000005,36.486669392,36.07049330713514,34.128181733352946,34.06639740059503,33.929998718415845
1185,36.8239551335,36.479305074500004,36.057106319567566,34.14308364641177,34.08874240946429,33.951475729596254
1186,36.840156632,36.4969794365,36.05584166533333,34.1337266312353,34.0801408481799,33.88068401113112
1187,36.869613902,36.4940337095,36.04724399354258,34.133206797058826,34.06080317230299,33.943675438609
1188,36.8475209495,36.46899503,36.03513272934637,34.138231860764705,34.07151846250618,34.01337123122328
1189,36.8180636795,36.4704678935,36.0503813638645,34.117091937588235,34.025346230200356,33.981448956766826
1190,36.854885267,36.4999251635,36.04583367147891,34.12367650382353,34.03096786299895,34.02300990402174
1191,36.8593038575,36.479305074500004,36.05021921004261,34.07550520347059,34.04111356296014,34.00685075118541
1192,36.8563581305,36.467522166500004,36.03745249787647,34.094739068,34.034340358499655,34.0370951656924
1193,36.854885267,36.5087623445,36.07168488080262,34.107734922411765,34.05836629298283,34.124844779376104
1194,36.840156632,36.523490979500004,36.05238506857143,34.152787217705885,34.07740206579609,34.05158844321186
1195,36.8593038575,36.516126662000005,36.036240954363635,34.098724463352944,34.08485337368962,34.25552526402286
1196,36.8327923145,36.429227715500005,36.06513096315249,34.09387267770588,34.129422824033036,34.31007355382604
1197,36.8239551335,36.424809125,36.02727135348346,34.053672168058824,34.10988735705394,34.33139709875
1198,36.8151179525,36.4645764395,35.99677039759488,34.08468894058824,34.10595880772804,34.175804710329906
1199,36.804807908,36.429227715500005,36.001932719161935,34.10704181017647,34.022377031584256,34.16888004293363
1200,36.798916454,36.4645764395,35.99191300131943,34.08676827729412,34.05815824640636,34.30826490271686
1201,36.798916454,36.445429214,36.00712194966508,34.13407318735294,34.06099728146971,34.11056036963124
1202,36.7915521365,36.445429214,36.00537693025291,34.160584730352944,34.02282627101793,34.02964173836264
1203,36.801862181000004,36.479305074500004,36.015707424834716,34.15746572529412,34.02358459606488,34.15932560955874
1204,36.8092264985,36.460157849,36.0112593419403,34.16751585270588,34.07680484862164,33.943731799684215
1205,36.82248227,36.4763593475,36.04790138360902,34.17410041894118,34.061152472583785,34.189866838836956
1206,36.8180636795,36.457212122,36.03550025761194,34.216553543352944,34.070965073413426,34.18695772401899
1207,36.8003893175,36.479305074500004,36.08431638831579,34.18449710247059,34.23648849397522,34.0886185019
1208,36.8062807715,36.491087982500005,36.071752546842106,34.17063485776471,34.12015751576632,34.05134499177275
1209,36.8062807715,36.5205452525,36.07710453649795,34.15486655441177,34.06249916319891,34.11935616975761
1210,36.8033350445,36.507289481,36.09644382578948,34.22227171929412,34.11282328855512,34.193611475616436
1211,38.489763752,36.504343754000004,36.09279494545455,34.206676694,34.13516498,34.16806829249363
1212,38.056741883,36.504343754000004,36.092686427882356,34.222098441235296,34.11178901036817,34.19398968122367
1213,36.798916454,36.5058166175,36.09701617625988,34.255367828529415,34.112926014853755,34.2002331191731
1214,37.0389932045,36.507289481,36.095068855334226,34.22764333911765,34.195940513587324,34.18877511338843
1215,36.778296365,36.5028708905,36.10202555127273,34.23440118341177,34.109312092005915,34.08532988517068
1216,36.76356773,36.5028708905,36.10038834544776,34.2266036707647,34.07620710288216,34.19304804566456
1217,36.840156632,36.5117080715,36.10767504354536,34.253808326,34.084078140100615,34.10996950332843
1218,38.504492387,36.510235208000005,36.09817547437838,34.24722375976471,34.12315898688708,34.14778905561644
1219,38.298291497,36.4999251635,36.10406430733333,34.27130940994118,34.08266703617214,34.13693355919264
1220,36.96976862,36.504343754000004,36.10335605548508,34.23786674458824,34.12275720419848,34.162894018087776
1221,38.086199153,36.5058166175,36.116063831532045,34.2456642572353,34.19671759446154,34.169040330946814
1222,38.109764969,36.510235208000005,36.105989873768905,34.268536961,34.11489277753059,34.1774533584326
1223,36.7679863205,36.5087623445,36.108180110895525,34.26073944835294,34.19010495274863,34.11555181003165
1224,36.8151179525,36.5087623445,36.09176066226619,34.279626756764706,34.10583398348224,34.192109267940296
1225,36.781242092,36.5175995255,36.112335468615385,34.26749729264706,34.07215907298805,34.14586080737814
1226,36.76356773,36.516126662000005,36.110083911714284,34.267843848764706,34.1626653506,34.24527846003053
1227,36.8298465875,36.519072389,36.113425186465044,34.19957229358824,34.05377964110704,34.234459485956116
1228,36.776823501500004,36.513180935,36.108224066945965,34.258486833588236,34.12810640854383,34.132972782360824
1229,37.9315484855,36.519072389,36.112190000615385,34.26749729264706,34.15421709854588,34.22181968957545
1230,36.8121722255,36.507289481,36.10759951723011,34.26680418041177,34.154182562074304,34.214863519688315
1231,36.692870282,36.46899503,36.09175150040862,34.21048881129412,34.26174160011682,34.324579941182265
1232,36.819536543,36.4999251635,36.101527499863295,34.267150736529416,34.21483784284425,34.26860398187432
1233,36.7944978635,36.471940757,36.108071374286716,34.19628001047059,34.33625029383672,34.14725375441624
1234,36.7562034125,36.2789956385,36.15196787523843,34.24531770111765,34.27684986479638,34.549727926327556
1235,37.9374399395,36.5382196145,36.14024290221374,34.29695456264706,34.19456559047137,34.41775881902883
1236,37.607518515500004,36.498452300000004,36.106670609,34.26455156564706,34.14734687722696,34.265271542697675
1237,37.594262744,36.5087623445,36.10033807432766,34.21135520158823,34.301695157694944,34.216612025930566
1238,36.701707463000005,36.513180935,36.08360749282297,34.26073944835294,34.17595696957143,34.30995585465482
1239,36.790079273,36.504343754000004,36.100546393428445,34.26524467788235,34.14546920449162,34.351773355559104
1240,36.793025,36.519072389,36.120556080243716,34.23544085176471,34.253907115625005,34.20119767350565
1241,36.7827149555,36.541165341500005,36.10321882637047,34.256754053,34.12912219870846,34.2840347317817
1242,36.734110460000004,36.5323281605,36.10880288848941,34.225564002411765,34.229231496053046,34.2658996021157
1243,36.7886064095,36.541165341500005,36.10507231287533,34.239079691,34.16651838884364,34.235461380129244
1244,36.8769782195,36.507289481,36.13985395010264,34.32086693476471,34.16184331237228,34.30987047220678
1245,36.866668175,36.5382196145,36.12637294782671,34.30180634829412,34.170353323075126,34.17074721330778
1246,36.8769782195,36.522018116,36.13037061842404,34.32329282758823,34.16619278822504,34.26115237473624
1247,36.8622495845,36.523490979500004,36.126683682518056,34.314455646588236,34.17517313010216,34.1629187436857
1248,36.8357380415,36.5264367065,36.116213267140765,34.30821763647059,34.1639722590261,34.19292338904523
1249,36.8593038575,36.529382433500004,36.11289959421875,34.299207177411766,34.104514720814905,34.27739046181718
1250,36.8799239465,36.5205452525,36.11769620888563,34.30180634829412,34.134680432623014,34.24321949829146
1251,36.866668175,36.545583932,36.128868663196485,34.30839091452941,34.15678145104328,34.1564970528125
1252,36.888761127500004,36.55736684,36.125462129173556,34.319480710294116,34.14326512698225,34.2356430095
1253,36.840156632,36.5500025225,36.127737020272725,34.29054327447059,34.20312383242748,34.18861589600691
1254,36.869613902,36.5588397035,36.119771342236845,34.31584187105882,34.13557005266772,34.210609788082266
1255,36.866668175,36.5205452525,36.13056756733138,34.31774792970588,34.154028744695054,34.26927635370477
1256,36.8563581305,36.510235208000005,36.12104218618182,34.31688153941177,34.14068916577271,34.21552242325015
1257,36.8769782195,36.52790957,36.11741209836364,34.248263428117646,34.196368925950544,34.124477544702415
1258,36.8504666765,36.529382433500004,36.11829145936826,34.21568715305882,34.21959406640837,34.10421146501185
1259,36.860776721,36.5205452525,36.102074929340176,34.24583753529412,34.191753045714286,34.17370818493983
1260,36.890233991,36.5441110685,36.11596805984375,34.28291903988235,34.16009262868492,34.15700344816112
1261,36.8622495845,36.5146537985,36.136551058636364,34.26143256058823,34.2165304581541,34.12392964666667
1262,36.8858154005,36.522018116,36.131952891877866,34.28170609347059,34.135419855418185,34.21423953165392
1263,36.851939540000004,36.5146537985,36.14319693715035,34.28534493270588,34.228765029373044,34.15789685760714
1264,36.8799239465,36.510235208000005,36.13518572340081,34.266284346235295,34.23191201674401,34.04656973671591
1265,36.8327923145,36.510235208000005,36.13031907727273,34.28603804494118,34.244754043320405,34.11510344
1266,36.843102359,36.504343754000004,36.12366518784616,34.28950360611765,34.19700692656682,34.17707573
1267,36.8210094065,36.5470567955,36.13443268963802,34.282399205705886,34.27084393750865,34.13750918402545
1268,36.863722448000004,36.5441110685,36.132289507454544,34.329011003529416,34.21026651727065,34.21919389916522
1269,36.8445752225,36.535273887500004,36.12301826952672,34.334036067235296,34.21832657644087,34.202070180894225
1270,36.8622495845,36.5441110685,36.10824313995489,34.317574651647064,34.16693732,34.17732283953922
1271,36.8593038575,36.5617854305,36.119352585042186,34.30319257276471,34.20723507165184,34.189814252198175
1272,36.801862181000004,36.551475386,36.126294235858765,34.31670826135294,34.20076208176887,34.312760522010464
1273,36.925582715000004,36.554421113000004,36.120088671072764,34.335942125882355,34.17388996681098,34.22044567289518
1274,36.9211641245,36.545583932,36.11191603291933,34.332476564705885,34.16824695102277,34.17437410017331
1275,36.8416294955,36.5441110685,36.10585099900827,34.3075245242353,34.18360277700654,34.14152001821429
1276,36.8651953115,36.533801024,36.08632308321999,34.29556833817647,34.173706647370835,34.193425221576184
1277,36.866668175,36.5647311575,36.08164451807693,34.32987739382353,34.1413655870304,34.21157144778679
1278,36.8651953115,36.5323281605,36.09144464346753,34.32866444741177,34.11425310718202,34.145816635993015
1279,36.872559629,36.539692478,36.09000084504642,34.31099008541177,34.14268424945915,34.183213635918605
1280,36.8710867655,36.5028708905,36.12303347016783,34.31826776388235,34.191118148297214,34.20488643376513
1281,36.863722448000004,36.5175995255,36.10171887671751,34.28603804494118,34.21386747169184,34.11803817859548
1282,36.8534124035,36.4999251635,36.08792621796154,34.251902267352946,34.20047222157116,34.057185522818955
1283,36.848993813,36.516126662000005,36.10679847429976,34.283265596,34.151900145409336,34.07565185440047
1284,36.8593038575,36.5146537985,36.106557853899524,34.32623855458824,34.17950929288447,34.15344380320506
1285,36.863722448000004,36.5146537985,36.111887620454546,34.343393082411765,34.184691073407095,34.14183618650264
1286,36.857830994000004,36.513180935,36.10011047852149,34.34668536552941,34.12486421304054,34.18932869067513
1287,36.875505356000005,36.523490979500004,36.095034186258744,34.360547610235294,34.11139529523107,34.17663480245718
1288,36.869613902,36.523490979500004,36.087192274651166,34.36158727858824,34.14247598636987,34.164519611428574
1289,36.866668175,36.523490979500004,36.09067491465909,34.35500271235294,34.19026318392232,34.13287902889806
1290,36.863722448000004,36.535273887500004,36.08977520123312,34.344952584941176,34.10443658476263,34.103259652172895
1291,36.863722448000004,36.530855297,36.08704465848132,34.31462892464706,34.09243768400454,34.11517769886011
1292,36.8622495845,36.513180935,36.09184966114102,34.34114046764706,34.13022837852349,34.01458878380107
1293,36.828373724,36.355584540500004,36.107176580931764,34.28083970317647,34.17652494089399,34.224048741088865
1294,36.8298465875,36.523490979500004,36.08937963619339,34.24393147664706,34.17185645456318,34.029796226646816
1295,36.8445752225,36.535273887500004,36.07941537160947,34.334382623352944,34.0813555788984,34.11769447724098
1296,36.8622495845,36.530855297,36.062883694621256,34.301979626352946,34.12912021743796,34.04841540683429
1297,36.872559629,36.46899503,36.07769679801145,34.35933466382353,34.067380795605146,34.21015800772727
1298,36.8563581305,36.5058166175,36.07811469227273,34.34755175582353,34.08335170707945,34.19542647296156
1299,36.8799239465,36.510235208000005,36.079816577293236,34.311683197647056,34.10790402509568,34.18116768834034
1300,36.884342537,36.510235208000005,36.058471916,34.244278032764704,34.077480983466764,34.034873994824515
1301,36.828373724,36.513180935,36.08423825985075,34.30128651411765,34.07456137756044,34.07984381236926
1302,36.872559629,36.507289481,36.07243736250368,34.323812661764705,34.11567011819544,34.17508306130016
1303,36.837210905,36.5058166175,36.051642792125,34.30509863141177,34.16546662930997,34.26638691887931
1304,36.8534124035,36.4940337095,36.05447059377941,34.33057050605883,34.18641182199231,34.08110429113479
1305,36.896125445,36.479305074500004,36.082989695895236,34.34997764864706,34.15218387603119,34.10787682650364
1306,36.8917068545,36.504343754000004,36.072131026300426,34.32935755964706,34.11780169931673,34.148793084175495
1307,36.9034897625,36.46899503,36.08827258917709,34.36747873258824,34.12842467472424,34.12270249353846
1308,36.999225890000005,36.4851965285,36.09393003666667,34.324505774,34.08039560172376,34.24649083126604
1309,36.900544035500005,36.507289481,36.10384610533333,34.35846827352941,34.09705442915519,34.198166816
1310,37.0861248365,36.4999251635,36.11051464593653,34.38948504605882,34.1199439418646,34.1186873588041
1311,36.872559629,36.5175995255,36.09678015218045,34.34131374570588,34.18131148597015,34.170781199327145
1312,36.893179718,36.513180935,36.0884215135214,34.35534926847059,34.19091630690355,34.20498197993475
1313,36.900544035500005,36.52790957,36.09063729214533,34.36089416635294,34.070987456237624,34.39101750724846
1314,36.900544035500005,36.533801024,36.10060255266187,34.33368951111765,34.07492530295347,34.3862014095509
1315,36.996280163,36.542638205,36.119131501785716,34.324679052058826,34.02568692401719,34.50309982081633
1316,36.896125445,36.536746751,36.10869893197081,34.354309600117645,34.0573411426087,34.31289187097131
1317,36.8946525815,36.530855297,36.119970346574625,34.35777516129412,34.11901151793353,34.20590956180134
1318,36.904962626,36.5028708905,36.111015066769234,34.34166030182353,34.19750541948133,34.20584430184723
1319,36.919691261000004,36.5382196145,36.12618694627737,34.333169676941175,34.177360899739284,34.26613755930827
1320,36.9211641245,36.5146537985,36.1289972853933,34.37111757182353,34.20225966098696,34.25070367731214
1321,36.9182183975,36.510235208000005,36.13740668933794,34.375102967176474,34.151893588737664,34.322445708557964
1322,36.91085408,36.519072389,36.127719600616786,34.32277299341177,34.19318403565217,34.39988587169323
1323,36.91085408,36.542638205,36.12072779152206,34.29886062129412,34.21382087001036,34.414693059569785
1324,36.869613902,36.523490979500004,36.11502044545956,34.26905679517647,34.217237326188084,34.344183354783524
1325,36.854885267,36.535273887500004,36.1174606979,34.245144423058825,34.152771465155084,34.3795254259064
1326,36.860776721,36.5058166175,36.10307633366108,34.25467471629412,34.184978900000004,34.39629005588517
1327,36.91085408,36.548529659,36.11535672707692,34.28187937152941,34.22009800347262,34.412155682056074
1328,36.8710867655,36.5028708905,36.10675603824705,34.264724843705885,34.23539699976139,34.554553025428575
1329,36.8740324925,36.463103576,36.10345819066667,34.269403351294116,34.295882653528544,34.444449321052055
1330,36.848993813,36.533801024,36.08994961661823,34.27772069811765,34.20370946534307,34.40507332025974
1331,36.8475209495,36.533801024,36.092846891209454,34.260392892235295,34.23620690989804,34.50921115039625
1332,36.8740324925,36.5441110685,36.09640299266667,34.31410909047059,34.19508451652518,34.38875642602459
1333,36.869613902,36.545583932,36.11125377521178,34.31705481747059,34.233725561391495,34.442005479462026
1334,36.872559629,36.52790957,36.106913055666666,34.29071655252941,34.28371845920259,34.423893557159765
1335,36.88139681,36.489615119,36.12083651252632,34.31116336347059,34.30238487539002,34.358098271754756
1336,36.869613902,36.524963843,36.104997501118014,34.253808326,34.291564972322654,34.232332012352
1337,36.813645089000005,36.566204021000004,36.12122596594118,34.29002344029412,34.27361162128801,34.3121777905315
1338,37.376278946,36.563258294,36.12057237326316,34.195067064058826,34.367761217327846,34.34819407345115
1339,36.931474169,36.451320668,36.1337344758125,34.23682707623529,34.332069006297424,34.48778092014169
1340,38.916894167,36.554421113000004,36.12634228696162,34.29296916729412,34.29559977736782,34.37904415166667
1341,39.270381407,36.5941884275,36.129221823277845,34.191774780941174,34.37251763803255,34.18088286923767
1342,39.2247226385,36.592715564,36.127910391680004,34.141004309705885,34.41006079454546,34.26961875901323
1343,39.38526476,36.5765140655,36.1204670884799,34.24063919352941,34.28289146387911,34.26498359524664
1344,38.327748767,36.5529482495,36.11192015831045,34.28950360611765,34.23031101527907,34.28539814061007
1345,40.050999062,36.5765140655,36.12353655719925,34.18813594170588,34.39060383089072,34.25023571908058
1346,39.4250320745,36.575041202,36.14046156759399,34.261952394764705,34.27073492653077,34.338592154056606
1347,39.0892191965,36.603025608500005,36.123435796,34.29990028964706,34.298704956846954,34.35800360210141
1348,40.0524719255,36.5824055195,36.130888570075186,34.20546374758824,34.26864337850115,34.36039229447138
1349,39.691620368,36.510235208000005,36.142146011750455,34.24289180829412,34.35411320451613,34.489878254290325
1350,40.755027815000005,36.5264367065,36.12471100808284,34.196973122705884,34.36284038878847,34.319760999631775
1351,39.386737623500004,36.5676768845,36.114672968582994,34.254501438235295,34.25525726828306,34.263858453411764
1352,40.436889299,36.5647311575,36.12289747254305,34.284998376588234,34.28749358063529,34.25966941168041
1353,39.676891733000005,36.551475386,36.12755886992367,34.27980003482353,34.30147889476153,34.291868989142856
1354,39.8227052195,36.5617854305,36.119383318059704,34.177392702058825,34.275881336441,34.19348960525389
1355,40.433943572000004,36.5588397035,36.12612999362985,34.21204831382353,34.29620956036952,34.19244676400653
1356,39.1893739145,36.5617854305,36.11766556533333,34.20511719147059,34.297887216061184,34.186773958207255
1357,40.1320065545,36.560312567000004,36.13497123303674,34.23942624711765,34.3409307765655,34.23741858985915
1358,40.111386465500004,36.5500025225,36.12806418559861,34.23717363235294,34.284202463302755,34.25916845523608
1359,39.925805664500004,36.563258294,36.13915176791045,34.256927331058826,34.264202660881026,34.210993813736955
1360,40.952391524,36.563258294,36.14055086610746,34.294875225941176,34.25903601867133,34.30991947454832
1361,39.65038019,36.5647311575,36.12852608225564,34.23630724205883,34.28193724200077,34.24595943003247
1362,39.211466867,36.563258294,36.122144083909774,34.18778938558824,34.35888558212476,34.32203332608275
1363,40.445726480000005,36.5647311575,36.134460192285715,34.316015149117646,34.274494167834824,34.32811051809165
1364,38.746042001,36.563258294,36.129812466423246,34.270616297705885,34.26293734373065,34.258743160929455
1365,38.952242891,36.554421113000004,36.12836202060151,34.37406329882353,34.242497104270015,34.394552144873316
1366,40.1261151005,36.5205452525,36.11988811373134,34.319134154176474,34.27173706072475,34.32889554591222
1367,39.653325917000004,36.5146537985,36.12727747363637,34.30128651411765,34.237219529420344,34.31580248968182
1368,39.5988299675,36.524963843,36.10310310890282,34.2957416162353,34.20526491700461,34.36828736352941
1369,38.748987728,36.5117080715,36.10596715180597,34.282745761823534,34.225063572273235,34.22743705571429
1370,37.706200370000005,36.5058166175,36.096895485074626,34.32710494488235,34.166449908313844,34.32029574485181
1371,37.8726339455,36.530855297,36.106198837350796,34.313762534352946,34.192856915689276,34.11485607018122
1372,36.857830994000004,36.5175995255,36.09960672634328,34.34356636047059,34.17805565907135,34.22054643821185
1373,36.8210094065,36.522018116,36.09811650086487,34.35586910264706,34.21920696003709,34.191852711788755
1374,36.854885267,36.513180935,36.09468925952804,34.330397228,34.16428931351171,34.22498650829604
1375,36.8475209495,36.535273887500004,36.09556884508108,34.35742860517647,34.1973988478703,34.24394760028269
1376,36.831319451,36.516126662000005,36.0925741348568,34.354309600117645,34.19592517529675,34.191754544087594
1377,36.884342537,36.519072389,36.09939630455755,34.382553923705885,34.18090542691275,34.1916605450263
1378,36.857830994000004,36.5028708905,36.082830302101655,34.33455590141177,34.14720095996322,34.231128834938055
1379,36.878451083,36.489615119,36.07639139011278,34.376662469705884,34.13342028786319,34.21788281629371
1380,36.8475209495,36.501398027,36.08334350270677,34.365745952,34.17416491200579,34.17945233659475
1381,36.88139681,36.507289481,36.086802571276515,34.36765201064706,34.17626800906832,34.16435215694021
1382,36.860776721,36.513180935,36.08108929557895,34.33472917947059,34.16942992238806,34.19245846586635
1383,36.825427997,36.5323281605,36.08618580022962,34.351190595058824,34.177763649222875,34.21632836172811
1384,36.840156632,36.516126662000005,36.09877997739612,34.342526692117644,34.198509386778426,34.26022486502674
1385,36.851939540000004,36.474886484,36.11398899520582,34.38723243129412,34.18060321055387,34.40460240525694
1386,36.838683768500005,36.5087623445,36.10086528736842,34.35257681952941,34.20803931322605,34.21557550108787
1387,36.872559629,36.513180935,36.099400006461536,34.38809882158824,34.21495106486662,34.160331934280826
1388,36.899071172,36.5058166175,36.109451463220154,34.3752762452353,34.238053724295696,34.16804353571429
1389,36.8740324925,36.5087623445,36.10592544040184,34.395029943941175,34.20179683717805,34.187696997997634
1390,36.875505356000005,36.489615119,36.096170600034704,34.38151425535294,34.17382875256891,34.25776757982111
1391,36.851939540000004,36.522018116,36.102095233496506,34.38792554352941,34.18088579818182,34.18239856998213
1392,36.819536543,36.519072389,36.100515358552244,34.39451010976471,34.182609477659575,34.20144187264396
1393,36.896125445,36.523490979500004,36.09895191832707,34.390871270529416,34.17287376909091,34.22001257941423
1394,36.7473662315,36.5175995255,36.07940602300752,34.39606961229412,34.155322412982066,34.25552637693034
1395,36.9034897625,36.535273887500004,36.08399470127242,34.38723243129412,34.18050068499261,34.25393842119874
1396,36.9064354895,36.5205452525,36.084237764923074,34.39918861735294,34.211904381743814,34.157530205611344
1397,36.804807908,36.542638205,36.08914048120301,34.375102967176474,34.19333428347059,34.18979818890616
1398,36.8858154005,36.5205452525,36.09397848393291,34.39797567094118,34.15599692553846,34.29697803499097
1399,36.91085408,36.524963843,36.11491800119403,34.407159408058824,34.15734806338405,34.210598382640825
1400,36.899071172,36.486669392,36.12703115767442,34.35846827352941,34.16684232605966,34.488091104440436
1401,36.866668175,36.5058166175,36.12011323631717,34.399361895411765,34.19714058343267,34.17368952329114
1402,36.91085408,36.5382196145,36.10957800660161,34.41045169117647,34.18296878356215,34.20092635267066
1403,36.893179718,36.536746751,36.11582344386912,34.418942316058825,34.1919469569697,34.16073875529412
1404,36.8975983085,36.5558939765,36.113197415882354,34.42933899958824,34.17210257890308,34.19275306899574
1405,36.9034897625,36.560312567000004,36.11587146,34.42968555570589,34.16787957765872,34.15415787952984
1406,36.866668175,36.545583932,36.10996322123077,34.42102165276471,34.15106786552161,34.17507387955821
1407,36.902016899,36.5588397035,36.10749173757895,34.43523045358824,34.16779651169866,34.20495126522098
1408,36.91085408,36.536746751,36.10324125517911,34.447533195764706,34.1663123028669,34.1605346008966
1409,36.888761127500004,36.5470567955,36.0890031134965,34.43834945864706,34.227084023864485,34.13888491985167
1410,36.887288264,36.513180935,36.08966672963806,34.44216157594118,34.22479389189388,34.13476153806452
1411,36.8946525815,36.5470567955,36.097977392101505,34.45481087423529,34.21183308355737,34.20677177424985
1412,36.8239551335,36.545583932,36.10549015222426,34.41079824729412,34.225659327136185,34.21567648049971
1413,36.919691261000004,36.563258294,36.12842884571429,34.43904257088236,34.213545731409695,34.47870277468355
1414,36.8858154005,36.55736684,36.10284203953139,34.36418644947059,34.23264807770602,34.30652000140135
1415,36.575041202,36.563258294,36.100888256000005,34.38497981652941,34.25859391266839,34.38749450358209
1416,36.631010015,36.5588397035,36.081783807510796,34.433497673000005,34.22258505557271,34.29338359774141
1417,36.5588397035,36.595661291,36.08526377303727,34.323812661764705,34.31485241322629,34.21269913850715
1418,36.5647311575,36.563258294,36.05996805998363,34.35777516129412,34.20880319514793,34.19703780836288
1419,36.560312567000004,36.5558939765,36.070033129437505,34.292449333117645,34.244482995954286,34.32031039312331
1420,36.6383743325,36.5735683385,36.06735078421529,34.46139544047059,34.212961073297656,34.30837972285078
1421,36.563258294,36.55736684,36.066471195684315,34.35777516129412,34.236927441261194,34.35211729338114
1422,36.560312567000004,36.554421113000004,36.08614861280719,34.43627012194118,34.28214854871889,34.32681639842904
1423,36.5588397035,36.430700579,36.084727815936695,34.31220303182353,34.29202759603248,34.43510443318182
1424,36.55736684,36.513180935,36.069566983808514,34.292102777000004,34.36434376333206,34.34286571030995
1425,36.592715564,36.522018116,36.081186936697875,34.369558069294115,34.32640467239669,34.294093839977805
1426,36.5735683385,36.539692478,36.08129991710432,34.30908402676471,34.28786910678701,34.44230521560649
1427,36.5824055195,36.516126662000005,36.0880488546901,34.524988488058824,34.29428515237785,34.37218205
1428,36.840156632,36.5470567955,36.07806526867914,34.500036447588236,34.29500247701563,34.42346223016949
1429,36.585351246500004,36.577986929,36.08781268786309,34.51112624335294,34.353876871847575,34.41275202300617
1430,36.5617854305,36.583878383,36.073654789361704,34.45914282570588,34.36122909657746,34.37036496110017
1431,36.82248227,36.575041202,36.078750240043476,34.501942506235295,34.32059943424477,34.47333504536094
1432,36.554421113000004,36.622172834,36.07139614702521,34.42951227764706,34.38274445926227,34.47157562290646
1433,36.55736684,36.6059713355,36.086635830606376,34.140137919411764,34.41951610841092,34.51601503157838
1434,36.55736684,36.631010015,36.09247206255435,34.33524901364706,34.40648306466793,34.3811271939256
1435,36.55736684,36.589769837,36.091799650254295,34.40542662747059,34.40540314586448,34.42458141208054
1436,36.55736684,36.5765140655,36.09453504354226,34.426739828705884,34.39835190488906,34.4586115838933
1437,36.6560486945,36.585351246500004,36.10541938470719,34.33490245752941,34.40990592828933,34.46499200491307
1438,36.651630104,36.583878383,36.09607818101517,34.46434116747059,34.2779264658125,34.44461981275955
1439,36.664885875500005,36.55736684,36.095776421833165,34.379088362529416,34.24296665621302,34.503894473030144
1440,36.5647311575,36.5500025225,36.119110477697845,34.235787407882356,34.39526591855819,34.449788507826085
1441,36.91085408,36.4704678935,36.15433491058824,34.54491546482353,34.26730666395257,34.505737011981935
1442,36.91085408,36.55736684,36.10241567,34.454117762,34.24004873094364,34.25946194737024
1443,36.913799807000004,36.607444199,36.07219799909091,34.442334854,34.271021154609976,34.298288009703505
1444,36.9152726705,36.551475386,36.08050282731025,34.33299639888236,34.232926051874344,34.214536171177734
1445,36.913799807000004,36.510235208000005,36.062484704,34.36002777605883,34.25732940713972,34.458930361765034
1446,36.913799807000004,36.5087623445,36.05322274731975,34.390871270529416,34.297459203340296,34.15379101800583
1447,36.9211641245,36.530855297,36.06593626290909,34.37943491864706,34.31135509718065,34.29438203528831
1448,36.913799807000004,36.5441110685,36.066665478005426,34.42310098947059,34.24070720269708,34.101316623531986
1449,36.916745534,36.566204021000004,36.07597829199457,34.44458746876471,34.25656341096034,34.07978457791191
1450,36.9182183975,36.548529659,36.08671595248084,34.37648919164706,34.210398994213236,34.282936260062115
1451,36.9182183975,36.55736684,36.07372922228261,34.36591923005882,34.16209358967146,34.184023310014844
1452,36.9182183975,36.5735683385,36.09690164648649,34.463648055235296,34.222318812285714,34.189481164166665
1453,36.9182183975,36.5205452525,36.10039287848649,34.55236642135294,34.262628571809266,34.13397590200212
1454,36.913799807000004,36.5735683385,36.04565058253731,34.507833960235295,34.2744335026114,34.14585739819549
1455,36.913799807000004,36.566204021000004,36.03101704324111,34.442854688176475,34.21074858038264,34.135720770711046
1456,36.91085408,36.575041202,36.0465247446123,34.512859023941175,34.188744759757114,33.984605859188314
1457,36.91085408,36.492560846,36.04832724482353,34.40698613,34.148798194759244,34.210868126447764
1458,36.912326943500005,36.429227715500005,36.06773550948401,34.488600095705884,34.22119275076289,34.30647378380192
1459,36.9182183975,36.519072389,36.082862503766236,34.53902401082353,34.314534482820235,34.23913559036228
1460,36.919691261000004,36.535273887500004,36.07260946289979,34.56484244158823,34.298726653139745,34.29681154827476
1461,36.9241098515,36.589769837,36.06837026064865,34.57142700782353,34.26552921869474,34.19013081810594
1462,36.925582715000004,36.519072389,36.0542048227027,34.525854878352945,34.25874372002885,34.144459321926945
1463,36.9329470325,36.541165341500005,36.05616824163381,34.545781855117646,34.238482159188614,34.19271297153591
1464,36.931474169,36.524963843,36.05197801830522,34.433497673000005,34.192500382812504,34.4266725215712
1465,36.9211641245,36.523490979500004,36.0331476677551,34.44995908858824,34.246229146326534,34.3272914071413
1466,36.9270555785,36.5146537985,36.0387555854371,34.443547800411764,34.18399787736256,34.18025774444326
1467,36.882869673500004,36.513180935,36.02758088312401,34.389138489941175,34.194195012691765,34.18074744587209
1468,36.888761127500004,36.5028708905,36.00362276626786,34.41374397429412,34.203190327567754,33.92469228803371
1469,36.854885267,36.477832211,36.03216929504202,34.43886929282353,34.24116330256168,34.05283962251272
1470,36.8593038575,36.483723665,36.062932902702705,34.405253349411765,34.23502893690141,34.12182045992835
1471,36.819536543,36.4851965285,36.03385605856335,34.43488389747059,34.188190883529415,34.10885722034205
1472,36.837210905,36.501398027,36.04998180632197,34.442854688176475,34.190134259709325,34.10693630754336
1473,36.787133546,36.52790957,36.05990227561665,34.43886929282353,34.24030336443897,34.14083295017615
1474,36.8003893175,36.530855297,36.04860016621053,34.422927711411766,34.215362479339205,34.12213606528488
1475,36.819536543,36.5264367065,36.03728549017143,34.395029943941175,34.228912047558225,33.939181464847294
1476,36.846048086,36.504343754000004,36.035515749975154,34.40819907641176,34.18287148696281,33.88440907649089
1477,36.840156632,36.5175995255,36.049966535047695,34.42691310676471,34.21395652796821,34.02958481070936
1478,36.8092264985,36.5175995255,36.038639141846154,34.42223459917647,34.18610735839421,33.98581225230548
1479,37.002171617,36.5175995255,36.045572255817476,34.39918861735294,34.221861709239434,34.00141480180977
1480,36.8239551335,36.52790957,36.04421634766667,34.40248090047059,34.243378026769015,34.07870336887431
1481,36.893179718,36.5175995255,36.036552603088154,34.40923874476471,34.18918708142857,33.98401926105575
1482,37.0360474775,36.5205452525,36.02448690555184,34.369558069294115,34.12371787554549,34.00465130052427
1483,36.7532576855,36.563258294,36.030081707,34.38030130894118,34.26076307717915,34.025385445692066
1484,36.770932047500004,36.572095475,36.02182141514706,34.39260405111765,34.249463429150104,33.99959866444665
1485,36.70465319,36.5676768845,36.00991383147059,34.350150926705886,34.26293595909928,33.99957710762712
1486,36.720854688500005,36.530855297,36.0111185894375,34.342526692117644,34.25282915976257,33.97980001513776
1487,36.698761736,36.541165341500005,36.02656199643015,34.36332005917647,34.23160580497772,34.01182607822894
1488,37.240775504,36.535273887500004,36.02567386732847,34.40161451017647,34.221723154767325,33.98525258548047
1489,36.7797692285,36.5205452525,36.024825605882356,34.41183791564706,34.2225822030986,34.09291261835479
1490,36.8151179525,36.330545861000004,36.03283660291314,34.44961253247059,34.2339789154294,34.22429285283205
1491,36.740001914000004,36.58682411,36.021685019404224,34.48496125647059,34.2014412126096,34.12440858470524
1492,36.8210094065,36.5588397035,36.016496284558826,34.43609684388235,34.23928302436814,34.041462409077695
1493,36.8180636795,36.542638205,36.02596184542857,34.38948504605882,34.287009546134804,34.032775581455525
1494,36.722327552,36.5470567955,36.016867459014925,34.38376687011765,34.3099206850652,34.02050155116869
1495,36.7591491395,36.530855297,36.03029454401207,34.43557700970588,34.279415027420626,34.20997013487751
1496,36.737056187,36.5588397035,36.04244280521694,34.41201119370588,34.31720632484807,34.15550139699614
1497,36.825427997,36.5647311575,36.041964018133335,34.4371365122353,34.29226959303177,34.18121102801303
1498,36.793025,36.542638205,36.03960635753053,34.42899244347059,34.302966422066575,34.221532982556226
1499,36.8327923145,36.563258294,36.03949036942857,34.40005500764706,34.24210794263752,34.15936142444558
1500,36.8534124035,36.5175995255,36.02921409428571,34.422407877235294,34.20608634380368,34.217022229186746
1501,36.8651953115,36.516126662000005,36.03684161412815,34.424660492,34.23740669640867,34.11603259692068
1502,36.8740324925,36.52790957,36.03040189471739,34.40594646164706,34.1291681504,33.91947417948207
1503,36.8740324925,36.5441110685,36.03219188,34.41911559411765,34.184409633035145,33.96451911668796
1504,36.8534124035,36.523490979500004,36.01083567626695,34.39676272452941,34.14368928387138,33.85390289403028
1505,36.843102359,36.504343754000004,36.04807482304105,34.39797567094118,34.16975566608696,34.14199460018928
1506,36.8357380415,36.542638205,36.04910876881119,34.378221972235295,34.242033577908586,34.014731291139896
1507,36.882869673500004,36.539692478,36.03814526272728,34.39537650005882,34.16571324188564,34.024525517659136
1508,36.8740324925,36.519072389,36.014757008000004,34.421368208882356,34.23746787811321,34.21703127922091
1509,36.893179718,36.523490979500004,36.025188987858016,34.464687723588234,34.19605545328183,34.2441397513102
1510,36.890233991,36.533801024,36.000182837714284,34.491025988529415,34.27609525589014,34.245524853082706
1511,36.9064354895,36.513180935,36.01922923433643,34.48028274888235,34.244699187696796,34.16904340514638
1512,36.882869673500004,36.501398027,36.01697865591537,34.45203842529412,34.19346155651412,34.22664589819081
1513,36.900544035500005,36.495506573,36.03684848557666,34.437656346411764,34.165668691527095,34.213910809463464
1514,36.9034897625,36.4969794365,36.02470953347417,34.434190785235295,34.11056783975499,34.29012499364394
1515,36.907908353,36.489615119,36.02472742967939,34.45758332317647,34.110883433727814,34.240420775808204
1516,36.900544035500005,36.473413620500004,36.02114943995059,34.425700160352946,34.09454623486533,34.2250897216178
1517,36.902016899,36.4881422555,36.02319827313846,34.25658077494118,34.092088624002756,34.187822339287436
1518,36.919691261000004,36.473413620500004,36.0444411117562,34.27824053229412,34.12718713732744,34.084716554621515
1519,36.928528442,36.4086076265,36.03921688362269,34.23994608129412,34.095482382289724,34.216244462053574
1520,36.91085408,36.477832211,36.02437750700615,34.25900666776471,34.097434324714904,34.1881286943346
1521,36.9211641245,36.474886484,36.040474192481206,34.13563268988236,34.1161920590541,34.19980098754177
1522,36.916745534,36.4763593475,36.02309282529412,34.24029263741177,34.111676998250005,34.099982829745564
1523,36.9064354895,36.507289481,36.01592644951825,34.40161451017647,34.16811410387347,34.107048741298826
1524,36.9182183975,36.491087982500005,36.00876580707982,34.325025608176475,34.11898915492447,34.22578785803169
1525,36.928528442,36.510235208000005,36.026893413547434,34.26732401458823,34.15107671159266,34.24877598310961
1526,36.9270555785,36.498452300000004,36.02950415265604,34.42847260929412,34.16950214650315,34.219021408169304
1527,36.922636988,36.474886484,36.02115659385075,34.46174199658824,34.14026285709569,34.22329848853598
1528,36.907908353,36.498452300000004,36.0260234560996,34.48045602694118,34.14105794894347,34.02530495480126
1529,36.9182183975,36.498452300000004,36.02649100055883,34.45481087423529,34.17707499611849,34.09108835569017
1530,36.91085408,36.498452300000004,36.030951977767444,34.377355581941174,34.159069977073834,34.061300073792374
1531,36.916745534,36.498452300000004,36.03122986514286,34.504195121,34.2833171536587,34.07623971842791
1532,36.9300013055,36.3379101785,36.072095982571426,34.376315913588236,34.20299111906561,34.28276131705637
1533,36.8946525815,36.4262819885,36.067603418452094,34.478030134117645,34.256165802277906,34.58580187084975
1534,36.912326943500005,36.5323281605,36.07901984711394,34.49379843747059,34.316425815542345,34.25229878355285
1535,36.913799807000004,36.551475386,36.04643054391305,34.5107796872353,34.28679549670886,34.16745952334769
1536,37.061086157,36.504343754000004,36.0436320512,34.500383003705885,34.20752886235554,34.29412613744212
1537,36.846048086,36.535273887500004,36.04278257035374,34.50835379441177,34.27551491020511,34.211470562049314
1538,36.8062807715,36.533801024,36.03209744733255,34.49657088641177,34.2642461055646,34.198292337664704
1539,36.848993813,36.530855297,36.015568088569346,34.49674416447059,34.245047883285864,34.116160812173916
1540,36.8917068545,36.513180935,36.027090380510835,34.491719100764705,34.28674581371078,34.11078374804802
1541,36.840156632,36.4851965285,36.0193025282,34.42621999452941,34.29463724018299,34.01373468937632
1542,36.819536543,36.504343754000004,36.00564782652174,34.471445567882355,34.2478152952069,33.98073001753425
1543,36.7620948665,36.5175995255,35.97620928094966,34.42448721394118,34.2852087562606,33.97130504848025
1544,36.972714347,36.529382433500004,35.99049016633333,34.42102165276471,34.33191624961539,34.00792639802302
1545,36.8121722255,36.498452300000004,35.99223813923026,34.45359792782353,34.24419381448776,34.02787162833652
1546,36.8416294955,36.5500025225,35.99675169032298,34.43193817047059,34.287510997545425,33.98892061325074
1547,36.776823501500004,36.5529482495,35.99546177012976,34.44181501982353,34.296458063911174,34.10717202708748
1548,36.8062807715,36.513180935,35.986457558287476,34.416169867117645,34.30581119443532,34.05359874515254
1549,36.725273279,36.5175995255,36.00204275,34.41183791564706,34.30693137304348,34.140467304573605
1550,36.8033350445,36.510235208000005,36.00789546505298,34.40819907641176,34.26896243228058,34.05830376943976
1551,36.719381825,36.523490979500004,35.99858571233916,34.42500704811765,34.22489343704966,34.167099027932906
1552,36.751784822000005,36.5087623445,36.011100593924816,34.42500704811765,34.29359670455446,34.102194173316356
1553,36.8092264985,36.5264367065,36.02400629437956,34.475777519352945,34.246280804746924,34.130650249371655
1554,36.7797692285,36.542638205,36.01277287316788,34.484268144235294,34.29569158524648,34.11446302166582
1555,37.031628887000004,36.5441110685,36.03112053826087,34.48028274888235,34.28352395595255,34.15906263524566
1556,37.791626453,36.52790957,36.035416195810924,34.42777949705882,34.30261414816547,34.216348143717816
1557,37.031628887000004,36.545583932,36.04223557875466,34.46763345058824,34.31499581018757,34.226052197707006
1558,38.0758891085,36.541165341500005,36.042678496791446,34.44458746876471,34.34513216177477,34.26827461890076
1559,38.287981452500006,36.548529659,36.02790482712675,34.408718910588235,34.391326374396556,34.17045738974745
1560,39.4721637065,36.524963843,36.024411042784635,34.37440985494118,34.38596347960954,34.1301995718192
1561,37.3777518095,36.529382433500004,36.03227014470588,34.4253536042353,34.36365899029703,34.22931061781233
1562,38.338058811500005,36.55736684,36.034831564377164,34.45047892276471,34.27445522358209,34.24031377566613
1563,37.868215355000004,36.554421113000004,36.023177145517394,34.46451444552941,34.254061830905336,34.23433594290509
1564,38.0935634705,36.5441110685,36.0251348067663,34.42188804305883,34.279692661410216,34.18993827051026
1565,38.5604612,36.4881422555,36.03875867193226,34.40161451017647,34.33636098322053,34.40643970509275
1566,39.821232356,36.5500025225,36.011892925762865,34.467980006705886,34.21501477922134,34.295732753851894
1567,39.579682742,36.554421113000004,36.01596814970139,34.397455836764706,34.183888065979815,34.12265394017167
1568,38.7386776835,36.5441110685,36.012178889895075,34.33178345247059,34.202611269679835,34.019246979244684
1569,38.0434861115,36.548529659,36.019004444286665,34.344952584941176,34.27977066566102,33.98037554917647
1570,39.279218588,36.539692478,36.02344896992095,34.3503242047647,34.26868439577427,33.931272743601255
1571,37.897672625,36.5588397035,36.02456156312605,34.379088362529416,34.27374324590153,34.0354937578072
1572,36.899071172,36.5264367065,36.03958956134998,34.473005070411766,34.29594402114345,34.18356452592705
1573,36.745893368000004,36.52790957,36.04070731993559,34.43159161435294,34.426851322500816,34.04009848861723
1574,36.7856606825,36.5175995255,36.03451233069853,34.45827643541177,34.34940668324012,34.096091697744896
1575,36.8298465875,36.522018116,36.02858275413043,34.44770647382353,34.3051535259008,34.123861761600004
1576,37.6664330555,36.516126662000005,36.04206473232337,34.42500704811765,34.35775189427562,34.126924474365765
1577,39.134877965,36.5146537985,36.02249206336754,34.37371674270588,34.3311578009733,34.13386321066594
1578,39.647434463,36.5146537985,36.012900477999196,34.422927711411766,34.202374770999654,34.10557709065321
1579,38.887436897,36.530855297,36.02209964194595,34.4364434,34.32424555795031,34.12203562004222
1580,36.734110460000004,36.5205452525,36.036450580413536,34.44961253247059,34.35399132944445,34.20656235526047
1581,36.8003893175,36.5264367065,36.038558735246355,34.46226183076471,34.41533583140546,34.107119533618906
1582,36.798916454,36.5323281605,36.03434469340377,34.49275876911765,34.300789409771724,34.17283573547867
1583,36.875505356000005,36.467522166500004,36.044948649515334,34.51545819482353,34.26643395731999,34.1048912031579
1584,36.88139681,36.5205452525,36.05966408509653,34.490159598235294,34.4008615342902,34.163994842550586
1585,36.882869673500004,36.542638205,36.05569734762774,34.523082429411765,34.4126712015699,34.245021511607234
1586,36.88139681,36.52790957,36.04638287295489,34.53191961041176,34.36090267079754,34.17778051485715
1587,36.88139681,36.5470567955,36.04437900340357,34.50298217458824,34.30909821199622,34.14449033679482
1588,36.899071172,36.539692478,36.046117364682274,34.47352490458824,34.26338654720901,34.21233498415094
1589,36.9182183975,36.548529659,36.05617396768978,34.50246234041177,34.24343080434123,34.1909889532745
1590,36.900544035500005,36.5323281605,36.0491714629097,34.561030324294116,34.29247708573837,34.12339948945455
1591,36.91085408,36.516126662000005,36.04427513391305,34.546994801529415,34.3209971692293,34.10138199661371
1592,36.869613902,36.529382433500004,36.04643574063577,34.52984027370589,34.315964184982704,34.095441005675305
1593,36.8475209495,36.535273887500004,36.04220004975156,34.50852707247059,34.425584271987205,34.07838187859682
1594,36.8475209495,36.554421113000004,36.01992690502965,34.48998632017647,34.38911360783959,34.0845815724559
1595,36.875505356000005,36.536746751,36.04165115652174,34.52949371758824,34.36149238689054,34.11660985673184
1596,36.854885267,36.541165341500005,36.02926554575539,34.52672126864706,34.414776089357446,34.08113516512727
1597,36.826900860500004,36.5470567955,36.02489528101422,34.485134534529415,34.43880602993263,34.0541216080239
1598,37.743021957500005,36.533801024,36.02952996765714,34.462781664941176,34.35632725207767,34.06810496660793
1599,38.333640221,36.523490979500004,36.02787712240085,34.45134531305882,34.35225205867633,34.07063379356145
1600,37.5279838865,36.535273887500004,36.016844119,34.484268144235294,34.319344339417285,34.02959113423407
1601,38.044958975,36.55736684,36.024168269962686,34.462954943,34.325837254509935,34.11204379244209
1602,38.021393159,36.55736684,36.01557585807563,34.49397171552941,34.28254663890169,34.09834201450446
1603,36.7444205045,36.5470567955,36.02576675081876,34.491025988529415,34.34060960250663,34.06594020432511
1604,36.728219006,36.530855297,36.01923429936567,34.46503427970588,34.30275497224327,34.126160156
1605,36.76356773,36.542638205,36.030178460201824,34.50228906235294,34.3574732562917,34.154130037218934
1606,36.772404911,36.529382433500004,36.01766393428736,34.45948938182353,34.22313213448276,34.10236588281061
1607,36.766513457,36.5117080715,36.036496125887666,34.511299521411765,34.37216234840676,34.17674878002853
1608,36.765040593500004,36.5058166175,36.02607942294737,34.50887362858823,34.36494095761554,34.2836184469514
1609,36.7503119585,36.507289481,36.01954292008471,34.518750477941175,34.380433521101665,34.33938929768452
1610,36.748839095,36.501398027,36.0217649892618,34.58372975,34.253756992955765,34.2548859642897
1611,37.7489134115,36.5617854305,36.036049002228296,34.505408067411764,34.368218115258856,34.22495888230005
1612,40.246889907500005,36.583878383,36.060916987898004,34.46503427970588,34.37744881307066,34.16835633645111
1613,38.849142446,36.519072389,36.06725333430533,34.467460172529414,34.35104522490036,34.181436008523384
1614,38.5589883365,36.513180935,36.037975308398394,34.41201119370588,34.35807869823044,34.08658268456632
1615,37.489689435500004,36.530855297,36.02287622772059,34.48028274888235,34.295381482774566,34.042173963881545
1616,37.2717056375,36.529382433500004,36.03774421952569,34.52914716147059,34.24505841143515,33.98634849311628
1617,37.1951167355,36.5146537985,36.05654397858065,34.524641931941176,34.35579550293646,34.07099979173502
1618,36.8534124035,36.5175995255,36.03449569000209,34.55427248,34.22171773965875,34.16484706986218
1619,36.8210094065,36.5117080715,36.04500330421642,34.50991329694118,34.27508312877182,34.16129900632061
1620,36.831319451,36.5205452525,36.03986237619605,34.52793421505882,34.326285281255785,34.234680489731836
1621,36.819536543,36.516126662000005,36.027956735996185,34.539197288882356,34.33575566491432,34.31837519452055
1622,36.7915521365,36.539692478,36.023841129800005,34.533652391000004,34.36647271929134,34.10398663535945
1623,36.8003893175,36.5558939765,36.03232612149254,34.52325570747059,34.347252222245594,34.2199273589896
1624,36.8033350445,36.535273887500004,36.01580827781022,34.55843115341177,34.29318722507601,34.143121724800004
1625,36.878451083,36.5323281605,36.017935740210085,34.58234352552941,34.23832767339286,34.2086309324
1626,36.8504666765,36.5264367065,36.03243873798627,34.58355647194118,34.36379103244336,34.231149818110886
1627,36.875505356000005,36.5617854305,36.02591203952836,34.58858153564706,34.373682625782386,34.26284584611587
1628,36.878451083,36.529382433500004,36.01650920927145,34.58043746688235,34.332031873953646,34.306240419749216
1629,36.866668175,36.55736684,36.02056099964272,34.58372975,34.37138195,34.24523375438614
1630,36.8504666765,36.55736684,36.03468458972973,34.56848128082353,34.3723258095924,34.26742627704918
1631,36.887288264,36.55736684,36.04248137305417,34.57731846182353,34.342105186133246,34.280986648862914
1632,36.863722448000004,36.548529659,36.02219483247634,34.538330898588235,34.35643503727333,34.189850459053986
1633,36.857830994000004,36.560312567000004,36.03554182240357,34.55756476311765,34.32424789890909,34.227942320151136
1634,36.8563581305,36.55736684,36.03285711027428,34.53503861547059,34.32896470344689,34.16459869954615
1635,36.863722448000004,36.560312567000004,36.03695156318214,34.523082429411765,34.33318034377384,34.18182658179931
1636,36.8563581305,36.5529482495,36.02602928555492,34.498303667,34.35557362850051,34.122174418875744
1637,37.022791706,36.541165341500005,36.03522481027824,34.49466482776471,34.33203050237624,34.21778151237668
1638,36.890233991,36.5529482495,36.03353241577143,34.483921588117646,34.29124614719376,34.244079181862595
1639,37.022791706,36.5588397035,36.03228843628572,34.508180516352944,34.329897489025846,34.182175916836215
1640,36.8416294955,36.551475386,36.030612739418366,34.4931053252353,34.346038392757606,34.12462308315895
1641,37.838758085,36.551475386,36.03876356978331,34.520309980470586,34.36023680533111,34.19519000435754
1642,38.183408144,36.551475386,36.04237646118085,34.50644773576471,34.3498541930993,34.18538235416074
1643,36.875505356000005,36.560312567000004,36.04654917266776,34.50159595011765,34.40624266547749,34.169510751166406
1644,37.8225565865,36.563258294,36.04570279175123,34.50176922817647,34.36117253218329,34.146893716764254
1645,36.8475209495,36.5558939765,36.04518560043166,34.53382566905883,34.337292588961304,34.262145745012816
1646,36.887288264,36.5647311575,36.04637831762598,34.54716807958824,34.28272788392857,34.1428016952
1647,36.8593038575,36.542638205,36.06524676456834,34.5873685892353,34.35006717856421,34.18135936464865
1648,36.919691261000004,36.5558939765,36.060758528869684,34.59741871664706,34.28934882910156,34.06223753435739
1649,36.916745534,36.542638205,36.07354985786685,34.609201624647056,34.30185277462111,34.08038534370909
1650,36.9064354895,36.237755460500004,36.08238349637111,34.624796649941175,34.28828883572632,34.401173390184994
1651,36.893179718,36.55736684,36.082062576440315,34.61769224952941,34.29929977059607,34.119141674011516
1652,36.8946525815,36.5264367065,36.04961818928214,34.59603249217647,34.29547831102859,34.0448122407595
1653,36.890233991,36.551475386,36.05710194773723,34.616132747,34.284778925461765,34.208025340096384
1654,36.8799239465,36.535273887500004,36.03856902434783,34.58546253058824,34.29024095475741,34.194199039066035
1655,36.912326943500005,36.522018116,36.02040288971429,34.56986750529412,34.254451137297295,34.07184687145228
1656,36.801862181000004,36.489615119,36.02562535076923,34.52204276105883,34.29868911017675,33.98439580075254
1657,36.7886064095,36.5117080715,35.974685085575544,34.49223893494118,34.199730054208956,33.957381586645965
1658,36.8092264985,36.501398027,35.97767953404412,34.488600095705884,34.18898246200337,34.056544083106495
1659,37.5868984265,36.5058166175,35.962761396819225,34.47699046576471,34.23998160741344,33.97109584966929
1660,36.8298465875,36.474886484,35.93613913672081,34.47508440711765,34.27301053068762,34.09064892368619
1661,36.7179089615,36.466049303,35.938101636245676,34.46919295311765,34.278100806750665,34.0218781802661
1662,36.6206999705,36.4822508015,35.92250011745174,34.42032854052941,34.23435120723404,33.98742091637841
1663,37.3424030855,36.4881422555,35.92841999497326,34.42431393588235,34.2257233313296,34.038580763789476
1664,38.124493604,36.4763593475,35.9238827936,34.44961253247059,34.295834552625294,33.95896543627517
1665,37.485270845,36.4822508015,35.92312936553719,34.45429104005883,34.301555021155615,34.085444559520546
1666,36.448374941000004,36.480777938,35.917446904673774,34.45637037676471,34.22941136655512,34.02107515967515
1667,37.4072090795,36.491087982500005,35.91579311922894,34.47906980247059,34.1991438398806,33.973505109220646
1668,37.025737433,36.5117080715,35.91959735175246,34.48842681764706,34.19883318967924,34.296122988655334
1669,36.7886064095,36.504343754000004,35.932338359092995,34.52221603911765,34.2684611225,34.04186704492308
1670,36.769459184,36.507289481,35.943856391678835,34.54127662558824,34.23975587146075,33.98937360592025
1671,36.798916454,36.513180935,35.94780942066383,34.566055388,34.2310402299934,33.94969979726041
1672,36.819536543,36.501398027,35.946676364260874,34.521522926882355,34.22808895113044,33.931681112457376
1673,36.776823501500004,36.5117080715,35.96198869569231,34.51857719988235,34.31415166547422,34.05458338650746
1674,36.838683768500005,36.5175995255,35.955623656804455,34.562936382941174,34.2449663552,34.09345324607436
1675,36.751784822000005,36.533801024,35.962893095169576,34.52325570747059,34.280861611896555,34.01211142565
1676,36.734110460000004,36.535273887500004,35.95246250302862,34.55253969941177,34.242732238404706,34.12220346943787
1677,36.698761736,36.541165341500005,35.96576171636547,34.485134534529415,34.32190649052632,34.094363933663885
1678,36.7179089615,36.542638205,35.95013254072495,34.48409486617647,34.31489159307194,34.21367821587831
1679,36.8298465875,36.539692478,35.97475794370803,34.53434550323529,34.23874256997718,34.0836116399733
1680,36.843102359,36.5175995255,35.99383953427027,34.58390302805883,34.240126908214165,34.27822757692523
1681,36.8298465875,36.5264367065,35.99434310736765,34.549420694352946,34.28133429154305,34.28226450386188
1682,36.8357380415,36.522018116,35.980042573167886,34.57177356394118,34.27344904159458,34.26161275760421
1683,36.854885267,36.5175995255,35.986302378785666,34.57801157405883,34.28550941520854,34.17764961031167
1684,36.825427997,36.513180935,35.976153036859245,34.521869483,34.324245023309814,34.19460594714478
1685,36.828373724,36.504343754000004,35.972257550882354,34.553232811647064,34.28946290095393,34.25891135283803
1686,36.838683768500005,36.522018116,35.969017877300004,34.53573172770588,34.33297705648228,34.225305537374304
1687,36.828373724,36.5087623445,35.97867559552239,34.49709072058823,34.340297339960706,34.13402454084455
1688,36.745893368000004,36.513180935,35.968010276774194,34.52568160029412,34.2973275352317,34.03733455925779
1689,36.707598917,36.524963843,35.9674668420019,34.49050615435294,34.235142409528486,34.041242091459786
1690,36.6413200595,36.522018116,35.95070251861159,34.467113616411766,34.243843476188566,34.0383389947196
1691,37.669378782500004,36.507289481,35.97813404514286,34.483575032000005,34.23334167086582,34.15474153542886
1692,36.899071172,36.504343754000004,35.959980941441366,34.51615130705883,34.15904309955157,34.14601876455102
1693,37.228992596,36.5087623445,35.95328454464651,34.496917442529416,34.28514385346473,34.078529231106536
1694,36.8475209495,36.52790957,36.04238982213953,34.63328727482353,34.33123740766355,34.23791788205156
1695,36.82248227,36.5500025225,36.04138145342857,34.57541240317647,34.37692748667574,34.18438905736754
1696,36.846048086,36.52790957,36.04664007578781,34.5726399542353,34.37578893883242,34.19394724593482
1697,36.840156632,36.533801024,36.044155736,34.615439634764705,34.36373177969231,34.13138837657331
1698,36.872559629,36.519072389,36.043791193417185,34.64628312923529,34.3023158304888,34.00017367815385
1699,37.084651973,36.5558939765,36.06827969110673,34.680765462941174,34.339796403002374,34.19085317397699
1700,36.854885267,36.541165341500005,36.04292422902878,34.59066087235294,34.35378747747376,34.04531137084592
1701,36.8593038575,36.554421113000004,36.04403994027084,34.65321425158824,34.34744610701719,34.0284574156926
1702,36.869613902,36.5500025225,36.05571411867214,34.615439634764705,34.331026879652825,33.94294180722276
1703,36.8239551335,36.5441110685,36.052885609182525,34.63224760647059,34.33881067357366,34.157446141041774
1704,38.7003832325,36.5529482495,36.066532727310346,34.66066520811765,34.35837147682069,34.12851945837704
1705,37.8873625805,36.566204021000004,36.080727006317645,34.639352006882355,34.28629443128527,34.124388981932654
1706,36.828373724,36.566204021000004,36.07010614378083,34.63831233852941,34.344641988744286,34.09089417984322
1707,38.133330785,36.5647311575,36.069064211021896,34.639698563,34.33697808583362,34.1889964375988
1708,38.4794537075,36.5735683385,36.063577820494466,34.60123083394118,34.34273490955988,34.21700683605263
1709,36.925582715000004,36.5706226115,36.07445853875,34.62150436682353,34.34628660650462,34.25878933596211
1710,37.140620786,36.5647311575,36.06814669013587,34.62081125458823,34.37576242745486,34.212718395968615
1711,37.7489134115,36.5882969735,36.067359561997286,34.630341547823534,34.37137483423398,34.20034404274588
1712,36.7738777745,36.566204021000004,36.070680916625,34.56553555382353,34.39032394714236,34.231175686451955
1713,36.8445752225,36.5941884275,36.07971099921356,34.54006367917647,34.371088641391914,34.232631754691994
1714,36.843102359,36.595661291,36.09866863958124,34.571600285882354,34.390448169545934,34.395095412831004
1715,36.7355833235,36.622172834,36.09508745209559,34.604523117058825,34.29907677489019,34.396666704203824
1716,36.726746142500005,36.613335653,36.07518785521739,34.55895098758823,34.36431722874268,34.26928982429006
1717,36.8593038575,36.55736684,36.07654064430449,34.5490741382353,34.3499800891831,34.240624990409835
1718,36.828373724,36.589769837,36.06786967452555,34.551673309117646,34.36281572338829,34.242228990675606
1719,36.8858154005,36.6118627895,36.0565684959916,34.557911319235295,34.37769429219375,34.13774638115483
1720,36.893179718,36.592715564,36.06097096967318,34.56051049011765,34.3767106025,34.238203533648715
1721,36.8917068545,36.6324828785,36.05750181685619,34.57801157405883,34.37817467002122,34.297937867643505
1722,36.919691261000004,36.616281380000004,36.057575352708625,34.61647930311765,34.393609856270096,34.33176622136986
1723,36.9270555785,36.6236456975,36.05409578580435,34.617345693411764,34.32673619850245,34.21809914192578
1724,36.91085408,36.592715564,36.048588557065216,34.593606599352945,34.33584211142559,34.18623808152785
1725,36.887288264,36.607444199,36.04785353790809,34.58113057911765,34.2865400217484,34.342461393834434
1726,36.934419896,36.636901469,36.05248530185939,34.616132747,34.32595846128767,34.34583092544625
1727,36.9417842135,36.5941884275,36.05906594054745,34.618212083705885,34.32338719672377,34.33237009585254
1728,36.9358927595,36.595661291,36.063364774140865,34.60123083394118,34.36704599263748,34.21166224450837
1729,36.957985712,36.554421113000004,36.078497373846155,34.57922452047059,34.324402776552446,34.489050312649006
1730,36.931474169,36.6177542435,36.06135822187172,34.59568593605883,34.368894647429826,34.37734133361273
1731,36.888761127500004,36.569149748,36.03445144630597,34.624103537705885,34.291517737142854,34.269948589474836
1732,36.916745534,36.551475386,36.02062665292183,34.61769224952941,34.29047201424956,34.213284134028285
1733,36.9241098515,36.5441110685,36.024770797737226,34.62237075711765,34.24361924130435,34.205905528585056
1734,36.9211641245,36.554421113000004,36.028448749641306,34.6109344052353,34.309846787621694,34.144312429075455
1735,36.9064354895,36.566204021000004,36.035247402173916,34.62306386935294,34.27708746334979,34.14548508895706
1736,36.8946525815,36.5588397035,36.02709402554745,34.563109661,34.35052893294241,34.07381585669657
1737,36.9358927595,36.5588397035,36.04470361276087,34.56917439305882,34.33642759284327,34.104472774608695
1738,36.937365623000005,36.545583932,36.03764881005435,34.57801157405883,34.26575602991608,34.11654558689692
1739,36.937365623000005,36.583878383,36.04917255620438,34.60694900988236,34.29650396951738,34.16073082215531
1740,36.919691261000004,36.52790957,36.05366866458134,34.590834150411766,34.32269516673715,34.38319431497636
1741,36.9300013055,36.583878383,36.06440388977273,34.61162751747059,34.30022442385925,34.535299480667014
1742,36.878451083,36.585351246500004,36.05208425062937,34.56172343652941,34.401255906619824,34.39854637654371
1743,36.8975983085,36.5941884275,36.06025071636253,34.56830800276471,34.38113498597345,34.375004830595614
1744,36.8740324925,36.583878383,36.05884499620301,34.551326753,34.44556753157534,34.35534776006529
1745,36.8917068545,36.610389926,36.054193028,34.57108045170588,34.444965083555395,34.30777687459607
1746,36.893179718,36.5882969735,36.057490302666665,34.55375264582353,34.46145576836944,34.288364405172985
1747,36.912326943500005,36.595661291,36.04887132366667,34.59603249217647,34.31661500694947,34.36877917584159
1748,36.919691261000004,36.592715564,36.036279842527854,34.59689888247059,34.333926909691634,34.371324030787235
1749,36.8946525815,36.5824055195,36.03931227602544,34.59291348711765,34.340704543964435,34.33348626063784
1750,36.8769782195,36.619227107,36.04854864661557,34.62098453264706,34.30757727481888,34.36377389132214
1751,36.804807908,36.631010015,36.05703882215126,34.63016826976471,34.2948983470015,34.37728183886792
1752,36.8593038575,36.6206999705,36.047010484517656,34.60123083394118,34.32891109545946,34.273007093913044
1753,36.8681410385,36.647211513500004,36.06049426490094,34.63328727482353,34.29839247535339,34.36192361455228
1754,36.882869673500004,36.672250193,36.0748190662602,34.64697624147059,34.30811768052574,34.29582394417336
1755,36.9064354895,36.619227107,36.07437989843066,34.63398038705883,34.306728803222065,34.30427100433529
1756,36.904962626,36.6206999705,36.06156880568908,34.62982171364706,34.30438251599565,34.31815381030745
1757,36.8799239465,36.6148085165,36.07557957444538,34.63883217270588,34.37207500759605,34.274381258217716
1758,36.9064354895,36.616281380000004,36.07175508014706,34.610414571058826,34.35542796896155,34.228522722945904
1759,36.878451083,36.622172834,36.06968396466294,34.622544035176475,34.32832479174779,34.26653361700212
1760,36.913799807000004,36.6118627895,36.06566797197325,34.64056495329412,34.34294858652174,34.2378680288089
1761,36.91085408,36.6383743325,36.070801777352536,34.621331088764705,34.313862483847764,34.181478156817704
1762,36.91085408,36.5941884275,36.0706136166755,34.64888230011765,34.28845425214724,34.2223158828436
1763,36.913799807000004,36.5941884275,36.07290055928544,34.644030514470586,34.296026287331934,34.23453209633531
1764,36.913799807000004,36.6295371515,36.06940075869565,34.651481471000004,34.303645600942595,34.17903362773575
1765,36.9182183975,36.610389926,36.05435591542711,34.66222471064706,34.29487791811441,34.236438319557195
1766,36.9182183975,36.6000798815,36.05297380441606,34.658932427529415,34.29710583714286,34.229095640288
1767,36.91085408,36.6059713355,36.061502795,34.658066037235294,34.38287123642318,34.264661700831
1768,36.913799807000004,36.6148085165,36.06273819721859,34.689082809764706,34.30785348370945,34.22602983744931
1769,36.878451083,36.6324828785,36.05387021211516,34.700345883588234,34.275816038755046,34.262148176467534
1770,36.872559629,36.610389926,36.05644990562044,34.67106189164706,34.329207076584524,34.26937280089256
1771,36.884342537,36.616281380000004,36.06232778317274,34.69722687852941,34.29670915505858,34.189578329628056
1772,36.8917068545,36.6413200595,36.063258763649635,34.675740399235295,34.305513214330816,34.2340455273523
1773,36.88139681,36.6354286055,36.06571510209664,34.689775922,34.36340327112422,34.2549021790228
1774,36.900544035500005,36.604498472,36.05471955891304,34.64489690476471,34.30409110529289,34.216676661973686
1775,36.91085408,36.625118561,36.06437452530677,34.685097414411764,34.31976910981431,34.26327931448161
1776,36.9034897625,36.619227107,36.06795258941177,34.68059218488236,34.38088500743994,34.20300335730747
1777,36.887288264,36.607444199,36.06029767832325,34.67747317982353,34.34663659443843,34.19984649183517
1778,36.8946525815,36.601552745,36.06167378436705,34.693761317352944,34.30619762229364,34.28343581457464
1779,36.888761127500004,36.619227107,36.06269366861556,34.71195551352941,34.32966834681476,34.27068705755627
1780,36.872559629,36.610389926,36.048058134805245,34.703638166705886,34.34121675358491,34.28537038924875
1781,36.904962626,36.6177542435,36.03402879688009,34.695320819882355,34.3254277036582,34.29169788297162
1782,36.8946525815,36.628064288000004,36.03606482595851,34.679205960411764,34.282328273513144,34.2868641597946
1783,36.887288264,36.6177542435,36.036794291844544,34.70051916164706,34.308896666880166,34.184812405239725
1784,36.896125445,36.5971341545,36.041848195117055,34.698786381058824,34.31859418516063,34.18722682531507
1785,36.88139681,36.6177542435,36.04799851566667,34.70017260552941,34.30228765036614,34.27187907448725
1786,36.9093812165,36.610389926,36.042849623337936,34.70346488864706,34.311242386866596,34.220694965630535
1787,36.884342537,36.613335653,36.04456720262857,34.7169805772353,34.35199991337067,34.26408077243063
1788,36.875505356000005,36.592715564,36.03945797529412,34.71940647005882,34.323230681953746,34.22917778939759
1789,36.8622495845,36.6059713355,36.04382018166387,34.707103727882355,34.31617216195272,34.19121162725
1790,36.872559629,36.585351246500004,36.04083136435294,34.691855258705885,34.314540120383434,34.19121847215965
1791,36.902016899,36.6148085165,36.064646980693304,34.704677835058824,34.33957430057693,34.19645762771286
1792,36.884342537,36.595661291,36.07013480098507,34.677646457882354,34.42266149496312,34.176026471210406
1793,36.9093812165,36.6000798815,36.05824179819853,34.68804314141177,34.31261395527032,34.28250848690065
1794,36.899071172,36.5882969735,36.043807240719424,34.65564014441176,34.322845418686185,34.12293157898138
1795,36.875505356000005,36.598607018,36.03128453498498,34.64749607564706,34.3136620261152,34.23149913592244
1796,36.8769782195,36.5971341545,36.02350718586957,34.645243460882355,34.362088769866396,34.185730750243366
1797,36.8622495845,36.5794597925,36.025547597794116,34.646109851176476,34.39680847772472,34.18514785336438
1798,36.8681410385,36.5882969735,36.02665752565847,34.672274838058826,34.36225396366724,34.27861637622386
1799,36.8563581305,36.589769837,36.02756917514706,34.67123516970588,34.39145889365134,34.28082008679245
1800,36.851939540000004,36.563258294,36.02420059795874,34.67591367729412,34.366664313653445,34.33567736807298
1801,36.890233991,36.5588397035,36.024397521637525,34.69549409794118,34.36604828736477,34.3166027703125
1802,37.547131112,36.5323281605,36.02832645237782,34.71247534770588,34.328145577677184,34.60403728112626
1803,36.9241098515,36.631010015,36.02096779835382,34.75423535988235,34.38852288384616,34.5177279990878
1804,36.8416294955,36.5794597925,36.02348605563637,34.752849135411765,34.38846383518347,34.47354729978095
1805,36.9594585755,36.580932656,36.02809266009456,34.735694607588236,34.401444663366334,34.324181048188976
1806,36.8563581305,36.585351246500004,36.02073462956413,34.71386157217647,34.459275617670514,34.32733246479226
1807,36.843102359,36.5882969735,36.0366662732353,34.767404492352945,34.423441141436115,34.44896645701627
1808,36.837210905,36.5882969735,36.04465111351352,34.73656099788236,34.45496764962185,34.37523720852512
1809,37.379224673,36.5941884275,36.05131809042971,34.78195984929412,34.35681913187828,34.46301584486398
1810,37.483797981500004,36.58682411,36.031777089446045,34.735174773411764,34.40663691550209,34.36537793441034
1811,37.1420936495,36.58682411,36.03617112791367,34.72599103629412,34.395828845098585,34.270563016291256
1812,37.093489154000004,36.583878383,36.03546177941177,34.73534805147059,34.46722849423717,34.30731169357609
1813,37.284961409000005,36.5824055195,36.038878810081634,34.76081992611765,34.30300916148607,34.32882046956432
1814,37.296744317,36.5824055195,36.043828433,34.76948382905883,34.30198107587313,34.352122336936304
1815,36.8593038575,36.55736684,36.05842916070747,34.78750474717647,34.35599278137957,34.45155729104628
1816,37.1273650145,36.631010015,36.067784124632354,34.801886826058826,34.49616468151388,34.4801062603191
1817,38.3822447165,36.6059713355,36.07390840784886,34.79027719611765,34.37866142097933,34.435931933564845
1818,36.882869673500004,36.601552745,36.0667941935,34.76428548729412,34.42355269723077,34.31497998149351
1819,36.8858154005,36.583878383,36.05975243547826,34.77762789782353,34.343810215266856,34.32309971424406
1820,36.8651953115,36.5882969735,36.05120752839465,34.743492120235295,34.325288152520045,34.246033873874936
1821,36.9034897625,36.572095475,36.046023488117555,34.76671138011765,34.35651462442958,34.26423894199037
1822,36.8946525815,36.539692478,36.04692832445652,34.76133976029412,34.30047895832472,34.28303195848875
1823,36.896125445,36.529382433500004,36.045163421840186,34.76480532147059,34.302641576866485,34.26673908456405
1824,36.91085408,36.572095475,36.0517723521821,34.77017694129412,34.31092718310274,34.22062543701137
1825,36.925582715000004,36.5794597925,36.06291555755167,34.750423242588234,34.298100845784184,34.27502974740338
1826,36.8475209495,36.551475386,36.04872733811919,34.74019983711765,34.29404002100812,34.168433141090716
1827,37.3482945395,36.603025608500005,36.06005023608696,34.739506724882354,34.29404687795181,34.21067977855105
1828,36.765040593500004,36.610389926,36.06581737523662,34.738467056529416,34.376061092913496,34.38325574824581
1829,36.801862181000004,36.6059713355,36.06156359431888,34.733961827,34.3517091705569,34.25010080082012
1830,36.776823501500004,36.533801024,36.04154065445012,34.69947949329412,34.41706922862461,34.25768122142857
1831,36.7856606825,36.535273887500004,36.03874540024607,34.72373842152941,34.35837854241428,34.28811387517707
1832,36.7679863205,36.542638205,36.021301563069784,34.7228720312353,34.32379494417178,34.292117335782535
1833,36.7562034125,36.541165341500005,36.02698034313351,34.74903701811765,34.323523865,34.302707055025905
1834,36.8180636795,36.5470567955,36.0050430275,34.73794722235294,34.30318098953512,34.293383810596026
1835,36.8769782195,36.5676768845,36.0042906359288,34.789237527764705,34.29530251662031,34.334179629871386
1836,36.8210094065,36.5706226115,35.996312076421056,34.77953395647059,34.35595927260357,34.22954641983888
1837,36.854885267,36.5676768845,36.00712513517697,34.78975736194118,34.32134090995544,34.29188132970254
1838,36.790079273,36.545583932,35.99580328770073,34.75735436494118,34.33175835702759,34.198864821292815
1839,36.801862181000004,36.545583932,36.00693636784672,34.77970723452941,34.30550908164329,34.19929537257834
1840,36.8151179525,36.542638205,36.01143558291336,34.790450474176474,34.30316099817441,34.30539775019012
1841,36.804807908,36.563258294,36.01940871521463,34.787331469117646,34.33607412520548,34.30694525652174
1842,36.848993813,36.5647311575,36.008886245984165,34.79478242564706,34.32212370524459,34.23955380537203
1843,36.82248227,36.5175995255,36.030747041836555,34.79738159652941,34.341740631438725,34.48549559409692
1844,36.8180636795,36.577986929,36.029318,34.809684338705885,34.312439084972866,34.30128456498313
1845,36.787133546,36.5794597925,36.03649531327759,34.801886826058826,34.32016470263158,34.19400826070552
1846,36.7473662315,36.5676768845,36.05024114733334,34.828398369058824,34.31274915810505,34.28124291697003
1847,36.8445752225,36.5941884275,36.05262738883212,34.835502769470594,34.29580932743393,34.30889580288949
1848,36.8651953115,36.5971341545,36.03849117936477,34.82268019311765,34.28311801837838,34.26416205712924
1849,36.784187819,36.5735683385,36.030627212,34.80795155811765,34.27489646492901,34.178071586460035
1850,36.826900860500004,36.585351246500004,36.022491622102194,34.773295946352945,34.32929416383725,34.22521843440124
1851,36.834265178,36.5882969735,36.03062211883292,34.77173644382353,34.36277090455873,34.29482314783607
1852,36.8858154005,36.6295371515,36.04757330491606,34.76671138011765,34.32107306333873,34.250426478379225
1853,36.8092264985,36.580932656,36.055862997311216,34.789237527764705,34.40727003190429,34.23181475099698
1854,36.766513457,36.583878383,36.045319346297795,34.78525213241176,34.43085618152647,34.194285558967614
1855,36.8327923145,36.6206999705,36.0418114813961,34.82129396864706,34.26890643875257,34.533937149972694
1856,36.8357380415,36.486669392,36.07048155155683,34.81505595852941,34.24845375286158,34.6222016159197
1857,36.8917068545,36.591242700500004,36.05954635977444,34.80899122647059,34.39594090321005,34.45140320191704
1858,36.91085408,36.566204021000004,36.037516858731344,34.79478242564706,34.33750615586698,34.3645148020443
1859,36.91085408,36.583878383,36.0225998239887,34.80656533364706,34.308506337765294,34.25436869566067
1860,36.91085408,36.575041202,36.0124488731062,34.801886826058826,34.29919236348446,34.263668832196835
1861,36.9182183975,36.533801024,36.02144129873922,34.78837113747059,34.24784109767203,34.286348556218854
1862,36.913799807000004,36.5706226115,36.036023331532846,34.76879071682353,34.27463722848665,34.25247379774586
1863,36.91085408,36.548529659,36.01933022696748,34.76983038517647,34.29099995765641,34.28915705
1864,36.913799807000004,36.572095475,36.01664983225544,34.77173644382353,34.31924698508949,34.23507973764321
1865,36.913799807000004,36.5441110685,36.01625513718858,34.76723121429412,34.30941694122613,34.288010215239154
1866,36.91085408,36.536746751,36.00983778098022,34.78282623958824,34.279324928692766,34.20592479599354
1867,36.887288264,36.5706226115,36.02184387305195,34.78213312735294,34.4126366077433,34.26542842002047
1868,36.710544644,36.4940337095,36.045639601281515,34.835502769470594,34.32831201538679,34.447960284196036
1869,36.840156632,36.560312567000004,36.00057395579133,34.770870053529414,34.30461405095254,34.143230549020586
1870,36.91085408,36.5500025225,35.99704110675325,34.791663420588236,34.23253173907514,34.13041717443456
1871,36.896125445,36.541165341500005,35.99489787663662,34.8082981142353,34.30637386130767,34.12167142914286
1872,36.854885267,36.529382433500004,35.98554924588235,34.81211023152942,34.289147350536716,34.15874367399575
1873,36.902016899,36.55736684,36.00246097507677,34.808124836176475,34.28749707046349,34.083976325194804
1874,36.913799807000004,36.551475386,35.99283183034579,34.748517183941175,34.31160341332685,34.02982982493893
1875,36.887288264,36.541165341500005,36.00016922248276,34.79027719611765,34.28095187576962,34.22183524591352
1876,36.913799807000004,36.529382433500004,36.02948702971831,34.75475519405882,34.50392013092645,34.14521811704546
1877,37.461705029,36.548529659,36.04308005462124,34.768097604588235,34.54577195351429,34.12168507960466
1878,36.834265178,36.507289481,36.01039687521494,34.714901240529414,34.421364904483106,34.176390062688654
1879,36.860776721,36.529382433500004,35.99691159359375,34.785078854352946,34.26845494310634,34.34678347002301
1880,36.878451083,36.5588397035,35.99056415866393,34.78906424970588,34.26835565549967,34.24362939011973
1881,36.7974435905,36.55736684,35.98223651380124,34.778321010058825,34.40014392819042,34.14685171653976
1882,36.913799807000004,36.55736684,35.98799097906355,34.80985761676471,34.29183317483283,34.196112040711164
1883,36.890233991,36.580932656,36.00526834478261,34.84867190194118,34.3090119501528,34.238882033993505
1884,36.896125445,36.560312567000004,36.010581736880255,34.851790907,34.34132518634801,34.319375147860754
1885,36.912326943500005,36.55736684,36.00341854569853,34.82389313952941,34.34932487405742,34.249414184865486
1886,36.834265178,36.560312567000004,35.9918018028,34.83169065217647,34.27239093693049,34.17139469088335
1887,36.857830994000004,36.5382196145,35.984667917824545,34.80309977247059,34.29390433746508,34.168134631165216
1888,36.8740324925,36.551475386,35.99889902488889,34.83498293529412,34.276859354757285,34.255556046046514
1889,36.8534124035,36.55736684,35.99986594751573,34.83030442770588,34.309456414954774,34.17870512477629
1890,36.878451083,36.554421113000004,35.97716316353889,34.77970723452941,34.270690559731094,34.07944536164586
1891,36.8475209495,36.563258294,35.99187005201581,34.78975736194118,34.282076755764464,34.142779148075384
1892,36.88139681,36.55736684,36.013474637391305,34.815922348823534,34.28973115002016,34.08609636564506
1893,36.900544035500005,36.58682411,36.02373733100071,34.85490991205882,34.30514355753658,34.21817212952381
1894,36.872559629,36.5647311575,36.009400820211425,34.86080136605882,34.24921705495173,34.21079549812389
1895,36.837210905,36.560312567000004,36.007467703172416,34.84156750152941,34.264474419241736,34.21920659645439
1896,36.869613902,36.5441110685,36.01308253828891,34.851097794764705,34.284116832699624,34.17367885249093
1897,36.863722448000004,36.566204021000004,36.00846526916177,34.869985103176475,34.25387955255959,34.208770121673545
1898,36.866668175,36.569149748,36.01634353542265,34.877782615823534,34.23220903112182,34.10787480243903
1899,36.8799239465,36.542638205,36.00932667656683,34.88055506476471,34.22504416823529,34.189002332
1900,36.869613902,36.542638205,35.982978023074004,34.86496003947059,34.238697744187476,34.13602369690076
1901,36.8710867655,36.560312567000004,35.97674176204838,34.86010825382353,34.28252615020464,34.19403874950398
1902,36.860776721,36.563258294,35.96935604837747,34.83255704247059,34.27995653662467,34.13782207047394
1903,36.893179718,36.563258294,35.98927417089655,34.840874389294115,34.2245349765185,34.22159498301241
1904,36.88139681,36.545583932,35.98949811961678,34.84035455511765,34.23264960105158,34.22364557388601
1905,36.893179718,36.545583932,35.99443987583582,34.842953726000005,34.24303407931383,34.20140466857477
1906,36.863722448000004,36.542638205,35.98426196593645,34.82943803741176,34.22923950212893,34.14634264898218
1907,36.902016899,36.507289481,36.02684929124088,34.858895307411764,34.218002809343936,34.26431356927711
1908,36.813645089000005,36.5647311575,36.03339966094118,34.844513228529415,34.33600463340271,34.23806610751613
1909,36.875505356000005,36.5765140655,36.03267468938025,34.846419287176474,34.388282465703604,34.162036079463086
1910,36.88139681,36.5441110685,35.99619534479947,34.809684338705885,34.372586758335544,34.04058495787966
1911,36.887288264,36.554421113000004,35.997655294046105,34.820600856411765,34.321221879170125,34.10528850353719
1912,36.8504666765,36.541165341500005,36.007231281842856,34.84468650658824,34.271021154609976,34.24149726203842
1913,36.9211641245,36.5647311575,36.008725186250004,34.84139422347059,34.27499317093994,34.2467609122408
1914,36.9034897625,36.5706226115,36.01293754831697,34.852310741176474,34.33804707970712,34.16938408923858
1915,36.912326943500005,36.545583932,36.02493779688889,34.87587655717647,34.28692559301972,34.290521737084745
1916,36.9182183975,36.5058166175,36.03751886109526,34.85508319011765,34.21628465084372,34.452980219008644
1917,36.8946525815,36.566204021000004,36.04640450014118,34.826492310411766,34.17728730249407,34.34824894630542
1918,36.863722448000004,36.5588397035,36.02227319257143,34.815922348823534,34.32636516245166,34.1973539536044
1919,36.869613902,36.572095475,36.02694344882353,34.82787853488235,34.28429634781475,34.20805781628539
1920,36.8534124035,36.569149748,36.016746207846154,34.82077413447059,34.25779799165568,34.272123709915874
1921,36.851939540000004,36.5706226115,36.009807237226276,34.776761507529415,34.28389496250442,34.21018080511919
1922,36.831319451,36.5617854305,36.004783110411765,34.78681163494118,34.2282558334543,34.23969359321976
1923,36.8504666765,36.551475386,36.02085944382913,34.797554874588236,34.30316233510972,34.2202787761813
1924,36.8651953115,36.548529659,36.01184567688889,34.796341928176474,34.266297560845075,34.250720117266596
1925,36.882869673500004,36.572095475,36.007772246614905,34.817481851352944,34.21115470384149,34.21843954029512
1926,36.846048086,36.5676768845,36.00519240513692,34.82423969564706,34.248397230359714,34.214288572597624
1927,36.8769782195,36.566204021000004,36.00382898240489,34.82770525682353,34.220069766334746,34.30449248269663
1928,36.8769782195,36.5794597925,35.982998942402126,34.840007999,34.276931935927294,34.260446715530904
1929,36.878451083,36.591242700500004,35.966344931758464,34.816268904941175,34.24027116405508,34.26147967546828
1930,36.887288264,36.5558939765,35.979476069473684,34.80206010411765,34.28858787927087,34.27338488822875
1931,36.9093812165,36.575041202,35.98158024169714,34.80119371382353,34.24197290949733,34.32583825638331
1932,36.875505356000005,36.575041202,35.98814841676471,34.79807470876471,34.29417379030568,34.289813078283544
1933,36.875505356000005,36.583878383,35.99491689611429,34.78681163494118,34.26597091496018,34.315051453650106
1934,36.878451083,36.577986929,35.98821116766667,34.78438574211765,34.352583644485776,34.17047481052133
1935,36.8858154005,36.585351246500004,35.992304382706806,34.80119371382353,34.25863956774171,34.28004370709375
1936,36.88139681,36.585351246500004,35.98990016940318,34.817828407470586,34.35548950515284,34.24928654124204
1937,36.878451083,36.589769837,35.99107314036364,34.80309977247059,34.214780431353745,34.336110153090914
1938,36.8327923145,36.577986929,35.97316824909867,34.801713548,34.30982396414018,34.27665130345277
1939,36.882869673500004,36.58682411,35.990702759492535,34.817481851352944,34.2432037088,34.24232754384616
1940,36.88139681,36.604498472,35.99438731798037,34.818174963588234,34.2364510852569,34.214009639748774
1941,36.813645089000005,36.498452300000004,36.01201861269795,34.80517910917647,34.16270111773196,34.523819701152355
1942,36.888761127500004,36.563258294,35.99103004717868,34.782652961529415,34.19295428329934,34.423000469049725
1943,36.887288264,36.569149748,35.98728244051613,34.83203720829412,34.230817235026606,34.305716637425746
1944,36.887288264,36.5735683385,35.979858397358996,34.82701214458824,34.255086500646556,34.21451038558242
1945,36.88139681,36.577986929,35.98757507024654,34.8024066602353,34.23156457541374,34.24204440227712
1946,36.837210905,36.569149748,35.975008163970585,34.816442183,34.253530084846,34.26008442335147
1947,36.875505356000005,36.575041202,35.98148527462135,34.842087335705884,34.23393749857143,34.224595748977634
1948,36.878451083,36.5794597925,35.98740759028133,34.84901845805882,34.294576027210695,34.176141249411764
1949,36.896125445,36.58682411,35.98782080936759,34.85906858547059,34.263059301752435,34.249325908721886
1950,36.890233991,36.575041202,35.965136620701266,34.85802891711765,34.2600040906405,34.18438538130435
1951,36.88139681,36.5794597925,35.97499874668478,34.83255704247059,34.234109605715275,34.28592906964532
1952,36.904962626,36.5794597925,35.97386791467546,34.8524840192353,34.22138889537657,34.249957487351956
1953,36.91085408,36.583878383,35.98715825642857,34.858202195176474,34.19693217936709,34.292141844997346
1954,36.8975983085,36.5617854305,35.974618288338235,34.85508319011765,34.2272720289916,34.18673462868553
1955,36.912326943500005,36.563258294,35.97533821741597,34.86305398082353,34.200661815684356,34.26041825
1956,36.9182183975,36.529382433500004,35.97932128086957,34.88142145505883,34.27894478252898,34.12160043651498
1957,36.9211641245,36.539692478,35.9743422450073,34.874663610764706,34.30169766219395,34.129890313094975
1958,36.916745534,36.522018116,35.95711737002607,34.87102477152941,34.20150787149574,34.154528484265406
1959,36.9211641245,36.535273887500004,35.962156707941176,34.85005812641177,34.20316788817836,34.22433818553796
1960,36.916745534,36.533801024,35.94817106431784,34.86547987364706,34.234266184317036,34.140625807448494
1961,36.91085408,36.529382433500004,35.94251809496252,34.84503306270588,34.227336590121624,34.15101314571278
1962,36.91085408,36.519072389,35.94766707716025,34.86738593229412,34.2438803194792,34.124598175346534
1963,36.91085408,36.523490979500004,35.938415473546065,34.83030442770588,34.29788296099404,33.945967046991306
1964,36.91085408,36.539692478,35.943926112835825,34.84745895552941,34.240709012527475,34.030673273735076
1965,36.912326943500005,36.542638205,35.928687586381116,34.84624600911765,34.242458870405805,34.06239977170076
1966,36.907908353,36.522018116,35.9038409591192,34.80500583111765,34.22250866539981,34.035996734637436
1967,36.913799807000004,36.52790957,35.908092903418186,34.80639205558823,34.21729691278058,33.993549551288055
1968,36.893179718,36.5146537985,35.90453856599331,34.76237942864706,34.22532085761406,33.940108086403406
1969,36.91085408,36.519072389,35.90867727896183,34.79097030835294,34.25588006607595,33.98902603291948
1970,36.907908353,36.504343754000004,35.89453259481395,34.773295946352945,34.25080322775814,34.00586207293478
1971,36.912326943500005,36.510235208000005,35.89417039510769,34.79426259147059,34.22757652380497,34.0633540133578
1972,36.913799807000004,36.5058166175,35.883820426835165,34.80327305052941,34.227143196859195,33.99447774950543
1973,36.904962626,36.522018116,35.890435836406255,34.806218777529416,34.25242090613359,34.013948120437426
1974,36.913799807000004,36.513180935,35.87708733654945,34.81366973405883,34.2298497464,33.95080684962832
1975,36.913799807000004,36.513180935,35.90750184026578,34.831517374117645,34.25236201362832,34.02035708719536
1976,36.91085408,36.463103576,35.89313786130165,34.82874492517647,34.24928596143387,33.95438118813776
1977,36.922636988,36.498452300000004,35.889000384629995,34.838621774529415,34.21010971166045,33.990270523849375
1978,36.890233991,36.504343754000004,35.89515494171429,34.83844849647059,34.19612480837693,33.85588017776716
1979,36.8975983085,36.5117080715,35.902440919774435,34.84901845805882,34.20115185194773,33.928167583932584
1980,36.896125445,36.510235208000005,35.897705267507696,34.846939121352946,34.210619394575026,33.92720174958231
1981,36.912326943500005,36.5146537985,35.9088060071498,34.85802891711765,34.235370257,33.947575823008954
1982,36.907908353,36.5087623445,35.903370473068705,34.859761697705885,34.230835854453055,33.90049642689286
1983,36.907908353,36.5175995255,35.916233284743676,34.874143776588234,34.2334328616293,33.90041062177508
1984,36.919691261000004,36.522018116,35.92150170069914,34.86028153188235,34.207601493846155,34.00660585271028
1985,36.9211641245,36.513180935,35.90327523627302,34.85057796058824,34.21058288424961,34.049887762314874
1986,36.902016899,36.5146537985,35.90609043454046,34.819041353882355,34.19787087014402,33.9504601448474
1987,36.9211641245,36.5087623445,35.914423162684216,34.82181380282353,34.18194166843931,33.996659831322624
1988,36.912326943500005,36.483723665,35.89227618169856,34.83966144288235,34.229883835778956,33.9834666654398
1989,36.9064354895,36.4940337095,35.89160278318182,34.829957871588235,34.19116692983447,34.06231329024391
1990,36.8917068545,36.480777938,35.87566605781955,34.815922348823534,34.21394977216814,34.016571086382214
1991,36.8917068545,36.4999251635,35.88380135715869,34.846939121352946,34.22764333911765,33.975255335302265
1992,36.888761127500004,36.4999251635,35.866981454157894,34.84537961882353,34.270704193924054,33.91695661673913
1993,36.888761127500004,36.501398027,35.85324386340909,34.814709402411765,34.23821583880378,33.94440667212384
1994,36.8917068545,36.492560846,35.840056475789474,34.79686176235294,34.216003152846945,33.93310830826087
1995,36.900544035500005,36.4969794365,35.842006199401915,34.81176367541177,34.22569736301201,33.908901732216215
1996,36.888761127500004,36.473413620500004,35.861517243005224,34.81366973405883,34.18813807823585,33.97082965877929
1997,36.888761127500004,36.4969794365,35.86260606134191,34.83013114964706,34.21223326151993,34.02455233427864
1998,36.900544035500005,36.4999251635,35.86552316192323,34.84485978464706,34.204203806811734,33.881051880457356
1999,36.8651953115,36.495506573,35.87169837586124,34.83914160870589,34.20058022261942,33.94542832572486
2000,36.900544035500005,36.5028708905,35.864295298795454,34.84745895552941,34.207296360276295,33.94467831846154
2001,36.912326943500005,36.501398027,35.86003918526316,34.85456335594118,34.21797318497227,33.83709492324022
2002,36.912326943500005,36.510235208000005,35.85526499112782,34.851964185058826,34.19973096100091,33.91833884786885
2003,36.8710867655,36.5087623445,35.87631892669615,34.85854875129412,34.19100553542734,33.919199078387095
2004,36.8946525815,36.5087623445,35.87976803091413,34.86703937617647,34.18543884768212,33.91027561172414
2005,36.890233991,36.510235208000005,35.89585470784329,34.87518344494118,34.19178697901948,33.905659870769234
2006,36.907908353,36.5087623445,35.9007354988797,34.87119804958824,34.209367852,33.926401089375794
2007,36.928528442,36.513180935,35.90180443512987,34.867212654235296,34.21102559064354,33.88344927500929
2008,36.91085408,36.507289481,35.91799377672961,34.862187590529416,34.211856428724836,33.85863060578344
2009,36.925582715000004,36.510235208000005,35.914978523626864,34.875703279117644,34.21164327296076,33.89777484288973
2010,36.9270555785,36.5087623445,35.91643655074114,34.87726278164706,34.23549232049505,33.842991707221174
2011,36.902016899,36.519072389,35.92462088354458,34.88107489894118,34.227966602832915,33.89192120496526
2012,36.916745534,36.510235208000005,35.92183077008886,34.86513331752941,34.23183997583514,33.88778795539326
2013,36.922636988,36.510235208000005,35.918679667727275,34.87708950358824,34.20977859299818,33.89755394257195
2014,36.928528442,36.5028708905,35.92842258462038,34.872410996,34.214638906584156,33.885830489545455
2015,36.622172834,36.467522166500004,35.94756812851504,34.867212654235296,34.17505818514286,33.9761784723498
2016,36.916745534,36.542638205,35.928610912315,34.87604983523529,34.20576445687796,34.03737737005491
2017,36.9034897625,36.530855297,35.91300594342857,34.86305398082353,34.22315689341886,33.9917561582419
2018,36.869613902,36.507289481,35.9232221626194,34.84884518,34.17382057950928,33.98914867113507
2019,36.869613902,36.5087623445,35.928844001132354,34.86790576647059,34.2080832534927,33.93383807620558
2020,36.8622495845,36.504343754000004,35.940583589617646,34.84676584329412,34.22286446164077,33.98895970603427
2021,36.869613902,36.5087623445,35.93422349028572,34.86010825382353,34.23191024467077,33.96123720973077
2022,36.826900860500004,36.504343754000004,35.94045549650718,34.870678215411765,34.26622980556032,33.9488694539816
2023,36.8593038575,36.498452300000004,35.928565706068184,34.878129171941175,34.23228192981062,34.00288799371174
2024,36.860776721,36.4586849855,35.91557487549624,34.86374709305883,34.223779388337455,33.93960360216928
2025,36.860776721,36.4586849855,35.92346073327605,34.864786761411764,34.21514348709717,33.93563289612782
2026,36.819536543,36.46899503,35.909774475714286,34.83030442770588,34.26054321081937,33.85032416947985
2027,36.863722448000004,36.4704678935,35.91442295232022,34.84537961882353,34.20947991491733,33.84135613013448
2028,36.8593038575,36.4645764395,35.91581806628998,34.83446310111765,34.20527039303003,33.880210135
2029,36.837210905,36.46899503,35.90862742430122,34.83463637917647,34.219943268899755,33.766385794417744
2030,36.8681410385,36.473413620500004,35.895154011215354,34.856989248764705,34.20184548967006,33.84980422889026
2031,36.840156632,36.5058166175,35.89873826114504,34.855429746235295,34.20193094968095,34.01888014590739
2032,36.866668175,36.507289481,35.90410855823529,34.83844849647059,34.18820718801433,33.89561161650157
2033,36.8710867655,36.501398027,35.92847526708134,34.84433995047059,34.20668937158315,33.9505359244804
2034,36.866668175,36.501398027,35.92360263595352,34.86513331752941,34.24127687750673,33.915504813923725
2035,36.8710867655,36.489615119,35.92458924308271,34.87275755211765,34.21754572225628,34.02017774432468
2036,36.860776721,36.4851965285,35.91483343400645,34.866519542,34.22073523232366,33.962910270140306
2037,36.872559629,36.4881422555,35.92367581257123,34.86340053694118,34.21077075525424,34.04890791462705
2038,36.866668175,36.477832211,35.92572090119403,34.86617298588236,34.20675334860595,34.093954992791126
2039,36.863722448000004,36.5028708905,35.92168906128676,34.83325015470588,34.16523525514907,34.12995274434384
2040,36.866668175,36.510235208000005,35.917842523059576,34.84676584329412,34.20010621284804,34.14643771860465
2041,36.8622495845,36.519072389,35.92940784494524,34.86530659558824,34.246585051943484,34.12625217213317
2042,36.860776721,36.5058166175,35.9334236344084,34.86461348335294,34.23963120782717,34.18754480143295
2043,36.8710867655,36.5146537985,35.913294961169235,34.84433995047059,34.225657397820235,34.2187482939383
2044,36.8622495845,36.5058166175,35.91561034379021,34.82943803741176,34.201171383988765,34.24926010959244
2045,36.8416294955,36.489615119,35.90943807104962,34.842953726000005,34.21199812826225,34.158968154041546
2046,36.8416294955,36.507289481,35.899380692654546,34.84745895552941,34.20698677052631,34.177615093648264
2047,36.866668175,36.501398027,35.89224365618881,34.84468650658824,34.23725869612728,34.1787095341452
2048,36.8593038575,36.507289481,35.901520912498555,34.83463637917647,34.191688279828085,34.144305744133185
2049,36.8593038575,36.510235208000005,35.92038356641221,34.871544605705886,34.23260313313377,34.2372286253895
2050,36.8563581305,36.510235208000005,35.90459833052632,34.88731290905883,34.25175274080374,34.245098189005176
2051,36.866668175,36.507289481,35.91511042185075,34.88783274323529,34.19332381558418,34.37254832046719
2052,36.7385290505,36.4940337095,35.95374076181818,34.88696635294118,34.26302605546412,34.488013843031304
2053,36.878451083,36.5323281605,35.971557042632355,34.84139422347059,34.27718194902133,34.484876595921406
2054,36.8858154005,36.5175995255,35.95202678532649,34.91434428623529,34.27526632723135,34.35158265854545
2055,36.751784822000005,36.533801024,35.94108161256993,34.89095174829412,34.27215474474892,34.205205256311714
2056,36.8298465875,36.519072389,35.9432075145084,34.82787853488235,34.28844116675068,34.194568608344156
2057,36.869613902,36.5441110685,35.95701937957747,34.885926684588235,34.2502621,34.23079890743659
2058,36.6855059645,36.5558939765,35.967658722237765,34.88921896770589,34.27753646133375,34.2391249618442
2059,36.826900860500004,36.5117080715,35.972817609787235,34.89788287064706,34.214814230983755,34.33225360306991
2060,37.9698429365,36.504343754000004,35.97585258059783,34.85057796058824,34.24988069,34.27400666994494
2061,39.8403795815,36.504343754000004,35.976312532795035,34.855429746235295,34.2966071098771,34.18700205053581
2062,40.142316599,36.5264367065,35.987522057755314,34.87102477152941,34.233792669204504,34.17762594356508
2063,40.201231139,36.523490979500004,35.988342464225894,34.870678215411765,34.32025024483953,34.135137609714285
2064,38.542786838,36.566204021000004,35.97723948787892,34.884367182058824,34.31794922504734,34.17900196649231
2065,38.388136170500005,36.5647311575,35.97955491701492,34.86703937617647,34.383304374307585,34.17926648075353
2066,36.709071780500004,36.5617854305,35.97273687469141,34.84728567747059,34.29512551647059,34.112536168625
2067,36.7503119585,36.563258294,35.97029247351532,34.817481851352944,34.30700994090909,34.023918881375
2068,36.689924555000005,36.5617854305,35.96534814400325,34.72200564094118,34.36646031935143,34.074298809983794
2069,36.913799807000004,36.560312567000004,35.94695904962406,34.74470506664706,34.41061081766969,34.12533272837285
2070,36.8917068545,36.5588397035,35.930822258970586,34.80552566529412,34.40583392681919,34.13743067489605
2071,36.7414747775,36.55736684,35.93414773216418,34.86080136605882,34.269259819197686,34.139372025079204
2072,36.726746142500005,36.529382433500004,35.936160623409094,34.820600856411765,34.279817463666184,34.243250792141396
2073,36.7562034125,36.5470567955,35.940598505494506,34.821467246705886,34.32057227147872,34.23862837878882
2074,36.999225890000005,36.539692478,35.94374754274436,34.82129396864706,34.38807437131,34.17263751649463
2075,36.642792923,36.545583932,35.94570882970129,34.76688465817647,34.407478869789095,34.244151200371135
2076,36.8062807715,36.524963843,35.9426583589781,34.81211023152942,34.27157923480584,34.330434555058076
2077,38.433794939,36.5323281605,35.94714981620438,34.760300091941176,34.33156143234177,34.28618541645111
2078,38.336585948,36.524963843,35.96083828792839,34.79218325476471,34.24561329310035,34.262764177287096
2079,36.9300013055,36.548529659,35.93964257292308,34.774855448882356,34.31507134938144,34.26072770068794
2080,38.8329409475,36.5382196145,35.95735235241971,34.77260283411765,34.31847466480867,34.20152238053898
2081,38.610538559000005,36.5382196145,35.9876495859893,34.79547553788235,34.31757176568355,34.23033186471183
2082,39.064180517000004,36.539692478,35.9765354140146,34.76844416070588,34.24236242053756,34.22027305108729
2083,38.3321673575,36.548529659,35.95161955458527,34.701212273882355,34.369060401361764,34.15648586323575
2084,39.081854879000005,36.5382196145,35.965894563210085,34.78871769358824,34.314683996599385,34.23696134947211
2085,39.279218588,36.548529659,35.97954149527273,34.77918740035294,34.37412144997501,34.29177512562001
2086,40.174719596,36.533801024,35.98892671326959,34.77381578052941,34.39543151083617,34.234281496505155
2087,39.5575897895,36.55736684,35.999993596567094,34.800673879647064,34.40147371800761,34.269544111876606
2088,39.111312149,36.55736684,35.995037161331524,34.73240232447059,34.41767726505594,34.21536494255455
2089,39.354334626500005,36.530855297,35.993427077090914,34.797554874588236,34.4000789801348,34.28583000403301
2090,39.925805664500004,36.55736684,36.001798099272726,34.80015404547059,34.3603249960625,34.27403468716858
2091,37.719456141500004,36.55736684,36.01444369036932,34.82545264205883,34.44356538630412,34.3825237883913
2092,39.837433854500006,36.530855297,36.008005365742484,34.84052783317647,34.39442682883721,34.28972780442411
2093,40.2115411835,36.5146537985,35.99076951090511,34.819041353882355,34.350309239021854,34.293288058737865
2094,40.1791381865,36.529382433500004,35.971124163686135,34.85127107282353,34.32350001571825,34.26244302909091
2095,39.576737015,36.554421113000004,35.98951547083781,34.82042757835294,34.3459239979543,34.25382757911765
2096,39.6695274155,36.524963843,35.98882594314286,34.85941514158824,34.27897643740882,34.33691376194772
2097,39.3720089885,36.513180935,35.99685268071913,34.689775922,34.371962131811024,34.2261928853055
2098,38.0699976545,36.5146537985,35.99553309117951,34.68215168741177,34.33625550720106,34.180188391449704
2099,39.453016481000006,36.524963843,35.98488591581342,34.73361527088235,34.303346654836794,34.15790263000952
2100,38.065579064000005,36.522018116,35.986682651636364,34.72616431435294,34.37136112249009,34.19095151648286
2101,37.0802333825,36.551475386,35.99298782540757,34.745398178882354,34.37271756928987,34.19048569096437
2102,37.255504139,36.533801024,35.98297656535072,34.76861743876471,34.35801758261712,34.18346886083844
2103,36.7620948665,36.539692478,35.97952878194075,34.80500583111765,34.359921121873995,34.22431366689937
2104,36.8210094065,36.516126662000005,35.950246562264944,34.812283509588234,34.23911033006241,34.13906645967114
2105,36.810699362,36.507289481,35.9711278099075,34.79495570370588,34.35955842620229,34.23266646945607
2106,36.804807908,36.541165341500005,35.98912505895441,34.78542541047059,34.36555916374636,34.23529232771429
2107,36.819536543,36.510235208000005,35.9995589612766,34.80206010411765,34.290846524953544,34.13818684830345
2108,36.807753635,36.542638205,35.989271705589324,34.80916450452941,34.27353648548542,34.002550446943566
2109,36.8092264985,36.5028708905,35.99885185042739,34.84901845805882,34.21598899225807,34.08815149085144
2110,36.8062807715,36.5323281605,36.009358317618776,34.83688899394118,34.25188270661341,34.2424472752
2111,36.8239551335,36.542638205,35.99549669,34.838275218411766,34.21853722864771,34.230725416065575
2112,36.772404911,36.5588397035,35.98502268004029,34.83169065217647,34.27730325552139,34.1476312328
2113,36.819536543,36.52790957,35.99613263847758,34.87015838123529,34.229983658769775,34.32680596384887
2114,36.7974435905,36.5117080715,35.98448494310559,34.829957871588235,34.27319562176211,34.19505070123971
2115,36.9064354895,36.524963843,35.9938463558523,34.835502769470594,34.28555436230216,34.244136407372366
2116,37.905036942500004,36.523490979500004,35.993302811195655,34.76272598476471,34.3699804345625,34.15857251389865
2117,38.0317032035,36.52790957,35.98859765617647,34.80327305052941,34.33810514667122,34.21413148223096
2118,38.171625236000004,36.5205452525,35.99334130679084,34.830824261882356,34.255180707826085,34.180454388255484
2119,38.654724464,36.523490979500004,35.98201445127273,34.814709402411765,34.33910193723996,34.22784929147443
2120,38.494182342500004,36.5264367065,35.985522991631015,34.782652961529415,34.39593833728281,34.18158762489063
2121,38.44263212,36.5441110685,36.002711433548384,34.8216405247647,34.319342982917426,34.21836030783146
2122,38.813793722,36.530855297,35.98761381932806,34.81453612435294,34.311763792093025,34.2199324655
2123,37.4042633525,36.513180935,35.98619903860294,34.782652961529415,34.329164325407305,34.27911963670928
2124,38.4971280695,36.5117080715,35.98669992049173,34.77728134170589,34.320010303262364,34.18254052821782
2125,38.164260918500005,36.533801024,35.97907651892502,34.79738159652941,34.329909887255525,34.21962512
2126,37.5191467055,36.529382433500004,35.94085267485714,34.77797445394118,34.33100308674468,34.20515418341573
2127,38.186353871,36.52790957,35.93083128386949,34.776761507529415,34.32986370917515,34.17614885504515
2128,37.657595874500004,36.5146537985,35.94407803047059,34.73552132952941,34.27576927904357,34.13161340267769
2129,39.626814374,36.501398027,35.954588533901386,34.74713095947059,34.24210111119915,34.12822941389262
2130,37.6782159635,36.530855297,35.95196703161654,34.7965152062353,34.24235687911434,34.17169328
2131,38.11860215,36.539692478,35.93642356105944,34.736734275941174,34.246885919723695,34.119956571986755
2132,38.1082921055,36.52790957,35.935286575625,34.71940647005882,34.25736450268428,34.1360311530837
2133,37.838758085,36.5058166175,35.93918533194853,34.820947412529414,34.23855949035601,34.25190600985961
2134,37.659068738,36.4999251635,35.945032758598614,34.80413944082353,34.24741911757618,34.12402076486755
2135,38.047904702000004,36.513180935,35.94261057751825,34.79374275729412,34.22797015159236,34.152371292637426
2136,37.930075622000004,36.5205452525,35.93955256408759,34.76792432652941,34.24501800173913,34.10204728438886
2137,37.8019364975,36.529382433500004,35.941012101573925,34.786118522705884,34.248763297112376,34.10179701678532
2138,37.787207862500004,36.522018116,35.92777037964626,34.77710806364706,34.24190925996541,34.07441305882878
2139,37.7960450435,36.523490979500004,35.949379198528625,34.78715819105882,34.24577045218804,34.08754056956954
2140,37.535348204,36.5175995255,35.953678571567565,34.79772815264706,34.268582215112545,34.10515827570126
2141,37.6988360525,36.513180935,35.951206497279415,34.79426259147059,34.23304644123779,34.091690390000004
2142,37.697363189,36.489615119,35.94300921141189,34.79772815264706,34.20588990118153,34.06392273918253
2143,37.868215355000004,36.504343754000004,35.94572831777373,34.77901412229412,34.273129445768134,34.08641974311644
2144,37.337984495,36.5765140655,36.0574097628145,34.842087335705884,34.382466539928366,34.27715978158451
2145,37.9757343905,36.5824055195,36.062553987116786,34.87102477152941,34.3491827895089,34.22481484416429
2146,37.4690693465,36.585351246500004,36.06189360455224,34.905160549117646,34.36410104461539,34.33709531088388
2147,38.044958975,36.592715564,36.0624599499916,34.89233797276471,34.364105561506996,34.26759968422728
2148,37.7106189605,36.5765140655,36.05784332742437,34.90585366135294,34.36244048862526,34.348137269531776
2149,38.047904702000004,36.583878383,36.05585378766667,34.88298095758824,34.347098401328594,34.29071625666477
2150,37.8255023135,36.5765140655,36.06354233235075,34.94969301023529,34.39619940192131,34.3038512723014
2151,37.4396120765,36.575041202,36.0657191811658,34.92214179888236,34.3972900348643,34.32515663297081
2152,37.821083723,36.5765140655,36.056206886760734,34.925087525882354,34.359182847368054,34.29821043114679
2153,36.8975983085,36.5794597925,36.05635207936842,34.92491424782353,34.38505428818631,34.37686875310924
2154,38.183408144,36.585351246500004,36.061989623831934,34.94657400517647,34.38317072944108,34.30728460076923
2155,38.1848810075,36.585351246500004,36.07045549470588,34.93565748747059,34.33506243505891,34.303851903727065
2156,37.9698429365,36.5735683385,36.067853974903024,34.93167209211765,34.365504635381356,34.258504037827755
2157,38.1878267345,36.575041202,36.07538330908759,34.91347789594118,34.351175142718446,34.25285395766457
2158,37.850540993,36.583878383,36.06666319266424,34.92422113558824,34.362571502968585,34.23877563704772
2159,36.869613902,36.58682411,36.06257787784672,34.93513765329412,34.34611194146497,34.22307900026711
2160,36.8651953115,36.5794597925,36.05496876819853,34.937563546117644,34.329007298367785,34.31114108767918
2161,36.875505356000005,36.591242700500004,36.06905892527656,34.91347789594118,34.39359454764117,34.35654033685833
2162,37.980152981,36.601552745,36.06355949628379,34.93357815076471,34.32196292618117,34.32271681650685
2163,38.215811141,36.560312567000004,36.04887316836957,34.93739026805883,34.315448449701066,34.255470522537564
2164,37.6428672395,36.560312567000004,36.03395507691345,34.92179524276471,34.316793926910115,34.251870605249174
2165,37.5986813345,36.566204021000004,36.036578175636365,34.92040901829412,34.32164683980831,34.29072144738983
2166,38.103873515000004,36.566204021000004,36.03197609709091,34.92889964317647,34.28385095132952,34.28214341428571
2167,37.6045727885,36.5794597925,36.04454079835294,34.92889964317647,34.335422791066286,34.29032742838277
2168,37.7282933225,36.566204021000004,36.031492685478995,34.87085149347059,34.291576644005595,34.2028247159799
2169,36.888761127500004,36.572095475,36.04123338778572,34.928206530941175,34.312519712413796,34.2627100119708
2170,37.847595266,36.566204021000004,36.05452629029832,34.90238810017647,34.33665584281519,34.1787263815625
2171,37.0920162905,36.569149748,36.027463283,34.919196071882354,34.313896190347734,34.20635643375991
2172,36.875505356000005,36.572095475,36.03872395018382,34.90914594447059,34.34040379787775,34.213790657218546
2173,37.64728583,36.585351246500004,36.054531620541006,34.878475728058824,34.364367315484095,34.15672394274112
2174,37.7282933225,36.580932656,36.05408768910345,34.856296136529416,34.385090413133916,34.15137618470264
2175,37.900618352,36.6177542435,36.08122735995602,34.87171788376471,34.28756189097473,34.42013815570716
2176,38.05968761,36.6324828785,36.06009731741177,34.888699133529414,34.3285116362106,34.281781231743885
2177,38.153950874,36.6206999705,36.061478909553294,34.866346263941175,34.45072632665062,34.25539211984607
2178,38.3439502655,36.622172834,36.06321747191045,34.885233572352945,34.45997273640867,34.21987417274934
2179,38.127439331000005,36.622172834,36.05357433723603,34.90654677358824,34.39739653459099,34.20136492734335
2180,38.3174387225,36.6177542435,36.052665614,34.912958061764705,34.32508156766289,34.21397232874612
2181,39.8521624895,36.6295371515,36.058658895600004,34.93860321447059,34.332569933568934,34.2662598572591
2182,38.3086015415,36.625118561,36.031910830712306,34.89580353394118,34.363862686647806,34.301539088915256
2183,38.2320126395,36.5941884275,36.02222145574544,34.850751238647064,34.36898432918056,34.38273389942573
2184,38.50154666,36.619227107,36.03130517673186,34.91191839341177,34.371054964957324,34.3420785592069
2185,38.3468959925,36.5882969735,36.04567753492023,34.93028586764706,34.37677437448957,34.40095628614094
2186,38.2555784555,36.585351246500004,36.0471232832,34.90654677358824,34.417587424561155,34.29930821418076
2187,39.712240457,36.622172834,36.0563459544,34.93461781911765,34.38327203564693,34.341694918864775
2188,38.3468959925,36.6236456975,36.05408718374627,34.92214179888236,34.40578679829286,34.29060466441143
2189,38.575189835,36.6206999705,36.07084432246526,34.897709592588235,34.3893369810699,34.31512904573379
2190,38.548678292000005,36.6177542435,36.06567496772414,34.87483688882353,34.38082418744353,34.25471876346025
2191,38.5265853395,36.592715564,36.05698289642857,34.847978789705884,34.39529910461483,34.26757330945962
2192,39.700457549,36.592715564,36.04671181657143,34.90152170988235,34.378246300673354,34.29058449480176
2193,39.721077638,36.601552745,36.048304782852945,34.95281201529412,34.360693070447766,34.371344828148985
2194,38.2732528175,36.603025608500005,36.04822884,34.87968867447059,34.40572709444013,34.21583224139932
2195,38.483872298,36.616281380000004,36.0543056483871,34.89147158247059,34.41880232305085,34.242606265577464
2196,38.5413139745,36.583878383,36.048263091942545,34.878475728058824,34.3912395780536,34.2250980991585
2197,38.448523574,36.604498472,36.058513427600005,34.85127107282353,34.40431008956522,34.255814933612385
2198,38.5442597015,36.5971341545,36.065137650831645,34.91590378876471,34.41420141385904,34.250188761848264
2199,38.457360755,36.607444199,36.052161492137934,34.91087872505882,34.413640446446166,34.311124616844495
2200,38.449996437500005,36.6000798815,36.04398577744422,34.865653151705885,34.36169801249565,34.203572668586446
2201,38.283562862000004,36.601552745,36.0561859396,34.92803325288236,34.40605865948665,34.2558703349
2202,38.4823994345,36.591242700500004,36.060904620551725,34.87431705464706,34.376446713733664,34.21449810706897
2203,38.268834227,36.601552745,36.062412504808826,34.91209167147059,34.37809263550239,34.200518205257794
2204,38.460306482,36.591242700500004,36.055504295116556,34.897709592588235,34.34138559858186,34.24199623633462
2205,38.4912366155,36.5765140655,36.05969734941935,34.88609996264706,34.330062871056036,34.200888598842106
2206,38.287981452500006,36.604498472,36.062815507566846,34.89632336811765,34.35392968828026,34.282454599488055
2207,38.134803648500004,36.6000798815,36.06896541962517,34.843300282117646,34.37728088578744,34.27429421331435
2208,38.1730980995,36.591242700500004,36.05605786606967,34.87171788376471,34.35753476415778,34.193724441008676
2209,38.287981452500006,36.580932656,36.06249690162733,34.850751238647064,34.39022542695075,34.12746207433983
2210,39.5870470595,36.598607018,36.058215427571966,34.85802891711765,34.36451681412844,34.102854879701496
2211,40.095184967,36.616281380000004,36.07022615609862,34.924047857529416,34.36353083306255,34.194704160954494
2212,40.2498356345,36.5941884275,36.051150643088505,34.858895307411764,34.40507734017513,34.168171833928575
2213,40.289602949,36.591242700500004,36.050371208024636,34.911398559235295,34.37928472812763,34.2860219434684
2214,39.750534908,36.589769837,36.02892126909091,34.89632336811765,34.403159976215086,34.293122143019076
2215,40.1054950115,36.5941884275,36.038143004549106,34.884367182058824,34.380173755387254,34.20783042360944
2216,40.2144869105,36.591242700500004,36.019596065635035,34.88852585547059,34.38320712290188,34.218113045882355
2217,40.2027040025,36.5941884275,36.03275328787409,34.87968867447059,34.39664952901526,34.204239300420355
2218,40.189448231,36.5676768845,36.03538724084854,34.89043191411765,34.37961035742986,34.32224472949189
2219,37.421937714500004,36.533801024,36.047290954210524,34.89944237317647,34.431437724048955,34.65853410369294
2220,36.8416294955,36.5824055195,36.03756029098581,34.882807679529414,34.46319434837456,34.37433217856998
2221,36.8799239465,36.55736684,36.01229419287452,34.875010166882355,34.33618745426804,34.2290331643994
2222,36.8799239465,36.55736684,36.0123271792479,34.90308121241176,34.342642847509474,34.32042348368499
2223,36.9064354895,36.5971341545,36.014492670133784,34.87102477152941,34.38009895738255,34.26541360222111
2224,36.888761127500004,36.616281380000004,36.036026665123075,34.94224205370588,34.38155357454171,34.26868463596834
2225,36.902016899,36.6177542435,36.046098074190425,34.917290013235295,34.37505394660322,34.24554353745024
2226,36.8239551335,36.616281380000004,36.045680648503115,34.8848870162353,34.37650687308164,34.27770772720729
2227,36.863722448000004,36.6118627895,36.04740538721428,34.889912079941176,34.335873118758016,34.30241993678261
2228,36.8563581305,36.6059713355,36.04251593702341,34.86686609811765,34.36732831841259,34.2314059092891
2229,36.8504666765,36.619227107,36.03142922041489,34.88194128923529,34.43730979029412,34.169681290310564
2230,36.8710867655,36.613335653,36.032612511454,34.83134409605883,34.377309178664404,34.150486292908994
2231,36.925582715000004,36.604498472,36.05178262478261,34.92040901829412,34.299044233550624,34.452082532436364
2232,36.8622495845,36.619227107,36.05856413209353,34.90723988582353,34.42183716362881,34.33416931405941
2233,36.9594585755,36.628064288000004,36.02135529364278,34.89199141664706,34.37125245303977,34.307338203741935
2234,37.310000088500004,36.625118561,36.02511366199645,34.89632336811765,34.35089915030086,34.35363844598347
2235,37.688526008000004,36.6265914245,36.027159697608695,34.888352577411766,34.34971630514674,34.26037844447614
2236,37.7047275065,36.622172834,36.02174313199053,34.90585366135294,34.329773501865326,34.34176161740984
2237,37.803409361,36.6177542435,36.023721010957495,34.895283699764704,34.39708239267242,34.31139696227273
2238,37.2275197325,36.613335653,36.02242695660079,34.83376998888235,34.43395790993207,34.20580713156751
2239,37.2304654595,36.619227107,36.02240222433504,34.845206340764705,34.3873375373913,34.29932780298825
2240,36.900544035500005,36.6177542435,36.01613948780543,34.884367182058824,34.36032968308351,34.32391110434639
2241,36.900544035500005,36.604498472,36.00866690747842,34.870678215411765,34.29727735989232,34.22570034591837
2242,36.8917068545,36.6148085165,36.000141692441474,34.91313133982353,34.27041341311592,34.32865086855196
2243,36.8622495845,36.6000798815,36.011204688695656,34.919715906058826,34.34288794319435,34.34245294864388
2244,36.8563581305,36.572095475,36.00141683652174,34.85872202935294,34.38306181187478,34.16760309479118
2245,36.904962626,36.601552745,35.99705327928058,34.914864120411764,34.28723773779037,34.22498909457328
2246,36.8769782195,36.5971341545,35.99211215236029,34.91035889088236,34.29277207261571,34.186627482325584
2247,36.8622495845,36.598607018,35.98239309839513,34.91867623770588,34.21748526202523,34.20263595853403
2248,36.8946525815,36.5941884275,36.00049728331655,34.94137566341177,34.23372269379747,34.282870922690435
2249,36.878451083,36.577986929,35.98874915428571,34.92976603347059,34.28773986175258,34.171781158769235
2250,36.854885267,36.539692478,35.97627450661871,34.878995562235296,34.33707639729805,34.04550079487273
2251,36.88139681,36.551475386,35.971011780727274,34.93080570182353,34.27293967157008,34.2049426592883
2252,36.8858154005,36.539692478,35.95724683137199,34.94570761488235,34.220044996653144,34.20706059827068
2253,36.8799239465,36.55736684,35.95262557150365,34.903947602705884,34.23171155779145,34.107376325824774
2254,36.882869673500004,36.5529482495,35.95059968026786,34.923181467235295,34.20101447945525,34.30621677305276
2255,36.8740324925,36.613335653,35.973998160067936,34.937563546117644,34.22638775005859,34.10686616287135
2256,36.888761127500004,36.6118627895,35.97746791572516,34.95974313764706,34.217844991426716,34.22701669748197
2257,36.899071172,36.604498472,35.98120182315651,34.93513765329412,34.223896410032154,34.06993107796386
2258,36.907908353,36.607444199,35.98565754466912,34.932538482411765,34.24275202426944,34.12052863737809
2259,36.882869673500004,36.607444199,35.98859708316702,34.910532168941174,34.17815723140687,34.165345645244216
2260,36.9034897625,36.601552745,35.97461106841912,34.910532168941174,34.19956471516606,34.18621260923365
2261,36.9064354895,36.533801024,35.97647961487772,34.89649664617647,34.251180846185775,34.04140361144266
2262,36.902016899,36.55736684,35.980658954,34.915730510705885,34.2334099583871,34.11655674543353
2263,36.882869673500004,36.55736684,35.9899585536292,34.87604983523529,34.19616298122262,34.20567680131868
2264,36.878451083,36.551475386,35.97311492054367,34.882461123411765,34.18722147023458,34.17361869330498
2265,36.8946525815,36.5588397035,35.9676378235975,34.88644651876471,34.185053928592204,34.19536861960597
2266,36.907908353,36.5441110685,35.93564217738844,34.913824452058826,34.19551678572594,34.155569360524474
2267,36.843102359,36.3408559055,35.97378740994443,34.85127107282353,34.123364654545455,34.35771617805879
2268,36.9241098515,36.4940337095,35.96243988335767,34.924740969764706,34.26600629539672,34.300542142778134
2269,36.882869673500004,36.5882969735,35.94787284657604,34.91503739847059,34.286128732523366,34.21929645626136
2270,36.654575831,36.551475386,35.91199856662937,34.777454619764704,34.269404087863975,34.2937830972585
2271,36.9241098515,36.535273887500004,35.95036630400906,34.85421679982353,34.260459194016285,34.19729329608483
2272,36.9093812165,35.8665938585,36.017216134412315,34.58234352552941,34.24342315083876,34.73588698716536
2273,36.919691261000004,36.560312567000004,35.97121447064526,34.84780551164706,34.35740085339022,34.24572604777536
2274,36.925582715000004,36.560312567000004,35.972399776170214,34.83567604752941,34.336222855698324,34.218822815987465
2275,36.9417842135,36.563258294,35.95944693404255,34.792876367,34.42922504194595,34.153185625255716
2276,36.9211641245,36.560312567000004,35.992998219476235,34.77346922441177,34.21917743698864,34.3798586490262
2277,36.922636988,36.5706226115,35.97255497151368,34.813496456,34.28026068128594,34.15283293774276
2278,36.893179718,36.580932656,35.970647577826085,34.816615461058824,34.26110617680183,34.22352686295337
2279,36.866668175,36.591242700500004,35.96041633853285,34.83792866229412,34.34437991662791,34.16257392794687
2280,36.907908353,36.595661291,35.95052288863595,34.78438574211765,34.28320374346457,34.219160027050954
2281,36.91085408,36.595661291,35.959799481156914,34.852310741176474,34.2082713014846,34.16818708096273
2282,36.91085408,36.5882969735,35.97166550427444,34.83896833064706,34.24589138037686,34.14500908003165
2283,36.91085408,36.58682411,35.96922204155655,34.87085149347059,34.32825133415894,34.16818356677642
2284,36.884342537,36.5824055195,35.97809511617724,34.81089728511765,34.31889611144517,34.04701117613571
2285,36.899071172,36.55736684,35.989914778372096,34.85594958041177,34.19650432457143,34.21751000344674
2286,36.869613902,36.542638205,35.97562991742857,34.84243389182353,34.327786643592816,34.1702237283462
2287,36.919691261000004,36.55736684,35.97687502877101,34.841047667352946,34.288643499267785,34.17712231212088
2288,36.88139681,36.55736684,35.987318820749834,34.88609996264706,34.23924736765987,34.175681099900004
2289,36.9064354895,36.55736684,36.003002929812304,34.909839056705884,34.240336837281006,34.22257316159764
2290,36.91085408,36.55736684,35.997265205541446,34.91278478370588,34.29168600518544,34.1202675253565
2291,36.913799807000004,36.569149748,36.001971280093585,34.89909581705882,34.28934218647346,34.08097821381295
2292,36.896125445,36.55736684,35.999516862380766,34.905160549117646,34.25051184330874,34.19662203913302
2293,36.919691261000004,36.5706226115,36.003415618704295,34.89563025588235,34.24391512966038,34.21358659863145
2294,36.925582715000004,36.55736684,36.0017372672,34.91521067652941,34.276555715263704,34.24951395290361
2295,36.91085408,36.55736684,36.00569157233333,34.88540685041177,34.263364726213595,34.19220475550274
2296,36.91085408,36.5588397035,35.98310760050802,34.910705447,34.32744116511579,34.07772012568055
2297,36.9241098515,36.566204021000004,35.95262549545889,34.86929199094118,34.33041797255634,34.13287138560297
2298,36.922636988,36.55736684,35.95395565772728,34.87830245,34.29396345329832,34.01743261711539
2299,36.925582715000004,36.55736684,35.97747548547857,34.901868266,34.26522890853182,34.12147577396084
2300,36.925582715000004,36.5588397035,35.9742178308397,34.88298095758824,34.26797737845161,34.159071472450165
2301,36.9211641245,36.5676768845,35.9698035857309,34.90464071494118,34.300171684683505,34.146446959960834
2302,36.913799807000004,36.563258294,35.96761109307525,34.87085149347059,34.31141771987578,34.07381359455248
2303,36.913799807000004,36.5588397035,35.9684642196978,34.81869479776471,34.29763190043781,34.09264382814531
2304,36.913799807000004,36.5588397035,35.93747174276923,34.80656533364706,34.275593100622814,34.074865381779496
2305,36.912326943500005,36.5588397035,35.93344237312977,34.84832534582353,34.29145824356442,33.98479013419886
2306,36.8858154005,36.560312567000004,35.93542721363281,34.875356723,34.319987284932175,34.02868175807618
2307,36.913799807000004,36.55736684,35.9630998548505,34.87293083017647,34.31715840888964,34.08065630808068
2308,36.912326943500005,36.55736684,35.94910762139535,34.875010166882355,34.29953625504696,34.06478161622813
2309,36.9152726705,36.55736684,35.95327119359375,34.84971157029412,34.32215248371509,34.09898523039895
2310,36.9152726705,36.5441110685,35.92188358220473,34.823373305352945,34.29717992428426,34.067203806474645
2311,36.899071172,36.560312567000004,35.92838688883721,34.817828407470586,34.28479301,33.93313214028946
2312,36.899071172,36.560312567000004,35.93773432528504,34.84243389182353,34.289681786559555,34.03190479468813
2313,36.9182183975,36.554421113000004,35.95000229792359,34.86374709305883,34.31371335512059,34.04017941667104
2314,36.919691261000004,36.5500025225,35.957728376958585,34.84399339435294,34.22064737643621,34.07305358525834
2315,36.9211641245,36.510235208000005,35.95484176697674,34.85127107282353,34.26099094347826,34.12045075218935
2316,36.9211641245,36.5175995255,35.94890217061538,34.85577630235294,34.28082632732632,34.04045977453441
2317,36.913799807000004,36.523490979500004,35.94435559625,34.86669282005882,34.28623428756201,33.99421734139017
2318,36.900544035500005,36.5058166175,35.93404187276279,34.83792866229412,34.257819079117645,33.97850767044068
2319,36.900544035500005,36.4999251635,35.925876043497674,34.82320002729412,34.232965977045694,34.10758343044718
2320,36.8740324925,36.507289481,35.92507114214844,34.81869479776471,34.225641464236986,34.061083466671
2321,36.912326943500005,36.5175995255,35.93542221069973,34.819907744176476,34.25902478348013,34.09916165
2322,36.91085408,36.5205452525,35.925435522441404,34.784559020176474,34.26273746410382,34.09049404727273
2323,36.9211641245,36.523490979500004,35.93100023837209,34.798767821,34.248796764480524,34.05888012335589
2324,36.928528442,36.5264367065,35.93182330075625,34.801713548,34.264455404129734,34.07474453443787
2325,36.9329470325,36.523490979500004,35.92795930521654,34.819041353882355,34.26067673343908,34.06335797629328
2326,36.9270555785,36.52790957,35.91672920425197,34.81834824164706,34.27755838078892,34.10411730089796
2327,36.9241098515,36.5382196145,35.920305053956696,34.83619588170588,34.26908535609272,34.14783468900137
2328,36.9270555785,36.548529659,35.931035472207036,34.8348096572353,34.3107839064557,34.075829401129035
2329,36.916745534,36.55736684,35.93604257440217,34.832383764411766,34.28048199979271,34.027845114176195
2330,36.8799239465,36.4351191695,35.973692075857144,34.81730857329412,34.320980179480316,34.05189296406542
2331,36.925582715000004,36.55736684,35.97709868457409,34.83255704247059,34.23455150448639,34.26068421318766
2332,36.9152726705,36.5441110685,35.95194649161417,34.86669282005882,34.21752279836043,34.09598934441158
2333,36.919691261000004,36.536746751,35.92130655045485,34.84139422347059,34.23434816318166,34.020137409264414
2334,36.916745534,36.5117080715,35.92257626716308,34.84728567747059,34.219292758323135,33.99506224211551
2335,36.890233991,36.5087623445,35.93805926060667,34.816268904941175,34.1727681032,34.13305671370079
2336,36.9064354895,36.4616307125,35.93807532307077,34.795995372058826,34.25028952504666,33.897700472682274
2337,36.913799807000004,36.501398027,35.937831737034884,34.82614575429412,34.22395484710526,34.10408386263473
2338,36.8740324925,36.5264367065,35.93175738730382,34.79530225982353,34.24489282896845,34.01267953014286
2339,36.8681410385,36.5264367065,35.950254720132335,34.82112069058824,34.246650905876216,33.99927809082418
2340,36.866668175,36.5205452525,35.94680308146947,34.83169065217647,34.21375609348058,34.062310213842
2341,36.8622495845,36.5382196145,35.95136037636364,34.85092451670588,34.2586319667968,34.04511548939948
2342,36.896125445,36.554421113000004,35.94201089551091,34.84347356017647,34.230767811111114,33.93809927556701
2343,36.890233991,36.554421113000004,35.946976086795836,34.79374275729412,34.24067148136646,33.990123408792336
2344,36.887288264,36.5500025225,35.95904696201527,34.798594542941174,34.21735814736733,33.98165566645204
2345,36.8740324925,36.5529482495,35.95966990525454,34.796688484294116,34.20276002905028,33.99508558626964
2346,36.8681410385,36.516126662000005,35.95120368279695,34.79235653282353,34.2645699390443,34.0063290018052
2347,36.8710867655,36.5588397035,35.963240483436365,34.817828407470586,34.22257358569343,33.932764488138474
2348,36.8740324925,36.5588397035,35.955010300727274,34.82857164711765,34.233844901509435,33.97969152693771
2349,36.8710867655,36.5824055195,35.96743441370229,34.829611315470586,34.242899930703125,33.98613775200523
2350,36.8593038575,36.5617854305,35.96642252274809,34.77433561470588,34.29713028986573,33.95819826034552
2351,36.8593038575,36.5735683385,35.96805702733023,34.79460914758823,34.233634178614075,34.15621543542276
2352,36.907908353,36.533801024,35.952951595314964,34.808124836176475,34.239750332017294,34.12496075994758
2353,36.900544035500005,36.541165341500005,35.941445536884615,34.76185959447059,34.226955432660944,34.03552100527081
2354,36.878451083,36.5087623445,35.93521822733999,34.76237942864706,34.21493288386159,34.1132396705
2355,36.904962626,36.519072389,35.940425862153845,34.775548561117645,34.1872348958,34.14644044355609
2356,36.8975983085,36.55736684,35.9754458021448,34.790797030294115,34.20450786203297,34.25213512742111
2357,36.633955742,36.4940337095,35.9713976532729,34.78819785941177,34.2770747971355,34.30242937052809
2358,36.9034897625,36.522018116,36.03169022898027,34.79304964505882,34.38084886032902,34.15589797142857
2359,36.91085408,36.5706226115,36.04676950198767,34.80795155811765,34.39067942696429,34.132398166117646
2360,36.887288264,36.6089170625,36.040079977474456,34.80327305052941,34.34884759816649,34.084543677544914
2361,36.896125445,36.6177542435,36.0458776343913,34.805698943352944,34.330269107990176,34.12417613213131
2362,36.8327923145,36.591242700500004,36.02816172422322,34.77953395647059,34.409044639433965,34.014868776591356
2363,37.4042633525,36.577986929,36.0372167287798,34.77433561470588,34.36638973417685,34.08457189649568
2364,36.9152726705,36.631010015,36.03018147315508,34.83758210617647,34.32577930669633,34.245386872600804
2365,36.9034897625,36.603025608500005,36.023168670909094,34.820947412529414,34.37541791557003,34.177261808561155
2366,37.4072090795,36.622172834,36.03276751691177,34.79478242564706,34.428588128,34.11505464091772
2367,37.167132329,36.5941884275,36.010879931,34.8583754732353,34.31667304119215,34.13589898095913
2368,37.308527225,36.5941884275,36.008393919372836,34.81678873911765,34.39006158941818,34.1343157766353
2369,37.555968293,36.604498472,36.02019318909091,34.798767821,34.35703590123202,34.187791899779455
2370,37.5427125215,36.5794597925,36.00132264564879,34.74834390588235,34.37263375483823,34.136396340088496
2371,36.88139681,36.5882969735,36.02608347623529,34.74522490082353,34.355317648386865,34.107202003592235
2372,36.916745534,36.5941884275,36.01336292253028,34.68371118994118,34.310756231480816,33.98815730927273
2373,36.919691261000004,36.577986929,36.02518336903863,34.74886374005882,34.261215808191565,34.117572791162296
2374,36.900544035500005,36.5824055195,36.01220168199785,34.70485111311765,34.25167673384447,34.11930633610543
2375,37.0655047475,36.5441110685,36.01572529894118,34.743492120235295,34.2605907782073,34.060296721538464
2376,36.807753635,36.548529659,36.00363191084074,34.70242522029412,34.33670074967108,34.11438777785523
2377,36.875505356000005,36.530855297,36.011423698876605,34.69289492705882,34.352805211148876,34.1036417096
2378,36.9211641245,36.5824055195,36.00441652327273,34.7346549392353,34.28970674658617,34.06083818716874
2379,36.9211641245,36.583878383,36.012601312976294,34.73292215864706,34.34051899557341,34.095809640684244
2380,36.919691261000004,36.5765140655,36.01027794191622,34.779880512588235,34.33609587077818,34.19382079494344
2381,36.8975983085,36.489615119,36.01397777074612,34.719926304235294,34.33354054113454,34.38711644759057
2382,36.781242092,36.5676768845,35.98172429317647,34.724258255705884,34.31040828888644,34.189740824275326
2383,36.8799239465,36.5382196145,35.97312900454619,34.81678873911765,34.23541273880531,34.22063798320874
2384,36.904962626,36.5264367065,35.96518958063158,34.82787853488235,34.26801912426513,34.18487274308511
2385,36.875505356000005,36.535273887500004,35.99529591768453,34.81332317794118,34.301574804043526,34.09023164885698
2386,36.9064354895,36.572095475,36.00215711481083,34.822506915058824,34.32700065658937,34.042338488231174
2387,36.9034897625,36.551475386,35.99278248805292,34.745744735,34.31468396873142,33.9880460185242
2388,36.866668175,36.541165341500005,35.99014289118874,34.646109851176476,34.391056657870216,33.91472465215017
2389,36.919691261000004,36.563258294,35.99137788316547,34.74886374005882,34.33954753746063,33.956109227744
2390,36.912326943500005,36.533801024,35.9952230438806,34.77572183917647,34.268192708789364,34.268864264
2391,36.8593038575,36.5205452525,36.0105853583,34.81366973405883,34.28951842555205,34.1665025285546
2392,36.878451083,36.5794597925,35.98912811488039,34.82285347117647,34.25667693972775,34.08660170059669
2393,36.8975983085,36.5647311575,35.97704579828651,34.82753197876471,34.211440438296975,34.170147017899495
2394,36.899071172,36.536746751,35.975763841991466,34.77312266829412,34.36202399280967,34.134068774499156
2395,36.8975983085,36.566204021000004,35.965832702315794,34.76965710711765,34.283206974567165,34.125169267735345
2396,36.916745534,36.5205452525,35.96568117791045,34.77346922441177,34.26135010292271,34.18726387016393
2397,36.896125445,36.524963843,35.9590951487517,34.69722687852941,34.38149949440985,34.0674965367793
2398,36.9034897625,36.5028708905,35.94325847985075,34.75180946705883,34.2201639725,34.09895376742497
2399,36.899071172,36.474886484,35.962850549256665,34.73049626582353,34.22040368313568,33.943184869895155
2400,36.857830994000004,36.4439563505,35.944801092,34.689775922,34.24220568502086,34.10952247891529
2401,36.772404911,36.486669392,35.93562970076659,34.69168198064706,34.18202826038462,33.91467269246618
2402,36.857830994000004,36.479305074500004,35.947274048000004,34.658585871411766,34.27476268189362,33.971921068784624
2403,36.8681410385,36.4881422555,35.923670589859746,34.71576763082353,34.22009148801656,33.972664372473766
2404,36.888761127500004,36.492560846,35.91969795370156,34.693761317352944,34.20209132632333,33.98489850443633
2405,36.875505356000005,36.489615119,35.92800320086331,34.732575602529415,34.19944308624957,33.92460779721519
2406,36.851939540000004,36.4704678935,35.95671628653547,34.66967566717647,34.210034189290326,34.001277639723185
2407,36.887288264,36.498452300000004,35.96987218556522,34.76428548729412,34.21713147075145,34.10063365075943
2408,36.831319451,36.4969794365,35.95350634234835,34.678166292058826,34.19505925181818,33.99182069884106
2409,36.8917068545,36.5028708905,35.96340506884672,34.70381144476471,34.22991579251521,33.96433564340677
2410,36.8917068545,36.504343754000004,35.959815592338835,34.69306820511765,34.21355865515237,33.95178331925195
2411,36.8475209495,36.501398027,36.00078532870879,34.71507451858824,34.26211978235128,34.10255006
2412,36.8357380415,36.5028708905,35.993974144604465,34.75198274511765,34.227296783,34.12791636065858
2413,36.899071172,36.5028708905,35.99435754720588,34.73344199282353,34.30229952430769,34.08941819822637
2414,36.913799807000004,36.4999251635,35.980470578172664,34.735174773411764,34.25031993777387,34.032403006615205
2415,36.900544035500005,36.4999251635,35.99293490693887,34.78871769358824,34.23677202761011,34.11221328795553
2416,36.896125445,36.504343754000004,35.980927432958524,34.742799008,34.220450934087566,34.046022677974115
2417,36.8710867655,36.507289481,35.994610244375004,34.76601826788235,34.22825142671538,34.05648581597902
2418,36.890233991,36.501398027,35.980369876167885,34.696187210176475,34.194482468787776,34.078176497142856
2419,36.872559629,36.5058166175,35.984772042824396,34.72061941647059,34.25282988664311,34.094562086135184
2420,36.8534124035,36.5058166175,35.98766708882353,34.669848945235294,34.27585209676626,34.06047651638273
2421,36.875505356000005,36.498452300000004,35.988040117977945,34.702771776411765,34.271175560422684,34.083681368288396
2422,36.860776721,36.5028708905,35.98810116642377,34.74227917382353,34.25080307881602,34.043715636094895
2423,36.902016899,36.504343754000004,35.992136607534334,34.77710806364706,34.237840657060296,34.084347294356554
2424,36.890233991,36.5028708905,35.98968797361828,34.764978599529414,34.23219938871378,33.99494254494499
2425,36.884342537,36.4527935315,36.003076572794846,34.74227917382353,34.2010402812987,34.43956920027682
2426,36.8975983085,36.5264367065,36.00265096816606,34.73656099788236,34.2396947329011,34.130749436774195
2427,36.854885267,36.513180935,35.98253789305038,34.724258255705884,34.31254109700182,34.05166002080432
2428,36.854885267,36.498452300000004,35.98199553174519,34.80743172394118,34.27488458845853,34.123735498323015
2429,36.8740324925,36.529382433500004,35.99001860003727,34.80708516782353,34.26375922527669,34.083812475988374
2430,36.887288264,36.523490979500004,35.97938596525692,34.7965152062353,34.21909483276956,34.00681054701457
2431,36.887288264,36.523490979500004,35.98622729046036,34.757527643,34.225796129622644,33.94649918787283
2432,36.8710867655,36.5058166175,35.98146806327951,34.76601826788235,34.22620259678709,34.039264047387285
2433,36.8799239465,36.523490979500004,36.00621341935906,34.72772381688235,34.280673191903766,33.93392687838313
2434,36.826900860500004,36.530855297,35.99318793536601,34.781786571235294,34.250578068551135,34.02522899069354
2435,36.8975983085,36.535273887500004,35.99596516274204,34.756314696588234,34.231383609411765,33.95808058138101
2436,36.887288264,36.498452300000004,35.991494417213865,34.77624167335294,34.199616135024804,33.988157000932645
2437,36.866668175,36.5146537985,35.979424347830886,34.7597802577647,34.22012471404316,34.029587748987566
2438,36.88139681,36.519072389,35.98328563116125,34.70762356205883,34.27725449762605,33.85077432378882
2439,36.869613902,36.542638205,35.99026188399733,34.76827088264706,34.29201515622521,33.963781501
2440,36.8681410385,36.523490979500004,35.97532350244194,34.78317279570588,34.196940652810795,34.05248312206896
2441,36.857830994000004,36.516126662000005,35.98145128303135,34.75024996452942,34.231830788396834,34.04657081652786
2442,36.890233991,36.5146537985,35.98606129960186,34.76185959447059,34.29682258782088,34.00041989459075
2443,36.882869673500004,36.5175995255,35.996990098493505,34.72443153376471,34.225960266948256,33.98554710791569
2444,36.937365623000005,36.4645764395,36.00727796962687,34.75614141852941,34.16369415917849,34.38242129857143
2445,37.6841074175,36.510235208000005,36.03294400382353,34.71975302617647,34.283456693660156,34.26014156016069
2446,37.2775970915,36.5441110685,36.03592117758235,34.73205576835294,34.22377628,34.26293488572292
2447,36.9741872105,36.530855297,36.0212463957093,34.651134914882356,34.29997764363637,34.13779248370607
2448,36.8239551335,36.498452300000004,36.00926155910505,34.58788842341177,34.339841349514565,34.10870996470279
2449,36.872559629,36.498452300000004,35.99666506045881,34.617345693411764,34.29631321684437,34.06250462758583
2450,36.8475209495,36.539692478,35.988916162683765,34.65009524652941,34.21794543874182,34.02913693156757
2451,37.1067449255,36.5382196145,35.99710401409699,34.695320819882355,34.22633621984782,34.14804447222749
2452,36.8769782195,36.524963843,35.994835713138684,34.690988868411765,34.280922034187846,34.16486708178439
2453,36.843102359,36.529382433500004,35.986325835138686,34.73898689070588,34.25274033582467,34.228347052753165
2454,36.8858154005,36.510235208000005,35.96512138722886,34.71160895741177,34.204548552043335,34.20902354770898
2455,36.899071172,36.5205452525,35.96598804208618,34.71975302617647,34.25845291142857,34.183995808333336
2456,36.91085408,36.516126662000005,35.97490489856072,34.69116214647059,34.317539698562236,34.08973700908994
2457,36.888761127500004,36.522018116,35.97931332923232,34.68284479964706,34.3204350784106,34.16356268426954
2458,36.882869673500004,36.516126662000005,35.972370539171195,34.66707649629412,34.26648400466973,34.15257144251411
2459,36.9064354895,36.522018116,35.96823468517536,34.674874008941174,34.26860717220918,34.19973747125
2460,36.91085408,36.523490979500004,35.98287123559124,34.686656916941175,34.246426629579645,34.246413950061225
2461,36.91085408,36.533801024,35.97774587766423,34.63987184105883,34.278457035076585,34.212869530791934
2462,36.900544035500005,36.519072389,35.96263837022079,34.66343765705882,34.24052566010741,34.19576480178645
2463,36.8740324925,36.52790957,35.96944633662272,34.64940213429412,34.27733717089701,34.22750751232877
2464,36.8799239465,36.5441110685,35.96177392283871,34.619078474,34.28528564667401,34.1780935625
2465,36.884342537,36.5382196145,35.9750293424,34.63865889464706,34.237827570855906,34.15474769126761
2466,36.91085408,36.522018116,35.964166841835244,34.61301374194118,34.24459234500757,34.153150934423564
2467,36.91085408,36.5529482495,35.94817011455821,34.64576329505883,34.23955105046503,34.05186322425532
2468,36.884342537,36.539692478,35.96159299817267,34.64662968535294,34.26104325175327,34.112307414118256
2469,36.9034897625,36.524963843,35.966026584588235,34.61249390776471,34.2276323721519,34.147610312402065
2470,36.9034897625,36.5117080715,35.956147872030364,34.636579557941175,34.24870210997791,34.150291469329844
2471,36.882869673500004,36.5205452525,35.969185756735236,34.67054205747059,34.24054351852761,34.16394485638591
2472,36.91085408,36.516126662000005,35.98298981052608,34.65373408576471,34.26913649544453,34.09075920279788
2473,36.8710867655,36.516126662000005,35.97714667262228,34.65234786129412,34.26790334364969,34.104212348368335
2474,36.878451083,36.5323281605,35.976043318103336,34.661358320352946,34.218326350723025,34.09329688915625
2475,36.878451083,36.513180935,35.99485038516305,34.640911509411765,34.27039207401089,34.147240758759935
2476,36.8681410385,36.504343754000004,35.99187973140615,34.64766935370588,34.24213933520613,34.12479724723152
2477,36.838683768500005,36.3820960835,35.99715123822314,34.577491739882355,34.283622653818185,34.31450247326633
2478,36.826900860500004,36.569149748,36.007222369705474,34.67400761864706,34.2322166794503,34.129017184405704
2479,36.857830994000004,36.524963843,36.001917166115106,34.63796578241177,34.24926676711344,34.11708792954276
2480,36.866668175,36.5058166175,35.998820930673475,34.61647930311765,34.28649822398859,34.077810785327515
2481,37.717983278,36.507289481,35.98860306538572,34.67019550135294,34.21299158950495,34.073916199054125
2482,38.8918554875,36.5205452525,35.98994607708029,34.62462337188235,34.28809837819934,34.06416036841823
2483,40.970065886,36.5146537985,36.00367124286765,34.71576763082353,34.29341942770455,34.178959387098445
2484,40.130533691000004,36.513180935,35.9746652178125,34.605216229294115,34.35290785820896,34.09476304136317
